orig_index,Spectra,gv_fraction,npv_fraction,soil_fraction,900,910,920,930,940,950,960,970,980,990,1000,1010,1020,1030,1040,1050,1060,1070,1080,1090,1100,1110,1120,1130,1140,1150,1160,1170,1180,1190,1200,1210,1220,1230,1240,1250,1260,1270,1280,1290,1300,1310,1320,1330,1340,1350,1360,1370,1380,1390,1400,1410,1420,1430,1440,1450,1460,1470,1480,1490,1500,1510,1520,1530,1540,1550,1560,1570,1580,1590,1600,1610,1620,1630,1640,1650,1660,1670,1680,1690,1700
7,Resop066,0.0236686,0.218935,0.757396,-0.43977815,-0.4365368,-0.43142062,-0.43430734,-0.4364335,-0.43126446,-0.42364347,-0.4138744,-0.40723878,-0.40066272,-0.39339405,-0.38589334,-0.3814773,-0.37630194,-0.37173802,-0.36792612,-0.36388218,-0.35994035,-0.3566985,-0.35420877,-0.3525077,-0.35674697,-0.36532694,-0.3631937,-0.3574937,-0.35156417,-0.34113646,-0.33453506,-0.33070916,-0.32726312,-0.32353103,-0.31932342,-0.31424558,-0.30942273,-0.30525827,-0.30161613,-0.29779702,-0.29476368,-0.29319423,-0.29104167,-0.29098952,-0.29282033,-0.29579622,-0.30139184,-0.30940855,-0.33150196,-0.358024,-0.37176144,-0.3984698,-0.43490344,-0.43956387,-0.45573997,-0.44817257,-0.44733906,-0.4482779,-0.4405105,-0.434166,-0.43064833,-0.41580343,-0.3987463,-0.38294566,-0.36912632,-0.3571937,-0.34637332,-0.33732843,-0.32952398,-0.32213283,-0.31516826,-0.30867594,-0.30275512,-0.29732412,-0.29178476,-0.2865724,-0.28242934,-0.27939022,-0.2761755,-0.27358478,-0.27261728,-0.27282023,-0.27303696,-0.2731942
8,Resop067,0.0236686,0.313609,0.662722,-0.389342,-0.386252,-0.3807552,-0.38541478,-0.388901,-0.38257378,-0.37366718,-0.36217237,-0.35479462,-0.34748888,-0.3422538,-0.33849454,-0.33361256,-0.32912976,-0.32501823,-0.32092386,-0.31575143,-0.3122266,-0.30841178,-0.30620646,-0.30598265,-0.31064463,-0.32453012,-0.32462102,-0.3182062,-0.31170255,-0.2985617,-0.2897346,-0.28600162,-0.28156948,-0.27780342,-0.27366805,-0.26860482,-0.26310045,-0.2580657,-0.25400364,-0.2506988,-0.24732202,-0.24499589,-0.24301487,-0.24298412,-0.24400884,-0.24778068,-0.25555217,-0.26502317,-0.29478395,-0.32221138,-0.35484576,-0.37415224,-0.40735185,-0.41438788,-0.4229381,-0.4176519,-0.41378248,-0.41675776,-0.40917647,-0.4014746,-0.39950818,-0.38468271,-0.3674937,-0.3505944,-0.3363312,-0.3241732,-0.31350565,-0.30494016,-0.29749054,-0.29093236,-0.2846644,-0.278871,-0.27290797,-0.26706594,-0.26024675,-0.2542603,-0.24980873,-0.24624926,-0.24358243,-0.24221098,-0.24185997,-0.24239284,-0.24362212,-0.24348176
9,Resop068,0.0236686,0.254438,0.721893,-0.4375878,-0.43444383,-0.42877388,-0.43379176,-0.43805337,-0.43176645,-0.4222303,-0.4098931,-0.40208262,-0.39429593,-0.3873071,-0.38171124,-0.37677944,-0.37098324,-0.36667448,-0.36324942,-0.35843343,-0.35487807,-0.35055202,-0.3483706,-0.3479507,-0.35393107,-0.36799842,-0.36643338,-0.3597923,-0.35169762,-0.33825052,-0.32880467,-0.3247202,-0.32053286,-0.31698287,-0.31159288,-0.30563742,-0.30030197,-0.29540068,-0.2912894,-0.287171,-0.28398395,-0.28060055,-0.2786994,-0.2785989,-0.27978575,-0.28348714,-0.2910226,-0.3012095,-0.32690233,-0.35005873,-0.36163223,-0.3968045,-0.41238427,-0.43714845,-0.44754124,-0.43756104,-0.4316674,-0.42985106,-0.4195217,-0.41219676,-0.40906763,-0.3957349,-0.37637424,-0.35906005,-0.34545022,-0.333408,-0.32313836,-0.31516874,-0.30847287,-0.3019194,-0.29599398,-0.29031563,-0.28457522,-0.27902,-0.27318525,-0.26764017,-0.26303947,-0.25963992,-0.25690293,-0.25514805,-0.25448447,-0.2546919,-0.25574368,-0.25642967
12,Resop071,0.00591716,0.0414201,0.952663,-0.49957365,-0.49609244,-0.49188077,-0.49102664,-0.48928773,-0.48528647,-0.48042554,-0.4746197,-0.4700681,-0.4653821,-0.46004206,-0.45482707,-0.45107532,-0.4472698,-0.44367814,-0.4399644,-0.43608034,-0.43251383,-0.4288515,-0.4264602,-0.4236158,-0.423068,-0.4242066,-0.42191726,-0.41890156,-0.41598117,-0.41062737,-0.4061064,-0.4034598,-0.40002304,-0.397035,-0.3942386,-0.39048213,-0.38731444,-0.3840865,-0.3809871,-0.3780685,-0.37563634,-0.37444377,-0.3731857,-0.3724134,-0.37281692,-0.37430525,-0.37604988,-0.3776924,-0.38855904,-0.4265607,-0.4422328,-0.46307468,-0.45738846,-0.4691084,-0.49094462,-0.49832898,-0.50098777,-0.50418717,-0.50264,-0.49863398,-0.49359703,-0.48261416,-0.47052026,-0.45789045,-0.44633746,-0.43558764,-0.4260084,-0.41714573,-0.40972793,-0.4021501,-0.39553595,-0.39004928,-0.38520348,-0.3810448,-0.37647003,-0.37278736,-0.36950147,-0.3669864,-0.36459714,-0.36262137,-0.36094683,-0.36013836,-0.36009252,-0.35972565
16,Resop075,0.12426,0.0946746,0.781065,-0.4293574,-0.42535067,-0.42194796,-0.41490746,-0.40985483,-0.40819013,-0.4078653,-0.40799993,-0.40591913,-0.40347886,-0.3949486,-0.3853373,-0.38130027,-0.3763221,-0.3725857,-0.3694691,-0.36538357,-0.3620984,-0.3593024,-0.35615283,-0.35050052,-0.3443393,-0.33415788,-0.3287003,-0.33164036,-0.3361585,-0.34150928,-0.34262693,-0.3429379,-0.34228337,-0.34098333,-0.3387149,-0.33609444,-0.33347273,-0.3306864,-0.32778192,-0.32471377,-0.32278842,-0.32133353,-0.31992602,-0.31914687,-0.31927937,-0.31968373,-0.3194148,-0.31567347,-0.31118655,-0.325373,-0.32248592,-0.31945437,-0.33920914,-0.38702893,-0.431664,-0.45824367,-0.4729808,-0.48155063,-0.4886024,-0.4894063,-0.48273063,-0.47607517,-0.46992868,-0.46048623,-0.4496624,-0.4388826,-0.42838508,-0.41825742,-0.40935212,-0.40046954,-0.39251572,-0.38487428,-0.3787707,-0.37293953,-0.3673998,-0.3622508,-0.3572997,-0.3536508,-0.35073388,-0.34876555,-0.3473279,-0.3475772,-0.34791076,-0.3472374
20,Resop080,0.142012,0.449704,0.408284,-0.38818747,-0.38388687,-0.37899148,-0.37852842,-0.37650985,-0.37226403,-0.36727828,-0.36079192,-0.35561806,-0.34998393,-0.3455155,-0.3406487,-0.33531916,-0.33053964,-0.3258372,-0.32107502,-0.31557876,-0.31126148,-0.30653626,-0.3037094,-0.30138952,-0.30218232,-0.30595344,-0.30600572,-0.30538547,-0.3034994,-0.29851848,-0.29345876,-0.290255,-0.2863198,-0.28233474,-0.27844286,-0.27313483,-0.2678935,-0.26317513,-0.2582276,-0.25350815,-0.2502038,-0.24730378,-0.2448352,-0.24260992,-0.24233037,-0.24443144,-0.25018728,-0.25883663,-0.27944642,-0.32304555,-0.33869833,-0.36595345,-0.35798264,-0.3720653,-0.39979202,-0.40810275,-0.4145018,-0.4185071,-0.41753864,-0.4152329,-0.4107635,-0.39937037,-0.38844258,-0.37693703,-0.36500657,-0.35349017,-0.34338737,-0.3341388,-0.32607383,-0.31864095,-0.31115943,-0.30427712,-0.29812306,-0.29058927,-0.2825855,-0.2759232,-0.26999247,-0.26605368,-0.2631721,-0.2623073,-0.2621234,-0.2625882,-0.26362836,-0.26471764
22,Resop082,0.153846,0.360947,0.485207,-0.41476083,-0.41028577,-0.4055463,-0.40322417,-0.40079415,-0.39654797,-0.3921911,-0.3865996,-0.3818121,-0.3765142,-0.36709476,-0.35589063,-0.35107982,-0.34569746,-0.34015012,-0.3360259,-0.3314644,-0.3271438,-0.3228848,-0.32022268,-0.3158617,-0.31402862,-0.3129174,-0.30857396,-0.30790728,-0.30544817,-0.30246383,-0.2998286,-0.2977758,-0.2946645,-0.29186702,-0.287367,-0.28267056,-0.2778802,-0.27381623,-0.2697159,-0.26547986,-0.2614621,-0.259171,-0.25667113,-0.25647408,-0.25648218,-0.25775003,-0.26029354,-0.26415902,-0.27328718,-0.28634888,-0.27832013,-0.31425548,-0.3336842,-0.35915613,-0.3822313,-0.39786214,-0.40581405,-0.41119665,-0.41048533,-0.40868318,-0.40410537,-0.39325434,-0.38233596,-0.3715055,-0.35939616,-0.3473997,-0.33702093,-0.32769114,-0.31869912,-0.31075406,-0.3038472,-0.2967962,-0.2903279,-0.28361577,-0.27635807,-0.26984453,-0.26470685,-0.26055557,-0.2569198,-0.25567138,-0.2549948,-0.25544596,-0.25610352,-0.25602204
24,Resop084,0.0710059,0.248521,0.680473,-0.38609922,-0.3825276,-0.37715834,-0.38147676,-0.38457412,-0.37885332,-0.37061417,-0.3592376,-0.35195,-0.34414095,-0.33726978,-0.33081126,-0.32514155,-0.31979936,-0.31473142,-0.31074154,-0.30538893,-0.30075383,-0.29632062,-0.29383546,-0.29347205,-0.29918057,-0.3124274,-0.3113736,-0.30612803,-0.30006534,-0.28786796,-0.2800277,-0.27626252,-0.27248514,-0.26851672,-0.2638201,-0.25793475,-0.2523598,-0.2476067,-0.2433762,-0.2390424,-0.23547208,-0.23323333,-0.23161614,-0.23146117,-0.23363155,-0.23855937,-0.2477445,-0.25807148,-0.2900359,-0.31934732,-0.36093575,-0.401713,-0.40596175,-0.40971345,-0.42006516,-0.4185872,-0.4183594,-0.41999817,-0.41111726,-0.4052375,-0.4017387,-0.38802856,-0.3689592,-0.3520968,-0.33778536,-0.32437426,-0.31305003,-0.30320162,-0.29418552,-0.28657794,-0.27928394,-0.27232027,-0.26616722,-0.25926358,-0.2524165,-0.24650025,-0.24138236,-0.23762369,-0.23451132,-0.23315334,-0.2323587,-0.23224568,-0.23372144,-0.23388213
29,Resop089,0.0769231,0.035503,0.887574,-0.46922094,-0.46643597,-0.46215338,-0.46576047,-0.46764398,-0.46330225,-0.45727044,-0.44766444,-0.4415745,-0.4354164,-0.43168014,-0.42718863,-0.42330498,-0.41906518,-0.4151488,-0.41147625,-0.40776116,-0.40419984,-0.40093505,-0.39980984,-0.3988785,-0.40373963,-0.41371864,-0.41386318,-0.41086823,-0.4060939,-0.39706504,-0.39049608,-0.3871138,-0.38345528,-0.3802935,-0.37678617,-0.3720764,-0.36783254,-0.3647585,-0.36134708,-0.35800385,-0.35631728,-0.35539252,-0.3547578,-0.3556891,-0.3580922,-0.36252373,-0.37037498,-0.3808698,-0.40537953,-0.43524104,-0.45591104,-0.48273844,-0.5004269,-0.51651657,-0.53491807,-0.5374546,-0.5376894,-0.5399134,-0.53399104,-0.52848434,-0.523873,-0.5103377,-0.49323404,-0.47733063,-0.4628893,-0.4496501,-0.43791026,-0.4273972,-0.41796106,-0.40991265,-0.4025885,-0.39563054,-0.38983035,-0.38427627,-0.37889773,-0.37497967,-0.3711421,-0.36813855,-0.36512327,-0.36379796,-0.36201537,-0.36154813,-0.36104047,-0.3610043
32,Resop092,0.609467,0.390533,0.0,-0.22606951,-0.22125703,-0.21548092,-0.21878046,-0.22042996,-0.21949261,-0.21710199,-0.2103079,-0.20464158,-0.19680166,-0.19050896,-0.18288332,-0.17389697,-0.16598082,-0.15857756,-0.15052241,-0.1426261,-0.13854575,-0.1328693,-0.12933701,-0.1298486,-0.13392478,-0.14630818,-0.15499425,-0.1627593,-0.17450571,-0.17427826,-0.16953069,-0.16687697,-0.16399759,-0.15928447,-0.15217721,-0.14346057,-0.13336152,-0.124025166,-0.11466676,-0.105952024,-0.09990245,-0.099303365,-0.09855628,-0.10002631,-0.109423876,-0.12403989,-0.14527416,-0.16756564,-0.1948449,-0.25287735,-0.28327924,-0.33368653,-0.37210464,-0.42631066,-0.4799083,-0.5039468,-0.5192856,-0.527009,-0.5279082,-0.5259372,-0.5206652,-0.5077656,-0.49089986,-0.4735285,-0.45497704,-0.43500024,-0.4165827,-0.3995701,-0.3828143,-0.36745274,-0.35288572,-0.3391412,-0.32562882,-0.31064707,-0.2950259,-0.28232026,-0.27095795,-0.2606982,-0.2536562,-0.25069386,-0.25155056,-0.25557196,-0.26233816,-0.2692774
34,Resop094,0.0650888,0.177515,0.757396,-0.34988475,-0.3455658,-0.34042668,-0.34027183,-0.3395803,-0.33526158,-0.33009338,-0.3221069,-0.316238,-0.30995262,-0.2995571,-0.28793025,-0.2820151,-0.27702188,-0.27106053,-0.26584065,-0.26080954,-0.25735557,-0.25290954,-0.24999022,-0.24796009,-0.24775898,-0.25072354,-0.24872464,-0.2453484,-0.24277407,-0.23687315,-0.23210108,-0.22878766,-0.22511452,-0.22164077,-0.21756738,-0.21274656,-0.20744395,-0.20298082,-0.19865501,-0.19381922,-0.18961394,-0.18892395,-0.18853831,-0.18792892,-0.19075292,-0.19400841,-0.19844794,-0.2037158,-0.22097856,-0.24891758,-0.23377609,-0.2823835,-0.3177603,-0.34421384,-0.35749298,-0.3691771,-0.37548107,-0.37943763,-0.37824166,-0.37392431,-0.3690791,-0.3567493,-0.34105957,-0.32575828,-0.31087136,-0.29694235,-0.28474677,-0.2731331,-0.26264477,-0.25329208,-0.24428213,-0.23708093,-0.23093349,-0.2228297,-0.21558613,-0.21032476,-0.20511746,-0.2010622,-0.1972251,-0.19497752,-0.19444126,-0.19466704,-0.19457161,-0.19558191
35,Resop095,0.0,0.201183,0.798817,-0.32811165,-0.3233829,-0.31814718,-0.31518114,-0.31468773,-0.30908346,-0.30404204,-0.2962516,-0.2903213,-0.28413594,-0.26797277,-0.24935359,-0.24313182,-0.23844725,-0.23397094,-0.22811884,-0.2228319,-0.21950805,-0.21517068,-0.21154583,-0.20805115,-0.20677823,-0.20604068,-0.19732088,-0.19251639,-0.19059157,-0.18686587,-0.1845361,-0.18402016,-0.18175149,-0.18001026,-0.17542654,-0.17126155,-0.16616082,-0.16213328,-0.15779686,-0.15304196,-0.14898252,-0.14857155,-0.14762598,-0.14636552,-0.14903337,-0.15127116,-0.15236473,-0.1537382,-0.16498405,-0.18721992,-0.19846117,-0.2249676,-0.23556632,-0.2517392,-0.28003496,-0.29461706,-0.3029384,-0.30764568,-0.30854046,-0.30698383,-0.30386347,-0.29440904,-0.28212345,-0.2691847,-0.2572291,-0.2450782,-0.23527384,-0.22589225,-0.21709931,-0.21007162,-0.20289946,-0.19758886,-0.19214845,-0.18449223,-0.17705607,-0.17135209,-0.16573799,-0.16197038,-0.1594832,-0.15782946,-0.1580115,-0.15846539,-0.15761286,-0.15774089
45,Resop105,0.502959,0.0473373,0.449704,-0.26522118,-0.26262367,-0.25949198,-0.26138562,-0.26662463,-0.26813,-0.27047724,-0.26679844,-0.26286113,-0.25696677,-0.24510187,-0.23099881,-0.2226476,-0.21676892,-0.2098363,-0.20410156,-0.19843656,-0.19622427,-0.19389129,-0.19293761,-0.19408637,-0.1979515,-0.20523393,-0.21256536,-0.22540176,-0.24056256,-0.24522012,-0.24517411,-0.24588078,-0.24564666,-0.24318784,-0.23915857,-0.23481274,-0.22843581,-0.22390908,-0.21963441,-0.21477658,-0.21183926,-0.21441853,-0.21850544,-0.22391099,-0.23592073,-0.25093937,-0.2707206,-0.28943872,-0.30781955,-0.32586485,-0.3329624,-0.38395733,-0.45903313,-0.52719516,-0.5767798,-0.60364866,-0.61559844,-0.62221503,-0.6250835,-0.62491155,-0.6179648,-0.6059934,-0.59157854,-0.5764991,-0.55923355,-0.54134715,-0.52402014,-0.5066311,-0.49013734,-0.47486526,-0.46036386,-0.4474938,-0.43622947,-0.4250036,-0.41470617,-0.40646154,-0.39862877,-0.3925612,-0.3875388,-0.3843156,-0.38263035,-0.38310194,-0.3844937,-0.3873042
54,Resop119,0.136095,0.284024,0.579882,-0.43687385,-0.43062878,-0.42474324,-0.42037684,-0.41538978,-0.4111355,-0.407466,-0.40271568,-0.39738554,-0.39182878,-0.38247097,-0.37117767,-0.3650837,-0.35925847,-0.3530981,-0.34705663,-0.34153974,-0.3358792,-0.33205402,-0.3275466,-0.32282186,-0.31966048,-0.3160339,-0.31187314,-0.31283498,-0.31333673,-0.31271458,-0.31075495,-0.30847216,-0.30489105,-0.30095392,-0.2965445,-0.29140127,-0.2858112,-0.28083676,-0.27613616,-0.27121097,-0.26719707,-0.2645253,-0.2619455,-0.2613762,-0.2614432,-0.2635213,-0.26682484,-0.2716601,-0.27565372,-0.29127985,-0.32335907,-0.30175227,-0.34314245,-0.3910793,-0.43080276,-0.45159894,-0.4613377,-0.46845734,-0.47122073,-0.46976137,-0.46283442,-0.45201546,-0.43907315,-0.4260342,-0.4110335,-0.3969733,-0.38277733,-0.36985528,-0.35811985,-0.3469385,-0.33661115,-0.32706887,-0.31811517,-0.3090552,-0.3007056,-0.29338735,-0.28671575,-0.28151822,-0.27787185,-0.27525133,-0.27464896,-0.27529812,-0.27606207,-0.2774577
62,Resop127,0.0473373,0.224852,0.727811,-0.49100596,-0.48387587,-0.47681725,-0.47124958,-0.46508884,-0.45881295,-0.45253974,-0.44621336,-0.43960583,-0.43341547,-0.4240973,-0.41413665,-0.4075057,-0.40058213,-0.39428288,-0.38810724,-0.3823002,-0.3765573,-0.3716421,-0.3653295,-0.35957676,-0.35555285,-0.35185742,-0.34581256,-0.34230524,-0.33898097,-0.33462763,-0.33096224,-0.32673717,-0.32235909,-0.31772107,-0.31255025,-0.30729514,-0.30219197,-0.2966181,-0.2913741,-0.28555733,-0.28124994,-0.27827513,-0.27470082,-0.27267772,-0.27175832,-0.2708438,-0.27172273,-0.2740386,-0.28187937,-0.29753888,-0.2996239,-0.3029049,-0.3330273,-0.37521774,-0.40120536,-0.41597366,-0.4238593,-0.42789215,-0.42850924,-0.42556155,-0.4193682,-0.40771997,-0.3945859,-0.38237733,-0.36885023,-0.3562215,-0.3436759,-0.33246696,-0.32160753,-0.31258148,-0.30364037,-0.29576594,-0.28820366,-0.28064865,-0.2731889,-0.26661015,-0.2603007,-0.25593466,-0.2525702,-0.25094664,-0.25039715,-0.2509299,-0.25111157,-0.2519663
67,Resop132,0.0414201,0.538462,0.420118,-0.40350795,-0.3992473,-0.3950917,-0.39049476,-0.38606906,-0.38182938,-0.37815827,-0.37425685,-0.37012148,-0.3657714,-0.35490382,-0.34191442,-0.3367102,-0.33187664,-0.3253221,-0.32070184,-0.3165359,-0.3116656,-0.30796355,-0.30212188,-0.2957576,-0.29034805,-0.2841379,-0.27518034,-0.2712987,-0.26870835,-0.2669536,-0.2651245,-0.26245934,-0.25950694,-0.2559635,-0.25187927,-0.24737233,-0.24315232,-0.23816961,-0.23328483,-0.22792912,-0.22399026,-0.22120589,-0.21811676,-0.21729237,-0.2156905,-0.21383595,-0.21181613,-0.21029979,-0.2131815,-0.21459317,-0.20457703,-0.2019819,-0.22787625,-0.25773084,-0.28376514,-0.29492813,-0.29737598,-0.30069244,-0.30140042,-0.29839033,-0.29507208,-0.29101294,-0.28489667,-0.2778048,-0.26902753,-0.2612658,-0.2540701,-0.24757022,-0.24139822,-0.23577589,-0.2308259,-0.2259317,-0.2206409,-0.21394253,-0.20744902,-0.20163244,-0.19618952,-0.19180346,-0.18889117,-0.18778211,-0.18788224,-0.18878132,-0.18978238,-0.19037044
69,Resop134,0.0236686,0.786982,0.189349,-0.45316333,-0.44797814,-0.44328445,-0.43731368,-0.43039483,-0.42625093,-0.42274553,-0.4197455,-0.41590673,-0.4122675,-0.40563822,-0.3986236,-0.3923911,-0.3870356,-0.38102198,-0.37549913,-0.3707763,-0.3653528,-0.36024976,-0.35456473,-0.34819466,-0.34173095,-0.33251196,-0.32756203,-0.3249299,-0.32214695,-0.32134247,-0.3197291,-0.31596345,-0.3120771,-0.30776042,-0.30387688,-0.2988611,-0.29323202,-0.28715605,-0.28103662,-0.27391386,-0.26902604,-0.26400954,-0.25861531,-0.2550006,-0.25027972,-0.2466085,-0.24241048,-0.24114019,-0.2423299,-0.2514292,-0.21627986,-0.22180003,-0.24782264,-0.26938194,-0.2973776,-0.31860435,-0.32890856,-0.336532,-0.34085917,-0.34039205,-0.33622068,-0.33292824,-0.32895058,-0.3229798,-0.3146373,-0.307303,-0.29972953,-0.29317772,-0.2870484,-0.281739,-0.2764961,-0.2710153,-0.26465666,-0.25625986,-0.24742323,-0.23938715,-0.23207939,-0.22686714,-0.22410852,-0.22407293,-0.22564185,-0.22853172,-0.23025197,-0.23157537
70,Resop135,0.0,0.911243,0.0887574,-0.3927731,-0.3865813,-0.38133836,-0.3738461,-0.3657714,-0.3611843,-0.35796237,-0.3553189,-0.3515929,-0.34763378,-0.33934164,-0.32960194,-0.32375193,-0.31773943,-0.3120311,-0.30634612,-0.30122823,-0.29526877,-0.29023635,-0.28409433,-0.27662247,-0.26881492,-0.25748742,-0.2505358,-0.24939305,-0.24755323,-0.24932224,-0.24885195,-0.24571544,-0.24287218,-0.23866218,-0.23455703,-0.22937328,-0.22360003,-0.21723014,-0.21104878,-0.20397496,-0.19842958,-0.1934607,-0.1884104,-0.18389744,-0.17868471,-0.17353642,-0.16945338,-0.16920018,-0.16968733,-0.18543208,-0.15735918,-0.1351062,-0.15298861,-0.1873647,-0.2256819,-0.25392205,-0.27267736,-0.28149164,-0.2873513,-0.2890423,-0.2858935,-0.28361905,-0.27962434,-0.27440256,-0.26583415,-0.2575497,-0.2497822,-0.24318576,-0.23713744,-0.23109943,-0.22567916,-0.22033781,-0.21318072,-0.20363486,-0.19408733,-0.18526196,-0.17680901,-0.17147094,-0.16864777,-0.16966033,-0.17237508,-0.17508483,-0.17752337,-0.17989635
76,Resop142,0.0,1.0,0.0,-0.40339768,-0.3976792,-0.3928274,-0.38540548,-0.3776201,-0.3735413,-0.37090498,-0.3695665,-0.3664143,-0.36363727,-0.35585517,-0.34731728,-0.34229666,-0.3372935,-0.33154237,-0.32691836,-0.32260644,-0.31784403,-0.31326437,-0.3077907,-0.30073237,-0.29172462,-0.28057617,-0.2738768,-0.27185357,-0.27023005,-0.2710873,-0.27005255,-0.26681662,-0.2631144,-0.25838053,-0.25413346,-0.24852508,-0.24218422,-0.23574996,-0.22918802,-0.22164619,-0.21509355,-0.20978248,-0.20426303,-0.1989196,-0.19287437,-0.18545419,-0.17806578,-0.17090827,-0.1581614,-0.13147485,-0.14397919,-0.124439895,-0.13671327,-0.14964825,-0.17074114,-0.19372958,-0.20910388,-0.21670038,-0.22100532,-0.21834606,-0.21260428,-0.21056491,-0.20679837,-0.20140636,-0.19263512,-0.18384397,-0.17442393,-0.16598743,-0.15855765,-0.15157497,-0.1440705,-0.13726616,-0.12855119,-0.117485344,-0.1069448,-0.096847415,-0.0867061,-0.0787313,-0.0735054,-0.0705685,-0.07206321,-0.07658851,-0.08154094,-0.0847888
81,Resop147,0.970414,0.0295858,0.0,-0.17113477,-0.16339415,-0.15775186,-0.15055001,-0.14596564,-0.15201145,-0.16344315,-0.16942209,-0.16782087,-0.16323113,-0.15187848,-0.1366638,-0.12394929,-0.1112653,-0.09890658,-0.08904469,-0.08071834,-0.073999286,-0.07049489,-0.06670034,-0.062906325,-0.059123278,-0.055523872,-0.07012081,-0.10592985,-0.14566988,-0.17136991,-0.18125457,-0.18633819,-0.18959051,-0.18772006,-0.18336129,-0.17520177,-0.166148,-0.15668672,-0.14766836,-0.1392976,-0.13595033,-0.13721126,-0.14226884,-0.15363538,-0.17232394,-0.19840264,-0.23036611,-0.26061237,-0.27528042,-0.2724219,-0.29241943,-0.3470353,-0.46019697,-0.57527673,-0.65479183,-0.69802594,-0.7189694,-0.7291818,-0.73588115,-0.73659563,-0.7293981,-0.72000754,-0.70927763,-0.69533503,-0.67879426,-0.66096544,-0.6427327,-0.62453234,-0.60640955,-0.58909714,-0.57276654,-0.55711985,-0.5425648,-0.52831024,-0.5144441,-0.5025835,-0.49098903,-0.48147148,-0.4738918,-0.47021556,-0.46945012,-0.47214228,-0.47702134,-0.48204982
86,Resop164,0.0532544,0.899408,0.0473373,-0.30160975,-0.29309,-0.28579396,-0.27579242,-0.26530057,-0.25960284,-0.25581026,-0.25297397,-0.24878931,-0.24458516,-0.23637396,-0.22666502,-0.21844077,-0.21154666,-0.20337903,-0.19493169,-0.18731666,-0.1790129,-0.17234266,-0.16434538,-0.15480441,-0.14381677,-0.13045132,-0.12533575,-0.12485081,-0.12541252,-0.12735587,-0.12493718,-0.120550096,-0.11540949,-0.109426916,-0.10361457,-0.09718615,-0.0886094,-0.08005202,-0.070850134,-0.060791016,-0.05248487,-0.04731202,-0.04085028,-0.03456086,-0.028363347,-0.023159027,-0.019795537,-0.018125534,-0.013082445,-0.05194944,-0.04321623,-0.03099233,-0.027921438,-0.051350653,-0.0914796,-0.1244387,-0.14645118,-0.15835989,-0.16805094,-0.16921711,-0.16384089,-0.16070461,-0.1554482,-0.14877105,-0.13841051,-0.12776804,-0.11801422,-0.109656036,-0.10267866,-0.095303476,-0.087399125,-0.080119014,-0.0714553,-0.058769464,-0.046442747,-0.035790324,-0.026143909,-0.020156384,-0.0179497,-0.019916356,-0.023234248,-0.026788116,-0.029379487,-0.032726467
92,Res006,0.235099,0.304636,0.460265,-0.43563396,-0.43068033,-0.42702562,-0.4259224,-0.42476916,-0.42525446,-0.42602724,-0.4249845,-0.4212805,-0.41645926,-0.40956497,-0.40242916,-0.39672124,-0.39055318,-0.38539487,-0.37947804,-0.3744077,-0.3705532,-0.36797684,-0.36609393,-0.36329913,-0.36089408,-0.36163646,-0.36617815,-0.3739493,-0.38526887,-0.38951445,-0.38814032,-0.38697672,-0.38621843,-0.38438618,-0.38084304,-0.37687898,-0.37252867,-0.36817944,-0.36380523,-0.35950845,-0.35744786,-0.35759997,-0.35896152,-0.36309403,-0.3709432,-0.3822335,-0.39639592,-0.41099346,-0.4250601,-0.47674197,-0.4714687,-0.3993926,-0.39881492,-0.34985024,-0.5596892,-0.6465752,-0.6794337,-0.69455403,-0.70030475,-0.7029548,-0.6962708,-0.68722665,-0.6742326,-0.6594593,-0.64463925,-0.62810105,-0.6119974,-0.59574115,-0.5806714,-0.5667309,-0.5537932,-0.541286,-0.52981377,-0.5201011,-0.51142526,-0.50321054,-0.4969961,-0.49123555,-0.4867922,-0.48357975,-0.48164815,-0.48091757,-0.48189247,-0.4846455
94,Res008,0.178808,0.350993,0.470199,-0.49319923,-0.4891277,-0.4855404,-0.4844007,-0.48159516,-0.48121005,-0.48014772,-0.4783873,-0.47484672,-0.47109365,-0.46847737,-0.46592063,-0.46203882,-0.45700824,-0.45211285,-0.44905913,-0.4455573,-0.44126362,-0.43888485,-0.43605065,-0.43365103,-0.4297229,-0.42632228,-0.43064517,-0.43385398,-0.44114113,-0.44333464,-0.4422289,-0.4408316,-0.438972,-0.43697578,-0.43345636,-0.42988014,-0.42552066,-0.4213155,-0.41780287,-0.41389495,-0.41145575,-0.41073442,-0.41110414,-0.4128706,-0.41690075,-0.4233315,-0.43167198,-0.4427116,-0.4561336,-0.44893694,-0.5190866,-0.47368997,-0.46453893,-0.47115064,-0.5896407,-0.6309205,-0.6657208,-0.6755308,-0.6828424,-0.681137,-0.67436194,-0.6668417,-0.65401435,-0.6402188,-0.625839,-0.61074495,-0.5970092,-0.58328986,-0.57026136,-0.55835474,-0.5463643,-0.5356333,-0.5268237,-0.51828694,-0.5108497,-0.50457543,-0.49864537,-0.4953853,-0.49376655,-0.4915961,-0.48945713,-0.48828506,-0.48872912,-0.49050325
97,Res011,0.125828,0.00993378,0.864238,-0.44150758,-0.43831855,-0.43588227,-0.4352575,-0.43331367,-0.4338547,-0.4344775,-0.43418592,-0.43131596,-0.4276132,-0.4265567,-0.42632902,-0.4224952,-0.41893375,-0.4143712,-0.41082126,-0.4070906,-0.40455115,-0.40294278,-0.40110207,-0.39976352,-0.397048,-0.39717352,-0.39981115,-0.40370452,-0.41254467,-0.41543585,-0.4152382,-0.4143911,-0.41390014,-0.41289967,-0.4107589,-0.4084773,-0.40542078,-0.4032923,-0.4007858,-0.39852935,-0.39718157,-0.3971681,-0.39909077,-0.4025765,-0.40773124,-0.41428638,-0.4223163,-0.43308353,-0.44225568,-0.4357434,-0.49652815,-0.46830255,-0.52556944,-0.55353224,-0.6284207,-0.6637679,-0.67334163,-0.6851728,-0.6904603,-0.6922488,-0.6847552,-0.6738838,-0.6600598,-0.6463641,-0.63132215,-0.6153386,-0.60004306,-0.5853659,-0.5715246,-0.5595194,-0.5483404,-0.5382656,-0.52985364,-0.52178746,-0.5152815,-0.51016355,-0.504511,-0.5002465,-0.49682367,-0.49462366,-0.49266458,-0.49205464,-0.49213392,-0.4938336
99,Res013,0.178808,0.00993378,0.811258,-0.41099626,-0.4078977,-0.40579283,-0.4052744,-0.4049946,-0.40493655,-0.4064963,-0.40640253,-0.40324408,-0.40043056,-0.39875317,-0.39632982,-0.39170396,-0.38763195,-0.38397968,-0.38090312,-0.37742007,-0.37448722,-0.37227225,-0.37048358,-0.36971128,-0.36626697,-0.3646539,-0.3681823,-0.37671113,-0.3858142,-0.3929459,-0.3920554,-0.3904758,-0.3902408,-0.38823998,-0.386056,-0.38396686,-0.38180017,-0.37925035,-0.3763647,-0.3737421,-0.3721856,-0.37282795,-0.37553293,-0.37895036,-0.38466352,-0.39219922,-0.40227968,-0.4119169,-0.3980335,-0.36005175,-0.36582953,-0.36441702,-0.42673445,-0.4179302,-0.53940237,-0.6214613,-0.669852,-0.68261564,-0.6932658,-0.6955533,-0.6871512,-0.6760118,-0.66245866,-0.6483885,-0.631933,-0.61468464,-0.59863716,-0.58279836,-0.5682608,-0.5552916,-0.5432353,-0.53240985,-0.5227759,-0.5144963,-0.5075778,-0.50112516,-0.49551123,-0.49059755,-0.4873166,-0.48440087,-0.48225552,-0.4816066,-0.48205256,-0.484549
102,Res016,0.0198676,0.0629139,0.917219,-0.4941836,-0.49057585,-0.48760843,-0.4855243,-0.48357445,-0.48143357,-0.4790876,-0.4770199,-0.4732349,-0.46972322,-0.4662212,-0.46459824,-0.4612007,-0.45708823,-0.4536984,-0.45072722,-0.446725,-0.44376975,-0.44089907,-0.43747967,-0.43519413,-0.43169188,-0.43121487,-0.43121284,-0.4324237,-0.43381017,-0.43321455,-0.43133855,-0.42983562,-0.42828226,-0.42612028,-0.42422432,-0.42242074,-0.41959602,-0.41715646,-0.41463375,-0.4124825,-0.41057968,-0.41054952,-0.4106263,-0.41120064,-0.41418225,-0.41839707,-0.42419958,-0.43103594,-0.44192058,-0.49042308,-0.5188662,-0.6120506,-0.5192368,-0.51074463,-0.6057684,-0.62934303,-0.641199,-0.6421001,-0.6439005,-0.643827,-0.6373249,-0.6234898,-0.61031306,-0.59804595,-0.58341587,-0.56852573,-0.55444527,-0.54107493,-0.52894473,-0.5182823,-0.5081737,-0.4993027,-0.49287468,-0.48604834,-0.480058,-0.47563016,-0.47141248,-0.46742874,-0.46512818,-0.46302086,-0.4612742,-0.46101487,-0.4604407,-0.46158957
103,Res017,0.00662252,0.0231788,0.970199,-0.4778548,-0.47481012,-0.47202587,-0.46953583,-0.46810627,-0.46603775,-0.46492535,-0.4615178,-0.4576946,-0.45447767,-0.4490469,-0.44247305,-0.4372977,-0.43469578,-0.43164575,-0.42898,-0.42468637,-0.42174608,-0.41933352,-0.41652453,-0.41517776,-0.41104293,-0.4100337,-0.4123143,-0.41138035,-0.41249758,-0.4096229,-0.4078462,-0.40657628,-0.40433335,-0.40219784,-0.40000415,-0.39791948,-0.39584517,-0.39389253,-0.39144456,-0.38818628,-0.3867169,-0.3868726,-0.38700974,-0.3878863,-0.38995838,-0.3942567,-0.39939225,-0.40320617,-0.40484113,-0.4129818,-0.49664283,-0.44763368,-0.46358305,-0.43142062,-0.5196511,-0.58458066,-0.60525715,-0.6044555,-0.61141884,-0.61090326,-0.6030133,-0.59001386,-0.5772428,-0.56215554,-0.547269,-0.5323437,-0.51827854,-0.5047705,-0.4929061,-0.4822842,-0.4727273,-0.463943,-0.45715868,-0.45070606,-0.44512933,-0.44127232,-0.43743736,-0.4337436,-0.4312675,-0.42909724,-0.42721123,-0.42635256,-0.42606753,-0.4263932
105,Res019,0.192053,0.155629,0.652318,-0.5103512,-0.50637084,-0.5029664,-0.5017046,-0.49905074,-0.49726492,-0.49661237,-0.4938184,-0.48988962,-0.4868124,-0.48508555,-0.48353124,-0.48029774,-0.47573918,-0.47182924,-0.46884197,-0.4654274,-0.4618209,-0.45894444,-0.4555213,-0.45305586,-0.44964194,-0.44743228,-0.45057493,-0.45351326,-0.45884174,-0.46229792,-0.4605276,-0.45919937,-0.45755738,-0.45539212,-0.45288378,-0.45001096,-0.4469077,-0.44412202,-0.4412518,-0.43829745,-0.43625903,-0.4360237,-0.4372595,-0.43938708,-0.44276464,-0.44796753,-0.45430464,-0.46289474,-0.4793563,-0.49434334,-0.50354815,-0.5495908,-0.5921248,-0.62231255,-0.6306943,-0.6371912,-0.6726817,-0.6830337,-0.6844795,-0.6822723,-0.6753439,-0.66633725,-0.6563208,-0.6432222,-0.629717,-0.6161015,-0.60292184,-0.5897548,-0.5779053,-0.56748044,-0.5572336,-0.5477923,-0.5402571,-0.53315413,-0.5267761,-0.5219784,-0.51748693,-0.51344305,-0.50996506,-0.50818133,-0.5068569,-0.5067281,-0.507271,-0.5085511
120,Res034,0.927152,0.0728477,0.0,-0.14429039,-0.1385454,-0.13565964,-0.13360184,-0.13169158,-0.14540392,-0.16461003,-0.17562097,-0.17620641,-0.17253041,-0.17120475,-0.1686582,-0.15474725,-0.14271456,-0.13128853,-0.1222707,-0.11515224,-0.10889101,-0.10617828,-0.10457969,-0.10373777,-0.102241874,-0.09861761,-0.120827615,-0.15922147,-0.20560229,-0.2363503,-0.24648023,-0.25038952,-0.25276184,-0.2531247,-0.24963737,-0.24450368,-0.2381841,-0.23077446,-0.22315419,-0.21653455,-0.21406573,-0.21746409,-0.22430658,-0.23512262,-0.2525378,-0.27603275,-0.30491036,-0.3308612,-0.33244377,-0.26103002,-0.25401294,-0.32900608,-0.38470125,-0.41455787,-0.5462272,-0.6587688,-0.70441294,-0.72073996,-0.7390857,-0.7455352,-0.7366267,-0.7293017,-0.72203946,-0.7103145,-0.6948937,-0.67882377,-0.6626371,-0.6457139,-0.6294894,-0.6142564,-0.59949917,-0.5857954,-0.57290685,-0.56031,-0.5487186,-0.5397353,-0.5309364,-0.5229858,-0.517311,-0.51354766,-0.5119041,-0.5113031,-0.5140128,-0.5184594
121,Res035,0.0562914,0.125828,0.817881,-0.47156405,-0.46752644,-0.46434975,-0.45800245,-0.45069695,-0.44896376,-0.44874525,-0.44954568,-0.44756562,-0.44568402,-0.44484842,-0.44471467,-0.44207335,-0.43778098,-0.43473125,-0.43130273,-0.42784184,-0.4240536,-0.42043418,-0.41667837,-0.41335058,-0.40694034,-0.39648557,-0.3934123,-0.39538288,-0.40080667,-0.4050275,-0.40609592,-0.40579545,-0.40403938,-0.40268224,-0.40021062,-0.39867663,-0.3973043,-0.39597505,-0.3934341,-0.39055282,-0.38806576,-0.38846755,-0.38985586,-0.38976616,-0.38956118,-0.39152658,-0.39266622,-0.39436775,-0.39112794,-0.39980537,-0.45917636,-0.40226,-0.41461325,-0.397097,-0.45543122,-0.53249717,-0.56775606,-0.5724466,-0.58405685,-0.58583015,-0.577561,-0.5690588,-0.56012666,-0.55144083,-0.53915083,-0.52692235,-0.51548314,-0.5041201,-0.4939587,-0.48482734,-0.4763828,-0.46912336,-0.46350825,-0.45703465,-0.45229578,-0.44836235,-0.44506985,-0.44283456,-0.4407611,-0.43858272,-0.43715835,-0.43694067,-0.4371271,-0.43819165
123,Res037,0.0562914,0.00993378,0.933775,-0.44327188,-0.44032723,-0.43794113,-0.43332124,-0.42626166,-0.42613983,-0.42583174,-0.4273733,-0.4260785,-0.42472357,-0.42604572,-0.42845798,-0.42571712,-0.4228006,-0.4202832,-0.4174468,-0.41552204,-0.4119652,-0.40926105,-0.40620816,-0.40170062,-0.39550066,-0.38368142,-0.3836938,-0.38565755,-0.38836777,-0.39316928,-0.3954407,-0.39465767,-0.39312845,-0.3922301,-0.39005226,-0.38896835,-0.38766152,-0.38595402,-0.3840527,-0.38129383,-0.37919277,-0.37977636,-0.381168,-0.3812102,-0.3818214,-0.38305777,-0.38344717,-0.38398755,-0.3838824,-0.4065076,-0.47565007,-0.34629488,-0.373393,-0.42277014,-0.5022385,-0.5179752,-0.5395694,-0.5509121,-0.5633596,-0.56865793,-0.56022394,-0.5499429,-0.5416349,-0.53186435,-0.52065355,-0.50850403,-0.49607337,-0.4853024,-0.47552025,-0.4667865,-0.4584368,-0.45151448,-0.4457037,-0.43989748,-0.43504667,-0.43248636,-0.4294892,-0.4267534,-0.42432064,-0.42276388,-0.42125094,-0.42083234,-0.4202932,-0.4202819
134,Res048,0.970199,0.00331126,0.0264901,-0.104272366,-0.10130763,-0.10073918,-0.09896636,-0.10134953,-0.1175912,-0.13832647,-0.15025848,-0.15108436,-0.14739496,-0.1442473,-0.1398111,-0.12824154,-0.11690664,-0.107019246,-0.099261224,-0.09216094,-0.08823013,-0.0868718,-0.08744496,-0.088644624,-0.087139904,-0.08898759,-0.11032456,-0.14730948,-0.19083077,-0.21769446,-0.228733,-0.23352331,-0.23676807,-0.23705739,-0.23403502,-0.2294575,-0.22465867,-0.2192682,-0.2136792,-0.20836836,-0.20677787,-0.21185762,-0.2205072,-0.233486,-0.25367856,-0.27964944,-0.30912435,-0.33935273,-0.35124975,-0.31365806,-0.35989356,-0.41431314,-0.4294805,-0.47659874,-0.5690701,-0.69018656,-0.7478329,-0.7656561,-0.77929604,-0.78361416,-0.775985,-0.7659201,-0.75505173,-0.74226147,-0.72545534,-0.7073382,-0.68825275,-0.6694844,-0.6508534,-0.63320875,-0.616379,-0.60078204,-0.587008,-0.57413256,-0.5625683,-0.5528282,-0.54448885,-0.5365009,-0.5307353,-0.52687967,-0.52403754,-0.52302855,-0.52499497,-0.5282172
152,Res068,0.0331126,0.466887,0.5,-0.4582156,-0.4514423,-0.44612193,-0.44031024,-0.4326051,-0.42995185,-0.4288687,-0.427584,-0.42515188,-0.42177272,-0.4205978,-0.41970342,-0.4153701,-0.41010678,-0.40537387,-0.40146542,-0.3980891,-0.39346516,-0.390011,-0.3858865,-0.38217992,-0.37744284,-0.3691135,-0.36552113,-0.37005234,-0.37188947,-0.3782919,-0.37880218,-0.37718898,-0.37576258,-0.37374872,-0.3711176,-0.36818665,-0.3642472,-0.36028874,-0.35747236,-0.35386592,-0.35021138,-0.34875578,-0.34818172,-0.34743774,-0.3475936,-0.34884328,-0.3529485,-0.35847217,-0.3685977,-0.40059626,-0.3968932,-0.35709208,-0.37133342,-0.43871593,-0.4497469,-0.52566063,-0.54238033,-0.5488463,-0.55945116,-0.56282717,-0.5570514,-0.5485709,-0.5395875,-0.5297736,-0.5177729,-0.505185,-0.49302924,-0.4821496,-0.47134835,-0.4612093,-0.45132977,-0.4431548,-0.43488812,-0.42675018,-0.41865832,-0.41232502,-0.40660828,-0.402062,-0.39876342,-0.39703786,-0.3968274,-0.3979513,-0.39979273,-0.40307063
163,NF_011,0.147436,0.762821,0.0897436,-0.39481205,-0.38955873,-0.38448733,-0.38491088,-0.38280356,-0.37903762,-0.3752737,-0.3693527,-0.3649478,-0.3594678,-0.35626578,-0.35315603,-0.34871584,-0.34376484,-0.33952272,-0.33520395,-0.33111376,-0.32791668,-0.32536513,-0.32225382,-0.32022822,-0.32010454,-0.32065874,-0.31851518,-0.31913215,-0.3196199,-0.31642282,-0.31314427,-0.31050754,-0.30777502,-0.30414134,-0.30061775,-0.29612964,-0.29139942,-0.28696698,-0.28252918,-0.27838588,-0.27493,-0.27296185,-0.27142447,-0.2709728,-0.27241284,-0.27482945,-0.2790689,-0.28457522,-0.28482568,-0.27642483,-0.33655083,-0.33782047,-0.3573805,-0.37599677,-0.38624966,-0.41504657,-0.42223394,-0.4249084,-0.42339426,-0.42055172,-0.41525197,-0.40559542,-0.3940634,-0.3816321,-0.3692202,-0.35791832,-0.34725732,-0.3375759,-0.32836336,-0.3201015,-0.31214416,-0.3044451,-0.29716122,-0.2898385,-0.2827127,-0.27682352,-0.2711615,-0.2667325,-0.26345408,-0.26167607,-0.26110035,-0.2620166,-0.26403946,-0.2658894
167,NF_015,0.25641,0.391026,0.352564,-0.3229835,-0.31695777,-0.311418,-0.31132543,-0.30569303,-0.30330443,-0.3006308,-0.2970757,-0.29312027,-0.28875828,-0.28800118,-0.28814024,-0.2827996,-0.27740872,-0.2726426,-0.26820296,-0.2632947,-0.25914627,-0.25550562,-0.25231463,-0.24949318,-0.24805015,-0.2475431,-0.24603546,-0.24922061,-0.25403053,-0.2545539,-0.25280768,-0.25074816,-0.24823111,-0.24498457,-0.24163795,-0.23738891,-0.23262829,-0.22829872,-0.22419721,-0.22048283,-0.21692556,-0.21532595,-0.21481436,-0.21472794,-0.21628213,-0.21985042,-0.22524005,-0.23428518,-0.24470049,-0.2612326,-0.2537397,-0.2423423,-0.2773013,-0.34949982,-0.36202043,-0.3862487,-0.39751256,-0.40050334,-0.40190595,-0.39978164,-0.3934002,-0.38530546,-0.37504822,-0.36305648,-0.3504392,-0.33897877,-0.32787228,-0.31783354,-0.30835402,-0.29901308,-0.29056686,-0.28223628,-0.27509242,-0.26787806,-0.2605794,-0.25492024,-0.25028574,-0.24556267,-0.24235535,-0.24063677,-0.2400012,-0.2409293,-0.24295515,-0.24574524
168,NF_016,0.185897,0.711538,0.102564,-0.40485,-0.39938605,-0.3941229,-0.39612186,-0.39146268,-0.38800865,-0.38378698,-0.3784094,-0.37385696,-0.3685348,-0.3664559,-0.36467594,-0.35963315,-0.35455155,-0.34974307,-0.34505188,-0.34002656,-0.335477,-0.33162612,-0.32794565,-0.32589865,-0.3252924,-0.328071,-0.3280325,-0.32731527,-0.32795674,-0.32448792,-0.32104695,-0.3179471,-0.31459832,-0.31103188,-0.30679476,-0.30145955,-0.29585743,-0.29052424,-0.28530258,-0.2805419,-0.27636063,-0.273363,-0.27109444,-0.27069163,-0.27158022,-0.27422118,-0.2804371,-0.28730726,-0.293939,-0.30231398,-0.33299488,-0.32211173,-0.3383392,-0.3918243,-0.41424572,-0.43314326,-0.44411135,-0.44859046,-0.4457748,-0.44237292,-0.4366024,-0.4264018,-0.41377753,-0.4008633,-0.38757026,-0.37538147,-0.3635586,-0.35311335,-0.3432982,-0.33383787,-0.3252306,-0.31729597,-0.30908632,-0.3008564,-0.29265606,-0.28514898,-0.279351,-0.2744555,-0.27023405,-0.26829326,-0.26801717,-0.2689715,-0.27089375,-0.27390516
172,NF_020,0.134615,0.346154,0.519231,-0.2884519,-0.28328347,-0.278014,-0.27967417,-0.27334827,-0.2692312,-0.26410788,-0.25808066,-0.2531067,-0.24761176,-0.24684525,-0.24652648,-0.241759,-0.23683178,-0.23251438,-0.22862345,-0.22417235,-0.2203722,-0.21769422,-0.21408153,-0.21190095,-0.21195126,-0.21223581,-0.20951122,-0.20993817,-0.20944923,-0.20657563,-0.20310003,-0.20032406,-0.19761181,-0.19420189,-0.19093102,-0.18745089,-0.18369389,-0.18010676,-0.17669922,-0.17317718,-0.17042196,-0.16910696,-0.16849416,-0.16775727,-0.16903853,-0.17037803,-0.17475516,-0.18040699,-0.18793291,-0.17691815,-0.2075749,-0.18752992,-0.25863272,-0.2555396,-0.2719717,-0.29299372,-0.29554886,-0.29361308,-0.2922225,-0.2878723,-0.28383344,-0.27584898,-0.26598442,-0.25507313,-0.24477607,-0.23584509,-0.22717953,-0.2199682,-0.213521,-0.20696878,-0.20160532,-0.19619167,-0.19128084,-0.18634611,-0.18138802,-0.17728168,-0.17421782,-0.17099261,-0.16925305,-0.16802311,-0.16696173,-0.16762006,-0.16845787,-0.17015326
173,NF_021,0.0769231,0.269231,0.653846,-0.21972382,-0.21379328,-0.20774841,-0.20737773,-0.19865257,-0.1943608,-0.18932992,-0.18365067,-0.17854977,-0.17342937,-0.17341828,-0.17443115,-0.16934776,-0.16436213,-0.15975696,-0.15547603,-0.15112776,-0.14703679,-0.1426515,-0.13876897,-0.13547707,-0.13324624,-0.1300174,-0.12561882,-0.12367958,-0.12257016,-0.12096918,-0.11899501,-0.116224825,-0.11359584,-0.11045295,-0.106989205,-0.10352445,-0.09907937,-0.09611678,-0.09227979,-0.08909267,-0.085879564,-0.08405888,-0.08295965,-0.08202672,-0.08168632,-0.081798315,-0.08319008,-0.08616781,-0.09536743,-0.13328862,-0.15414989,-0.10997206,-0.08616793,-0.11709416,-0.1671812,-0.19033855,-0.19324893,-0.1916669,-0.19058871,-0.1902588,-0.18301266,-0.17667884,-0.1680367,-0.1585648,-0.14911097,-0.13997507,-0.13193738,-0.124667525,-0.117446005,-0.111989796,-0.106277585,-0.10016143,-0.09589583,-0.090315044,-0.084599614,-0.08048898,-0.07726425,-0.073879,-0.07121587,-0.07035947,-0.07029468,-0.070212364,-0.07099229,-0.07213509
182,NF_030,0.0,0.0192308,0.980769,-0.3454001,-0.34284508,-0.33955932,-0.34380865,-0.33857602,-0.33519113,-0.33018243,-0.32488066,-0.32145756,-0.31728393,-0.32298255,-0.33160657,-0.32944894,-0.3271619,-0.32499194,-0.32262915,-0.32044107,-0.3184129,-0.31664604,-0.31530964,-0.31481165,-0.31637478,-0.31937724,-0.3153273,-0.3131246,-0.31027275,-0.30566913,-0.30218893,-0.3002656,-0.298724,-0.29672754,-0.29474425,-0.29334664,-0.29141378,-0.28981763,-0.2882617,-0.2864313,-0.28496194,-0.28495914,-0.28517503,-0.28547668,-0.28597844,-0.28739035,-0.28964382,-0.29143816,-0.29322422,-0.26993817,-0.27077842,-0.28949714,-0.29970855,-0.31889325,-0.3397689,-0.3340479,-0.32650435,-0.3246585,-0.3180558,-0.31667793,-0.31503987,-0.30958712,-0.30405378,-0.29827052,-0.29495287,-0.29172224,-0.28836203,-0.2863028,-0.28455466,-0.28293014,-0.28124827,-0.27958435,-0.27884638,-0.2778908,-0.2772385,-0.27667642,-0.2764089,-0.27577257,-0.2749074,-0.27509916,-0.2747771,-0.27493745,-0.2747624,-0.2739399
190,NF_039,0.525641,0.102564,0.371795,-0.10864377,-0.10596627,-0.10171443,-0.11250454,-0.10762596,-0.104934216,-0.10026449,-0.092200756,-0.086761534,-0.07953024,-0.08756155,-0.09967333,-0.09555346,-0.0911513,-0.087350726,-0.08386147,-0.080700815,-0.078214705,-0.076714456,-0.07573587,-0.077307284,-0.083176374,-0.09244472,-0.09365803,-0.095451295,-0.09887689,-0.09553778,-0.09193033,-0.08971584,-0.087676644,-0.08546978,-0.08252704,-0.07880491,-0.075235665,-0.07225335,-0.06933659,-0.06689668,-0.06498963,-0.06679785,-0.069447815,-0.07411373,-0.08120376,-0.08962375,-0.10283625,-0.117040336,-0.13333833,-0.118832946,-0.13235044,-0.10476464,-0.16173679,-0.23613238,-0.29415733,-0.31356007,-0.3244267,-0.31937426,-0.31516606,-0.31107724,-0.30521774,-0.2940994,-0.27958596,-0.26493287,-0.25139296,-0.23840296,-0.22620589,-0.21466291,-0.20445019,-0.1953919,-0.18635881,-0.1787017,-0.17291898,-0.16650075,-0.16100132,-0.15676755,-0.15357083,-0.15004212,-0.14751548,-0.1467058,-0.1458103,-0.14591265,-0.14695609,-0.14914751
204,NF_057,0.0576923,0.384615,0.557692,-0.18989849,-0.18263417,-0.17760414,-0.16546506,-0.15044278,-0.14768827,-0.14786637,-0.15051621,-0.14911276,-0.1475482,-0.14107287,-0.13235658,-0.12729299,-0.122886896,-0.11783093,-0.11274034,-0.10854566,-0.10363352,-0.09825933,-0.09208077,-0.08326745,-0.07063246,-0.04656285,-0.035633445,-0.03884673,-0.04087794,-0.05038911,-0.053950608,-0.051900327,-0.04852885,-0.045939445,-0.04332918,-0.040436864,-0.037255824,-0.03389138,-0.029568434,-0.025510848,-0.020845354,-0.01726228,-0.012696683,-0.0075548887,-0.0009839535,0.005865574,0.015558958,0.023726463,0.043922305,0.02204597,0.02518189,0.04352665,0.049058795,0.056340218,0.037992954,0.03288448,0.027110934,0.024227142,0.009583354,0.0033522844,0.008198738,0.00626719,-0.00035357475,-0.0035003424,-0.0008055568,0.0033318996,0.008141398,0.012715101,0.017944098,0.022500157,0.027454257,0.032698274,0.038300753,0.043726802,0.049670935,0.05482471,0.06011951,0.06465316,0.06792045,0.07065451,0.07183707,0.07228279,0.073792696,0.07492411
210,NF_063,0.0128205,0.0,0.987179,-0.034331918,-0.029089391,-0.02605784,-0.014808714,0.002912283,0.0031473637,0.00019180775,-0.005311668,-0.0053415895,-0.0050473213,-0.007290721,-0.008999884,-0.005120039,-0.0010383725,0.0030372143,0.007117033,0.011373997,0.016016364,0.021261215,0.027242422,0.03579533,0.048768044,0.07221651,0.08302224,0.07982135,0.075791,0.06456971,0.06055367,0.06269252,0.06531632,0.06661713,0.06848967,0.069467306,0.070562124,0.07182753,0.07426047,0.07666385,0.07883775,0.08043563,0.082268,0.08578622,0.09139168,0.09631276,0.10354388,0.10953426,0.11958456,0.11738789,0.08793414,0.10669565,0.15093756,0.14688349,0.13222134,0.121675014,0.12104905,0.12213147,0.10793114,0.10139871,0.10482156,0.09983659,0.08915317,0.08226824,0.081169486,0.08139598,0.08197045,0.0832746,0.085383415,0.086954355,0.08847213,0.09064865,0.09180069,0.09296095,0.09426451,0.09530306,0.096960545,0.09772098,0.09841108,0.09883201,0.098971605,0.10026717,0.102060676,0.10290551
211,NF_064,0.147436,0.0,0.852564,-0.03120774,-0.025687516,-0.022994816,-0.011237085,0.0061858892,0.005734682,0.001483202,-0.0055864453,-0.0057068467,-0.005847931,-0.008403301,-0.00945276,-0.0051478148,-0.0005747676,0.0038121939,0.0081061125,0.012308598,0.016979337,0.022113442,0.027944207,0.03646636,0.049735427,0.07638872,0.08797598,0.079931736,0.07409108,0.05963838,0.054534197,0.05552435,0.057923675,0.0594728,0.06094742,0.062206626,0.0632658,0.064809084,0.06718218,0.069672346,0.07171881,0.073053,0.07402706,0.077203155,0.0808357,0.084282875,0.09049082,0.095793724,0.104415655,0.08912277,0.04994154,0.118208766,0.13233614,0.12535655,0.094830036,0.07540631,0.07506704,0.07631171,0.058991313,0.052624583,0.056695938,0.05232227,0.042938232,0.03623879,0.03681767,0.03871894,0.041002154,0.04400754,0.04682505,0.05021894,0.053402066,0.05619359,0.058564782,0.06097555,0.063447714,0.06485021,0.0663861,0.06782925,0.06915951,0.06972802,0.07021403,0.07150555,0.07301557,0.07328069
220,NF_075,0.0128205,0.929487,0.0576923,-0.37940902,-0.3744095,-0.3691432,-0.3670162,-0.36382622,-0.3594538,-0.35459065,-0.34884292,-0.34454662,-0.339985,-0.336654,-0.3337379,-0.32900017,-0.32437015,-0.31948066,-0.3147928,-0.31010008,-0.30588102,-0.30075628,-0.29654193,-0.2931108,-0.289891,-0.28912342,-0.28657794,-0.28177172,-0.27968007,-0.27652508,-0.2729007,-0.2694267,-0.26637936,-0.26277798,-0.25824618,-0.25284147,-0.24637234,-0.23972028,-0.23331463,-0.22774816,-0.22263229,-0.21710157,-0.21164596,-0.2073152,-0.20459282,-0.20324159,-0.2041409,-0.20827258,-0.22369438,-0.24107695,-0.22748578,-0.23800296,-0.23807573,-0.24299091,-0.28129554,-0.32506967,-0.33789098,-0.34351808,-0.3431481,-0.3414824,-0.33675188,-0.32971644,-0.31923944,-0.30793804,-0.2954988,-0.28306383,-0.27221245,-0.2627359,-0.2542994,-0.24650294,-0.23919272,-0.23188126,-0.22284901,-0.21275842,-0.20113349,-0.19044268,-0.18197328,-0.17567742,-0.17216694,-0.17193997,-0.17262405,-0.17429143,-0.17679429,-0.18065077
221,NF_076,0.00641026,0.961538,0.0320513,-0.3857168,-0.38110983,-0.375601,-0.37614763,-0.373971,-0.36899984,-0.3625936,-0.35505557,-0.34990323,-0.3441844,-0.3396566,-0.33535236,-0.33055735,-0.325616,-0.3210935,-0.31640494,-0.31180942,-0.30695713,-0.30159223,-0.29819113,-0.29563224,-0.29561788,-0.30090278,-0.30200797,-0.29788244,-0.29484743,-0.2897002,-0.28455263,-0.28156286,-0.2788179,-0.27518034,-0.27099174,-0.26529503,-0.25796312,-0.25037718,-0.24379009,-0.23861271,-0.23349094,-0.22733957,-0.22222382,-0.2181477,-0.21584338,-0.21596384,-0.22044301,-0.22745693,-0.24413025,-0.26762235,-0.25369292,-0.29372215,-0.31322294,-0.328695,-0.3500631,-0.3686223,-0.3770342,-0.3835436,-0.38227934,-0.37972504,-0.37666357,-0.369807,-0.35848218,-0.34740585,-0.33580303,-0.3238942,-0.3134954,-0.30533636,-0.29749656,-0.2904113,-0.28460938,-0.27789843,-0.26930153,-0.25913006,-0.24718845,-0.23648506,-0.22777784,-0.22082686,-0.21762449,-0.21775174,-0.2199958,-0.22250837,-0.22621685,-0.23035192
228,NF_085,0.00641026,0.0384615,0.955128,-0.4561885,-0.450552,-0.44396973,-0.44259417,-0.43908894,-0.4323268,-0.4235819,-0.41434717,-0.40733266,-0.4002294,-0.39764518,-0.3957752,-0.38954705,-0.38413942,-0.37860584,-0.37331432,-0.36769927,-0.36258453,-0.35735506,-0.35304767,-0.34955662,-0.34800303,-0.34994942,-0.34762257,-0.34168088,-0.33597273,-0.3279578,-0.32164228,-0.31705874,-0.31267852,-0.30842727,-0.30419964,-0.29947996,-0.29494947,-0.29084814,-0.2870298,-0.28345466,-0.28045887,-0.27726996,-0.27467173,-0.27275902,-0.27100247,-0.270122,-0.27125663,-0.27240562,-0.28546757,-0.3019709,-0.2908007,-0.3018493,-0.30812246,-0.2955081,-0.2903207,-0.29157335,-0.2828191,-0.27940965,-0.27199644,-0.26738387,-0.26619208,-0.25888705,-0.25193107,-0.2462681,-0.2416352,-0.23783249,-0.23505974,-0.23178071,-0.22920239,-0.22728056,-0.22544676,-0.22348613,-0.22160333,-0.21947503,-0.21751767,-0.21600544,-0.21505493,-0.213974,-0.21269834,-0.21208459,-0.21116221,-0.20988882,-0.20865858,-0.20812702
230,NF_087,0.0,0.00641026,0.99359,-0.44080567,-0.43496436,-0.4281056,-0.42589223,-0.4228441,-0.4158898,-0.4069535,-0.39719266,-0.3898157,-0.38180244,-0.37635034,-0.37132305,-0.36532348,-0.35981727,-0.3540752,-0.34816438,-0.34286875,-0.33806664,-0.3338474,-0.33007854,-0.3275001,-0.3254729,-0.32695204,-0.32472354,-0.31844687,-0.3120811,-0.30312705,-0.29652697,-0.29216337,-0.28801388,-0.28379774,-0.2793836,-0.2751019,-0.27100503,-0.266963,-0.26322424,-0.26019633,-0.25762546,-0.25440568,-0.25223464,-0.2514041,-0.25133932,-0.25130886,-0.25194544,-0.251949,-0.26010245,-0.28886628,-0.2769571,-0.2699113,-0.3141201,-0.29747266,-0.29824722,-0.27272767,-0.25876963,-0.25303513,-0.24764556,-0.24355233,-0.24115264,-0.23586881,-0.22836113,-0.22164738,-0.2168014,-0.212762,-0.20987362,-0.20689368,-0.20460993,-0.20278484,-0.20098472,-0.19852358,-0.19635516,-0.19468129,-0.19323158,-0.19179505,-0.19078863,-0.18949991,-0.1879971,-0.18746209,-0.18628037,-0.1852575,-0.18407059,-0.18334293
235,FSP_004,0.0,0.775641,0.224359,-0.25391626,-0.24676222,-0.24077082,-0.23641908,-0.2306186,-0.2266919,-0.22252595,-0.21822685,-0.21485645,-0.2101574,-0.20385736,-0.19568533,-0.18894845,-0.18326885,-0.1768449,-0.17089617,-0.16578108,-0.1599738,-0.15428942,-0.14916646,-0.14347911,-0.13860393,-0.1336711,-0.1349805,-0.13731086,-0.14130026,-0.1436361,-0.1427018,-0.14046472,-0.13837332,-0.13586104,-0.13204765,-0.12702054,-0.121512055,-0.11573231,-0.10955942,-0.10416627,-0.09953433,-0.09648925,-0.09341717,-0.091177106,-0.08919805,-0.09037572,-0.09317851,-0.097754836,-0.09547961,-0.099618435,-0.14643657,-0.13674104,-0.16831297,-0.15689814,-0.20228201,-0.22960603,-0.24250507,-0.25132108,-0.26136374,-0.26507348,-0.26278007,-0.25773263,-0.2519651,-0.2446478,-0.23492569,-0.22545457,-0.21718198,-0.2101245,-0.2037276,-0.19726741,-0.19166082,-0.18561333,-0.17792475,-0.16915458,-0.16064197,-0.15242207,-0.14507699,-0.1395176,-0.13588744,-0.13525897,-0.13721138,-0.1402002,-0.14405894,-0.14805079
236,FSP_005,0.0,0.852564,0.147436,-0.23514819,-0.22750098,-0.22033828,-0.21595246,-0.21018541,-0.20543194,-0.20034492,-0.19542474,-0.19155186,-0.18603855,-0.17992747,-0.17238861,-0.16538543,-0.15845764,-0.15187603,-0.1453734,-0.13970983,-0.13371527,-0.12765563,-0.12273961,-0.11705482,-0.11257613,-0.10798252,-0.106601596,-0.109546244,-0.11399639,-0.11717063,-0.11680019,-0.114955425,-0.112870276,-0.110465884,-0.10612631,-0.100120544,-0.09328467,-0.0860427,-0.07886177,-0.07261455,-0.06681621,-0.06262821,-0.05870372,-0.055361927,-0.054350138,-0.05604899,-0.060735404,-0.06867337,-0.081395745,-0.118145645,-0.16810393,-0.16409212,-0.14107037,-0.11808878,-0.1694569,-0.22828728,-0.25826043,-0.2679106,-0.2758801,-0.27820295,-0.27524012,-0.26926512,-0.26134968,-0.25294697,-0.24110556,-0.22949386,-0.2193104,-0.21088082,-0.2028507,-0.19538575,-0.18835789,-0.18095326,-0.17200571,-0.16082442,-0.14822865,-0.13744974,-0.12794954,-0.12139219,-0.11713612,-0.11700982,-0.11966413,-0.123414636,-0.12841016,-0.13340974
241,FSP_010,0.0192308,0.75641,0.224359,-0.33272082,-0.3251828,-0.3178444,-0.31486368,-0.3096856,-0.3033049,-0.29644918,-0.28866678,-0.28325218,-0.27703273,-0.2691396,-0.2602442,-0.25315416,-0.2469297,-0.2406146,-0.23415798,-0.22784007,-0.22133285,-0.21574134,-0.21072274,-0.20614618,-0.20283937,-0.2005297,-0.19829732,-0.19715375,-0.19754255,-0.1957097,-0.19245541,-0.18934375,-0.18611395,-0.18232101,-0.1777727,-0.17175704,-0.16530544,-0.15872395,-0.15241253,-0.1461857,-0.14078051,-0.13670486,-0.13352525,-0.13039702,-0.12849486,-0.12951523,-0.13294119,-0.13873386,-0.15208048,-0.1970588,-0.19886422,-0.22054738,-0.23782921,-0.23006666,-0.2536525,-0.2684489,-0.283296,-0.2941413,-0.29869586,-0.29805064,-0.2941854,-0.28767562,-0.27834123,-0.26836514,-0.25764382,-0.24684608,-0.2377485,-0.2300536,-0.22314382,-0.21692604,-0.21086633,-0.20419449,-0.1967032,-0.18767542,-0.17824173,-0.16985399,-0.16261381,-0.15738094,-0.15442997,-0.15470219,-0.15684116,-0.16081792,-0.16588366,-0.17066139
258,FSP_027,0.294872,0.0,0.705128,-0.23701322,-0.23385793,-0.2321676,-0.23143911,-0.22200805,-0.22863239,-0.2362073,-0.24252981,-0.24320012,-0.2421323,-0.24749255,-0.25236005,-0.2461034,-0.23994279,-0.234474,-0.22936726,-0.22403783,-0.21931535,-0.2156601,-0.21325064,-0.21092772,-0.20858681,-0.20228422,-0.20763052,-0.2253905,-0.24091226,-0.2535171,-0.25768065,-0.25801152,-0.25754225,-0.2557724,-0.2524616,-0.24880189,-0.24502027,-0.24129176,-0.23760885,-0.23330247,-0.23107362,-0.23231298,-0.23450625,-0.2376231,-0.24346858,-0.25271034,-0.2644835,-0.27734983,-0.28211927,-0.28722602,-0.29096538,-0.275674,-0.26225168,-0.31961507,-0.3989665,-0.4576136,-0.48789853,-0.48968184,-0.5012086,-0.50528455,-0.49976933,-0.49459112,-0.48850328,-0.4810478,-0.47095293,-0.460137,-0.44895387,-0.4374476,-0.42654347,-0.416431,-0.40641809,-0.39729887,-0.3897512,-0.38216108,-0.37498486,-0.3695262,-0.3644474,-0.35996628,-0.356723,-0.35462433,-0.35386753,-0.35406578,-0.35562235,-0.35757273
259,FSP_028,0.820513,0.0,0.179487,0.008510113,0.010876179,0.011288047,0.011147976,0.008532286,-0.0028046966,-0.017638266,-0.024367452,-0.024946272,-0.021548152,-0.015182912,-0.0062164664,0.002577424,0.011227012,0.018552184,0.025094032,0.029075027,0.031172514,0.031010985,0.030100465,0.02989614,0.029162169,0.032216072,0.02468872,-0.0038347244,-0.037174642,-0.059657454,-0.06838852,-0.071953,-0.07445979,-0.074442506,-0.071433544,-0.06705958,-0.06264472,-0.05821824,-0.05376488,-0.049799263,-0.048468888,-0.052278876,-0.059245884,-0.07006121,-0.084989965,-0.10422468,-0.12541503,-0.14807439,-0.1569606,-0.14318967,-0.16711771,-0.20736372,-0.21911508,-0.2447654,-0.36710948,-0.4915536,-0.53721976,-0.55105233,-0.56711113,-0.5729021,-0.56328595,-0.5522301,-0.5394901,-0.52505636,-0.50633717,-0.48664677,-0.46656895,-0.44647563,-0.42781264,-0.409778,-0.3926401,-0.37696838,-0.36319172,-0.35015613,-0.33883774,-0.32949406,-0.32107627,-0.31371564,-0.30765295,-0.30429655,-0.30296546,-0.30470163,-0.30831528,-0.312073
261,FSP_030,0.961538,0.0384615,0.0,-0.016211867,-0.01045537,-0.007956505,-0.010693252,-0.014216006,-0.036328614,-0.06426996,-0.077693105,-0.07861012,-0.07226193,-0.06421906,-0.051974654,-0.033899724,-0.016359568,-0.00091803074,0.012320161,0.021688342,0.027498603,0.029462218,0.027753234,0.024157047,0.01857853,0.013012886,-0.019352973,-0.08216512,-0.14998919,-0.18875974,-0.20178461,-0.20725316,-0.21166903,-0.21216965,-0.20745564,-0.19909531,-0.18929476,-0.17946714,-0.17056859,-0.16351348,-0.16068542,-0.16620487,-0.17772251,-0.19640028,-0.22474301,-0.26217622,-0.30529505,-0.34466898,-0.3555737,-0.31486088,-0.3288207,-0.34807795,-0.35902703,-0.44132912,-0.60280174,-0.7186659,-0.7629976,-0.7778078,-0.7935396,-0.7968673,-0.7910671,-0.7830869,-0.77361816,-0.762063,-0.74724567,-0.73122805,-0.71499836,-0.69842124,-0.6821047,-0.6663737,-0.65103775,-0.6364033,-0.62337327,-0.61015284,-0.5982878,-0.58808196,-0.578841,-0.57118464,-0.56553125,-0.5615836,-0.56029093,-0.5616264,-0.56563556,-0.57076615
275,FSP_045,0.0641026,0.0,0.935897,-0.33991587,-0.3362056,-0.33363646,-0.3314852,-0.3251915,-0.32696158,-0.32921302,-0.33038604,-0.32915628,-0.32658595,-0.32685864,-0.32699394,-0.3215003,-0.31684577,-0.3121518,-0.3079173,-0.30424297,-0.30095983,-0.29821402,-0.29601645,-0.2930954,-0.29040563,-0.2842198,-0.28296453,-0.2905333,-0.29951555,-0.30545807,-0.3072737,-0.30670184,-0.305301,-0.30320436,-0.30045736,-0.29751915,-0.29518676,-0.29242897,-0.28947675,-0.2857685,-0.28370857,-0.28542507,-0.28698117,-0.28850102,-0.2913192,-0.29593188,-0.30032498,-0.30815285,-0.31808722,-0.3361929,-0.33864045,-0.3079843,-0.31808227,-0.33118957,-0.37938744,-0.42353398,-0.42701793,-0.4311158,-0.43344665,-0.43368626,-0.42984903,-0.4257117,-0.421493,-0.4172104,-0.41067022,-0.4036138,-0.39639664,-0.38980168,-0.38328063,-0.37641102,-0.37012255,-0.36452317,-0.3601367,-0.35547924,-0.35099924,-0.3481506,-0.34497344,-0.34277076,-0.34009856,-0.33937877,-0.33892858,-0.3392352,-0.3398692,-0.3414811
284,FSP_054,0.294872,0.0576923,0.647436,-0.2322436,-0.22772312,-0.22372448,-0.22384912,-0.21306139,-0.21204233,-0.21056503,-0.20989484,-0.20731425,-0.2034285,-0.20790404,-0.21312702,-0.20791107,-0.20282274,-0.19787222,-0.192909,-0.18845218,-0.18361396,-0.17935705,-0.17534524,-0.17164081,-0.16794997,-0.16058028,-0.15885198,-0.16451132,-0.16818452,-0.17181206,-0.17218745,-0.1702416,-0.16774565,-0.16519827,-0.16162157,-0.15773869,-0.15453446,-0.15121973,-0.14713126,-0.14208436,-0.1389401,-0.14030415,-0.14122218,-0.14139378,-0.14235789,-0.14585024,-0.15048331,-0.15856612,-0.16615915,-0.18966621,-0.22111464,-0.21357328,-0.16052997,-0.19645977,-0.2628259,-0.29995888,-0.31663203,-0.32051224,-0.32498902,-0.32706308,-0.31960505,-0.3113603,-0.3036664,-0.2955609,-0.28468406,-0.27309918,-0.26269037,-0.25259304,-0.24307537,-0.2341218,-0.22580016,-0.21794182,-0.21165502,-0.20511311,-0.19977838,-0.19615453,-0.19142455,-0.1879533,-0.18520415,-0.1838553,-0.18270439,-0.18309379,-0.18369871,-0.18476337
295,FSP_068,0.942308,0.0128205,0.0448718,0.25561655,0.2576059,0.25679827,0.24999845,0.23779023,0.21486568,0.1871525,0.17552733,0.17479277,0.18015277,0.19411659,0.2126522,0.22804952,0.24371564,0.257344,0.26804006,0.27564597,0.27997398,0.28044534,0.27743995,0.2722373,0.26765263,0.2602117,0.22820187,0.17502475,0.113042355,0.077943444,0.065472245,0.05911827,0.053877115,0.05421233,0.059043407,0.06616759,0.07412231,0.081816554,0.089102864,0.093574524,0.09372401,0.089322925,0.078675985,0.06076908,0.033444643,-0.0020128489,-0.042377472,-0.08001518,-0.095128596,-0.092672884,-0.14251065,-0.1769476,-0.18031466,-0.27596653,-0.43732572,-0.584388,-0.6516731,-0.67415345,-0.6945249,-0.6992364,-0.68765163,-0.6726841,-0.655503,-0.63575804,-0.6112114,-0.5853236,-0.55899,-0.53235996,-0.506835,-0.48250788,-0.45972055,-0.43830723,-0.41941863,-0.4013905,-0.38568568,-0.37190348,-0.35955858,-0.34932148,-0.3412041,-0.3360604,-0.3350327,-0.3377989,-0.34406793,-0.35189372
301,FSP_074,0.929487,0.0320513,0.0384615,0.26961458,0.26903105,0.26602542,0.25340188,0.24333227,0.21667409,0.1861633,0.17222726,0.1701734,0.17508888,0.18664968,0.2026906,0.21745658,0.23248923,0.24509609,0.25500894,0.26224697,0.26623082,0.26612115,0.26250947,0.25592792,0.25017214,0.24250019,0.20673168,0.1489693,0.08491278,0.04793322,0.036390543,0.031646013,0.02725625,0.02772069,0.03313768,0.04098785,0.049509883,0.057561636,0.065475345,0.07027221,0.070094466,0.06550658,0.054263115,0.036131263,0.008663416,-0.02907598,-0.07314992,-0.113778055,-0.12269229,-0.092537045,-0.09938228,-0.12111217,-0.13137722,-0.2412569,-0.45058304,-0.629059,-0.6921011,-0.715286,-0.73639226,-0.7407945,-0.7302035,-0.71732605,-0.7012516,-0.6821852,-0.6587751,-0.6331771,-0.606447,-0.5797403,-0.55381715,-0.52924263,-0.506109,-0.48404384,-0.46418464,-0.44644397,-0.4303978,-0.41645008,-0.40386117,-0.39354384,-0.38543278,-0.38056552,-0.3784122,-0.38043505,-0.38614726,-0.3940639
303,FSP_077,0.717949,0.0961538,0.185897,-0.22277856,-0.22005206,-0.21880782,-0.22157896,-0.22066021,-0.23275346,-0.24684662,-0.2549674,-0.2552272,-0.25153595,-0.24657339,-0.23992723,-0.22989202,-0.22014475,-0.21160322,-0.20486045,-0.19892347,-0.19422698,-0.19135314,-0.1907106,-0.19203854,-0.19267672,-0.19521654,-0.21820271,-0.25018018,-0.28591692,-0.307387,-0.31268126,-0.3145352,-0.3163147,-0.31515932,-0.3109399,-0.30527866,-0.29885578,-0.29263884,-0.28782105,-0.2845506,-0.28330988,-0.2847095,-0.28911316,-0.29820943,-0.31280607,-0.33364093,-0.3597055,-0.38415933,-0.39029723,-0.36596686,-0.36148113,-0.36473447,-0.3711639,-0.46686208,-0.5793663,-0.691459,-0.7325047,-0.7491144,-0.76154053,-0.7639475,-0.7560103,-0.7476647,-0.7384143,-0.72720695,-0.7125934,-0.6967916,-0.6807073,-0.6645986,-0.6489222,-0.63404864,-0.6206255,-0.60765827,-0.59584844,-0.5848261,-0.57445323,-0.5654115,-0.5576714,-0.5511259,-0.5462015,-0.5437133,-0.54343677,-0.5449939,-0.54872394,-0.55358255
308,FSP_082,0.0833333,0.0512821,0.865385,-0.38801575,-0.38427496,-0.3820685,-0.37656897,-0.3659706,-0.36557275,-0.36650229,-0.37091452,-0.3710674,-0.3720373,-0.37604153,-0.37879556,-0.3758217,-0.37270546,-0.36972904,-0.36654234,-0.36281395,-0.35827863,-0.3537168,-0.3486055,-0.34161538,-0.33343756,-0.3219295,-0.31913882,-0.3205564,-0.32266825,-0.32826036,-0.32990772,-0.32820195,-0.32646984,-0.3246671,-0.32325804,-0.32175815,-0.3209784,-0.31948286,-0.31781423,-0.31517196,-0.31308287,-0.3126008,-0.3105803,-0.3077637,-0.30456853,-0.3016566,-0.29974687,-0.29784,-0.29491246,-0.29774344,-0.3067261,-0.3171339,-0.31425488,-0.30386513,-0.29166985,-0.31723768,-0.317954,-0.31887853,-0.32192636,-0.32411224,-0.32219583,-0.32301867,-0.32666802,-0.32871634,-0.32827228,-0.3273183,-0.326006,-0.3242306,-0.3226837,-0.32045954,-0.31838077,-0.31686878,-0.31557816,-0.31351483,-0.31204164,-0.31110668,-0.3104487,-0.30940878,-0.30833215,-0.3080684,-0.30775732,-0.3072936,-0.30699193,-0.3067361
319,FSP_093,0.00641026,0.00641026,0.987179,-0.3462997,-0.3411309,-0.33818686,-0.3268122,-0.31711608,-0.31567526,-0.31738758,-0.32178348,-0.32159573,-0.32213873,-0.31936878,-0.31482023,-0.31104994,-0.30695438,-0.3033768,-0.29972613,-0.2960168,-0.29258323,-0.28880644,-0.28319222,-0.27503943,-0.26464123,-0.245363,-0.23456788,-0.23645735,-0.2388807,-0.24736571,-0.2526868,-0.25282604,-0.25154984,-0.2503689,-0.24928528,-0.24865854,-0.24834323,-0.24750698,-0.24610198,-0.24375725,-0.24116832,-0.2411238,-0.24004573,-0.23836279,-0.2354092,-0.23116267,-0.22451627,-0.2193861,-0.2147792,-0.21258932,-0.24532521,-0.28227395,-0.23258102,-0.22926205,-0.2135011,-0.22424406,-0.22552407,-0.22731084,-0.23357987,-0.23927349,-0.23623121,-0.2381528,-0.24517065,-0.2492783,-0.24939,-0.24874806,-0.24779445,-0.24639976,-0.24447387,-0.24226516,-0.23987395,-0.23822159,-0.23681945,-0.23474312,-0.23308045,-0.23212743,-0.23107183,-0.22968727,-0.22842568,-0.22751135,-0.22725761,-0.22697777,-0.2260688,-0.22502887
322,FSP_096,0.262821,0.0,0.737179,-0.17265564,-0.17030662,-0.16940838,-0.16765189,-0.16761655,-0.17576295,-0.18740535,-0.19399011,-0.19379342,-0.1908881,-0.1909582,-0.19120735,-0.18392467,-0.17659193,-0.16984749,-0.16452289,-0.16025001,-0.1568057,-0.1544218,-0.15328485,-0.1524176,-0.15073717,-0.14483124,-0.15425766,-0.17717826,-0.20160401,-0.22002155,-0.22698951,-0.22956753,-0.23095608,-0.2302767,-0.22730345,-0.2233941,-0.21973842,-0.21605939,-0.21284723,-0.2106576,-0.20908564,-0.2111283,-0.21544349,-0.22292513,-0.23334181,-0.24746418,-0.26362967,-0.27912086,-0.278126,-0.25641757,-0.2697438,-0.26439422,-0.28827322,-0.34445792,-0.44683135,-0.5214358,-0.5523623,-0.5630868,-0.57567024,-0.5802516,-0.5730251,-0.56535274,-0.5591199,-0.54997814,-0.53772885,-0.52460414,-0.5108572,-0.49754363,-0.48434675,-0.47171426,-0.45986927,-0.44939542,-0.43957603,-0.43061018,-0.4221031,-0.4153993,-0.4094178,-0.40375644,-0.39953548,-0.3969772,-0.39633983,-0.39746684,-0.3999176,-0.4033481
328,FSP_102,0.00641026,0.544872,0.448718,-0.30154747,-0.29543084,-0.29051083,-0.28308254,-0.27049255,-0.26678222,-0.26423264,-0.26464343,-0.26187676,-0.2597263,-0.26070756,-0.26207244,-0.2577889,-0.25300562,-0.24890977,-0.24493521,-0.24027598,-0.2349906,-0.22964442,-0.22402179,-0.21703815,-0.20976257,-0.1951105,-0.18651003,-0.18800426,-0.18771732,-0.19154197,-0.19313759,-0.19133675,-0.1889509,-0.18666637,-0.18410003,-0.18169165,-0.17967379,-0.17681485,-0.17414117,-0.17075408,-0.16727144,-0.16587037,-0.16395563,-0.16059923,-0.15585625,-0.15156132,-0.1470328,-0.1448363,-0.14350277,-0.14064503,-0.14383572,-0.19219685,-0.17870414,-0.11666411,-0.09886664,-0.13824165,-0.15095872,-0.15576339,-0.1633367,-0.16892076,-0.166915,-0.16860795,-0.17310381,-0.17570662,-0.17444539,-0.1726051,-0.17010981,-0.16801828,-0.16608,-0.16372573,-0.16144669,-0.1593892,-0.1571886,-0.15366846,-0.15033305,-0.14801204,-0.14598697,-0.14367235,-0.14276022,-0.14308852,-0.14423585,-0.14510405,-0.145881,-0.14590794
331,FSP_105,0.0,0.0128205,0.987179,-0.24407053,-0.2390359,-0.23541635,-0.22748518,-0.21508682,-0.2122848,-0.21137106,-0.2132901,-0.21149576,-0.21019822,-0.2133252,-0.21695668,-0.21325266,-0.2096436,-0.20595336,-0.20191842,-0.19745576,-0.19293386,-0.18821818,-0.18302345,-0.1759488,-0.16681701,-0.14920759,-0.14109415,-0.14181751,-0.14208722,-0.1467588,-0.1489706,-0.14718896,-0.14485306,-0.14296108,-0.14102328,-0.13965315,-0.13892668,-0.13749617,-0.13532841,-0.13265717,-0.12990773,-0.12985438,-0.12861419,-0.1261931,-0.12202561,-0.11730832,-0.11114377,-0.10703868,-0.0994094,-0.08497572,-0.07012564,-0.12840807,-0.13217545,-0.1060763,-0.07863742,-0.090893924,-0.0920434,-0.08739287,-0.09629959,-0.10538572,-0.10396224,-0.10437524,-0.11063892,-0.11536676,-0.11623645,-0.11642164,-0.11601806,-0.11579758,-0.11490655,-0.11386824,-0.112673104,-0.111597836,-0.110777915,-0.10925388,-0.10847169,-0.10851395,-0.10792279,-0.10700536,-0.10627401,-0.10607898,-0.106028676,-0.10564774,-0.104845524,-0.10395604
336,FSP_110,0.833333,0.0961538,0.0705128,-0.042395532,-0.04086405,-0.04020703,-0.049278915,-0.058496535,-0.07325238,-0.09000397,-0.09409279,-0.09214437,-0.08461267,-0.075033665,-0.0646047,-0.053186417,-0.04136008,-0.030861378,-0.022954643,-0.017867386,-0.0155643225,-0.015577376,-0.018764675,-0.024206579,-0.032471836,-0.044409275,-0.066848874,-0.10459691,-0.14751148,-0.16981262,-0.17714423,-0.18177223,-0.18521631,-0.18484503,-0.1802172,-0.17378873,-0.16659755,-0.15968567,-0.15455645,-0.15116578,-0.14970654,-0.15411526,-0.16399676,-0.17990816,-0.2022568,-0.23102593,-0.26448,-0.29713637,-0.31326967,-0.26826513,-0.27502203,-0.2793299,-0.31432402,-0.40505153,-0.5500001,-0.6817378,-0.7226663,-0.74026614,-0.75358105,-0.757046,-0.74806523,-0.73669744,-0.7234324,-0.7075788,-0.68850136,-0.668771,-0.6483636,-0.6281164,-0.6082689,-0.5897449,-0.5725004,-0.5560159,-0.5410764,-0.5272343,-0.5145644,-0.50394607,-0.49477828,-0.48632938,-0.48017263,-0.47651333,-0.4755509,-0.47732133,-0.4819141,-0.48742813
337,FSP_111,0.314103,0.141026,0.544872,-0.14805967,-0.14256072,-0.13804114,-0.13700157,-0.12974739,-0.13079381,-0.13272893,-0.13366544,-0.13065332,-0.12618005,-0.124653876,-0.12331265,-0.11617577,-0.10907358,-0.102642834,-0.09652883,-0.090761065,-0.08624083,-0.08298808,-0.07984364,-0.07576841,-0.072016954,-0.06636119,-0.0680778,-0.08042717,-0.09581965,-0.10622138,-0.10962528,-0.109568,-0.10864872,-0.106325746,-0.10267383,-0.09854531,-0.09463012,-0.090328574,-0.08614659,-0.081407726,-0.07838547,-0.08040583,-0.08269209,-0.08661139,-0.09272623,-0.10192597,-0.113328815,-0.1267237,-0.13375163,-0.1258679,-0.14619887,-0.17138988,-0.18656987,-0.2446577,-0.28205287,-0.3458326,-0.37248498,-0.38018465,-0.3877089,-0.392111,-0.38501996,-0.37628382,-0.36772847,-0.35860324,-0.34640855,-0.3335849,-0.3202439,-0.30756414,-0.29510033,-0.28308046,-0.27174026,-0.26151752,-0.25283182,-0.24344605,-0.235129,-0.22910827,-0.22401273,-0.21863687,-0.21427119,-0.21180272,-0.21179777,-0.21293664,-0.21593523,-0.21922404
339,FSP_113,0.50641,0.147436,0.346154,-0.23548657,-0.2310164,-0.2270521,-0.23029697,-0.22402567,-0.22705406,-0.22996974,-0.23059613,-0.22770965,-0.22280788,-0.2272647,-0.23257655,-0.22545254,-0.2185291,-0.21192288,-0.20579356,-0.20016503,-0.19554794,-0.19183445,-0.18928498,-0.1871959,-0.18632346,-0.18422627,-0.19098741,-0.205782,-0.2231279,-0.23322827,-0.23594868,-0.23607385,-0.2357372,-0.23349905,-0.22998375,-0.22550392,-0.22063285,-0.21561956,-0.21156365,-0.2070086,-0.2042799,-0.20618105,-0.2096104,-0.21515292,-0.2238794,-0.23613262,-0.25155985,-0.26740468,-0.27547538,-0.26850826,-0.28305864,-0.3358255,-0.337175,-0.34444046,-0.44514996,-0.52826667,-0.5563257,-0.5692562,-0.57961386,-0.5829135,-0.57556677,-0.5655231,-0.55368793,-0.54079026,-0.52550834,-0.51003575,-0.4944805,-0.4794634,-0.46486986,-0.45122874,-0.43823147,-0.4268421,-0.41668105,-0.4064535,-0.39745897,-0.3903635,-0.384417,-0.3783328,-0.3738063,-0.37175024,-0.37188345,-0.3736487,-0.3772925,-0.38093102
342,FSP_116,0.423077,0.0641026,0.512821,-0.110865295,-0.10669714,-0.102782965,-0.10463154,-0.10138714,-0.10439831,-0.108171225,-0.10859066,-0.10507566,-0.098778725,-0.09741151,-0.09713256,-0.0892995,-0.08083224,-0.07341224,-0.067049205,-0.061738253,-0.057227314,-0.05411893,-0.05222577,-0.050474048,-0.049933553,-0.048496664,-0.051487148,-0.0681411,-0.08697486,-0.099405706,-0.103539765,-0.10453045,-0.104647756,-0.102455676,-0.09843856,-0.09314895,-0.08803153,-0.08294481,-0.07857084,-0.07411188,-0.07117075,-0.073504925,-0.07809609,-0.085475445,-0.095692635,-0.109315634,-0.12592608,-0.1428091,-0.15021324,-0.14216626,-0.12185341,-0.14551252,-0.1571595,-0.22131038,-0.29660952,-0.39878285,-0.4415034,-0.4527477,-0.46170813,-0.46463078,-0.4564283,-0.44785607,-0.43856114,-0.4262011,-0.41140544,-0.39555413,-0.37945068,-0.3636791,-0.3485412,-0.33403176,-0.3201604,-0.3076889,-0.29695815,-0.28574967,-0.2761281,-0.26824814,-0.26126182,-0.25465006,-0.24977505,-0.24727905,-0.24629861,-0.24739891,-0.25035816,-0.25432605
344,FSP_118,0.519231,0.0448718,0.435897,-0.065172076,-0.06184143,-0.05804062,-0.06411809,-0.06583893,-0.06945616,-0.07257122,-0.06970632,-0.06416029,-0.05511272,-0.05174744,-0.049831092,-0.040476084,-0.031392336,-0.023108482,-0.016158164,-0.010459483,-0.006226957,-0.003962159,-0.0033108592,-0.00477916,-0.008062899,-0.013670683,-0.024624705,-0.045250177,-0.06732118,-0.07818651,-0.07984871,-0.07990289,-0.079647064,-0.07714707,-0.072273135,-0.06561172,-0.058852255,-0.05221814,-0.047127664,-0.04298973,-0.040541112,-0.043270767,-0.048975706,-0.058398664,-0.071767926,-0.09008062,-0.11371148,-0.13696587,-0.15141028,-0.12730569,-0.13352776,-0.19124395,-0.17429048,-0.21739686,-0.34659898,-0.46230817,-0.49826974,-0.5118623,-0.5228199,-0.526578,-0.51699805,-0.5047506,-0.49146962,-0.47618848,-0.45772272,-0.43899417,-0.41969424,-0.4012288,-0.3831156,-0.36611313,-0.35015178,-0.33533752,-0.32243353,-0.30991954,-0.2987212,-0.28979695,-0.2816736,-0.2742874,-0.2686271,-0.26557654,-0.26519883,-0.2669267,-0.27094215,-0.2757914
345,COP_20151212_2-0-W,0.0496828,0.950317,0.0,-0.40814787,-0.39993787,-0.39233088,-0.38449556,-0.37443978,-0.36777836,-0.36174047,-0.35664386,-0.35031164,-0.34380257,-0.33718455,-0.3292526,-0.3208732,-0.31229514,-0.30322683,-0.293796,-0.28471035,-0.27553612,-0.2664829,-0.25683707,-0.24604642,-0.23199165,-0.20528895,-0.18870085,-0.18912715,-0.18715787,-0.19037056,-0.18768722,-0.18044007,-0.17277825,-0.16465199,-0.15611535,-0.14669806,-0.13592583,-0.1243791,-0.11223316,-0.09956014,-0.08657253,-0.07588267,-0.064943075,-0.052957356,-0.040774524,-0.028801262,-0.014857113,0.0077027082,0.10250878,-0.34732914,-0.36836416,-0.37040913,-0.38864422,-0.4488594,-0.50363815,0.22457945,-0.010223687,-0.075302064,-0.12508959,-0.14298296,-0.13624835,-0.13761312,-0.13987154,-0.13511336,-0.12383962,-0.11107582,-0.099252224,-0.089342356,-0.080685735,-0.07170677,-0.061739206,-0.051438034,-0.03960657,-0.022187293,-0.0032699704,0.013306975,0.028122067,0.04151714,0.049889326,0.053203344,0.054519415,0.051255345,0.046137214,0.04207039
357,COP_20160112_2-0-W,0.0871265,0.912874,0.0,-0.34957838,-0.34325522,-0.33711666,-0.33072585,-0.32821077,-0.3226685,-0.31722802,-0.31039548,-0.30386996,-0.29684365,-0.27925688,-0.25938505,-0.24966371,-0.2410636,-0.2334277,-0.22591448,-0.21771193,-0.20884514,-0.19924217,-0.18895835,-0.17883009,-0.16741121,-0.15569288,-0.15008086,-0.14816576,-0.14836931,-0.14701205,-0.14149523,-0.13452125,-0.12759638,-0.118996084,-0.108961344,-0.09727025,-0.08437902,-0.07104778,-0.05789584,-0.045739293,-0.035925567,-0.02743733,-0.01737547,-0.007375121,0.000746727,0.004927397,0.005084038,0.007669449,0.07957554,-0.29818678,-0.41936386,-0.49366933,-0.6938609,0.033067107,-0.09008795,-0.24740481,-0.27965415,-0.2942828,-0.29837924,-0.29772472,-0.29261672,-0.28128654,-0.26616657,-0.2496019,-0.23128778,-0.21309954,-0.19625092,-0.1810593,-0.16670758,-0.15274858,-0.13909972,-0.12560749,-0.11174095,-0.09464592,-0.07643813,-0.06085545,-0.046717167,-0.03411579,-0.025707424,-0.02159822,-0.020053089,-0.0217942,-0.027069926,-0.03283012
359,COP_20160112_2-20-E,0.165146,0.834854,0.0,-0.45599633,-0.45073336,-0.44602722,-0.44396478,-0.44206965,-0.4425137,-0.44308257,-0.44038552,-0.43595964,-0.43008494,-0.4243415,-0.41742516,-0.40865684,-0.3999738,-0.3910885,-0.38266015,-0.37470216,-0.3676439,-0.36178643,-0.35688466,-0.35254544,-0.3479507,-0.3422227,-0.34295022,-0.35226744,-0.36337745,-0.36887485,-0.36819935,-0.3651719,-0.3616168,-0.3564958,-0.3492422,-0.3403405,-0.330356,-0.32006782,-0.3102134,-0.30098444,-0.29215193,-0.28591025,-0.28159773,-0.27950364,-0.28060645,-0.2856757,-0.29404604,-0.30194086,-0.2889033,-0.45164233,-0.47506344,-0.48990953,-0.4244256,-0.5367038,-0.585451,-0.5667599,-0.5718428,-0.575753,-0.57170707,-0.56827235,-0.56495976,-0.5548234,-0.54150087,-0.52818686,-0.51399076,-0.49978173,-0.48616493,-0.47358978,-0.46154982,-0.45008922,-0.43903887,-0.42777115,-0.41615236,-0.4035777,-0.39015424,-0.37835413,-0.3680951,-0.3597566,-0.35419947,-0.35128325,-0.34977466,-0.35100043,-0.35506874,-0.3603779
363,COP_20160112_5-0-E,0.114443,0.885557,0.0,-0.59540284,-0.589864,-0.5847539,-0.57817364,-0.5733452,-0.56835854,-0.56378794,-0.5590391,-0.55411816,-0.5494764,-0.5392492,-0.5269786,-0.5200348,-0.5135926,-0.50789165,-0.5022373,-0.4962756,-0.48951083,-0.48197997,-0.4738981,-0.46556395,-0.45576066,-0.4420594,-0.43371242,-0.43186092,-0.42906857,-0.42820603,-0.42506856,-0.41949368,-0.41330713,-0.40612322,-0.39809084,-0.38963246,-0.38074154,-0.37152928,-0.36227226,-0.35368687,-0.34552163,-0.3390063,-0.3309908,-0.32178748,-0.31248468,-0.30433494,-0.29709232,-0.28745025,-0.19055277,-0.50356865,-0.66820437,-0.748963,-0.9192762,-0.2356829,-0.08540112,-0.3515951,-0.39387625,-0.4082296,-0.41811156,-0.42076927,-0.41204447,-0.4027971,-0.39391834,-0.3828327,-0.36896223,-0.3548671,-0.34153932,-0.3288014,-0.3169464,-0.30540162,-0.2936843,-0.2825294,-0.2724278,-0.26010412,-0.24746901,-0.23756385,-0.22842991,-0.2196098,-0.2132873,-0.2093504,-0.20576656,-0.20452017,-0.20522654,-0.20708776
366,COP_20160112_5-30-E,0.109376,0.890624,0.0,-0.61042416,-0.6050395,-0.59977883,-0.5954093,-0.5911064,-0.5858128,-0.58065474,-0.5747473,-0.5693472,-0.56421816,-0.5548678,-0.54404473,-0.53743815,-0.5308225,-0.5242782,-0.5177152,-0.5110358,-0.50407904,-0.49709916,-0.48996103,-0.4827137,-0.47518414,-0.46573907,-0.4585502,-0.4547246,-0.45100492,-0.44736958,-0.44227844,-0.43601924,-0.42922616,-0.42180592,-0.41356212,-0.40446848,-0.3945058,-0.3845876,-0.37472785,-0.3648805,-0.35503602,-0.34697872,-0.33872563,-0.33052742,-0.32287937,-0.31681705,-0.31226808,-0.30531812,-0.23033208,-0.5285296,-0.67683464,-0.7752757,-0.83573574,0.23505306,-0.22309822,-0.3923977,-0.4246592,-0.43748742,-0.44394505,-0.44427127,-0.437917,-0.428945,-0.41837603,-0.4058588,-0.39153445,-0.37717015,-0.36353302,-0.35101175,-0.3390407,-0.32730114,-0.315471,-0.30416608,-0.29273075,-0.27892518,-0.2643596,-0.25182343,-0.24020082,-0.22972006,-0.22236812,-0.21788764,-0.21442533,-0.2136085,-0.21569693,-0.21877044
368,COP_20160112_5-50-W,0.140791,0.859209,0.0,-0.5465716,-0.54057837,-0.5346254,-0.5308013,-0.5259054,-0.5203689,-0.51434183,-0.50795615,-0.5015789,-0.49573225,-0.48816723,-0.47926116,-0.47200996,-0.4645117,-0.45672792,-0.44884932,-0.44107574,-0.4336037,-0.4263224,-0.41919696,-0.4122296,-0.40505505,-0.39583254,-0.38831866,-0.3846044,-0.38118804,-0.3773864,-0.37218523,-0.36578804,-0.35868263,-0.3512454,-0.34323174,-0.33429313,-0.32427192,-0.31434864,-0.30448818,-0.29396844,-0.28320915,-0.2754678,-0.2682259,-0.26149726,-0.25616455,-0.25239068,-0.25042063,-0.24639988,-0.18998611,-0.47586513,-0.5909984,-0.6771515,-0.7857187,0.122095704,-0.25416183,-0.3851416,-0.41312432,-0.42472428,-0.4294256,-0.4295209,-0.4243701,-0.41468203,-0.40276647,-0.3894567,-0.37442797,-0.35930502,-0.34508145,-0.3320591,-0.31970775,-0.3077147,-0.29566985,-0.28413212,-0.27265948,-0.2586952,-0.24433804,-0.2318564,-0.22019517,-0.21008092,-0.20309544,-0.19808674,-0.19442242,-0.19385242,-0.19605953,-0.19865918
369,COP_20160125_2-0-W,0.325905,0.674095,0.0,-0.093224585,-0.088398635,-0.083948374,-0.079939544,-0.07731682,-0.07491714,-0.07241011,-0.0685789,-0.06429726,-0.059616208,-0.05195272,-0.0433141,-0.035887837,-0.028893173,-0.02197349,-0.015219927,-0.008631468,-0.0020436049,0.004785061,0.011358142,0.018095374,0.026079416,0.03872335,0.043712735,0.03829813,0.033145785,0.029548407,0.03134358,0.03543055,0.040221453,0.0460521,0.053319454,0.061721444,0.07120478,0.08112514,0.0907042,0.10020411,0.10860276,0.11501002,0.1211431,0.12630379,0.12931705,0.12954271,0.12747431,0.12875319,0.16776049,-0.079175115,-0.08329558,-0.08477956,-0.08419657,-0.08203,-0.15519524,-0.17787105,-0.1585334,-0.16155303,-0.1556825,-0.15111727,-0.14598298,-0.13383365,-0.118851066,-0.10375357,-0.08726084,-0.070697844,-0.054835558,-0.040138483,-0.026260674,-0.01300621,-0.00024288893,0.012469292,0.02558279,0.040468812,0.055917144,0.06990802,0.08213711,0.09229839,0.099538684,0.103854656,0.10533929,0.10353029,0.09955454,0.0941813
372,COP_20160125_2-30-E,0.297571,0.702429,0.0,-0.16748083,-0.1639036,-0.16091686,-0.15641159,-0.15510112,-0.15419817,-0.15385258,-0.15196657,-0.14885128,-0.14519072,-0.13661677,-0.12680632,-0.12059486,-0.11512679,-0.11004412,-0.10542011,-0.10062611,-0.095666766,-0.09076041,-0.085730135,-0.08058703,-0.0748564,-0.06601447,-0.06302303,-0.06975424,-0.07592708,-0.08010101,-0.080038846,-0.0775643,-0.07451999,-0.0704391,-0.06488657,-0.058501482,-0.051231205,-0.043907046,-0.03676796,-0.030456066,-0.025042772,-0.02097398,-0.016781867,-0.01290673,-0.01056546,-0.010817766,-0.013030589,-0.013764918,0.014180064,-0.16685915,-0.17060381,-0.17232192,-0.17477614,-0.17133182,-0.18357068,-0.23481876,-0.22937125,-0.23195148,-0.2272926,-0.22482663,-0.22101921,-0.21159625,-0.2000488,-0.18889576,-0.17661679,-0.16440028,-0.15287685,-0.14203411,-0.132056,-0.12241799,-0.113123715,-0.10388535,-0.09477663,-0.0842756,-0.07319313,-0.063537896,-0.055255234,-0.047592223,-0.042164266,-0.03921753,-0.03851998,-0.039579272,-0.042955577,-0.047025323
374,COP_20160125_2-50-E,0.394947,0.605053,0.0,-0.20194405,-0.19791299,-0.19439226,-0.18880743,-0.18537378,-0.18223053,-0.18053287,-0.1779415,-0.17408377,-0.16976589,-0.16283399,-0.15536928,-0.14963359,-0.14395964,-0.13903952,-0.13421327,-0.12934178,-0.12418759,-0.118745506,-0.11268252,-0.10656011,-0.09926003,-0.08866966,-0.084313154,-0.08685982,-0.08887708,-0.09108156,-0.0895229,-0.08549535,-0.08120948,-0.07563305,-0.0689401,-0.061338007,-0.053054273,-0.04470855,-0.036592066,-0.028788209,-0.022096813,-0.016721785,-0.011011183,-0.0052843094,-0.00057053566,0.0019682646,0.0026540756,0.0069611073,0.066164374,-0.1875534,-0.20329297,-0.20284593,-0.20753443,-0.21244079,-0.21657175,-0.19873935,-0.21245539,-0.21725714,-0.21546304,-0.21311182,-0.20690286,-0.19563442,-0.18257022,-0.16938722,-0.15484291,-0.14007652,-0.12589794,-0.11291587,-0.10023421,-0.08813614,-0.07658523,-0.0653798,-0.054487944,-0.042455316,-0.030154765,-0.019245565,-0.009718597,-0.0010445118,0.0057839155,0.009620309,0.011566162,0.010871053,0.007295251,0.0032618046
377,COP_20160125_5-20-E,0.311483,0.688517,0.0,0.004743457,0.011180878,0.017023563,0.023261309,0.027136564,0.030926943,0.034658313,0.03956306,0.046290517,0.052716017,0.06424487,0.078216314,0.08801603,0.09739816,0.106334925,0.114810824,0.12330508,0.13186371,0.14064658,0.14939618,0.15853286,0.16956806,0.1876769,0.19519842,0.18864965,0.1830796,0.1790005,0.18144381,0.18788433,0.1947937,0.20326436,0.213377,0.22445166,0.23689306,0.24968219,0.26241553,0.2748562,0.28642106,0.29543245,0.30374157,0.31089866,0.3161291,0.31797516,0.3178109,0.32282066,0.37264085,0.024042368,0.018339992,0.015947104,0.010519147,-0.00608021,0.055291653,0.09503913,0.033466816,0.0233258,0.021979213,0.025501847,0.034359694,0.048274994,0.06492698,0.08263087,0.10316849,0.12430155,0.14433742,0.16289961,0.18108559,0.19875228,0.21584761,0.23295343,0.2505436,0.27024245,0.29031658,0.30846286,0.32444966,0.33898497,0.34953547,0.35591805,0.35869825,0.35820162,0.35410047,0.3481785
381,COP_20160209_2-0-W,0.385742,0.614258,0.0,-0.34430856,-0.33854133,-0.33353567,-0.3259452,-0.32407004,-0.32251775,-0.3222792,-0.31953245,-0.3136319,-0.3076061,-0.29189467,-0.27303076,-0.2631086,-0.25406975,-0.24631625,-0.2391913,-0.23181581,-0.22411013,-0.21639556,-0.20860046,-0.2010209,-0.19254005,-0.18198085,-0.1812455,-0.19180012,-0.2043556,-0.21181476,-0.211604,-0.20844996,-0.20446962,-0.19834125,-0.18981487,-0.17964303,-0.16810119,-0.1564501,-0.14535552,-0.13575155,-0.12771595,-0.122014284,-0.11655533,-0.11286557,-0.11314082,-0.118655205,-0.12897897,-0.1385811,-0.14581758,-0.39626247,-0.37889606,-0.38946766,-0.33339173,-0.16958553,-0.6145141,-0.5474894,-0.54212105,-0.5429367,-0.53392076,-0.5274039,-0.52183974,-0.5055089,-0.48474133,-0.46432996,-0.44280356,-0.42149544,-0.40108025,-0.38194543,-0.3639804,-0.34704626,-0.33092457,-0.3148954,-0.29896122,-0.28140587,-0.26342106,-0.2472654,-0.23337197,-0.22179681,-0.21356857,-0.20904422,-0.20756727,-0.20981967,-0.21584582,-0.2228635
388,COP_20160209_5-10-E,0.377698,0.622302,0.0,-0.28399682,-0.27922517,-0.27554828,-0.26695698,-0.2681682,-0.26706737,-0.2672431,-0.2648034,-0.25907362,-0.25338447,-0.22687042,-0.19439626,-0.18384641,-0.17498285,-0.1683513,-0.16268545,-0.15650308,-0.14916945,-0.14030921,-0.12994802,-0.11914164,-0.10634154,-0.09264225,-0.093211174,-0.10354835,-0.11673576,-0.12687898,-0.12775165,-0.12438995,-0.11988336,-0.112127066,-0.10119039,-0.088046014,-0.07431775,-0.060928464,-0.047986686,-0.037374794,-0.030892551,-0.025669575,-0.018918574,-0.011411786,-0.005941212,-0.0057169795,-0.011031926,-0.015676796,0.047148347,-0.2781816,-0.378515,-0.42293102,-0.49683762,-0.47126317,-0.42170215,-0.4247892,-0.43160766,-0.43309122,-0.42533123,-0.41873056,-0.40921545,-0.39123785,-0.36946565,-0.3478076,-0.32436252,-0.30122942,-0.279149,-0.2583863,-0.23877162,-0.22025323,-0.2025125,-0.18467611,-0.16828263,-0.150109,-0.13110793,-0.11485672,-0.10124153,-0.08916402,-0.080960274,-0.0776028,-0.07780081,-0.08282775,-0.093245804,-0.10523838
398,COP_20160220_2-50-E,0.546613,0.453387,0.0,-0.45136207,-0.44633818,-0.44176245,-0.4378602,-0.43556637,-0.43330908,-0.43124717,-0.4272892,-0.4227891,-0.41761982,-0.4059248,-0.3922283,-0.38444328,-0.37693965,-0.3697996,-0.36313468,-0.35660386,-0.35006803,-0.34364933,-0.33734095,-0.33081466,-0.32350987,-0.31444353,-0.31216347,-0.31790352,-0.32556123,-0.3298757,-0.328304,-0.32452434,-0.3202194,-0.31443638,-0.30673957,-0.29759383,-0.28771013,-0.27774864,-0.26812756,-0.25893217,-0.2511543,-0.24563664,-0.24079257,-0.23736006,-0.23661709,-0.23997068,-0.24711859,-0.2536981,-0.23951238,-0.44705534,-0.4483878,-0.45067477,-0.41720074,-0.23137611,-0.6308577,-0.6493761,-0.63207054,-0.6300645,-0.6192348,-0.61188865,-0.60548997,-0.58848095,-0.5674809,-0.54718995,-0.52621627,-0.505292,-0.48535502,-0.4664665,-0.4484203,-0.43173492,-0.41595644,-0.4003718,-0.38549042,-0.36999452,-0.35453612,-0.34042013,-0.32786524,-0.3171677,-0.30880725,-0.30395496,-0.30185843,-0.30322152,-0.3080572,-0.31339598
410,COP_20160310_2-50-E,0.582557,0.417443,0.0,-0.4183705,-0.413513,-0.4094038,-0.4072104,-0.4068086,-0.40664315,-0.4063269,-0.4033733,-0.3989851,-0.39376742,-0.38272822,-0.3689925,-0.36048132,-0.35222423,-0.34444046,-0.33731574,-0.33079952,-0.32460433,-0.31878465,-0.3132723,-0.30778748,-0.30121154,-0.2906046,-0.29095757,-0.304308,-0.3199094,-0.32919925,-0.33008534,-0.32797652,-0.32518017,-0.32064533,-0.31401938,-0.30556732,-0.2959425,-0.28611118,-0.27657688,-0.26828492,-0.26132202,-0.2570377,-0.254749,-0.25499773,-0.2589777,-0.26794595,-0.2816676,-0.29461426,-0.31461036,-0.41872007,-0.40497917,-0.40273857,-0.3938169,-0.35914576,-0.1431992,-0.7634878,-0.8446403,-0.78987664,-0.735576,-0.714512,-0.71229273,-0.6898924,-0.66209626,-0.639763,-0.61910325,-0.5989425,-0.5793867,-0.5607357,-0.5429584,-0.5262437,-0.51073635,-0.495534,-0.48083735,-0.46615773,-0.45148778,-0.43811136,-0.4266569,-0.4166494,-0.40909874,-0.4044072,-0.40225106,-0.40332985,-0.40781027,-0.4137575
428,QUE_T1.02.B,0.0,0.8712,0.129,-0.45941043,-0.4514233,-0.44507134,-0.43144423,-0.42003477,-0.41443127,-0.41319734,-0.41219002,-0.40902853,-0.4049375,-0.40603018,-0.4078461,-0.40257698,-0.39535213,-0.38981926,-0.3838765,-0.3773421,-0.37127167,-0.365121,-0.357516,-0.3487348,-0.33791232,-0.32048064,-0.31034213,-0.30944097,-0.3073743,-0.31021,-0.31020373,-0.3065167,-0.30243027,-0.29817545,-0.29315025,-0.28824568,-0.2828914,-0.2766577,-0.2701748,-0.26341486,-0.25692588,-0.25129282,-0.24471003,-0.23737597,-0.22946244,-0.2218312,-0.21310014,-0.20566869,-0.19374526,-0.15457165,-0.15998793,-0.1053918,-0.086678624,-0.111867785,-0.17551619,-0.20913792,-0.23262972,-0.24031413,-0.25150543,-0.25611365,-0.252755,-0.2525205,-0.25459516,-0.25453407,-0.2501279,-0.24422133,-0.23880202,-0.2340576,-0.2294581,-0.22469437,-0.2201153,-0.21528143,-0.20942843,-0.2015456,-0.19302255,-0.18555796,-0.17961252,-0.17526162,-0.1731897,-0.1741184,-0.1766985,-0.17830098,-0.17882359,-0.17928964
432,QUE_T1.02.F,0.0,0.7424,0.258,-0.41532904,-0.4067946,-0.39981586,-0.38790828,-0.37672138,-0.37080312,-0.36832595,-0.3669731,-0.3640116,-0.36018544,-0.356642,-0.35287416,-0.34623975,-0.3401373,-0.33338243,-0.32721198,-0.3209678,-0.3143949,-0.30842614,-0.3016491,-0.29195052,-0.28005195,-0.26066417,-0.24868643,-0.24839526,-0.24741,-0.25237268,-0.2540688,-0.25161672,-0.24824053,-0.24463356,-0.24009025,-0.23568976,-0.23065442,-0.22460377,-0.21788669,-0.21122605,-0.20471793,-0.19936353,-0.19322014,-0.18598258,-0.17835337,-0.17053562,-0.16150182,-0.1534937,-0.13850725,-0.12420243,-0.0971452,-0.044489384,-0.050214946,-0.06826913,-0.13116777,-0.17554998,-0.20428658,-0.21494597,-0.22812027,-0.23527998,-0.23197883,-0.23271918,-0.23618823,-0.23783052,-0.2337628,-0.22796631,-0.22229719,-0.21723479,-0.21277577,-0.20790106,-0.20313454,-0.19825882,-0.19215,-0.18390167,-0.17481333,-0.16679251,-0.16057473,-0.15622771,-0.15465069,-0.1562826,-0.16001403,-0.16235024,-0.16319025,-0.16370064
447,QUE_T1.04.A,0.0,0.5909,0.409,-0.41104114,-0.4025389,-0.39581877,-0.38119167,-0.3668434,-0.3612082,-0.35964507,-0.3597899,-0.35674685,-0.35333002,-0.3551123,-0.3587525,-0.35299397,-0.34671456,-0.3398716,-0.33481926,-0.3288592,-0.3227147,-0.31639785,-0.3093955,-0.3010704,-0.28997666,-0.27292496,-0.26273876,-0.26215607,-0.26066017,-0.2652728,-0.26578128,-0.26278222,-0.25942296,-0.25559258,-0.2510475,-0.24663264,-0.2419787,-0.23656136,-0.2302674,-0.2237364,-0.2175799,-0.21316105,-0.20788187,-0.20148224,-0.19407272,-0.1864124,-0.1780371,-0.17129087,-0.15979016,-0.16548568,-0.15083879,-0.11111373,-0.096236825,-0.09493762,-0.14742476,-0.1859057,-0.20757282,-0.21504503,-0.22566599,-0.23101437,-0.22775114,-0.22798318,-0.23021287,-0.23114973,-0.22696257,-0.22170144,-0.21648908,-0.21176195,-0.20768481,-0.20299733,-0.19834763,-0.1937927,-0.1883483,-0.18115163,-0.17356825,-0.16707921,-0.16189665,-0.15816331,-0.15635246,-0.15789664,-0.16050309,-0.16223371,-0.16273326,-0.1627984
449,QUE_T1.04.C,0.0,0.5455,0.455,-0.41936892,-0.41128027,-0.4050337,-0.390091,-0.37672865,-0.37190133,-0.37170678,-0.37282234,-0.37049937,-0.36749017,-0.36908013,-0.37123013,-0.365685,-0.35952836,-0.3542552,-0.3488235,-0.34318238,-0.33768135,-0.33206934,-0.32496417,-0.3159709,-0.30417937,-0.28328645,-0.27215123,-0.27384084,-0.27418834,-0.2810691,-0.28415394,-0.28207028,-0.27915865,-0.27602863,-0.27248716,-0.2690801,-0.2653919,-0.26085603,-0.25526488,-0.2493906,-0.24422485,-0.2405138,-0.23571754,-0.22939116,-0.22196388,-0.21434033,-0.205468,-0.19743627,-0.17709732,-0.09669137,-0.040168285,0.041826606,-0.0035381317,-0.08272743,-0.15003055,-0.20030141,-0.2272197,-0.23577195,-0.25038868,-0.25767785,-0.25453556,-0.25617325,-0.2610972,-0.2638591,-0.26102036,-0.25666183,-0.25223792,-0.24796551,-0.24414158,-0.23993772,-0.23572296,-0.23132849,-0.2266872,-0.2202881,-0.2136038,-0.20802486,-0.20344782,-0.20014787,-0.19873065,-0.19954866,-0.20188552,-0.2032302,-0.2032693,-0.20311183
452,QUE_T1.04.F,0.0,0.4318,0.568,-0.38854635,-0.37969416,-0.3729627,-0.35836154,-0.3433783,-0.33900666,-0.3380459,-0.33918017,-0.337399,-0.3349923,-0.32630384,-0.31625617,-0.3098055,-0.30403012,-0.2982477,-0.291924,-0.28587574,-0.2796284,-0.27349198,-0.2665217,-0.25797337,-0.24433947,-0.22013772,-0.20748568,-0.20885336,-0.20837611,-0.21684468,-0.22080153,-0.21915865,-0.21637326,-0.21304786,-0.2092588,-0.20612639,-0.20253879,-0.19792652,-0.19247836,-0.18627697,-0.18060583,-0.17684174,-0.17114824,-0.16402054,-0.15722054,-0.15045202,-0.14122254,-0.1317389,-0.10769439,-0.082847536,-0.048237443,0.08274937,0.05757475,0.0105320215,-0.062746525,-0.10806757,-0.13755304,-0.1490323,-0.16648555,-0.17785066,-0.17387521,-0.1765396,-0.18482077,-0.19008118,-0.18871838,-0.18507838,-0.18126494,-0.17724621,-0.17329252,-0.16909826,-0.16446495,-0.16011792,-0.15530324,-0.1485911,-0.14144188,-0.13545012,-0.13068736,-0.12731051,-0.12540513,-0.12614626,-0.12802315,-0.12894589,-0.1288752,-0.12859958
455,QUE_T1.04.I,0.0,0.6288,0.371,-0.39328218,-0.38489395,-0.3782909,-0.36543423,-0.3537349,-0.34881186,-0.3468088,-0.34644544,-0.34384036,-0.340223,-0.33956754,-0.3394593,-0.33401138,-0.32718915,-0.3204466,-0.31516182,-0.3094172,-0.30368912,-0.29746556,-0.2901801,-0.28099585,-0.2691995,-0.24784642,-0.23697102,-0.23785996,-0.23786634,-0.24397528,-0.24676764,-0.2446211,-0.24172366,-0.23832923,-0.23433816,-0.23061907,-0.22654277,-0.22165245,-0.21592426,-0.20966703,-0.20386183,-0.20043844,-0.19554865,-0.18895066,-0.18150288,-0.17381078,-0.16495198,-0.15680182,-0.13895893,-0.12039596,-0.1102435,-0.04016924,-0.029114127,-0.068591,-0.12313849,-0.16454047,-0.19181615,-0.20233345,-0.21665996,-0.22451109,-0.22040695,-0.22071177,-0.22475374,-0.22730142,-0.2243098,-0.21937597,-0.21436483,-0.209737,-0.20543724,-0.20069659,-0.19588202,-0.19132525,-0.18634444,-0.1795507,-0.17257625,-0.16683352,-0.16212338,-0.15855199,-0.15696895,-0.15792656,-0.15990204,-0.16138035,-0.16180414,-0.1618635
458,QUE_T1.05.B,0.0,0.015,0.985,-0.4480428,-0.44166166,-0.436482,-0.4256692,-0.41439945,-0.4100746,-0.40956992,-0.41028297,-0.40838283,-0.40569085,-0.40679675,-0.40905917,-0.40502584,-0.4011764,-0.39691645,-0.3927346,-0.3887661,-0.38452512,-0.38048166,-0.37608767,-0.36986345,-0.3616249,-0.34704167,-0.33898032,-0.3394565,-0.33848572,-0.34228134,-0.3440777,-0.34234214,-0.33994168,-0.3373704,-0.33458668,-0.3325492,-0.33074057,-0.3282069,-0.3253069,-0.32171643,-0.31837267,-0.31726617,-0.3150996,-0.3116824,-0.30758244,-0.30305618,-0.29706347,-0.29104936,-0.2809326,-0.2821669,-0.2712657,-0.17942452,-0.18508601,-0.21547872,-0.24786264,-0.26284796,-0.27026856,-0.27221918,-0.2802922,-0.28475618,-0.2817874,-0.2828133,-0.28739583,-0.29108405,-0.2912417,-0.29031116,-0.28870165,-0.2867896,-0.28508973,-0.28293955,-0.2805134,-0.27839118,-0.2769304,-0.27468514,-0.27292532,-0.27160543,-0.27043533,-0.26939976,-0.26853955,-0.26799387,-0.26772058,-0.26748914,-0.26669455,-0.26589555
460,QUE_T1.05.D,0.0,0.0,1.0,-0.45422924,-0.4483117,-0.44364065,-0.43260604,-0.4218725,-0.4180177,-0.4189787,-0.42022264,-0.41937286,-0.41688788,-0.4148621,-0.41239524,-0.40954906,-0.405196,-0.40148813,-0.39724386,-0.39282715,-0.38976628,-0.38575155,-0.3816347,-0.37582833,-0.36769533,-0.35112256,-0.3426659,-0.34427935,-0.3439414,-0.34910172,-0.35189122,-0.35078782,-0.34888923,-0.34663624,-0.34465116,-0.3430645,-0.34155637,-0.3397717,-0.3369606,-0.33371562,-0.33084708,-0.33000976,-0.32776392,-0.32417804,-0.32028663,-0.31660068,-0.3107484,-0.3036821,-0.28941178,-0.26519352,-0.25993627,-0.20633537,-0.19787437,-0.2078954,-0.24027526,-0.2650357,-0.2755413,-0.27853286,-0.28983617,-0.29609406,-0.2933107,-0.29534674,-0.30141354,-0.30674708,-0.3075961,-0.30702233,-0.30574638,-0.30407417,-0.3024795,-0.30025065,-0.2978354,-0.29589254,-0.29441744,-0.2923863,-0.29061896,-0.28955108,-0.28841108,-0.2872147,-0.2861393,-0.28548682,-0.28491002,-0.28434932,-0.2836206,-0.28274143
465,QUE_T1.05.I,0.0,0.0,1.0,-0.45957386,-0.45355576,-0.44936693,-0.4397198,-0.4305145,-0.42716682,-0.42699778,-0.42792338,-0.42638946,-0.4245832,-0.42529094,-0.42589158,-0.42255974,-0.4187706,-0.4151885,-0.41187602,-0.40864575,-0.4047249,-0.40088838,-0.39678025,-0.39021373,-0.38104296,-0.3644299,-0.35566956,-0.3578633,-0.35818583,-0.36431032,-0.36743295,-0.36651772,-0.36470324,-0.36280805,-0.36057532,-0.3591103,-0.35760444,-0.3557605,-0.35307616,-0.34963906,-0.34683174,-0.34615308,-0.3443824,-0.34093845,-0.33621764,-0.33085966,-0.32342565,-0.3160001,-0.30136347,-0.26170504,-0.1673401,-0.17747563,-0.17210507,-0.19908297,-0.26077902,-0.28077585,-0.29325217,-0.29700643,-0.30773848,-0.31395143,-0.3112622,-0.31334943,-0.3197477,-0.3251143,-0.3261392,-0.3256818,-0.32484388,-0.32343084,-0.32185203,-0.3198976,-0.31753045,-0.31554723,-0.31416124,-0.3121903,-0.31073517,-0.30991858,-0.30883944,-0.3078583,-0.3067659,-0.30639714,-0.3062029,-0.3060115,-0.30557054,-0.30470765
477,QUE_T1.07.A,0.0,0.2803,0.72,-0.41846484,-0.41228718,-0.40603596,-0.40096414,-0.3955394,-0.3891726,-0.38312787,-0.37644243,-0.37038708,-0.36476648,-0.36287236,-0.36169666,-0.35607052,-0.3507141,-0.34557545,-0.34059632,-0.3361658,-0.33056498,-0.32592577,-0.32098228,-0.31678975,-0.31424755,-0.31341314,-0.31016296,-0.30459493,-0.3001166,-0.2937696,-0.2882411,-0.2842272,-0.28042084,-0.27629882,-0.27197748,-0.26741284,-0.2626266,-0.25781804,-0.25312424,-0.24878293,-0.24472874,-0.24118632,-0.23829025,-0.23551828,-0.2327323,-0.23012984,-0.22926915,-0.23062086,-0.2378794,-0.25259435,-0.27085572,-0.24877512,-0.25060624,-0.2713102,-0.27929246,-0.28085756,-0.27819985,-0.27730882,-0.27180058,-0.268467,-0.26597595,-0.2604106,-0.25251776,-0.245843,-0.23934686,-0.23354608,-0.2283994,-0.22442216,-0.22078967,-0.21723467,-0.21429521,-0.21083277,-0.20723289,-0.2028336,-0.19846267,-0.19450134,-0.19108462,-0.18895316,-0.18811333,-0.18864971,-0.18991005,-0.19082111,-0.19151348,-0.19161355
479,QUE_T1.07.C,0.0,0.4167,0.583,-0.4281714,-0.4215542,-0.41499782,-0.41030496,-0.40534407,-0.3988006,-0.39122325,-0.38363105,-0.37761068,-0.37156463,-0.36512822,-0.3582124,-0.3518659,-0.34613365,-0.34018242,-0.3341869,-0.32838523,-0.32279253,-0.31693894,-0.3116241,-0.30717582,-0.30463988,-0.30463046,-0.30072767,-0.29498422,-0.2896592,-0.2823093,-0.27618867,-0.27197987,-0.26741505,-0.26299095,-0.25816923,-0.2525398,-0.24659115,-0.24086678,-0.23494631,-0.22965938,-0.22466207,-0.21988541,-0.21533453,-0.21192652,-0.2089799,-0.20755833,-0.20772427,-0.20998508,-0.22270012,-0.25750893,-0.25050235,-0.22821063,-0.26661295,-0.27784842,-0.28164464,-0.28186285,-0.2812724,-0.28210622,-0.27670634,-0.27267468,-0.27046585,-0.2637623,-0.25467515,-0.24622262,-0.23784077,-0.23004383,-0.22318256,-0.2176947,-0.2128377,-0.20829296,-0.20408165,-0.19971746,-0.19455624,-0.18817222,-0.18156797,-0.17555821,-0.1704728,-0.16749579,-0.16668427,-0.16794753,-0.1700409,-0.17148685,-0.17223114,-0.17237175
480,QUE_T1.07.D,0.0,0.3485,0.652,-0.4257177,-0.41938615,-0.4129069,-0.4084111,-0.4039672,-0.39761192,-0.39056945,-0.38304597,-0.37660193,-0.37105215,-0.36818498,-0.3659963,-0.3601805,-0.35435212,-0.34907508,-0.34388405,-0.3375829,-0.33201116,-0.32670647,-0.3219875,-0.31780338,-0.3150699,-0.3154698,-0.31117713,-0.30609065,-0.30115873,-0.29398465,-0.28811872,-0.28379035,-0.2797141,-0.27548409,-0.270876,-0.2657721,-0.26030344,-0.25471485,-0.24916255,-0.2443431,-0.23950529,-0.23531812,-0.23178142,-0.22876984,-0.22585028,-0.22366124,-0.2237289,-0.22562307,-0.23335457,-0.23120451,-0.23213804,-0.22485632,-0.2812538,-0.29120916,-0.30144805,-0.29984355,-0.299371,-0.30032426,-0.29544145,-0.2912894,-0.28851718,-0.2819863,-0.272906,-0.26443672,-0.25617504,-0.24850708,-0.24193215,-0.23651695,-0.23181343,-0.22738856,-0.22331285,-0.2193191,-0.21455538,-0.20854747,-0.2023713,-0.19687343,-0.19242513,-0.18947458,-0.18869412,-0.18990004,-0.19186538,-0.19324666,-0.19411284,-0.19450355
488,QUE_T1.08.B,0.0,0.2955,0.705,-0.45233995,-0.44590998,-0.4398753,-0.43323183,-0.42675942,-0.42039496,-0.41495377,-0.40958518,-0.40456462,-0.39946872,-0.39642245,-0.3932442,-0.3875506,-0.38279182,-0.37750053,-0.37198955,-0.36731088,-0.36221206,-0.35675955,-0.35144603,-0.34717792,-0.34284508,-0.33873433,-0.333297,-0.32892704,-0.3252188,-0.3206864,-0.31669444,-0.31284708,-0.30874664,-0.30482602,-0.30055273,-0.2959578,-0.291116,-0.28630137,-0.28124017,-0.2765054,-0.2719391,-0.26793653,-0.2640801,-0.26041108,-0.2569312,-0.25369895,-0.25129318,-0.25059587,-0.25313348,-0.25819325,-0.26196325,-0.22232711,-0.22313464,-0.2656107,-0.28648323,-0.2875014,-0.28849137,-0.2881034,-0.28638703,-0.28490102,-0.28231812,-0.27712864,-0.2716139,-0.26711142,-0.26153618,-0.25577903,-0.25076795,-0.24652052,-0.2425409,-0.23857868,-0.23499954,-0.23113602,-0.22731167,-0.22215688,-0.21688175,-0.2124368,-0.20852214,-0.20578474,-0.20466882,-0.20524198,-0.20645267,-0.20723099,-0.20753229,-0.20724893
494,QUE_T1.08.H,0.0,0.2045,0.795,-0.4202289,-0.4146753,-0.40912253,-0.40486705,-0.40204823,-0.395993,-0.38971287,-0.38345754,-0.3777392,-0.37298167,-0.37289804,-0.37323374,-0.36940074,-0.36381835,-0.35889584,-0.35432124,-0.35017943,-0.34576613,-0.34075695,-0.335438,-0.33139336,-0.32839322,-0.32612258,-0.32178324,-0.31752318,-0.3132047,-0.308644,-0.30431646,-0.3007154,-0.29718113,-0.29350436,-0.2897225,-0.2856477,-0.28147888,-0.27749562,-0.27331716,-0.2690609,-0.2652325,-0.26252544,-0.26021826,-0.25773937,-0.25433224,-0.25082356,-0.24910563,-0.24926764,-0.2535662,-0.24606705,-0.26368195,-0.24844891,-0.251108,-0.2855577,-0.29134756,-0.28984213,-0.28790975,-0.28686875,-0.28310955,-0.28055453,-0.27811307,-0.27286112,-0.2668293,-0.2618127,-0.2564631,-0.25147104,-0.24703074,-0.24324381,-0.23971671,-0.23645961,-0.23332816,-0.23029143,-0.22720331,-0.22339094,-0.21982062,-0.21671534,-0.21393204,-0.21208459,-0.21139342,-0.21149802,-0.21223485,-0.21276504,-0.2125662,-0.21242195
502,QUE_T1.09.F,0.0,0.3485,0.652,-0.38914979,-0.38203174,-0.37530994,-0.3692711,-0.3624664,-0.35616887,-0.3496666,-0.3436678,-0.33783257,-0.33216947,-0.32490206,-0.31583458,-0.30977172,-0.3030731,-0.29663742,-0.2904982,-0.28407067,-0.27840048,-0.27194238,-0.26639813,-0.26100695,-0.25607467,-0.2501577,-0.2437973,-0.23858327,-0.23363549,-0.22947669,-0.22527915,-0.22102767,-0.21684664,-0.21236831,-0.20726764,-0.20204961,-0.19656008,-0.19097161,-0.18492687,-0.17896211,-0.17356598,-0.16912252,-0.16443598,-0.15974939,-0.15584165,-0.15318829,-0.15143454,-0.15070885,-0.15371585,-0.16744739,-0.17165482,-0.11872423,-0.14177722,-0.16612077,-0.18342757,-0.19201535,-0.19486094,-0.19711357,-0.19695324,-0.19599909,-0.19278187,-0.18831617,-0.18317509,-0.1783973,-0.17195809,-0.16556633,-0.15982842,-0.1547786,-0.15016645,-0.14564091,-0.14123762,-0.13691902,-0.1320275,-0.1253137,-0.11852068,-0.11284399,-0.10789549,-0.10449511,-0.10346037,-0.10442728,-0.1065467,-0.108042955,-0.10820067,-0.10838795
507,QUE_T1.10.A,0.0,0.2121,0.788,-0.41002834,-0.4027487,-0.39661396,-0.3849057,-0.37368017,-0.36816388,-0.36550337,-0.36370206,-0.35924602,-0.35563964,-0.3621447,-0.36999124,-0.36533034,-0.3595268,-0.3544981,-0.34938747,-0.3445772,-0.33925498,-0.33403802,-0.32853127,-0.32239032,-0.316979,-0.30798197,-0.30085534,-0.29814887,-0.29549927,-0.2945372,-0.29265463,-0.2894246,-0.2857095,-0.28216487,-0.27810138,-0.2740252,-0.26987702,-0.26543367,-0.26075643,-0.25578833,-0.25117606,-0.24826515,-0.24489915,-0.2407828,-0.23616123,-0.23131967,-0.22701508,-0.22433925,-0.22148508,-0.20321107,-0.21735537,-0.19008094,-0.16818732,-0.20508611,-0.22586656,-0.23849636,-0.24071169,-0.24183077,-0.24316418,-0.24375904,-0.24024874,-0.23748529,-0.2363872,-0.23520356,-0.23142076,-0.22731239,-0.22357833,-0.22021157,-0.21684903,-0.21367079,-0.21029991,-0.20700765,-0.20378304,-0.19943029,-0.19536608,-0.1919871,-0.18891525,-0.18659472,-0.18580592,-0.18617964,-0.18735301,-0.18791783,-0.18811828,-0.18767929
518,QUE_T1.11.B,0.0,0.3409,0.659,-0.36921126,-0.36387265,-0.3585043,-0.3541844,-0.35057956,-0.3461309,-0.34137076,-0.3360445,-0.33238536,-0.3275228,-0.318928,-0.3086797,-0.30351573,-0.29848278,-0.29318458,-0.28874618,-0.28337598,-0.2786067,-0.27360928,-0.26913166,-0.26545382,-0.2617399,-0.25708693,-0.25308198,-0.24882543,-0.24576527,-0.24155289,-0.23789918,-0.23454231,-0.23093796,-0.22747278,-0.22352678,-0.21931463,-0.21514487,-0.21081805,-0.2066077,-0.20249063,-0.1985482,-0.19525117,-0.19138569,-0.18806541,-0.18600684,-0.18493819,-0.18405324,-0.18318057,-0.18551993,-0.20742667,-0.1912514,-0.16474867,-0.19240707,-0.19380754,-0.20899308,-0.21045715,-0.20907563,-0.20832968,-0.20586234,-0.2031753,-0.2000441,-0.19609505,-0.19125456,-0.18662584,-0.18181431,-0.17665553,-0.17196119,-0.16789109,-0.1640647,-0.1604951,-0.15709901,-0.15374869,-0.14967072,-0.14504951,-0.14058238,-0.13662916,-0.13288665,-0.12998992,-0.12817413,-0.12751245,-0.12738216,-0.12729925,-0.1270135,-0.12639415
528,QUE_T1.12.B,0.0,0.2424,0.758,-0.36245131,-0.35744238,-0.3515339,-0.35012776,-0.3484921,-0.3429036,-0.33530033,-0.3260731,-0.3195473,-0.31288952,-0.3098619,-0.30754793,-0.30206627,-0.29693258,-0.29100633,-0.285991,-0.28123134,-0.27606887,-0.2720834,-0.26775408,-0.2643999,-0.2641245,-0.26896644,-0.267173,-0.26055545,-0.25556976,-0.24522322,-0.23783815,-0.23319376,-0.22888905,-0.22448188,-0.2195853,-0.21416926,-0.20866317,-0.20340413,-0.19847119,-0.19368368,-0.18950701,-0.18644917,-0.1836046,-0.1818608,-0.18078166,-0.18039083,-0.18238801,-0.18605763,-0.2003197,-0.21425349,-0.28182167,-0.2761584,-0.2853312,-0.27984178,-0.27074158,-0.25669366,-0.24781263,-0.24533737,-0.23602968,-0.22816718,-0.22579777,-0.21787101,-0.20556396,-0.19453818,-0.18606043,-0.17852122,-0.17193127,-0.16682571,-0.16237521,-0.15808344,-0.15425503,-0.15034801,-0.1457727,-0.14049572,-0.1355859,-0.13118792,-0.12717426,-0.12399149,-0.12194306,-0.121491015,-0.12189782,-0.12256813,-0.12323952,-0.12367922
529,QUE_T1.12.C,0.0,0.2045,0.795,-0.37873363,-0.37340653,-0.36750865,-0.3657143,-0.364114,-0.35783035,-0.3506804,-0.3423857,-0.33688408,-0.33016366,-0.32157582,-0.31281906,-0.30711716,-0.30139774,-0.29536396,-0.28989977,-0.284351,-0.27898502,-0.2741366,-0.27003157,-0.26721448,-0.26591295,-0.26766068,-0.26506984,-0.2593041,-0.25418824,-0.24533075,-0.23886853,-0.23438376,-0.22989422,-0.22577047,-0.22106785,-0.21592242,-0.2106157,-0.20530343,-0.20032394,-0.1955151,-0.19134986,-0.18786234,-0.18442816,-0.1817382,-0.18042064,-0.18029684,-0.1819117,-0.18459934,-0.19557697,-0.20599425,-0.22008198,-0.25605607,-0.27856785,-0.2706808,-0.25522816,-0.24444324,-0.2389577,-0.23775923,-0.23076952,-0.22457749,-0.22261024,-0.21598601,-0.20573008,-0.19648647,-0.18892795,-0.18174034,-0.17550284,-0.17043209,-0.16601759,-0.16189367,-0.15820336,-0.15439934,-0.1495843,-0.14401805,-0.13870996,-0.1340658,-0.12981373,-0.12647897,-0.12432784,-0.12390113,-0.12444222,-0.1252343,-0.1257757,-0.12615848
536,QUE_T1.12.J,0.0,0.3333,0.667,-0.3375507,-0.3308267,-0.32471514,-0.31747216,-0.31054205,-0.30582047,-0.3015194,-0.2975915,-0.2939179,-0.28915876,-0.2812909,-0.27226138,-0.26679188,-0.26128954,-0.2551934,-0.24947244,-0.24393147,-0.2383517,-0.2326259,-0.22699904,-0.2207709,-0.21393108,-0.20435089,-0.19741511,-0.19505632,-0.19288224,-0.1917057,-0.1898588,-0.18660462,-0.18282527,-0.17894703,-0.17466718,-0.17037815,-0.1659072,-0.16113877,-0.15597999,-0.1508972,-0.14641851,-0.1426943,-0.13815671,-0.13428652,-0.1304267,-0.12703997,-0.12334967,-0.12000692,-0.11622584,-0.110619724,-0.08395153,-0.11093938,-0.10434955,-0.10712683,-0.12604731,-0.13711429,-0.14339334,-0.14578193,-0.14855355,-0.14885032,-0.14511311,-0.1427846,-0.14080417,-0.13865435,-0.13426179,-0.12925804,-0.124610424,-0.12046355,-0.11648476,-0.11250079,-0.10869557,-0.1047706,-0.10032976,-0.09496063,-0.08978397,-0.08529043,-0.08117759,-0.07796264,-0.07621801,-0.07608193,-0.07681656,-0.07762694,-0.077596545,-0.07743436
537,QUE_T1.13.A,0.0,0.3409,0.659,-0.34807134,-0.34169817,-0.33595532,-0.32740408,-0.32025778,-0.31560987,-0.3120094,-0.30890483,-0.3053887,-0.30114943,-0.29803872,-0.295287,-0.29045606,-0.28494287,-0.27955627,-0.27525097,-0.27029258,-0.2647316,-0.2594385,-0.25404537,-0.24778938,-0.24153382,-0.23326713,-0.22623122,-0.22370261,-0.2217027,-0.22070247,-0.21907872,-0.21596742,-0.21234393,-0.20888823,-0.20491225,-0.20106316,-0.19720441,-0.19281876,-0.18813628,-0.18351418,-0.1793282,-0.17608708,-0.17258954,-0.16892725,-0.16500324,-0.16074622,-0.15646881,-0.15347731,-0.152574,-0.16646767,-0.19431442,-0.122238815,-0.1299501,-0.14248341,-0.16591948,-0.17539084,-0.18225694,-0.18450606,-0.18623334,-0.18622148,-0.18346703,-0.1815362,-0.17963302,-0.1773349,-0.17324644,-0.168603,-0.16435313,-0.16063374,-0.1569997,-0.15363115,-0.1502592,-0.14697522,-0.14283937,-0.1378876,-0.13312018,-0.12911016,-0.12529665,-0.12235129,-0.12082058,-0.12104833,-0.12174779,-0.12214291,-0.121673465,-0.12114626
542,QUE_T1.13.F,0.0,0.447,0.553,-0.37677252,-0.37011033,-0.3643316,-0.3552063,-0.3479222,-0.34310573,-0.3402778,-0.3379354,-0.33460963,-0.33006877,-0.32624614,-0.32207078,-0.31633717,-0.31037843,-0.30438584,-0.29867584,-0.29297876,-0.28736806,-0.28125113,-0.2748046,-0.2672134,-0.25887394,-0.24573368,-0.23758596,-0.23633885,-0.2349655,-0.23595798,-0.23502344,-0.23136646,-0.22743148,-0.22354394,-0.21916234,-0.21470541,-0.20977223,-0.20434195,-0.1985004,-0.19275832,-0.18723702,-0.18313587,-0.1780613,-0.17282206,-0.16737175,-0.16184479,-0.15583515,-0.1506393,-0.13899028,-0.10433787,-0.051831663,-0.018823802,-0.0636161,-0.108373106,-0.1441493,-0.16836762,-0.18184352,-0.18623346,-0.19193101,-0.19395304,-0.19059122,-0.18923575,-0.18896425,-0.18738496,-0.18279272,-0.17720968,-0.17205495,-0.16759497,-0.16311407,-0.158723,-0.15449983,-0.15024364,-0.14518982,-0.13856685,-0.13198322,-0.12636024,-0.121269226,-0.117356,-0.115335524,-0.11567813,-0.117078066,-0.11813706,-0.11836463,-0.118611634
543,QUE_T1.13.G,0.0,0.3409,0.659,-0.35209346,-0.3447677,-0.3387419,-0.32997006,-0.3212638,-0.31708133,-0.3136981,-0.31138057,-0.30835217,-0.3041922,-0.29383093,-0.28167915,-0.27565062,-0.269372,-0.263308,-0.25764477,-0.25185126,-0.24638951,-0.2402119,-0.23436397,-0.22762686,-0.21841013,-0.20412803,-0.19625527,-0.1949156,-0.1939131,-0.19501287,-0.19441336,-0.19135797,-0.18747509,-0.18384361,-0.17963338,-0.17559415,-0.17110401,-0.16597164,-0.16045117,-0.1547507,-0.14967722,-0.14550889,-0.14013916,-0.13494092,-0.12990981,-0.12526411,-0.11958486,-0.114609,-0.10462904,-0.09095603,-0.031240523,-0.009161115,-0.005514264,-0.059013426,-0.1002447,-0.123543024,-0.13596553,-0.14040935,-0.14712292,-0.14984089,-0.14626473,-0.1452089,-0.14589417,-0.14524907,-0.14116776,-0.13585389,-0.13098437,-0.12667495,-0.12232196,-0.11803585,-0.11383164,-0.109561086,-0.10455847,-0.09812528,-0.091721535,-0.08642328,-0.081406415,-0.07742071,-0.07530469,-0.07508409,-0.07584965,-0.076608,-0.07648748,-0.076517165
550,QUE_T1.14.D,0.0,0.2955,0.705,-0.37575674,-0.36942583,-0.36400914,-0.35542506,-0.34791064,-0.34381783,-0.3415653,-0.33961624,-0.33700538,-0.33348668,-0.33152658,-0.32916558,-0.32432872,-0.31929052,-0.3137626,-0.30918878,-0.30364025,-0.29887795,-0.29378986,-0.2879941,-0.28231108,-0.27450258,-0.26318258,-0.25594902,-0.25388598,-0.25248116,-0.25374502,-0.2527972,-0.24983037,-0.24654579,-0.24322462,-0.23944134,-0.2359305,-0.23230946,-0.22815233,-0.22359979,-0.21885264,-0.21475726,-0.21170133,-0.2079562,-0.20368636,-0.19919133,-0.19488084,-0.18972582,-0.18551016,-0.17784208,-0.16927224,-0.15132606,-0.15628612,-0.15326059,-0.14714396,-0.17521077,-0.18845129,-0.1946342,-0.19787043,-0.20196432,-0.20374429,-0.20027494,-0.19977129,-0.20023704,-0.20003444,-0.19732791,-0.1932463,-0.18968815,-0.18639153,-0.18317717,-0.17975444,-0.17630672,-0.17304713,-0.16927516,-0.16455728,-0.16015762,-0.15644139,-0.15289426,-0.14992183,-0.14810407,-0.1479376,-0.14820403,-0.14862418,-0.14814341,-0.14760369
566,QUE_T2.01.J,0.0,0.7955,0.205,-0.38664776,-0.38025516,-0.3732611,-0.37370878,-0.3714639,-0.36314952,-0.35278487,-0.3423488,-0.33508182,-0.32709926,-0.31053293,-0.29090446,-0.2828027,-0.275555,-0.26824206,-0.260908,-0.2540186,-0.24747998,-0.24041647,-0.2336601,-0.2274239,-0.22267985,-0.22132063,-0.21601993,-0.20944005,-0.20366526,-0.19558728,-0.18931675,-0.18435365,-0.1799441,-0.17516059,-0.16947472,-0.16330922,-0.156048,-0.14815235,-0.14085233,-0.1344651,-0.12787282,-0.12035543,-0.11309123,-0.10739899,-0.10331833,-0.09967744,-0.098891854,-0.10088414,-0.11280513,-0.12901974,-0.1391105,-0.10908252,-0.15200502,-0.16601735,-0.18190241,-0.19776481,-0.20653254,-0.21127611,-0.20733392,-0.20351875,-0.2014947,-0.19553232,-0.18645126,-0.17625374,-0.16591442,-0.15587485,-0.14739358,-0.14054728,-0.13492233,-0.12972385,-0.124578714,-0.11911559,-0.11152738,-0.10237861,-0.09165317,-0.08150375,-0.07360387,-0.06866026,-0.067527056,-0.070373595,-0.074858844,-0.07766664,-0.07968736,-0.08117807
567,QUE_T2.02.A,0.0,0.8939,0.106,-0.40182924,-0.3940078,-0.38656753,-0.38075048,-0.37489474,-0.3688237,-0.36312294,-0.35731655,-0.35095108,-0.3446328,-0.33953315,-0.3325935,-0.32399797,-0.31564546,-0.30809665,-0.30042988,-0.29333353,-0.28599823,-0.27893472,-0.27226698,-0.26497418,-0.2583509,-0.25119412,-0.24627942,-0.24755192,-0.2508157,-0.25170332,-0.24955595,-0.24587399,-0.2418915,-0.23719895,-0.23128247,-0.22484547,-0.21778506,-0.21029675,-0.20289874,-0.1964575,-0.1904971,-0.1852476,-0.18094021,-0.17858094,-0.17890531,-0.18201935,-0.18837482,-0.19669187,-0.20654124,-0.22138786,-0.27717197,-0.25042486,-0.28311992,-0.3404683,-0.39794165,-0.4268933,-0.4393034,-0.44612265,-0.44897306,-0.44830805,-0.44296825,-0.4331879,-0.42120486,-0.40879524,-0.39478755,-0.38034058,-0.36658615,-0.35377437,-0.34158373,-0.3302558,-0.31983262,-0.3096962,-0.29943764,-0.28853428,-0.2771837,-0.26646984,-0.25774544,-0.2514025,-0.247643,-0.2467702,-0.24766183,-0.24814314,-0.24896204,-0.24995345
571,QUE_T2.02.E,0.0,0.7803,0.22,-0.42306,-0.41651243,-0.40956885,-0.40763772,-0.40429085,-0.39775223,-0.39087957,-0.38294482,-0.37706494,-0.3700586,-0.35326487,-0.3323576,-0.3245328,-0.31732142,-0.30937254,-0.30167747,-0.29475296,-0.28761154,-0.28111273,-0.27559692,-0.2705717,-0.2660973,-0.26200932,-0.2583794,-0.25607574,-0.2566675,-0.25480235,-0.25184357,-0.24808645,-0.24458408,-0.24052936,-0.235053,-0.22888231,-0.22214204,-0.21499127,-0.20807952,-0.20231628,-0.19696563,-0.19157314,-0.18625408,-0.18328565,-0.18416435,-0.18833393,-0.19542772,-0.20335597,-0.21621323,-0.30502754,-0.33897454,-0.31793237,-0.32772177,-0.35609972,-0.38152313,-0.39841276,-0.41218084,-0.41911912,-0.4197297,-0.41944635,-0.41566116,-0.4072308,-0.39609402,-0.38447887,-0.3718902,-0.3589611,-0.34682232,-0.33592987,-0.32579476,-0.31620854,-0.30718315,-0.2987305,-0.289581,-0.27941316,-0.26870233,-0.25856805,-0.25026393,-0.24421191,-0.2411595,-0.24104714,-0.2423191,-0.24273413,-0.24386394,-0.24506229
574,QUE_T2.02.H,0.0,0.803,0.197,-0.44392914,-0.43754774,-0.4312204,-0.42969793,-0.42909402,-0.4230131,-0.41536552,-0.40677893,-0.40013504,-0.3933574,-0.38563442,-0.37742114,-0.36925954,-0.3618917,-0.35454565,-0.34789348,-0.34148216,-0.33506346,-0.32857817,-0.32101858,-0.31476688,-0.3098616,-0.30615675,-0.30356473,-0.3023591,-0.30328363,-0.3010943,-0.29707974,-0.2928126,-0.28861624,-0.28376228,-0.27763188,-0.27118057,-0.26423037,-0.2570178,-0.24975348,-0.24372542,-0.23794818,-0.23279226,-0.22900671,-0.22692817,-0.22653049,-0.2281841,-0.23361027,-0.24168408,-0.25280166,-0.3115558,-0.3799823,-0.38731784,-0.405546,-0.42093372,-0.44646412,-0.4646653,-0.4749722,-0.47989702,-0.4806947,-0.4782775,-0.47334474,-0.46308023,-0.44971573,-0.4362033,-0.4215635,-0.40726095,-0.3934387,-0.3807267,-0.36904103,-0.35804117,-0.3481236,-0.33851987,-0.3287372,-0.31875873,-0.3083651,-0.29853648,-0.29035085,-0.2844252,-0.28110552,-0.2803676,-0.2807715,-0.2812689,-0.28224218,-0.2835108
581,QUE_T2.03.E,0.0,0.5758,0.424,-0.50965834,-0.5044833,-0.49939817,-0.49738586,-0.49712366,-0.49178714,-0.48555738,-0.47890067,-0.4738986,-0.46877086,-0.46705067,-0.4654163,-0.46032453,-0.45465106,-0.44866127,-0.44383454,-0.4385727,-0.43354303,-0.42814022,-0.4221229,-0.4165672,-0.41103667,-0.40562546,-0.40106696,-0.39958626,-0.3991844,-0.39780086,-0.39516425,-0.39142525,-0.3875937,-0.38349497,-0.37876427,-0.37368017,-0.36828732,-0.36268944,-0.3573349,-0.35229892,-0.34785682,-0.34400773,-0.34076923,-0.33812243,-0.33575946,-0.3341388,-0.33512187,-0.338054,-0.34098452,-0.33255476,-0.34231985,-0.33656144,-0.4166125,-0.44298488,-0.4695484,-0.4914518,-0.5008225,-0.5058749,-0.5067811,-0.5056116,-0.5011599,-0.49329954,-0.48337954,-0.47296137,-0.46156222,-0.45001912,-0.43917948,-0.42929888,-0.42018306,-0.41167897,-0.4036839,-0.39607614,-0.38853937,-0.3808493,-0.37282926,-0.36554402,-0.35924566,-0.35493755,-0.35271513,-0.35219687,-0.35273612,-0.35324895,-0.35418028,-0.35504705
582,QUE_T2.03.F,0.0,0.5758,0.424,-0.5131526,-0.5078827,-0.5025685,-0.50141627,-0.50059587,-0.49505252,-0.48862857,-0.4815144,-0.47651237,-0.47087407,-0.46075827,-0.448721,-0.44287825,-0.43703264,-0.43080592,-0.42453384,-0.4191078,-0.41396397,-0.40836412,-0.4029143,-0.39743412,-0.39331186,-0.3893407,-0.38399184,-0.38228923,-0.38101208,-0.37879014,-0.37551194,-0.37181228,-0.36822575,-0.36436945,-0.35933977,-0.3542779,-0.3486539,-0.34289193,-0.33735603,-0.3325135,-0.3274405,-0.3232367,-0.31909513,-0.316073,-0.31451035,-0.3144669,-0.3167168,-0.32035565,-0.32824683,-0.34167123,-0.3708896,-0.3841818,-0.37576956,-0.41713655,-0.4563238,-0.46683007,-0.4756887,-0.4798389,-0.48005784,-0.47915083,-0.47523206,-0.46765077,-0.45802408,-0.44774383,-0.43665975,-0.4255144,-0.4150923,-0.4056521,-0.3969506,-0.38881958,-0.3812055,-0.37410992,-0.36673093,-0.3587275,-0.3504519,-0.34296662,-0.33647949,-0.33200634,-0.32976955,-0.32927686,-0.33002114,-0.33054024,-0.33139104,-0.33208865
594,QUE_T2.04.H,0.0,0.6136,0.386,-0.43537378,-0.43031073,-0.42454433,-0.42727107,-0.42784655,-0.41994703,-0.40864104,-0.3965832,-0.38769782,-0.3801049,-0.37799513,-0.37750196,-0.371576,-0.36608356,-0.36070395,-0.35534436,-0.35030723,-0.34501904,-0.33959687,-0.3354532,-0.33331454,-0.334997,-0.3442154,-0.34382373,-0.33436263,-0.32698548,-0.31306607,-0.30298692,-0.29743165,-0.292714,-0.2881444,-0.28289658,-0.27704495,-0.27054513,-0.26434004,-0.25873566,-0.25464123,-0.24988174,-0.24447942,-0.24052083,-0.23800212,-0.23661542,-0.23616713,-0.2400198,-0.24755633,-0.26816666,-0.2053833,-0.1875965,-0.26636595,-0.33011836,-0.34833437,-0.348899,-0.34220546,-0.33308887,-0.33098406,-0.31704593,-0.30817503,-0.3068729,-0.29658717,-0.28069115,-0.2662809,-0.25569236,-0.24650669,-0.23881084,-0.2328906,-0.2282303,-0.22437066,-0.22091436,-0.21675676,-0.2114144,-0.20564961,-0.19933444,-0.1928336,-0.18802005,-0.18507743,-0.18420029,-0.18536067,-0.18737131,-0.18874043,-0.18978506,-0.19111913
595,QUE_T2.04.I,0.0,0.6061,0.394,-0.43174314,-0.4267243,-0.42100143,-0.42364585,-0.42465937,-0.41715223,-0.40573984,-0.39341265,-0.3847468,-0.37626505,-0.3763944,-0.37834507,-0.37306976,-0.36656874,-0.36111194,-0.35629863,-0.3507573,-0.34510088,-0.33975405,-0.33509833,-0.33339232,-0.33539265,-0.34557956,-0.34502423,-0.3357612,-0.32876825,-0.3145492,-0.30415523,-0.298451,-0.29383934,-0.28913534,-0.2841828,-0.27823836,-0.27172023,-0.26533377,-0.25981003,-0.25554687,-0.2508219,-0.24539375,-0.2415855,-0.23917222,-0.23795938,-0.23821247,-0.24271876,-0.25035006,-0.2726642,-0.2886194,-0.33142835,-0.37137723,-0.3812725,-0.37494963,-0.36652386,-0.35429585,-0.34399748,-0.34160835,-0.32727146,-0.31763697,-0.31650788,-0.30640644,-0.29016346,-0.27521753,-0.26436806,-0.25492907,-0.24716526,-0.24105251,-0.23637784,-0.23256761,-0.22925913,-0.2249921,-0.21937412,-0.21349603,-0.2068891,-0.20038754,-0.19559109,-0.19272333,-0.1920501,-0.19341475,-0.19572395,-0.19730484,-0.19844055,-0.1997503
596,QUE_T2.04.J,0.0,0.6364,0.364,-0.43252432,-0.42767954,-0.42198098,-0.42523962,-0.4264508,-0.41874796,-0.4070235,-0.39436448,-0.38608003,-0.37795132,-0.37553906,-0.3738035,-0.36783433,-0.36268938,-0.357148,-0.35225177,-0.34656817,-0.3421148,-0.33679652,-0.33284897,-0.33064485,-0.3335328,-0.34440523,-0.344679,-0.33558357,-0.32776654,-0.31323045,-0.30313718,-0.29779315,-0.29333144,-0.28891885,-0.28399163,-0.27820575,-0.27197134,-0.26598907,-0.26083887,-0.25697124,-0.252465,-0.2473616,-0.24369353,-0.2419166,-0.24130893,-0.241714,-0.24611741,-0.25400412,-0.2783993,-0.27928716,-0.30683565,-0.40220702,-0.41195518,-0.39920676,-0.3747288,-0.3606137,-0.34955662,-0.34661317,-0.3315274,-0.32192928,-0.32085735,-0.31083047,-0.2946682,-0.2797801,-0.2688617,-0.2595399,-0.25189048,-0.24603689,-0.24144226,-0.23735315,-0.23390049,-0.23015797,-0.22489351,-0.21915609,-0.2131688,-0.20686644,-0.20222276,-0.1995349,-0.19895715,-0.20018929,-0.20240194,-0.20399046,-0.20517272,-0.20629084
602,QUE_T2.06.F,0.0,0.0,1.0,-0.4761849,-0.4698941,-0.46516424,-0.45513374,-0.44503582,-0.4412971,-0.44111812,-0.44216383,-0.44049627,-0.43838882,-0.43785548,-0.43678778,-0.43240428,-0.42860794,-0.42507106,-0.4211064,-0.4169547,-0.41301477,-0.4092608,-0.4046198,-0.39839262,-0.38944894,-0.3723104,-0.36360562,-0.36545545,-0.365336,-0.37141842,-0.3742962,-0.3732229,-0.37106353,-0.36885792,-0.36629373,-0.36468536,-0.36307663,-0.3609547,-0.35809535,-0.35436475,-0.35139877,-0.35047722,-0.34847522,-0.34508663,-0.34080076,-0.33635694,-0.3300956,-0.32339537,-0.30826992,-0.26476043,-0.22199589,-0.1309526,-0.15529096,-0.33411396,-0.47120166,-0.4634511,-0.45535582,-0.45232642,-0.44452643,-0.43876022,-0.43650085,-0.4294244,-0.41971606,-0.41086882,-0.40441358,-0.39870125,-0.3937376,-0.38931078,-0.3857395,-0.38274813,-0.37996143,-0.3773539,-0.37438405,-0.37232256,-0.3704452,-0.36830914,-0.36675316,-0.3655951,-0.36475056,-0.36424023,-0.36365235,-0.36329794,-0.36306906,-0.36326694
607,QUE_T2.08.A,0.0,0.0985,0.902,-0.4653117,-0.46183604,-0.4569564,-0.46273136,-0.46582043,-0.45913172,-0.44786388,-0.43507093,-0.4276601,-0.4205857,-0.41504198,-0.41004235,-0.40568262,-0.40118158,-0.3962989,-0.39235753,-0.38803,-0.38382316,-0.3803184,-0.37744695,-0.3766957,-0.38045943,-0.39290679,-0.39378345,-0.384219,-0.37679738,-0.36295015,-0.35321975,-0.34843177,-0.3441878,-0.3401286,-0.33583403,-0.33072966,-0.32555825,-0.3208844,-0.3173195,-0.31447297,-0.3114398,-0.30821967,-0.30602127,-0.30523318,-0.30576783,-0.3072784,-0.31224483,-0.31882095,-0.34330446,-0.39144504,-0.44011003,-0.45024693,-0.45212752,-0.45290554,-0.42576307,-0.3961467,-0.3796817,-0.37360996,-0.35735577,-0.3468001,-0.34590703,-0.33612043,-0.32101554,-0.3075254,-0.29861283,-0.29157937,-0.2859069,-0.28158867,-0.27816713,-0.27518314,-0.27288282,-0.2703901,-0.26716453,-0.26404995,-0.26068878,-0.25765276,-0.25526774,-0.2538767,-0.25312144,-0.25323194,-0.25356358,-0.2539276,-0.25425875,-0.2546538
610,QUE_T2.08.D,0.0,0.1591,0.841,-0.48090804,-0.47746456,-0.47252285,-0.47960407,-0.48367757,-0.47640508,-0.46403039,-0.45014971,-0.4419309,-0.43409872,-0.429466,-0.42607516,-0.4212045,-0.4159475,-0.41164678,-0.40742952,-0.4030851,-0.3986023,-0.39505494,-0.39214987,-0.39135814,-0.3954488,-0.4095102,-0.41142052,-0.4013481,-0.3934964,-0.37802136,-0.36723232,-0.36193776,-0.35760796,-0.3532452,-0.3482651,-0.34257072,-0.33684945,-0.33176142,-0.32770258,-0.32464767,-0.32135004,-0.317609,-0.31544697,-0.314946,-0.31529832,-0.31696332,-0.3222226,-0.32969928,-0.35357946,-0.38239807,-0.45007718,-0.4699527,-0.48980486,-0.4820876,-0.45013058,-0.42221594,-0.40425378,-0.397731,-0.38022703,-0.36838722,-0.3672607,-0.3561262,-0.33849287,-0.3229366,-0.31267273,-0.30439705,-0.2976777,-0.29237324,-0.28809112,-0.2845444,-0.2817279,-0.27884024,-0.2752139,-0.27154994,-0.2678067,-0.2643941,-0.26164252,-0.26009762,-0.25946313,-0.25950354,-0.26018763,-0.26072317,-0.2614177,-0.26203543
619,QUE_T2.09.I,0.0,0.4091,0.591,-0.5507341,-0.5460484,-0.54051507,-0.5444905,-0.5472774,-0.5410923,-0.531617,-0.5201603,-0.51291174,-0.5059524,-0.50248086,-0.49923736,-0.4936204,-0.48749804,-0.4811291,-0.47606075,-0.4718098,-0.46687055,-0.4614867,-0.4573933,-0.4544019,-0.45552254,-0.46457714,-0.46676397,-0.4630952,-0.46169502,-0.45337248,-0.44579792,-0.44137633,-0.43727893,-0.43300956,-0.42758846,-0.42144138,-0.41507423,-0.4091668,-0.40397036,-0.39960098,-0.3955453,-0.3921402,-0.39077955,-0.3920018,-0.39484572,-0.39993387,-0.41031313,-0.4226501,-0.4456324,-0.45001024,-0.47100085,-0.5187993,-0.59590197,-0.6283883,-0.6474272,-0.6545814,-0.6556308,-0.6577381,-0.6525358,-0.6473906,-0.6418973,-0.6283481,-0.61056376,-0.59280455,-0.57636714,-0.560838,-0.5461592,-0.53292096,-0.52071714,-0.5098356,-0.500218,-0.4912191,-0.48245347,-0.4738443,-0.46553546,-0.45815957,-0.45210367,-0.44753587,-0.4445163,-0.44333196,-0.44325566,-0.44340098,-0.44419163,-0.44561076
632,Plant2-10,1.0,0.0,0.0,0.1314578,0.1292839,0.12641871,0.11693323,0.09743559,0.08221948,0.05824268,0.04974532,0.048329115,0.053928137,0.061536193,0.07016528,0.081890225,0.093714,0.10329807,0.11100495,0.11495721,0.1175921,0.11617577,0.11396909,0.106459856,0.10030091,0.08692932,0.047703385,0.0051181316,-0.049488544,-0.06618667,-0.07218087,-0.07458514,-0.07909727,-0.076594174,-0.07287252,-0.0642764,-0.05597675,-0.049027443,-0.042934358,-0.040892422,-0.04062897,-0.045239806,-0.055647314,-0.07303721,-0.09892434,-0.1339674,-0.17579508,-0.2121886,-0.23665947,-0.3157698,-0.39893138,-0.48205984,-0.5651884,-0.6483499,-0.734179,-0.7435656,-0.7594733,-0.7636561,-0.7622399,-0.75911105,-0.7486377,-0.73144543,-0.7118819,-0.6906716,-0.6669253,-0.64294845,-0.61870813,-0.5955876,-0.5726317,-0.5505322,-0.5307052,-0.5114381,-0.49497044,-0.4798532,-0.46546048,-0.45373553,-0.44319624,-0.43473196,-0.42906708,-0.42679447,-0.42577356,-0.42956102,-0.4338097,-0.43993568
642,Plant8-4,0.837,0.0,0.163,-0.041979253,-0.04020071,-0.042506218,-0.032889128,-0.053506553,-0.05640495,-0.074058175,-0.08354354,-0.079196095,-0.06971067,-0.056141436,-0.046458423,-0.03545803,-0.022349834,-0.012139916,-0.0058163404,-0.0023910403,-0.00087606907,-0.0017982125,-0.007463157,-0.016685009,-0.035787523,-0.049751937,-0.06971067,-0.116347075,-0.15764785,-0.173325,-0.17852879,-0.18215162,-0.18327141,-0.18129534,-0.17602569,-0.1684506,-0.16080958,-0.15428841,-0.14908475,-0.14862359,-0.14875531,-0.1544202,-0.16706729,-0.18682843,-0.21541613,-0.25124973,-0.29347265,-0.33088714,-0.36191207,-0.41849488,-0.49332368,-0.5680867,-0.64291555,-0.71767855,-0.76273394,-0.78335136,-0.78447115,-0.7914534,-0.78763294,-0.7848005,-0.77564454,-0.76378787,-0.7480448,-0.73151135,-0.7134628,-0.6939652,-0.67361116,-0.6535207,-0.6340889,-0.6147888,-0.5973332,-0.58007514,-0.56584704,-0.5514873,-0.53936714,-0.52783984,-0.5184862,-0.51097697,-0.5051145,-0.5026114,-0.5020845,-0.5040605,-0.5085398,-0.5140729
653,ja_b_000,0.0925223,0.907478,0.0,-0.27216136,-0.262286,-0.25351578,-0.2462073,-0.23523957,-0.23223662,-0.23084879,-0.2285968,-0.22418731,-0.21777695,-0.20868528,-0.19802862,-0.18636906,-0.17357379,-0.162786,-0.15036905,-0.1398353,-0.1306963,-0.12154281,-0.1128003,-0.10215509,-0.09503001,-0.07992482,-0.07600504,-0.0911333,-0.1096136,-0.12229121,-0.1255421,-0.12368661,-0.12198073,-0.11895484,-0.11269158,-0.103705704,-0.09216452,-0.080673456,-0.06748277,-0.05573672,-0.046063244,-0.03830564,-0.03081423,-0.025793374,-0.025831878,-0.032067716,-0.042939544,-0.05631751,-0.05603969,0.01727581,0.6680039,-0.19921672,0.9304147,0.29686582,-0.37633526,-0.37712234,-0.39087117,-0.4008792,-0.4075508,-0.40425164,-0.3966533,-0.39128983,-0.38626093,-0.37285918,-0.3582368,-0.3431021,-0.3290401,-0.31724697,-0.30721706,-0.2961616,-0.28544205,-0.27609694,-0.26368266,-0.24749732,-0.2309888,-0.21569741,-0.20246518,-0.19292629,-0.18894446,-0.19063228,-0.1963607,-0.20368421,-0.21199638,-0.22056246
654,ja_b_020,0.176657,0.823343,0.0,-0.39547074,-0.38757354,-0.38000727,-0.37356168,-0.3649932,-0.36324704,-0.36200523,-0.36032832,-0.35590833,-0.34935027,-0.34024316,-0.3326279,-0.32174283,-0.3110882,-0.3010373,-0.29046065,-0.28093404,-0.27188373,-0.26312625,-0.25300598,-0.24107212,-0.22007728,-0.18887568,-0.2245152,-0.22814041,-0.25659305,-0.27187228,-0.26385868,-0.25858963,-0.2573582,-0.2523768,-0.2490946,-0.2423352,-0.23228008,-0.22123796,-0.21035856,-0.19864124,-0.19542241,-0.18732065,-0.17984962,-0.17374253,-0.17299509,-0.17914647,-0.17885035,-0.1851933,-0.1366123,-0.15388143,-0.9328773,-0.3683784,-0.5956161,-0.079355896,-0.4380389,-0.46474063,-0.478904,-0.4878193,-0.5087378,-0.4929515,-0.48653322,-0.48554516,-0.48508334,-0.4684924,-0.4556374,-0.44100595,-0.42751437,-0.4153195,-0.40555125,-0.39551044,-0.3856368,-0.37920773,-0.36782527,-0.35387546,-0.34118462,-0.32803965,-0.31635624,-0.3074199,-0.30322975,-0.3035121,-0.3076868,-0.31297475,-0.31903094,-0.32547897
657,ja_b_080,0.0916476,0.908352,0.0,-0.38446534,-0.37696475,-0.3695891,-0.36335766,-0.36846805,-0.363164,-0.35920972,-0.3516932,-0.34527004,-0.33660972,-0.32831377,-0.31954318,-0.31082916,-0.3019657,-0.2936874,-0.2851625,-0.27894896,-0.2707768,-0.2651559,-0.25821048,-0.25353652,-0.25062388,-0.24813628,-0.2599947,-0.25728482,-0.27609527,-0.27466077,-0.2716695,-0.26941615,-0.26688588,-0.26356208,-0.25859058,-0.2511968,-0.24147654,-0.23134136,-0.22186035,-0.21364301,-0.20626163,-0.20124912,-0.19708121,-0.19596928,-0.19889659,-0.2057302,-0.21857351,-0.23367542,-0.24676383,-0.26436287,-0.37004167,-0.9328773,-0.9328773,-0.4099791,-0.4753418,-0.5110557,-0.5055394,-0.5264057,-0.52136546,-0.51767266,-0.5128174,-0.50167245,-0.48959303,-0.47692,-0.46312523,-0.44887364,-0.43599862,-0.42446375,-0.41398048,-0.40396374,-0.39420182,-0.3838905,-0.37173843,-0.35763353,-0.3426876,-0.32859397,-0.31729293,-0.30845642,-0.30244553,-0.30249548,-0.3070696,-0.31226748,-0.31902528,-0.32650232
661,ja_c_040,0.0619707,0.938029,0.0,-0.24171627,-0.23229885,-0.22214478,-0.21700037,-0.21317172,-0.20715928,-0.19960272,-0.18946552,-0.1822766,-0.17258918,-0.16295624,-0.14978427,-0.13862538,-0.12724471,-0.11619973,-0.10610598,-0.096268594,-0.085320234,-0.07681751,-0.06831902,-0.06224531,-0.06184286,-0.064038515,-0.04990071,-0.05720848,-0.059711397,-0.05818516,-0.058458626,-0.0559054,-0.052328467,-0.049030602,-0.04147464,-0.031469226,-0.01864791,-0.004087031,0.009217024,0.021368623,0.03482032,0.04403746,0.05384612,0.05905831,0.060917616,0.058364272,0.045738697,0.027026892,-0.006429076,0.042052627,-0.9328773,0.03450203,-0.5719805,-0.5620755,-0.27328092,-0.29477066,-0.31123132,-0.32476616,-0.32017934,-0.32113743,-0.31542432,-0.30029374,-0.2810558,-0.2676397,-0.25009412,-0.232539,-0.21822757,-0.20637941,-0.19664276,-0.18728304,-0.17853409,-0.16710722,-0.15424329,-0.13803619,-0.11955649,-0.103081584,-0.09116781,-0.08153802,-0.077941895,-0.08249217,-0.091566384,-0.10246462,-0.11456311,-0.12702501
663,ja_c_080,0.0261438,0.973856,0.0,-0.23801911,-0.22851229,-0.21901059,-0.2112642,-0.20984137,-0.20160687,-0.19356221,-0.18424112,-0.17721438,-0.16730201,-0.15738684,-0.14695579,-0.13605732,-0.12738144,-0.11688793,-0.10899192,-0.100173354,-0.092479706,-0.08367038,-0.07661176,-0.0695796,-0.06672591,-0.06486523,-0.05838418,-0.058645785,-0.062043905,-0.061570525,-0.06102836,-0.058506906,-0.0553478,-0.05219525,-0.046854615,-0.03888172,-0.028043926,-0.01653111,-0.0059765577,0.0028203726,0.012338877,0.02086544,0.02826202,0.03389728,0.035962343,0.034441113,0.027590036,0.017611504,0.0016841888,0.009089828,-0.9328773,0.7328248,0.7225965,-0.13690054,-0.27092648,-0.24239141,-0.2501946,-0.2708398,-0.27281862,-0.27049625,-0.26821816,-0.2574237,-0.24626374,-0.23357856,-0.21867138,-0.2037766,-0.19140005,-0.18151218,-0.17368227,-0.16519475,-0.15725529,-0.1488496,-0.13785315,-0.12332529,-0.10733575,-0.093063354,-0.08076239,-0.07234025,-0.068256855,-0.07249421,-0.080515504,-0.08961564,-0.099814,-0.109155536
665,ns_a_040,0.365551,0.634449,0.0,-0.24590647,-0.23521131,-0.22407126,-0.21462768,-0.22620189,-0.22174174,-0.22087514,-0.20899427,-0.199749,-0.18463498,-0.17011029,-0.1612072,-0.1498493,-0.1351906,-0.12509263,-0.1122818,-0.104088545,-0.096205115,-0.0876922,-0.08347523,-0.081897855,-0.08252329,-0.08997524,-0.09000158,-0.112692535,-0.13601041,-0.14185673,-0.14478052,-0.1448164,-0.14292985,-0.1406886,-0.13303548,-0.12338227,-0.11078721,-0.09808582,-0.08753705,-0.08080524,-0.07284534,-0.06914216,-0.070109725,-0.07794887,-0.09267402,-0.11165458,-0.14204717,-0.17501992,-0.22200906,-0.1520853,0.53424394,-0.9328773,0.99394083,-0.7510517,-0.59372544,-0.5588524,-0.58506393,-0.58573717,-0.57425696,-0.588781,-0.58414567,-0.56682193,-0.54922104,-0.54364586,-0.5276643,-0.5120113,-0.49650115,-0.48203117,-0.4677046,-0.45344925,-0.4420879,-0.4268521,-0.4144255,-0.40040135,-0.3827939,-0.36765647,-0.3556388,-0.3460365,-0.33983964,-0.34054083,-0.34360468,-0.34645897,-0.35225308,-0.35709006
675,ar_a_080,0.10972,0.89028,0.0,-0.3701043,-0.36055058,-0.35215223,-0.34227496,-0.3341949,-0.32620126,-0.31840795,-0.3109783,-0.30379623,-0.29704452,-0.28861827,-0.2714948,-0.26288587,-0.25364417,-0.24370742,-0.23310965,-0.22406739,-0.2127139,-0.2023871,-0.19247425,-0.1796695,-0.16878992,-0.15515447,-0.13395882,-0.13507438,-0.13197488,-0.13135743,-0.12950373,-0.12229878,-0.11559665,-0.10948217,-0.10126841,-0.09178537,-0.08070481,-0.069903255,-0.058091044,-0.046386182,-0.035859942,-0.027215421,-0.01790142,-0.00826031,0.00035893917,0.0067635775,0.010650992,0.010975242,0.015655398,0.21746743,-0.9328773,-0.5361607,-0.9328773,-0.9328773,-0.07578945,-0.20272219,-0.21578014,-0.21770686,-0.228437,-0.22747469,-0.21987408,-0.20612419,-0.19479239,-0.181966,-0.16523385,-0.14829874,-0.1336757,-0.121432304,-0.11039442,-0.100691736,-0.0897339,-0.07911503,-0.06669986,-0.051262856,-0.034416974,-0.019977987,-0.007687986,0.0014437437,0.0068849325,0.0044053793,-0.00034815073,-0.005284548,-0.012202799,-0.017775714
678,SSC_ARCA03_20110405,0.415539,0.584461,0.0,-0.48720092,-0.48408848,-0.48047054,-0.48190826,-0.4802882,-0.48235595,-0.4862526,-0.48536927,-0.4837584,-0.47957307,-0.47546571,-0.46615374,-0.45971704,-0.45293343,-0.44614047,-0.44111264,-0.4360634,-0.4322018,-0.42839968,-0.4261238,-0.42578167,-0.42599815,-0.42591947,-0.43079,-0.44467777,-0.4605254,-0.46934807,-0.47221082,-0.47276646,-0.4729547,-0.47083437,-0.4666186,-0.45999205,-0.45282638,-0.44608164,-0.43973172,-0.4348157,-0.43040448,-0.42799932,-0.42817032,-0.43088615,-0.43784314,-0.44842523,-0.46300846,-0.4790278,-0.49201894,-0.49864596,-0.568683,-0.5738269,-0.6295978,-0.6595044,-0.6848369,-0.69837236,-0.70536256,-0.7090672,-0.70984733,-0.7091556,-0.70614517,-0.6986312,-0.6897186,-0.680802,-0.67038083,-0.6595602,-0.649084,-0.6385807,-0.62837696,-0.61819386,-0.6093988,-0.59959924,-0.59082854,-0.58164,-0.57242954,-0.56468,-0.55788606,-0.5521,-0.5477028,-0.54653275,-0.5461778,-0.54783344,-0.55164844,-0.55541307
683,SSC_ARCA12_20110405,0.354608,0.645392,0.0,-0.611068,-0.60786057,-0.60435855,-0.605315,-0.6002151,-0.60100156,-0.60192317,-0.60088825,-0.598988,-0.59619665,-0.59335005,-0.5939241,-0.588964,-0.5838204,-0.57967675,-0.5751413,-0.5708498,-0.56660223,-0.5634068,-0.5600672,-0.55700636,-0.5546094,-0.5514587,-0.5543971,-0.5599257,-0.5695923,-0.5736937,-0.5735572,-0.5724691,-0.5714636,-0.56887937,-0.56470454,-0.55934525,-0.5530642,-0.5469971,-0.5411178,-0.53590417,-0.53146017,-0.5281415,-0.5261468,-0.5262127,-0.5285711,-0.5334365,-0.54129267,-0.55006003,-0.5563524,-0.5767065,-0.5591028,-0.60469335,-0.63216054,-0.66462445,-0.69316906,-0.70425713,-0.710043,-0.7128487,-0.7133606,-0.71315,-0.7100568,-0.7031697,-0.69595087,-0.6882192,-0.67930365,-0.67016214,-0.6611537,-0.6526401,-0.6440142,-0.6358541,-0.62804234,-0.6198522,-0.61222005,-0.60372984,-0.5952153,-0.5878867,-0.58109224,-0.57556593,-0.5718442,-0.5704001,-0.57000667,-0.5705615,-0.57296175,-0.57586646
686,SSC_SALE03_20110405,0.334156,0.665844,0.0,-0.39340746,-0.3914916,-0.38841158,-0.39295542,-0.3999415,-0.40289015,-0.40743834,-0.4031247,-0.400411,-0.39398026,-0.38817298,-0.3829732,-0.37558734,-0.36721665,-0.35956872,-0.3534237,-0.34802896,-0.3443758,-0.34062672,-0.33981836,-0.34182715,-0.34514433,-0.35616684,-0.36780322,-0.3831985,-0.40527463,-0.4113329,-0.41306764,-0.41539097,-0.41731042,-0.41526318,-0.41025537,-0.40158695,-0.39226025,-0.3840587,-0.37694967,-0.37111032,-0.36700302,-0.36601937,-0.36845863,-0.37424916,-0.38613188,-0.4029168,-0.4259594,-0.4496897,-0.4746855,-0.48643875,-0.6383041,-0.5676186,-0.67441773,-0.70283556,-0.72761893,-0.7361101,-0.7401954,-0.7443454,-0.742759,-0.74014366,-0.73759025,-0.7281986,-0.7161121,-0.7039626,-0.69122005,-0.678188,-0.66558945,-0.6533191,-0.64144456,-0.62980056,-0.61950505,-0.60889363,-0.5993456,-0.5893972,-0.57955706,-0.5712557,-0.564432,-0.5583988,-0.55380833,-0.5522238,-0.5525367,-0.55656457,-0.5635462,-0.57052124
689,SSC_SALE06_20110405,0.342892,0.657108,0.0,-0.2977053,-0.29456216,-0.29185122,-0.28844696,-0.2939996,-0.29604495,-0.3036446,-0.305373,-0.30332226,-0.298738,-0.29221624,-0.28168893,-0.27396667,-0.26446962,-0.2572723,-0.24993473,-0.24445015,-0.2400496,-0.23679858,-0.23546606,-0.23346752,-0.23342347,-0.23619848,-0.24545628,-0.26634914,-0.29397464,-0.30976146,-0.3163386,-0.31969982,-0.32282162,-0.32136595,-0.31708205,-0.30928385,-0.30051118,-0.29203027,-0.28392273,-0.27800035,-0.2744608,-0.27372533,-0.27532226,-0.28113276,-0.29226285,-0.30884176,-0.3297367,-0.3528195,-0.36448687,-0.28327668,-0.34451514,-0.48508078,-0.5443895,-0.609571,-0.6605048,-0.68176997,-0.69095814,-0.69807506,-0.701368,-0.7005422,-0.6951744,-0.68594646,-0.6747205,-0.662385,-0.6479707,-0.6331988,-0.61874783,-0.60386455,-0.5899514,-0.57641894,-0.56375957,-0.5513464,-0.5401895,-0.52895194,-0.51788247,-0.50865805,-0.50077385,-0.49369872,-0.48928392,-0.48706806,-0.48788267,-0.49214643,-0.49971217,-0.5076767
695,SSC_BAPI01_20110406,0.823391,0.176609,0.0,-0.061783373,-0.058282077,-0.05412084,-0.056063592,-0.084715486,-0.093701124,-0.11052632,-0.10887098,-0.10616839,-0.09385872,-0.08278191,-0.059611022,-0.044846475,-0.030366898,-0.01534909,-0.004498601,0.0040956736,0.009983897,0.012697458,0.009533405,0.0022900105,-0.008985877,-0.034631193,-0.064128816,-0.10745269,-0.1637513,-0.18198168,-0.18853772,-0.19592136,-0.2014873,-0.20102596,-0.19434679,-0.18199909,-0.16816741,-0.15646541,-0.1464513,-0.14032292,-0.13751972,-0.13765848,-0.14590687,-0.1626249,-0.19061488,-0.22745925,-0.27268374,-0.3167439,-0.34837025,-0.4272501,-0.40695578,-0.6231829,-0.64922297,-0.7237528,-0.76906013,-0.78222877,-0.78879,-0.7945355,-0.7948643,-0.7937567,-0.7881827,-0.7782931,-0.76444507,-0.75033957,-0.7339374,-0.71728075,-0.69973326,-0.6820065,-0.66425943,-0.6475074,-0.631986,-0.61604714,-0.6011629,-0.58780366,-0.5752404,-0.5640118,-0.5542605,-0.54598665,-0.5397624,-0.5377587,-0.5378991,-0.5414625,-0.54875934,-0.55650437
698,SSC_BAPI04_20110406,0.85669,0.14331,0.0,-0.2144143,-0.21051794,-0.20667869,-0.20795476,-0.21620965,-0.22536975,-0.24110132,-0.24513793,-0.24376488,-0.23730284,-0.22889388,-0.21523088,-0.20120084,-0.18886268,-0.17690533,-0.16655856,-0.15843505,-0.15257353,-0.14870733,-0.14930522,-0.1503467,-0.15307271,-0.15894985,-0.18418682,-0.22440815,-0.27357465,-0.29765415,-0.30661154,-0.31331515,-0.31867123,-0.31766462,-0.3125735,-0.30203605,-0.2897777,-0.2788542,-0.2697708,-0.26310492,-0.25875276,-0.2585445,-0.2644152,-0.2771629,-0.2981279,-0.3279438,-0.36352164,-0.39974624,-0.4213798,-0.35911477,-0.3519817,-0.4780246,-0.6524032,-0.7253156,-0.7693817,-0.79033554,-0.79967815,-0.8058108,-0.80793434,-0.8074069,-0.80276614,-0.79448175,-0.7834109,-0.7721318,-0.75857276,-0.74428725,-0.7295214,-0.7147,-0.700029,-0.6859124,-0.6725062,-0.6592302,-0.6471338,-0.63567257,-0.62485904,-0.6157745,-0.607875,-0.60034996,-0.5953356,-0.5934552,-0.5940933,-0.59809387,-0.6051005,-0.61243534
702,SSC_BAPI08_20110406,0.548258,0.451742,0.0,-0.39906472,-0.3956957,-0.39153737,-0.39479417,-0.3996145,-0.40602714,-0.41585153,-0.41628534,-0.41452086,-0.4083805,-0.4016651,-0.38853186,-0.37684566,-0.36565626,-0.35591304,-0.34696883,-0.33939385,-0.33353233,-0.32919598,-0.32853836,-0.32877475,-0.331187,-0.3367737,-0.35395414,-0.38335824,-0.41925812,-0.43545562,-0.44139016,-0.44537228,-0.4481191,-0.44594783,-0.44087124,-0.43105304,-0.41989082,-0.40982395,-0.401523,-0.39511597,-0.3902468,-0.38882452,-0.3920753,-0.40116048,-0.41664505,-0.43958843,-0.46764982,-0.4958518,-0.5135627,-0.4336825,-0.41977954,-0.5122653,-0.6830325,-0.7511312,-0.77940845,-0.79531884,-0.8042408,-0.80927515,-0.8103724,-0.80927694,-0.8055565,-0.79913425,-0.79009557,-0.78129554,-0.77063024,-0.7591935,-0.74758494,-0.73586196,-0.7244586,-0.71337193,-0.7029516,-0.69235986,-0.68264925,-0.67323315,-0.66431415,-0.65665984,-0.6499195,-0.6439354,-0.6399919,-0.63900423,-0.64009345,-0.6436364,-0.6499083,-0.6564373
704,SSC_BAPI10_20110406,0.883361,0.116639,0.0,-0.2414828,-0.2377019,-0.2341575,-0.23682135,-0.24375981,-0.25567937,-0.27488893,-0.28018242,-0.2800033,-0.27332824,-0.26429528,-0.24723053,-0.23248094,-0.21884984,-0.20563346,-0.19508904,-0.18515587,-0.17971885,-0.17576379,-0.17512816,-0.17890567,-0.18154961,-0.18771261,-0.21964127,-0.2630114,-0.31646627,-0.34182692,-0.35184473,-0.35878474,-0.3648572,-0.36478108,-0.3588481,-0.34843022,-0.33664858,-0.3256585,-0.31705308,-0.31003165,-0.3064127,-0.30652153,-0.3128069,-0.32590246,-0.34781116,-0.3782481,-0.41291887,-0.4469543,-0.46624935,-0.49104708,-0.37710333,-0.57809186,-0.64626586,-0.7463765,-0.78641194,-0.80213636,-0.8105136,-0.8163015,-0.8176813,-0.8175547,-0.8131726,-0.80626035,-0.7967806,-0.78708506,-0.77528954,-0.7628672,-0.7499293,-0.7369095,-0.7241497,-0.71178865,-0.7002606,-0.6888467,-0.67797756,-0.667922,-0.65864575,-0.6507289,-0.6438284,-0.63775194,-0.6332861,-0.63185096,-0.6326462,-0.63579154,-0.6420679,-0.64823794
706,SSC_BAPI12_20110406,0.693462,0.306538,0.0,-0.30503333,-0.3016578,-0.29839647,-0.29841447,-0.3043791,-0.311265,-0.32446474,-0.32793576,-0.3270539,-0.3216293,-0.3141817,-0.29031008,-0.27889174,-0.26912004,-0.25880164,-0.250669,-0.24295503,-0.23814899,-0.23474264,-0.23352182,-0.23575336,-0.23807043,-0.24192852,-0.26285332,-0.29637533,-0.337579,-0.35762137,-0.36599582,-0.37151676,-0.37596357,-0.37516016,-0.3686819,-0.3583758,-0.34738028,-0.33732516,-0.32910007,-0.32237208,-0.3178391,-0.3175162,-0.32175958,-0.33175623,-0.34946758,-0.37493902,-0.40558827,-0.4368388,-0.4567997,-0.51057506,-0.3503365,-0.53492117,-0.6779677,-0.73634374,-0.77984655,-0.7973945,-0.8041584,-0.80912364,-0.8107021,-0.80986553,-0.80540603,-0.7972424,-0.78708214,-0.77625453,-0.76370287,-0.75050306,-0.73663425,-0.7229065,-0.7094602,-0.69630945,-0.68399465,-0.6716692,-0.6600408,-0.6491767,-0.63926935,-0.6307464,-0.62385035,-0.6171166,-0.6123017,-0.6114372,-0.61314774,-0.61746323,-0.6254363,-0.6329873
709,SSI_ARCA03_20110410,0.29688,0.70312,0.0,-0.55152977,-0.54853356,-0.54476523,-0.54515326,-0.54735756,-0.5483561,-0.5492854,-0.5455258,-0.5431348,-0.5385303,-0.5340059,-0.52843046,-0.52231956,-0.51643884,-0.5106822,-0.50658023,-0.50162625,-0.49726284,-0.4938391,-0.49149948,-0.49006867,-0.4901783,-0.4940259,-0.49797022,-0.505241,-0.51774424,-0.5214472,-0.5208348,-0.5210244,-0.5202485,-0.51790726,-0.513505,-0.5069653,-0.49975997,-0.4927966,-0.48712152,-0.48165888,-0.47749823,-0.47433794,-0.47350967,-0.4750837,-0.4803673,-0.4891138,-0.5023579,-0.5156375,-0.529956,-0.55360377,-0.5737411,-0.5984366,-0.65792286,-0.6831632,-0.70464694,-0.7160622,-0.7211827,-0.7252065,-0.7249143,-0.72306716,-0.72015405,-0.712504,-0.7032896,-0.6936115,-0.6829169,-0.67243135,-0.6618049,-0.6519301,-0.64209807,-0.6328378,-0.6237513,-0.614786,-0.6060032,-0.59717155,-0.5884887,-0.5806166,-0.5739904,-0.5675595,-0.5634383,-0.56183445,-0.5616315,-0.5628339,-0.5656935,-0.5696753
710,SSI_ARCA04_20110410,0.243871,0.756129,0.0,-0.4975204,-0.4939674,-0.48936927,-0.4920258,-0.491996,-0.4944831,-0.49665362,-0.493056,-0.49067134,-0.48565382,-0.4805779,-0.47331005,-0.46604657,-0.45875227,-0.4517302,-0.44655055,-0.44052202,-0.43548882,-0.43179083,-0.4289276,-0.42800766,-0.4282012,-0.4332282,-0.43913805,-0.4501298,-0.46767128,-0.47339714,-0.473553,-0.47408247,-0.47401625,-0.47141707,-0.466537,-0.45903695,-0.45064414,-0.44250017,-0.43560982,-0.42927778,-0.42475295,-0.421719,-0.42123252,-0.42414552,-0.43168342,-0.4435563,-0.4606192,-0.4778437,-0.49419343,-0.50681067,-0.5497908,-0.566046,-0.6354829,-0.68086565,-0.7029729,-0.716208,-0.72309095,-0.7283833,-0.72820204,-0.7266373,-0.72363347,-0.7158576,-0.7060175,-0.6958518,-0.68427515,-0.6727568,-0.66125655,-0.65038216,-0.63933575,-0.62905496,-0.61897945,-0.60894686,-0.5993095,-0.589767,-0.5804008,-0.57199407,-0.5644757,-0.55784273,-0.5537075,-0.55199003,-0.552027,-0.5532973,-0.5564605,-0.56125367
726,SSI_SALE04_20110410,0.345989,0.654011,0.0,-0.3224696,-0.31952918,-0.31671208,-0.31053072,-0.3278368,-0.32754743,-0.3344155,-0.33332962,-0.32914543,-0.3214022,-0.31381726,-0.29044354,-0.28187668,-0.27297598,-0.2641682,-0.25782388,-0.25092697,-0.24713308,-0.24574488,-0.24581116,-0.24653828,-0.25071567,-0.26011246,-0.27117383,-0.29222846,-0.32058382,-0.3325408,-0.33769244,-0.34192365,-0.3450169,-0.3432513,-0.3375829,-0.32881784,-0.31967026,-0.31010598,-0.30261767,-0.29696357,-0.29259562,-0.29134995,-0.29361588,-0.30120915,-0.31439406,-0.3341884,-0.35878134,-0.38393795,-0.40201122,-0.42181396,-0.4473607,-0.5463292,-0.598503,-0.6524559,-0.68581116,-0.700502,-0.7088487,-0.71458125,-0.71498215,-0.7131655,-0.7090802,-0.70030767,-0.6887673,-0.67640626,-0.66273886,-0.64841676,-0.6341496,-0.6201736,-0.6063751,-0.5932854,-0.580536,-0.5679947,-0.55618775,-0.5447264,-0.5338081,-0.5235112,-0.51528704,-0.5075896,-0.5022289,-0.49923652,-0.49971223,-0.50365454,-0.5106141,-0.5183155
730,SSI_SALE12_20110410,0.213019,0.786981,0.0,-0.3747552,-0.37204754,-0.36831492,-0.36828697,-0.38196623,-0.38346803,-0.38685519,-0.3818434,-0.37837732,-0.37083918,-0.36444044,-0.35146463,-0.3429851,-0.33494234,-0.32759666,-0.32142258,-0.3146764,-0.31094825,-0.3085909,-0.307442,-0.30847275,-0.31253177,-0.3249545,-0.3355651,-0.34976476,-0.37030065,-0.37466472,-0.37622303,-0.37830144,-0.379493,-0.37704515,-0.3709134,-0.36196506,-0.35286027,-0.34449548,-0.3377968,-0.33206898,-0.32719523,-0.32500905,-0.325983,-0.3316008,-0.3422945,-0.35757005,-0.3795684,-0.40156895,-0.4272052,-0.45884925,-0.5264162,-0.5444122,-0.61723775,-0.6493887,-0.67156863,-0.6825768,-0.68522704,-0.6891626,-0.6871865,-0.6839459,-0.6799848,-0.66951615,-0.65617335,-0.6428665,-0.62862074,-0.61449313,-0.60035014,-0.58680034,-0.5738276,-0.5612573,-0.5493505,-0.5377493,-0.52663577,-0.5158589,-0.50525117,-0.49561286,-0.48774052,-0.48076653,-0.4756359,-0.47345746,-0.47374547,-0.47773522,-0.4849072,-0.49143422
734,SSI_BAPI04_20110507,0.85202,0.14798,0.0,-0.17417741,-0.16944867,-0.16419095,-0.1623342,-0.17085844,-0.17860419,-0.19484174,-0.19842136,-0.19743699,-0.18972749,-0.17858887,-0.1803149,-0.16763735,-0.1531725,-0.14145118,-0.12934953,-0.12154776,-0.11562741,-0.1120289,-0.11129886,-0.11274731,-0.11445093,-0.11920184,-0.14721137,-0.18619686,-0.23958492,-0.26536512,-0.27506465,-0.28189337,-0.28815395,-0.2869835,-0.28033555,-0.26759338,-0.2537443,-0.24129528,-0.23056138,-0.22231781,-0.21748084,-0.21667445,-0.22097647,-0.23219633,-0.25194144,-0.28143436,-0.316832,-0.3523658,-0.36953443,-0.34303188,-0.46371382,-0.5035946,-0.5871377,-0.68952906,-0.7308423,-0.7511246,-0.7610941,-0.76739055,-0.768726,-0.76776206,-0.7623342,-0.7532613,-0.7416414,-0.72962654,-0.71520376,-0.7007154,-0.6858553,-0.67151105,-0.6575825,-0.64401907,-0.6311698,-0.61858547,-0.6063405,-0.5947652,-0.5836737,-0.5743605,-0.56620884,-0.55936044,-0.55444753,-0.55406946,-0.5563551,-0.56236064,-0.57227254,-0.58166647
735,SSI_BAPI05_20110507,0.813152,0.186848,0.0,-0.2837392,-0.27881813,-0.27289987,-0.27105337,-0.27931756,-0.28386158,-0.29523897,-0.29488975,-0.2924046,-0.2832808,-0.27295238,-0.27925396,-0.26866406,-0.25658554,-0.24679965,-0.23679543,-0.2300998,-0.22555667,-0.22286654,-0.22245371,-0.22431779,-0.22765702,-0.23303396,-0.25509644,-0.28667337,-0.32942837,-0.348189,-0.35530055,-0.3604135,-0.3652991,-0.36410266,-0.35899734,-0.3487441,-0.33773768,-0.32806748,-0.31986284,-0.31360608,-0.31012672,-0.3094678,-0.3138168,-0.32423282,-0.34219527,-0.36813706,-0.39935374,-0.43004477,-0.44789028,-0.41551346,-0.5645,-0.5891522,-0.6481621,-0.72845757,-0.76676375,-0.78100204,-0.7887051,-0.7940438,-0.79501855,-0.79399,-0.7896699,-0.7815473,-0.77130896,-0.7600627,-0.7473179,-0.7341468,-0.7204428,-0.706908,-0.6936209,-0.6806514,-0.6686733,-0.65672714,-0.6456241,-0.6354043,-0.62561685,-0.617657,-0.6104753,-0.60459715,-0.60036415,-0.5997517,-0.6009319,-0.60497576,-0.61234605,-0.61932874
744,SSI_ARCA04_20110509,0.556034,0.443966,0.0,-0.46192497,-0.4571517,-0.45165843,-0.45130473,-0.45400828,-0.45323277,-0.45385498,-0.44845212,-0.44479072,-0.43852562,-0.4327858,-0.4234314,-0.41575706,-0.40820533,-0.40128577,-0.39407682,-0.38765305,-0.38308346,-0.3781711,-0.37532115,-0.37378877,-0.37498254,-0.3815959,-0.38844413,-0.3973499,-0.41267967,-0.4164046,-0.41638416,-0.41706032,-0.41651416,-0.4138797,-0.40840358,-0.40041018,-0.3911361,-0.38225955,-0.3748747,-0.36873585,-0.3637507,-0.3600222,-0.3590963,-0.36183208,-0.36934292,-0.3809976,-0.3981204,-0.41570324,-0.43571216,-0.47386718,-0.52073085,-0.5373448,-0.5797571,-0.61220026,-0.6392288,-0.6516223,-0.6595286,-0.6640608,-0.66353714,-0.6615313,-0.6586344,-0.6501516,-0.6393212,-0.6282908,-0.6161859,-0.6043993,-0.5928278,-0.5820201,-0.5714736,-0.56127715,-0.551777,-0.54221094,-0.53258693,-0.52296096,-0.51336503,-0.5048664,-0.4980839,-0.49143893,-0.48794675,-0.4874847,-0.48825788,-0.4904397,-0.49457163,-0.49942797
750,SSC_ARCA03_20110510,0.524778,0.475222,0.0,-0.49778318,-0.49382484,-0.4890126,-0.4900785,-0.49555695,-0.49487758,-0.49529475,-0.49024934,-0.48708904,-0.4803744,-0.47450453,-0.47242993,-0.46633583,-0.45914257,-0.45280367,-0.44736785,-0.4434328,-0.4389612,-0.4361555,-0.4348039,-0.43526858,-0.4384026,-0.44707716,-0.4553386,-0.4642614,-0.48028672,-0.48380774,-0.48427892,-0.48570222,-0.4865449,-0.48411602,-0.47974962,-0.47272986,-0.46453625,-0.45732164,-0.45133454,-0.44597405,-0.4422636,-0.44027847,-0.44049746,-0.44459707,-0.45227838,-0.4643277,-0.48098844,-0.49736834,-0.5161363,-0.54673874,-0.59627414,-0.6157534,-0.64796686,-0.6796057,-0.6988344,-0.70749307,-0.7113488,-0.7150061,-0.7138331,-0.7117085,-0.70985323,-0.7021264,-0.69218814,-0.68250346,-0.67247254,-0.66251427,-0.6526989,-0.6434023,-0.6348629,-0.62649256,-0.61855006,-0.61056256,-0.60281384,-0.59459233,-0.5867227,-0.57981205,-0.57392335,-0.5685876,-0.5657762,-0.5651394,-0.5659828,-0.5682705,-0.5724906,-0.5768337
765,SSC_SALE08_20110510,0.589119,0.410881,0.0,-0.3586352,-0.35519403,-0.35215145,-0.3496048,-0.35231137,-0.353422,-0.3582083,-0.3582819,-0.3551883,-0.35052055,-0.34481704,-0.33647394,-0.328669,-0.32001305,-0.31194532,-0.30540174,-0.2979675,-0.2937538,-0.2899266,-0.2868476,-0.2855268,-0.2846437,-0.28576124,-0.29254013,-0.31047148,-0.3321758,-0.3424247,-0.3460757,-0.3487321,-0.35013974,-0.3478771,-0.34128642,-0.33191538,-0.32196486,-0.31292826,-0.30499053,-0.2987604,-0.2936722,-0.29125017,-0.29111707,-0.29495734,-0.30351585,-0.31760043,-0.33556253,-0.3555292,-0.3705572,-0.38628453,-0.39861584,-0.46707177,-0.5245081,-0.58059347,-0.61200833,-0.6284144,-0.636848,-0.64158034,-0.6424383,-0.6410047,-0.636446,-0.62789553,-0.61703324,-0.60549814,-0.59259903,-0.579468,-0.56696165,-0.5546006,-0.5428461,-0.5314566,-0.5209766,-0.51028955,-0.5001099,-0.4897279,-0.47971696,-0.47073698,-0.4632522,-0.45675343,-0.45210814,-0.4518926,-0.45385575,-0.45945954,-0.46803993,-0.47670424
770,SSC_BAPI01_20110511,0.72535,0.27465,0.0,-0.16617906,-0.16223902,-0.15870643,-0.15882516,-0.17412841,-0.18414563,-0.20375162,-0.2097522,-0.208435,-0.20135504,-0.19236988,-0.17490983,-0.16108388,-0.14636952,-0.1340329,-0.12282717,-0.11347604,-0.107667446,-0.10472596,-0.10568911,-0.1105876,-0.11645365,-0.12502867,-0.15357,-0.19843888,-0.25335616,-0.28013438,-0.29012626,-0.2979976,-0.3041491,-0.30475265,-0.29894602,-0.28871268,-0.27643096,-0.26605958,-0.25655597,-0.2502259,-0.24683583,-0.24765062,-0.25457513,-0.26850516,-0.29079843,-0.32208169,-0.35850608,-0.39503032,-0.41776067,-0.40847105,-0.3622468,-0.41572642,-0.6441488,-0.7230666,-0.7642121,-0.77552474,-0.785344,-0.79072094,-0.79216033,-0.7921324,-0.788022,-0.7796385,-0.7691027,-0.7583649,-0.7454638,-0.7320123,-0.7180798,-0.70409584,-0.6906217,-0.67731035,-0.66488194,-0.6524079,-0.6410501,-0.6300539,-0.6198096,-0.61085624,-0.60330045,-0.59656394,-0.59171885,-0.590329,-0.5912858,-0.5942847,-0.6010024,-0.60818845
771,SSC_BAPI02_20110511,0.81817,0.18183,0.0,-0.14161867,-0.13801652,-0.13474655,-0.13548017,-0.14934236,-0.16060889,-0.18171418,-0.18950331,-0.18881899,-0.18232733,-0.17317009,-0.15535986,-0.13998413,-0.12490314,-0.11125201,-0.09880304,-0.08904791,-0.0827325,-0.07922542,-0.07974851,-0.08456439,-0.09037274,-0.098501265,-0.12896848,-0.17898673,-0.23946905,-0.27021873,-0.28341657,-0.2930106,-0.30071563,-0.30180693,-0.2955386,-0.28343225,-0.26909256,-0.25698882,-0.2460981,-0.23854393,-0.23437977,-0.23559588,-0.24303454,-0.25813806,-0.28186512,-0.3159837,-0.35543305,-0.39484316,-0.419329,-0.39518297,-0.37770408,-0.40491605,-0.60731995,-0.74697447,-0.77877873,-0.7926077,-0.8022951,-0.8078819,-0.8092218,-0.80952567,-0.80526686,-0.79720974,-0.78672695,-0.77605486,-0.7634758,-0.7500367,-0.7360003,-0.72203106,-0.70839715,-0.6951721,-0.68256724,-0.66999793,-0.6586242,-0.6476276,-0.63771796,-0.6291777,-0.6219996,-0.6154331,-0.6102809,-0.6093328,-0.6105646,-0.6148617,-0.62272215,-0.63095266
774,SSC_BAPI05_20110511,0.679758,0.320242,0.0,-0.09379524,-0.09207642,-0.089983344,-0.097669005,-0.11255956,-0.13218194,-0.16279984,-0.1742422,-0.17628801,-0.17148411,-0.1617794,-0.13781834,-0.11954814,-0.101207495,-0.08403921,-0.07069516,-0.060441196,-0.05430317,-0.05237639,-0.05470407,-0.061801493,-0.07152164,-0.08816284,-0.12742561,-0.18900192,-0.2655397,-0.3010751,-0.3163061,-0.32769233,-0.33717817,-0.33918357,-0.33251196,-0.31981033,-0.3051135,-0.29200095,-0.28169137,-0.27445674,-0.2712174,-0.27337384,-0.28282803,-0.30155653,-0.32964176,-0.3673852,-0.41100013,-0.45264935,-0.4749655,-0.48609835,-0.47666186,-0.64180785,-0.6930506,-0.7857454,-0.8139627,-0.82903475,-0.83621025,-0.8406553,-0.84157693,-0.84140134,-0.83804804,-0.83104134,-0.8223679,-0.8134187,-0.80253446,-0.79109347,-0.7790966,-0.76708895,-0.75526834,-0.7438077,-0.73290205,-0.72177947,-0.7115253,-0.70209426,-0.6932443,-0.68595785,-0.6793695,-0.6729009,-0.6680043,-0.666396,-0.6673579,-0.6715597,-0.67910993,-0.68631935
777,SSC_BAPI08_20110511,0.681135,0.318865,0.0,-0.35511774,-0.35049158,-0.3455279,-0.34637827,-0.34862566,-0.3544222,-0.36516035,-0.36737132,-0.36526918,-0.3603599,-0.353063,-0.3425759,-0.33155096,-0.32025135,-0.30994016,-0.3006724,-0.29331952,-0.28775626,-0.28465122,-0.2826187,-0.28279448,-0.28441846,-0.28797758,-0.30264074,-0.33255118,-0.37115473,-0.39052325,-0.39879334,-0.40311134,-0.40647435,-0.40632665,-0.4009481,-0.39192563,-0.38118732,-0.37163007,-0.3634658,-0.35698277,-0.35250443,-0.3515398,-0.35491115,-0.36409688,-0.37898546,-0.40094584,-0.42742157,-0.45403868,-0.4679774,-0.46002692,-0.4460196,-0.5670035,-0.6401916,-0.7051095,-0.73621154,-0.75342816,-0.7628869,-0.7676879,-0.770072,-0.77042747,-0.76653254,-0.7592796,-0.75084066,-0.7419698,-0.73081094,-0.7194923,-0.70778346,-0.69616306,-0.6847172,-0.6738658,-0.6635071,-0.6530182,-0.64301145,-0.6336999,-0.624653,-0.6170017,-0.61013764,-0.60427105,-0.60023737,-0.59888935,-0.5999091,-0.6036923,-0.6100327,-0.6160649
785,CHI_CECU05_20110519,0.654995,0.345005,0.0,-0.31212538,-0.31135166,-0.30988938,-0.31494027,-0.33116132,-0.33933002,-0.35460538,-0.35942954,-0.36028558,-0.3540262,-0.3459943,-0.32846665,-0.3154413,-0.30426735,-0.29224074,-0.2824669,-0.2745278,-0.26959056,-0.26640815,-0.26681364,-0.27163625,-0.28193545,-0.3019054,-0.32221377,-0.35533702,-0.39863586,-0.41957873,-0.42867565,-0.43473268,-0.44073254,-0.44165146,-0.43627846,-0.4253633,-0.41235518,-0.40178484,-0.39363325,-0.3880853,-0.38360053,-0.3829918,-0.38732582,-0.39880133,-0.4180073,-0.44419706,-0.4772039,-0.51028764,-0.54145575,-0.56021214,-0.60979736,-0.66100246,-0.71696484,-0.7604975,-0.7879365,-0.7992759,-0.80492765,-0.80829734,-0.80764735,-0.8069801,-0.8047923,-0.79908,-0.7911132,-0.78335726,-0.7749418,-0.7664387,-0.757887,-0.7498477,-0.74200046,-0.7346048,-0.727414,-0.72029674,-0.71342456,-0.7066717,-0.6996405,-0.69346803,-0.6880251,-0.68391764,-0.68221545,-0.6826879,-0.68205225,-0.6815096,-0.6838438,-0.68838924
787,CHI_CECU07_20110519,0.643001,0.356999,0.0,-0.3170119,-0.3166784,-0.3165728,-0.31912774,-0.32972163,-0.3410498,-0.36156213,-0.37290102,-0.37565142,-0.37171984,-0.36418712,-0.34645623,-0.33249122,-0.3209988,-0.3083949,-0.29890752,-0.290457,-0.2856418,-0.28194642,-0.28216875,-0.28572345,-0.29166043,-0.30100048,-0.32436675,-0.3646295,-0.41281688,-0.44133252,-0.453053,-0.4596882,-0.4661492,-0.46697235,-0.46228272,-0.45246738,-0.4408238,-0.43082923,-0.423213,-0.41792172,-0.4139586,-0.4135579,-0.4179244,-0.42901313,-0.44745934,-0.47270954,-0.5027914,-0.53339505,-0.5527566,-0.5414624,-0.5965116,-0.6294984,-0.7092655,-0.7606581,-0.7910166,-0.8074309,-0.81475663,-0.8186802,-0.8197811,-0.8199244,-0.81720984,-0.8127986,-0.80689144,-0.8007258,-0.79314697,-0.7856103,-0.77804923,-0.77066946,-0.7632579,-0.7562937,-0.74970186,-0.74303627,-0.73630714,-0.7302598,-0.7240461,-0.7183059,-0.7133249,-0.7097107,-0.7083659,-0.70881397,-0.7083427,-0.7077947,-0.70978135,-0.7134863
793,CHC_ADFA01_20110521,0.334992,0.665008,0.0,-0.45316243,-0.44996828,-0.44768047,-0.44518757,-0.45038408,-0.45072776,-0.45536047,-0.45587987,-0.4539718,-0.45039994,-0.44526076,-0.42791933,-0.4203958,-0.41217518,-0.4054891,-0.39906496,-0.39370394,-0.3889838,-0.38472527,-0.38236624,-0.3799879,-0.3793121,-0.38023067,-0.38894975,-0.40133303,-0.4210006,-0.43072724,-0.43453664,-0.43697697,-0.43807822,-0.43695092,-0.4313177,-0.422525,-0.41313642,-0.40424752,-0.39726812,-0.3908819,-0.38577318,-0.38247532,-0.38192397,-0.38466215,-0.3914315,-0.40210664,-0.41716647,-0.43448216,-0.44895428,-0.46325856,-0.41939908,-0.57772255,-0.5487127,-0.62068534,-0.65538526,-0.675086,-0.6869333,-0.68957436,-0.6901166,-0.6922861,-0.6882585,-0.6797484,-0.6707559,-0.6633985,-0.6544514,-0.64570147,-0.63765633,-0.63012207,-0.62306935,-0.6161994,-0.61047065,-0.60381377,-0.5977839,-0.5911965,-0.58427525,-0.579278,-0.57439196,-0.57079005,-0.569783,-0.571975,-0.5736381,-0.5759392,-0.58072865,-0.5875025
795,CHC_ADFA03_20110521,0.439277,0.560723,0.0,-0.39631665,-0.3935513,-0.39075083,-0.39419687,-0.38765717,-0.39218652,-0.3984871,-0.40167415,-0.40212786,-0.4009102,-0.39746732,-0.3945831,-0.38650274,-0.37935692,-0.373307,-0.36737818,-0.3619519,-0.35804963,-0.35325557,-0.3504247,-0.34784472,-0.3465613,-0.34320772,-0.3530963,-0.36934978,-0.39198202,-0.40662277,-0.4128052,-0.41681004,-0.41901678,-0.419119,-0.4146433,-0.40598673,-0.39678276,-0.3878979,-0.38104045,-0.37500703,-0.37048995,-0.3677565,-0.36775047,-0.37129748,-0.37871772,-0.390899,-0.40704185,-0.42606562,-0.43709368,-0.43704963,-0.38927448,-0.5300046,-0.5646584,-0.6109497,-0.6626297,-0.68353045,-0.69558823,-0.70153254,-0.70479167,-0.70537734,-0.7018012,-0.6948862,-0.6865185,-0.678441,-0.66873896,-0.6589413,-0.64957523,-0.6409178,-0.63285446,-0.62493384,-0.6178611,-0.6103364,-0.60305506,-0.59500813,-0.58659697,-0.579916,-0.5734477,-0.56831026,-0.56533134,-0.56601435,-0.5666902,-0.5691706,-0.57449484,-0.5808769
796,CHC_ADFA04_20110521,0.591587,0.408413,0.0,-0.5071666,-0.50407344,-0.50187343,-0.49728036,-0.50584936,-0.50397813,-0.5062809,-0.5044675,-0.50150263,-0.49706483,-0.4915406,-0.49159735,-0.48490894,-0.47828126,-0.47298682,-0.46778262,-0.46312803,-0.45966333,-0.4558158,-0.45339286,-0.45178807,-0.4521535,-0.45471793,-0.46062875,-0.47027528,-0.4855066,-0.49221474,-0.49467176,-0.49620897,-0.49699718,-0.49572146,-0.49101478,-0.48262554,-0.47405732,-0.4657954,-0.4592992,-0.45388693,-0.4493335,-0.4462813,-0.44552475,-0.4478693,-0.4539202,-0.46364808,-0.47786278,-0.49381214,-0.50780195,-0.55451006,-0.4950956,-0.62807316,-0.64184904,-0.69003797,-0.70361125,-0.71333146,-0.7204548,-0.72372854,-0.7232887,-0.72250736,-0.7190933,-0.71102715,-0.70149505,-0.692737,-0.68331194,-0.6738305,-0.6647613,-0.6561622,-0.64791125,-0.6398501,-0.6327914,-0.62524474,-0.6179371,-0.61050135,-0.6024934,-0.59646773,-0.59019977,-0.5857413,-0.58324575,-0.5845784,-0.58506376,-0.58708274,-0.5920683,-0.5984865
802,CHC_ADFA10_20110521,0.598036,0.401964,0.0,-0.34319288,-0.34161717,-0.34010196,-0.34306097,-0.3489697,-0.35713178,-0.36908782,-0.3738541,-0.375068,-0.37141442,-0.36525577,-0.3657652,-0.3578167,-0.34584707,-0.337642,-0.32994354,-0.3236094,-0.3192116,-0.31571513,-0.3146956,-0.3158996,-0.31709313,-0.3241188,-0.34323633,-0.36720204,-0.40367615,-0.4236092,-0.43176538,-0.4369164,-0.44209516,-0.44256234,-0.4379773,-0.42812902,-0.4169442,-0.4069705,-0.39913434,-0.39332056,-0.38880372,-0.38796955,-0.390715,-0.3988346,-0.41284305,-0.43367213,-0.45930958,-0.4875304,-0.50465524,-0.51252496,-0.49793613,-0.5768943,-0.6811882,-0.729294,-0.7680124,-0.7797985,-0.78779155,-0.79303014,-0.79427284,-0.793333,-0.79052734,-0.7837152,-0.77522826,-0.7664914,-0.7568158,-0.7470412,-0.7374148,-0.7279625,-0.71896404,-0.71050674,-0.7025127,-0.6941796,-0.6864203,-0.6788281,-0.6709939,-0.66427267,-0.6583122,-0.65334725,-0.65082616,-0.6510668,-0.6518272,-0.65321934,-0.65773255,-0.663687
803,CHC_ADFA11_20110521,0.357878,0.642122,0.0,-0.5446132,-0.54210025,-0.5395329,-0.5384593,-0.53750587,-0.5404057,-0.54459953,-0.5468492,-0.5462467,-0.5443359,-0.5401132,-0.5338062,-0.52654815,-0.52159536,-0.51553524,-0.50929695,-0.50478315,-0.49976248,-0.49671972,-0.4938959,-0.49107647,-0.48935705,-0.48844665,-0.49439543,-0.506951,-0.52254593,-0.53413796,-0.5387597,-0.5402623,-0.5418818,-0.5411016,-0.5365336,-0.5287589,-0.52008337,-0.51224744,-0.5054319,-0.49923664,-0.49392784,-0.4910891,-0.4904483,-0.49232805,-0.49721295,-0.50642383,-0.51928484,-0.53466237,-0.5465879,-0.58368343,-0.5198978,-0.5262235,-0.6490911,-0.6996807,-0.7282911,-0.7397682,-0.7495703,-0.752488,-0.75424343,-0.7545478,-0.7513858,-0.74474776,-0.7368498,-0.7301798,-0.7219725,-0.7135123,-0.7053688,-0.6975718,-0.6902671,-0.6835107,-0.67703235,-0.67009795,-0.6640549,-0.65737927,-0.6505351,-0.64454675,-0.63967806,-0.63574517,-0.63367224,-0.6347447,-0.63616467,-0.6378163,-0.6420424,-0.64760303
808,SSC_ARCA04_20110606,0.411941,0.588059,0.0,-0.641859,-0.6383997,-0.6341859,-0.6316606,-0.63485533,-0.632198,-0.62935996,-0.62312055,-0.6191075,-0.61383903,-0.60938823,-0.6048876,-0.599507,-0.5948811,-0.5903748,-0.5858386,-0.58126307,-0.5776771,-0.57419586,-0.5716439,-0.5688449,-0.5666811,-0.56975245,-0.57164097,-0.57178324,-0.57766455,-0.5760441,-0.5732645,-0.571212,-0.5697737,-0.5667181,-0.56222034,-0.5563066,-0.5496384,-0.5434108,-0.53774095,-0.53290963,-0.5291426,-0.52463484,-0.5215664,-0.5207398,-0.521906,-0.5247582,-0.53080916,-0.5376757,-0.5448036,-0.56155896,-0.16869837,-0.28562164,-0.56076956,-0.5938616,-0.66075885,-0.6617546,-0.66559184,-0.6658622,-0.6647717,-0.6629453,-0.6598406,-0.65316045,-0.6447551,-0.6363236,-0.62757564,-0.6187135,-0.6110063,-0.6033493,-0.5958843,-0.5891572,-0.58245957,-0.57573843,-0.5683945,-0.56164324,-0.5540322,-0.54707515,-0.54070795,-0.53592753,-0.53318787,-0.53233206,-0.5324633,-0.5341001,-0.5366861,-0.54049337
811,SSC_ARCA09_20110606,0.392306,0.607694,0.0,-0.60588527,-0.60225976,-0.59876895,-0.59544647,-0.6013906,-0.5978571,-0.59611064,-0.5907998,-0.5874836,-0.58184564,-0.57766235,-0.5686165,-0.56397706,-0.5593817,-0.554303,-0.54891706,-0.5450491,-0.5416002,-0.53825974,-0.53520346,-0.5337,-0.5331881,-0.5344541,-0.5330703,-0.5371207,-0.54416895,-0.5436307,-0.5416502,-0.5400652,-0.5386498,-0.5353895,-0.53141224,-0.5254679,-0.51882803,-0.51199335,-0.50592077,-0.5009979,-0.49616313,-0.49181974,-0.4883939,-0.48722297,-0.48875254,-0.49230486,-0.4992308,-0.50741184,-0.5148922,-0.43031532,-0.30931377,-0.3979388,-0.50761116,-0.6273085,-0.65040225,-0.6673126,-0.6745943,-0.6801777,-0.67879486,-0.67673045,-0.6745298,-0.666949,-0.6578828,-0.6481247,-0.63771486,-0.62702787,-0.617056,-0.6078315,-0.5990242,-0.5907214,-0.58230406,-0.5749515,-0.5662873,-0.55732095,-0.5483243,-0.5399474,-0.53244877,-0.526056,-0.521506,-0.52061176,-0.52108854,-0.52174115,-0.52578825,-0.52869105
814,SSC_ARCA12_20110606,0.451786,0.548213,0.0,-0.6514418,-0.6476487,-0.64350605,-0.6422101,-0.64538974,-0.6421722,-0.63970757,-0.63394207,-0.63071156,-0.6250508,-0.6210109,-0.62227696,-0.61776364,-0.61336124,-0.6085799,-0.6041764,-0.6001917,-0.5963335,-0.5935277,-0.5901419,-0.58847487,-0.5870905,-0.58859766,-0.59034663,-0.59310883,-0.5996529,-0.598516,-0.5960499,-0.5941866,-0.5928868,-0.58956873,-0.5859469,-0.5799942,-0.57325757,-0.56677234,-0.56132245,-0.5564265,-0.5524955,-0.5484445,-0.54532814,-0.5443234,-0.54592454,-0.5493724,-0.5560858,-0.56283176,-0.56995046,-0.51344234,-0.43903822,-0.43808305,-0.5660354,-0.67559636,-0.67910135,-0.69498086,-0.6976991,-0.70091444,-0.6999319,-0.6965665,-0.6947583,-0.68856174,-0.68090975,-0.67227095,-0.66371506,-0.65525687,-0.64727473,-0.63980395,-0.63283587,-0.62621814,-0.6194421,-0.61341274,-0.6065471,-0.59924674,-0.59199166,-0.5851542,-0.5791032,-0.57414544,-0.57085615,-0.5699204,-0.5707711,-0.5706711,-0.5736348,-0.57643574
822,SSC_SALE08_20110606,0.413881,0.586119,0.0,-0.40267485,-0.39819545,-0.39334714,-0.38976812,-0.39879864,-0.3960719,-0.3957917,-0.38871145,-0.38344306,-0.37441963,-0.36609346,-0.36639357,-0.35993457,-0.3489467,-0.3427732,-0.3355989,-0.32982177,-0.32404262,-0.31961387,-0.31775486,-0.3161974,-0.31712598,-0.32423788,-0.33117747,-0.343607,-0.36082655,-0.36563683,-0.3666787,-0.36792105,-0.36881113,-0.36566663,-0.35936177,-0.350097,-0.33952755,-0.32979822,-0.32194757,-0.31500125,-0.3103863,-0.30645865,-0.30575,-0.30881637,-0.31674117,-0.32961124,-0.3471129,-0.36602974,-0.38034153,-0.33791482,-0.46632874,-0.38605326,-0.5880233,-0.5684006,-0.60775244,-0.62072116,-0.6244438,-0.6299277,-0.62901175,-0.6258842,-0.6223438,-0.61337185,-0.6011666,-0.58888555,-0.5762779,-0.5636637,-0.55147207,-0.5396631,-0.5283456,-0.51759744,-0.50793886,-0.4979787,-0.48851722,-0.4790845,-0.46867764,-0.46036834,-0.4527853,-0.4471652,-0.4428416,-0.4411708,-0.4426623,-0.44663393,-0.45442867,-0.46263158
823,SSC_SALE09_20110606,0.434955,0.565045,0.0,-0.45370758,-0.4496442,-0.4443004,-0.44853586,-0.44883698,-0.4508695,-0.45288277,-0.44794703,-0.4457476,-0.43928063,-0.43350166,-0.4286754,-0.4215681,-0.41306484,-0.40567458,-0.3978626,-0.39213222,-0.3872003,-0.3830744,-0.37945968,-0.37870538,-0.38065732,-0.38640583,-0.39479768,-0.40703797,-0.42903382,-0.43424314,-0.4341852,-0.43560523,-0.43722886,-0.43361253,-0.42895055,-0.42031097,-0.4103095,-0.40123457,-0.39360666,-0.3878876,-0.38342232,-0.37988943,-0.37893915,-0.38242233,-0.3908744,-0.4033336,-0.42104727,-0.4392892,-0.4532138,-0.4180529,-0.3004288,-0.4390583,-0.51965,-0.6433531,-0.66602755,-0.6853993,-0.6913471,-0.6948694,-0.6945044,-0.6918645,-0.68954337,-0.6822681,-0.67196536,-0.66116965,-0.6496862,-0.63835835,-0.6272825,-0.61673987,-0.6066961,-0.59689415,-0.58757985,-0.57902694,-0.5696385,-0.56065845,-0.55149347,-0.5427836,-0.53559273,-0.5297493,-0.52561975,-0.524397,-0.5254934,-0.52900934,-0.53571147,-0.54217684
854,CHI_ADFA08_20110609,0.527218,0.472782,0.0,-0.47228825,-0.47148353,-0.47104657,-0.46502697,-0.4770903,-0.47792214,-0.48647773,-0.4907201,-0.49014747,-0.4866764,-0.4819497,-0.46667063,-0.45804054,-0.45217115,-0.44496638,-0.43949765,-0.43461853,-0.43098062,-0.42942488,-0.42804068,-0.42907143,-0.42923868,-0.43354654,-0.44145882,-0.46015096,-0.48284698,-0.49940288,-0.50524306,-0.5092615,-0.5120003,-0.51259595,-0.5084826,-0.5011197,-0.4927861,-0.48544604,-0.47942805,-0.47486097,-0.4709047,-0.468486,-0.4685608,-0.472084,-0.47993457,-0.4922318,-0.50841266,-0.52642846,-0.53946906,-0.546718,-0.58790004,-0.59517014,-0.63559806,-0.6812705,-0.71983874,-0.73600376,-0.74658525,-0.75126505,-0.75332594,-0.75329584,-0.75019234,-0.7446992,-0.73791695,-0.73096347,-0.72243345,-0.7143487,-0.7064704,-0.6987392,-0.691521,-0.6847172,-0.6781165,-0.67182344,-0.66516733,-0.6585703,-0.65196264,-0.6455932,-0.6406956,-0.63642764,-0.63451666,-0.6351024,-0.635748,-0.6367581,-0.6402205,-0.64502776
858,CHI_CECU02_20110609,0.438703,0.561297,0.0,-0.46314192,-0.46219152,-0.46108502,-0.46034712,-0.46600282,-0.4697429,-0.47830802,-0.48260325,-0.4831012,-0.48020387,-0.47519398,-0.4678151,-0.45868707,-0.45304912,-0.4461853,-0.44102913,-0.4357832,-0.4313959,-0.42922527,-0.42710048,-0.42694598,-0.42702287,-0.4316225,-0.4385972,-0.4571231,-0.4792186,-0.49545538,-0.5015807,-0.5046941,-0.5067479,-0.5067637,-0.5023849,-0.49505204,-0.4861331,-0.47859883,-0.4721383,-0.4671862,-0.46251112,-0.46010178,-0.46024054,-0.46384054,-0.47197646,-0.48509777,-0.50290966,-0.52336705,-0.5401273,-0.5582946,-0.60108966,-0.60604376,-0.6489806,-0.7003448,-0.73220074,-0.74715745,-0.7564553,-0.76062226,-0.7617092,-0.76221687,-0.7592447,-0.75361824,-0.7472116,-0.7410562,-0.7329811,-0.7254228,-0.71792376,-0.7106101,-0.70368135,-0.6970309,-0.69058776,-0.6843519,-0.67782557,-0.6718495,-0.6651454,-0.65888315,-0.6542169,-0.6499858,-0.64846694,-0.6493099,-0.6488687,-0.6479302,-0.6501311,-0.65413463
865,CHI_CECU09_20110609,0.915743,0.0842574,0.0,-0.43087894,-0.43023193,-0.42921638,-0.43194127,-0.43869555,-0.44536424,-0.45725584,-0.4629693,-0.46410096,-0.4613344,-0.4556598,-0.4359215,-0.42680132,-0.41774845,-0.40865964,-0.40282983,-0.39603102,-0.39181322,-0.3898462,-0.38813245,-0.38927555,-0.3916229,-0.39887106,-0.41398036,-0.43916953,-0.4710728,-0.49090493,-0.49909216,-0.50326633,-0.50689304,-0.5073477,-0.5029982,-0.49431443,-0.48426712,-0.47537023,-0.46806198,-0.46260983,-0.4590289,-0.45816362,-0.46053594,-0.46779436,-0.4805748,-0.5002544,-0.5240521,-0.54928946,-0.5692949,-0.5890988,-0.6407936,-0.65440655,-0.71377206,-0.7618373,-0.79018086,-0.8046,-0.81042373,-0.8141437,-0.8137305,-0.8131784,-0.8110758,-0.8055866,-0.7986089,-0.7918995,-0.78428876,-0.7762854,-0.76870227,-0.7610669,-0.75397813,-0.74682444,-0.74041533,-0.733742,-0.72715163,-0.7207818,-0.71450895,-0.7083859,-0.7031281,-0.6995326,-0.69740057,-0.6972183,-0.6970506,-0.6968149,-0.69910836,-0.70308024
867,CHI_CECU11_20110609,0.929749,0.070251,0.0,-0.37938863,-0.37929296,-0.37864268,-0.38435906,-0.3924685,-0.4024493,-0.4188509,-0.42731982,-0.4295926,-0.4267435,-0.41974753,-0.40028518,-0.388646,-0.37710667,-0.36589795,-0.35826355,-0.34966815,-0.3444513,-0.3416797,-0.3403511,-0.34227878,-0.34591985,-0.35702974,-0.37954342,-0.41142607,-0.45211154,-0.4770872,-0.48657835,-0.49160004,-0.4962271,-0.49744338,-0.49272078,-0.48273712,-0.47065645,-0.4600098,-0.45181674,-0.44555646,-0.4416963,-0.44126397,-0.44450086,-0.45377493,-0.46965408,-0.4934941,-0.5219928,-0.5516353,-0.57286847,-0.59918785,-0.6477841,-0.6817657,-0.7201339,-0.7784322,-0.8089361,-0.81997734,-0.8250406,-0.8280752,-0.82791877,-0.8272712,-0.8251636,-0.82056975,-0.81394136,-0.8076963,-0.80023336,-0.792966,-0.7856096,-0.77859426,-0.7719518,-0.76541793,-0.7595047,-0.75341004,-0.74757016,-0.7419696,-0.7358465,-0.7308003,-0.72596824,-0.72306705,-0.7216221,-0.72253084,-0.7227489,-0.7223796,-0.72441846,-0.7286324
868,CHI_CECU12_20110609,0.825763,0.174237,0.0,-0.43838674,-0.43806672,-0.43719286,-0.44290257,-0.44633025,-0.45490193,-0.46809036,-0.47508007,-0.47728163,-0.47542578,-0.47015095,-0.45494545,-0.4459415,-0.43574983,-0.42685044,-0.42045116,-0.41383123,-0.40896213,-0.40604913,-0.40465814,-0.40599132,-0.4084102,-0.4147917,-0.4308725,-0.45697027,-0.49000686,-0.51110744,-0.52046275,-0.52501225,-0.52963424,-0.5304451,-0.52619636,-0.51750124,-0.50693035,-0.4976895,-0.49023187,-0.48477238,-0.48058814,-0.47933483,-0.4811988,-0.48834026,-0.501014,-0.5203756,-0.54443383,-0.57015014,-0.59059906,-0.6072751,-0.6311671,-0.67102665,-0.72042704,-0.7699435,-0.7987454,-0.8113072,-0.8188541,-0.8222505,-0.8221736,-0.8226386,-0.8205192,-0.81602865,-0.8103512,-0.8048156,-0.7980778,-0.7915739,-0.78495485,-0.7783512,-0.77263117,-0.7668621,-0.76155734,-0.75561124,-0.7505782,-0.745509,-0.73992574,-0.7351622,-0.7308729,-0.72777784,-0.72642285,-0.7269311,-0.726873,-0.7268883,-0.72940624,-0.7334176
873,SSC_BAPI05_20110615,0.52858,0.47142,0.0,-0.17884326,-0.17791712,-0.17897588,-0.17077082,-0.21160012,-0.21997291,-0.24505407,-0.25291717,-0.25165015,-0.24242604,-0.23180991,-0.20252913,-0.18766552,-0.17206788,-0.1581195,-0.14473915,-0.13615674,-0.13188136,-0.12954056,-0.13505071,-0.14185554,-0.1555295,-0.1701898,-0.21061909,-0.26288372,-0.33038348,-0.35968345,-0.37251103,-0.38165754,-0.3915161,-0.39234102,-0.3869598,-0.37413043,-0.360354,-0.34835202,-0.33770996,-0.33109045,-0.32827395,-0.3292387,-0.3373086,-0.35264945,-0.37733376,-0.41089827,-0.44907475,-0.48592657,-0.5021416,-0.46158862,-0.48758173,-0.36342704,0.21618521,-0.6866994,-0.8240737,-0.829192,-0.83541405,-0.8415412,-0.84100735,-0.84068716,-0.8373367,-0.83111477,-0.8225657,-0.81368226,-0.803442,-0.7926297,-0.7816676,-0.7703792,-0.7591876,-0.74847424,-0.7382592,-0.7281547,-0.7185596,-0.7094457,-0.70121497,-0.6945082,-0.6890906,-0.6833441,-0.6785703,-0.6776674,-0.6788205,-0.68340737,-0.6912111,-0.69933295
878,SSC_BAPI10_20110615,0.870311,0.129689,0.0,-0.2204271,-0.21846843,-0.21759367,-0.21152014,-0.2524773,-0.2599073,-0.28003508,-0.28279984,-0.280057,-0.26915962,-0.25739294,-0.22890836,-0.21354032,-0.1978085,-0.18247515,-0.17128354,-0.16245401,-0.1576581,-0.1571449,-0.15913278,-0.1660304,-0.17590886,-0.1949547,-0.23189944,-0.28127158,-0.3445884,-0.37245286,-0.38356757,-0.39308226,-0.40140748,-0.40232688,-0.396937,-0.38463455,-0.370995,-0.35899514,-0.34999818,-0.34327227,-0.3408292,-0.3417166,-0.34982538,-0.36534315,-0.38954115,-0.4224394,-0.46010566,-0.49750733,-0.5136336,-0.49997896,0.07319963,0.53283095,-0.36744696,-0.591411,-0.81145805,-0.83932436,-0.8403157,-0.8453275,-0.84572613,-0.8444398,-0.84161276,-0.83521813,-0.8261605,-0.81766456,-0.80731875,-0.79632246,-0.78506756,-0.7736639,-0.7620746,-0.7514166,-0.741019,-0.73048496,-0.72127736,-0.71240866,-0.7043034,-0.69788826,-0.69175637,-0.68647516,-0.682607,-0.68182933,-0.6832245,-0.68694186,-0.6942109,-0.70174843
889,SSC_BAPI09_20120113,0.55332,0.44668,0.0,-0.45369154,-0.44749004,-0.44066447,-0.431347,-0.42879558,-0.42845702,-0.43027598,-0.4267767,-0.42336166,-0.42024082,-0.41047752,-0.40125126,-0.3920619,-0.3828646,-0.374281,-0.36446828,-0.3562408,-0.34859747,-0.345999,-0.34253943,-0.34120387,-0.338701,-0.3374468,-0.3418507,-0.36232895,-0.38522327,-0.40045375,-0.40713668,-0.411686,-0.41431618,-0.41225153,-0.40510207,-0.39450687,-0.3818388,-0.37042385,-0.36030656,-0.3506425,-0.34247655,-0.33844745,-0.33727992,-0.34139973,-0.35096836,-0.36653954,-0.38640326,-0.40811265,-0.4237997,-0.43652195,-0.45884526,-0.4885301,-0.5532627,-0.6151572,-0.66300845,-0.68709147,-0.70039105,-0.70721287,-0.71085906,-0.7110643,-0.7072263,-0.7002286,-0.6912716,-0.6815252,-0.67054504,-0.6576829,-0.64621174,-0.6348601,-0.6231894,-0.6124394,-0.6023275,-0.59139156,-0.58231187,-0.5731295,-0.5628102,-0.556423,-0.5512494,-0.54507715,-0.5425474,-0.54434156,-0.54799455,-0.5565131,-0.56581116,-0.5761072
890,SSC_BAPI11_20120113,0.591246,0.408754,0.0,-0.3183002,-0.31237358,-0.3064173,-0.30009007,-0.29960704,-0.30291378,-0.31073046,-0.30983716,-0.3085538,-0.30456817,-0.2943868,-0.28201574,-0.27013028,-0.25820363,-0.24654055,-0.23540753,-0.22678035,-0.21758401,-0.21261472,-0.20712805,-0.20580494,-0.20286858,-0.20405692,-0.21337706,-0.24272496,-0.27929372,-0.29991233,-0.30800116,-0.3128261,-0.31687087,-0.3143102,-0.30544555,-0.29094708,-0.2733603,-0.258004,-0.2443502,-0.23315477,-0.22528446,-0.22026068,-0.22000307,-0.22713643,-0.23989213,-0.26159775,-0.2894312,-0.31896746,-0.33772904,-0.36212188,-0.39384103,-0.44572347,-0.5343149,-0.6004374,-0.649482,-0.6781014,-0.692312,-0.7003017,-0.70402455,-0.70234275,-0.6963924,-0.6875716,-0.6758652,-0.6634152,-0.64970183,-0.63304436,-0.61842036,-0.60356784,-0.5891615,-0.57527304,-0.5630833,-0.5485214,-0.5367737,-0.5247054,-0.5129826,-0.504781,-0.49804252,-0.48939872,-0.48560405,-0.4866351,-0.4916259,-0.5038197,-0.517763,-0.5325756
897,SSC_ARCA08_20120126,0.556187,0.443813,0.0,-0.54676545,-0.5428935,-0.53873837,-0.53832054,-0.5421608,-0.54019785,-0.53668517,-0.5294914,-0.5244484,-0.51943266,-0.514638,-0.50792944,-0.50252295,-0.4965524,-0.49226356,-0.48557884,-0.48096442,-0.4779153,-0.4730171,-0.46970004,-0.46772295,-0.4668727,-0.47401297,-0.47431827,-0.47385478,-0.4812463,-0.47720438,-0.4734261,-0.47111732,-0.46876228,-0.46581477,-0.46054548,-0.45328367,-0.4451871,-0.43707097,-0.43040395,-0.42464316,-0.41943055,-0.41470933,-0.41148388,-0.41050804,-0.4125741,-0.41781074,-0.4271251,-0.43852192,-0.4534157,-0.3680485,-0.3371957,-0.11771524,-0.34187734,-0.59981406,-0.6284482,-0.61761516,-0.61943936,-0.6238438,-0.6193956,-0.6157656,-0.61329186,-0.6022788,-0.59076405,-0.5775052,-0.5648124,-0.55224407,-0.539904,-0.52866805,-0.5177034,-0.50773555,-0.49883986,-0.48946148,-0.48080873,-0.47063547,-0.45997816,-0.4507907,-0.44185567,-0.4352435,-0.43052757,-0.42851228,-0.42854774,-0.4312868,-0.43621933,-0.44185662
905,SSC_SALE06_20120126,0.717607,0.282393,0.0,-0.37139887,-0.36869663,-0.36483836,-0.36911982,-0.37396908,-0.37738,-0.38020122,-0.3743049,-0.37186706,-0.36578947,-0.35940182,-0.3524618,-0.34367543,-0.3365811,-0.32867193,-0.3211087,-0.31655848,-0.31253225,-0.30794275,-0.30561543,-0.30636322,-0.30932444,-0.31990194,-0.32941246,-0.3435611,-0.3668282,-0.37498534,-0.37672704,-0.37986058,-0.38212538,-0.3804965,-0.3746857,-0.36591005,-0.35474682,-0.34425753,-0.3364479,-0.33110183,-0.32644004,-0.32384247,-0.32478392,-0.32953036,-0.33949208,-0.35573483,-0.37863797,-0.40318578,-0.42496246,-0.3245749,-0.34854776,-0.13569301,-0.2695518,-0.7135621,-0.71083933,-0.69722986,-0.6999161,-0.70682603,-0.7037947,-0.7032758,-0.69969356,-0.6905206,-0.6788024,-0.6661037,-0.65298116,-0.6403285,-0.6269746,-0.61409056,-0.6021698,-0.5905328,-0.580917,-0.5696643,-0.5605298,-0.5501393,-0.5389232,-0.5301635,-0.5220306,-0.5161606,-0.5115499,-0.50978076,-0.5116643,-0.51775336,-0.52752244,-0.53835696
907,SSC_SALE09_20120126,0.674967,0.325033,0.0,-0.33898407,-0.3359126,-0.33408362,-0.32817805,-0.33903366,-0.33875144,-0.34395438,-0.3431294,-0.33866757,-0.33062845,-0.32320124,-0.30362886,-0.29044098,-0.2837519,-0.2746364,-0.26732028,-0.2631833,-0.25710094,-0.2530312,-0.25245935,-0.25147575,-0.2534399,-0.26188576,-0.2657907,-0.2828185,-0.3083837,-0.32113922,-0.32576805,-0.32925177,-0.33123612,-0.32892978,-0.3232392,-0.31472296,-0.30368322,-0.2942921,-0.28633028,-0.2809214,-0.27676463,-0.2738703,-0.2735814,-0.27934688,-0.291108,-0.30626708,-0.3310989,-0.3534088,-0.3667472,-0.3321259,0.5015694,-0.19378424,-0.47129816,-0.62845564,-0.6859945,-0.68378925,-0.69207966,-0.69661355,-0.6988387,-0.69753873,-0.6922568,-0.6823479,-0.6699405,-0.6572478,-0.6420963,-0.6267624,-0.6120281,-0.5964238,-0.5818455,-0.567791,-0.5557764,-0.54302645,-0.53124154,-0.51815546,-0.50788957,-0.49675888,-0.48753053,-0.48063946,-0.47529912,-0.47339058,-0.47514278,-0.48033392,-0.49055803,-0.5004258
943,CHC_CEME10_20120128,0.752289,0.247711,0.0,-0.20645219,-0.20454198,-0.20272416,-0.20359069,-0.21217942,-0.22081429,-0.23635739,-0.24383897,-0.24588716,-0.24260366,-0.23218507,-0.23005724,-0.21703899,-0.2080059,-0.19676256,-0.18602407,-0.17921066,-0.17506975,-0.17093468,-0.16987544,-0.17128354,-0.17365515,-0.18663794,-0.20711672,-0.23682803,-0.2807384,-0.3068996,-0.3193969,-0.32705605,-0.33225298,-0.3333884,-0.32725382,-0.31547123,-0.3028882,-0.29216886,-0.28183848,-0.2748875,-0.26966333,-0.2693621,-0.27442402,-0.28406078,-0.3022287,-0.32918876,-0.3635704,-0.40095234,-0.43370992,-0.46737128,-0.5262555,-0.5556091,-0.64253724,-0.7175882,-0.7589257,-0.77992666,-0.7901964,-0.7948869,-0.7960688,-0.7949923,-0.7924752,-0.7847715,-0.775457,-0.7658033,-0.7551626,-0.74355125,-0.7325096,-0.7211871,-0.7110488,-0.7007973,-0.6919898,-0.6814656,-0.672492,-0.6639421,-0.6545924,-0.6475489,-0.6401254,-0.6353039,-0.63465226,-0.6355066,-0.6358695,-0.63535666,-0.63784707,-0.64323926
947,SSC_BAPI04_20120223,0.690698,0.309302,0.0,-0.32775086,-0.3229863,-0.31844753,-0.31046087,-0.32604235,-0.3240798,-0.33039433,-0.33013058,-0.32591635,-0.31727862,-0.306467,-0.27605402,-0.26476735,-0.25281328,-0.24307835,-0.22928679,-0.22190946,-0.21531063,-0.2096734,-0.20605135,-0.20562428,-0.2080087,-0.21381474,-0.22791296,-0.25345385,-0.28984028,-0.30777997,-0.31509775,-0.32003033,-0.32377028,-0.3221659,-0.3141824,-0.30192226,-0.28656864,-0.2735312,-0.26239824,-0.25459695,-0.24723524,-0.24454379,-0.24560094,-0.2521953,-0.26515043,-0.28787017,-0.31584847,-0.34650433,-0.36578113,-0.32237488,0.17964649,-0.4024042,-0.62350065,-0.6594431,-0.68743384,-0.6987097,-0.7114366,-0.71848655,-0.71892756,-0.718562,-0.71472377,-0.7051682,-0.6941981,-0.6831163,-0.6690171,-0.6554069,-0.6407284,-0.62678766,-0.6134038,-0.60058033,-0.5889907,-0.5772456,-0.56626475,-0.55408853,-0.5434256,-0.53471905,-0.52722424,-0.52050805,-0.5155654,-0.5157056,-0.51971376,-0.5284119,-0.5417719,-0.5534402
954,SSC_BAPI12_20120223,0.715776,0.284224,0.0,-0.42309767,-0.4178397,-0.41307473,-0.4104129,-0.4101268,-0.41147578,-0.4183156,-0.4178686,-0.41485095,-0.41048473,-0.40314537,-0.38685763,-0.3775918,-0.36754882,-0.35865766,-0.3484162,-0.34200644,-0.33506203,-0.3302796,-0.325379,-0.32239878,-0.32001483,-0.31910032,-0.3292123,-0.3477826,-0.37848133,-0.39514267,-0.40020853,-0.40326756,-0.40441382,-0.4011863,-0.39491546,-0.38431644,-0.37108618,-0.35962045,-0.3495916,-0.3409313,-0.33498323,-0.3317088,-0.3312359,-0.33565885,-0.34581196,-0.3619753,-0.3840599,-0.40730393,-0.41760463,-0.432392,-0.25210422,-0.4572832,-0.6150993,-0.6426914,-0.7068143,-0.713216,-0.7213027,-0.72788155,-0.7289286,-0.72865534,-0.72420377,-0.71494913,-0.7050941,-0.6944933,-0.68227017,-0.6697824,-0.6562046,-0.64335847,-0.63087785,-0.61876404,-0.6074876,-0.5960555,-0.58567595,-0.5749606,-0.5642296,-0.55564684,-0.5483276,-0.5417199,-0.538238,-0.5385194,-0.54200983,-0.549777,-0.5600631,-0.56981134
967,CHI_CECU04_20120225,0.655201,0.344799,0.0,-0.2791087,-0.27739388,-0.27631295,-0.2756186,-0.28213167,-0.29014271,-0.30731845,-0.3165902,-0.3185631,-0.31451058,-0.3076179,-0.29574543,-0.2833637,-0.2747457,-0.26331174,-0.2533986,-0.2455054,-0.23890978,-0.23682332,-0.23437929,-0.23445326,-0.2358411,-0.23896277,-0.26005632,-0.29317313,-0.3356884,-0.36438924,-0.3749209,-0.38075495,-0.38580465,-0.38633066,-0.3819148,-0.37062383,-0.35826558,-0.34756756,-0.33773518,-0.33112222,-0.32756191,-0.3256024,-0.32782578,-0.33581752,-0.35112,-0.3741824,-0.40242523,-0.4329012,-0.44668806,-0.44520605,-0.4806673,-0.53179467,-0.6168977,-0.67596257,-0.71994334,-0.74096596,-0.7519616,-0.75715774,-0.75988674,-0.75974655,-0.7569926,-0.75158215,-0.7446307,-0.7371036,-0.72798645,-0.7186421,-0.70946383,-0.69987273,-0.69105136,-0.6823946,-0.6743949,-0.66574156,-0.65779537,-0.64963686,-0.6413665,-0.6345551,-0.62893796,-0.6237191,-0.62182856,-0.62244606,-0.6230056,-0.6235584,-0.62676835,-0.6320083
968,CHI_CECU05_20120225,0.673024,0.326976,0.0,-0.28309548,-0.28182542,-0.27898198,-0.28945214,-0.31295496,-0.31972456,-0.3308817,-0.32739866,-0.3263604,-0.31656379,-0.30787545,-0.2923168,-0.28110284,-0.26661706,-0.25369555,-0.24416173,-0.23625761,-0.22977102,-0.22466904,-0.22367257,-0.22933346,-0.24201423,-0.27762592,-0.30132174,-0.32334614,-0.36380786,-0.3744262,-0.37916058,-0.38266027,-0.38725704,-0.38589782,-0.37977695,-0.3660329,-0.35035318,-0.33718383,-0.3263691,-0.31952614,-0.31454754,-0.3121156,-0.31577677,-0.3265823,-0.3472047,-0.37534767,-0.41396672,-0.45121747,-0.50408494,-0.5981567,-0.6591538,-0.670115,-0.7189686,-0.74490666,-0.7627132,-0.7702204,-0.7724658,-0.77460307,-0.7717681,-0.7681017,-0.7678899,-0.75926894,-0.7475809,-0.7366023,-0.7262404,-0.7161478,-0.7064259,-0.69743013,-0.6894375,-0.6815244,-0.6743204,-0.66723764,-0.6593001,-0.65168524,-0.6448082,-0.63791066,-0.63241065,-0.62861794,-0.6278155,-0.6298596,-0.62981266,-0.6295583,-0.6326079,-0.638695
969,CHI_CECU07_20120225,0.675026,0.324974,0.0,-0.20552051,-0.20508695,-0.20340073,-0.21395653,-0.24363935,-0.25579023,-0.27624393,-0.27835572,-0.27907586,-0.2687981,-0.2572922,-0.22863263,-0.21337306,-0.19427532,-0.1781838,-0.1662814,-0.1559375,-0.14955413,-0.14560866,-0.14588755,-0.1542409,-0.17204762,-0.21153146,-0.24199319,-0.2822563,-0.3388155,-0.3613897,-0.371103,-0.3772995,-0.3845479,-0.38390392,-0.37781888,-0.36359215,-0.34744775,-0.33381444,-0.32271242,-0.3164419,-0.31137168,-0.3108434,-0.31764388,-0.33321303,-0.35953778,-0.3950541,-0.44032145,-0.48341846,-0.53472555,-0.61659896,-0.6828861,-0.6913862,-0.7502899,-0.7881208,-0.80575967,-0.81373143,-0.8178171,-0.82054895,-0.8190556,-0.8164315,-0.8151707,-0.80826354,-0.7988488,-0.7891088,-0.7798217,-0.7701236,-0.76085854,-0.75151426,-0.7431023,-0.7348697,-0.72731054,-0.7193242,-0.7118559,-0.7043264,-0.6969433,-0.69053394,-0.6853699,-0.6813586,-0.6796163,-0.6817466,-0.68166614,-0.6810585,-0.68437034,-0.6893258
975,CHC_ADFA02_20120226,0.526392,0.473608,0.0,-0.61708236,-0.6149076,-0.6121954,-0.60899913,-0.6099152,-0.6093424,-0.61091787,-0.61042714,-0.6093037,-0.6062714,-0.601115,-0.5890323,-0.58247864,-0.5755293,-0.56926817,-0.5653973,-0.5582715,-0.55599254,-0.5511651,-0.54858714,-0.54605377,-0.54427147,-0.5460909,-0.5500606,-0.5578588,-0.56991446,-0.57707345,-0.5810312,-0.58134156,-0.5832268,-0.58198875,-0.57776487,-0.56984556,-0.56030095,-0.5529689,-0.5453967,-0.5400971,-0.5350687,-0.5307866,-0.52830005,-0.5288191,-0.5319425,-0.5391562,-0.5501591,-0.5627987,-0.57361275,-0.59076995,-0.6117129,-0.62372047,-0.66321987,-0.6964741,-0.7250527,-0.74105823,-0.7498791,-0.75450414,-0.75564545,-0.7546045,-0.7521031,-0.74682784,-0.74038875,-0.732823,-0.7251618,-0.71691334,-0.70980084,-0.7026755,-0.6957592,-0.68940103,-0.6835329,-0.6775869,-0.6708441,-0.6640357,-0.6572387,-0.6517108,-0.6465746,-0.6425761,-0.6412924,-0.6433141,-0.64538753,-0.64844227,-0.6538249,-0.6609502
979,CHC_ADFA06_20120226,0.773373,0.226627,0.0,-0.54915464,-0.5466957,-0.544314,-0.5459734,-0.54483235,-0.5472569,-0.5517135,-0.55506885,-0.55609417,-0.5537068,-0.54920566,-0.5441032,-0.5381638,-0.53133917,-0.5252194,-0.5189886,-0.5141152,-0.5093316,-0.5069219,-0.50469697,-0.50485814,-0.5067131,-0.51019776,-0.5177532,-0.53227425,-0.5520482,-0.5648669,-0.5733403,-0.57681644,-0.5789664,-0.58065176,-0.5772321,-0.56978756,-0.5596361,-0.55182755,-0.5458642,-0.5406295,-0.5355621,-0.5338125,-0.5336389,-0.53734934,-0.54578507,-0.55819416,-0.57514024,-0.5942588,-0.6140523,-0.6397337,-0.6544157,-0.6753963,-0.7184143,-0.7542106,-0.78131753,-0.795932,-0.80390084,-0.80811244,-0.8092654,-0.8092755,-0.80762255,-0.8032519,-0.79704714,-0.7914005,-0.78457105,-0.77807754,-0.7715443,-0.7655316,-0.75971377,-0.7541756,-0.74897647,-0.7432629,-0.73822886,-0.73302126,-0.72708994,-0.72307837,-0.71978396,-0.71677977,-0.7152174,-0.71724,-0.7183678,-0.7206937,-0.7250148,-0.73074734
980,CHC_ADFA08_20120226,0.507584,0.492416,0.0,-0.5483102,-0.5443376,-0.5401876,-0.5392937,-0.5456686,-0.542412,-0.5395528,-0.53327173,-0.5306624,-0.52390707,-0.5180191,-0.5181263,-0.5141124,-0.50667995,-0.50264,-0.49545395,-0.49022633,-0.48664927,-0.482176,-0.478998,-0.47630203,-0.47857207,-0.48573995,-0.49022818,-0.49066395,-0.49822295,-0.4984007,-0.49649942,-0.49622977,-0.49653488,-0.49280554,-0.487832,-0.4782589,-0.46803844,-0.45898402,-0.45052236,-0.4438159,-0.43819225,-0.43301404,-0.4296111,-0.4288746,-0.43074352,-0.43711984,-0.44856542,-0.46210754,-0.4885959,-0.5482539,-0.57448447,-0.5717098,-0.5931117,-0.61632144,-0.6372559,-0.6455411,-0.6493282,-0.65305674,-0.65048325,-0.64456666,-0.64239395,-0.63313705,-0.62066543,-0.60822356,-0.5970518,-0.5859785,-0.5755328,-0.56622463,-0.55788386,-0.5504326,-0.54236233,-0.5350021,-0.5266408,-0.5179764,-0.509272,-0.5015278,-0.49419802,-0.48968422,-0.48666894,-0.48783815,-0.48947883,-0.4927364,-0.4980967,-0.50502044
981,CHC_ADFA09_20120226,0.588589,0.411411,0.0,-0.6484344,-0.64604056,-0.6436124,-0.6423317,-0.63959074,-0.63820446,-0.638693,-0.6376958,-0.63635206,-0.6340578,-0.63193905,-0.6311102,-0.6269115,-0.6227672,-0.61963,-0.6159057,-0.6126936,-0.6095269,-0.6059514,-0.6031388,-0.6000911,-0.5978842,-0.5967113,-0.5960557,-0.5986098,-0.6036862,-0.60668063,-0.6079685,-0.60795015,-0.6068503,-0.60481554,-0.6017183,-0.5949732,-0.5876473,-0.58112943,-0.5758085,-0.5707271,-0.5659057,-0.5622424,-0.5590286,-0.55801916,-0.55817175,-0.56064117,-0.5656401,-0.5723982,-0.5791385,-0.5838611,-0.59116864,-0.6065569,-0.6314848,-0.65893394,-0.68254006,-0.69719094,-0.7056073,-0.7102021,-0.7108984,-0.70932215,-0.7065284,-0.7006591,-0.69405437,-0.68735003,-0.6797805,-0.67195576,-0.6648203,-0.65796113,-0.6518588,-0.64590514,-0.6402632,-0.6342944,-0.62819684,-0.6219281,-0.61549544,-0.60948384,-0.605156,-0.60177016,-0.59995425,-0.6006769,-0.6019946,-0.6049082,-0.6093868,-0.6150551
988,CHC_ARGL03_20120226,0.848343,0.151657,0.0,-0.17536247,-0.17573947,-0.17789829,-0.1867131,-0.202923,-0.22486281,-0.2583657,-0.27305818,-0.27731198,-0.27522922,-0.26571178,-0.24092555,-0.22564948,-0.2072084,-0.18873715,-0.171974,-0.16155279,-0.15416473,-0.15145648,-0.15252548,-0.15858376,-0.16985762,-0.18774611,-0.22013038,-0.27146077,-0.33274883,-0.36840445,-0.38278854,-0.39082843,-0.39764118,-0.40110677,-0.39697826,-0.38630676,-0.37309206,-0.3608818,-0.35088086,-0.3449865,-0.3409552,-0.34090972,-0.3463266,-0.35914284,-0.37950867,-0.40851396,-0.442913,-0.47684622,-0.503467,-0.53632444,-0.57807183,-0.6106366,-0.6767874,-0.73048127,-0.7643362,-0.78084904,-0.7886584,-0.7928337,-0.79391134,-0.79323643,-0.79132026,-0.7856262,-0.77880764,-0.7713285,-0.7626624,-0.7538094,-0.74499786,-0.7361355,-0.7270935,-0.7187771,-0.71126676,-0.7027843,-0.6953149,-0.6879051,-0.680315,-0.67407995,-0.6681299,-0.6645125,-0.6631629,-0.6644954,-0.6628536,-0.66260993,-0.66638076,-0.6715188
991,CHC_ARGL06_20120226,0.524227,0.475773,0.0,-0.20781863,-0.20449626,-0.20136482,-0.20554417,-0.2205475,-0.22971153,-0.2475881,-0.25331557,-0.25551885,-0.24869871,-0.23899174,-0.22453123,-0.20947891,-0.19230276,-0.17824799,-0.16343856,-0.15549368,-0.14758366,-0.14252841,-0.13971657,-0.14212704,-0.15352893,-0.176835,-0.20300627,-0.23881227,-0.29022485,-0.318002,-0.33214283,-0.34037733,-0.34758568,-0.34956002,-0.34496427,-0.33062637,-0.3131116,-0.29903167,-0.2874595,-0.2793485,-0.2739656,-0.27127033,-0.27522683,-0.28553694,-0.30540174,-0.33413798,-0.37113142,-0.40980148,-0.4534514,-0.52017987,-0.5615115,-0.5835326,-0.64385617,-0.6942527,-0.7319647,-0.7500938,-0.7597501,-0.76507425,-0.7656856,-0.7632927,-0.7609993,-0.7531188,-0.7434125,-0.7333449,-0.72285676,-0.7126882,-0.7028043,-0.69345385,-0.6854628,-0.6776113,-0.6696839,-0.6628519,-0.6549449,-0.64756894,-0.64010155,-0.6345165,-0.62858546,-0.62632126,-0.62774336,-0.63167304,-0.63140136,-0.6319864,-0.6374743,-0.6453352
1008,SSC_ARCA09_20120228,0.530845,0.469155,0.0,-0.50253296,-0.4976126,-0.49269116,-0.49092728,-0.4850909,-0.48317677,-0.48191142,-0.479057,-0.47583348,-0.47140688,-0.46653098,-0.46366376,-0.45842725,-0.45250976,-0.44562346,-0.4387297,-0.43353146,-0.42763656,-0.42186224,-0.41603738,-0.41071618,-0.40652537,-0.4001733,-0.3953269,-0.40069747,-0.40597427,-0.40905845,-0.40994447,-0.40753865,-0.4037978,-0.4005708,-0.39507592,-0.38690358,-0.37847567,-0.3699057,-0.36239195,-0.35481936,-0.3471411,-0.34060383,-0.33519524,-0.3321228,-0.33103108,-0.33369243,-0.3394454,-0.34813774,-0.3557459,-0.30595696,-0.30076325,-0.40582514,-0.43132973,-0.4742561,-0.5112265,-0.5421822,-0.55751896,-0.56410635,-0.56717515,-0.5688055,-0.56335723,-0.5566143,-0.54652447,-0.5369917,-0.52376616,-0.51146877,-0.4997155,-0.4888218,-0.47773302,-0.46770865,-0.4582972,-0.44767648,-0.43788958,-0.4262157,-0.4139036,-0.40291727,-0.39361465,-0.38555485,-0.38022053,-0.37781876,-0.37980783,-0.38191938,-0.386693,-0.391299
1009,SSC_ARCA11_20120228,0.489888,0.510112,0.0,-0.5176631,-0.51271,-0.50850976,-0.5025759,-0.497756,-0.4950518,-0.49448228,-0.4936036,-0.48974615,-0.48541778,-0.47932005,-0.46663302,-0.4613158,-0.4550085,-0.44815856,-0.4412498,-0.43628353,-0.4304449,-0.42594653,-0.42050415,-0.415731,-0.41178447,-0.40307802,-0.3934101,-0.40390545,-0.41125292,-0.41778392,-0.42140746,-0.42020345,-0.41742337,-0.41486543,-0.40926492,-0.401689,-0.39406353,-0.38610607,-0.37925965,-0.3723455,-0.365687,-0.35938746,-0.35451728,-0.35174304,-0.3512699,-0.35406733,-0.35830313,-0.3660727,-0.36479217,-0.30535012,-0.32398736,-0.40061748,-0.42830884,-0.45768422,-0.50328475,-0.53996307,-0.5581567,-0.5638164,-0.56970036,-0.57272637,-0.5665659,-0.5606363,-0.553947,-0.546142,-0.5340982,-0.5220674,-0.51078266,-0.4995463,-0.48835748,-0.4779117,-0.46813416,-0.45684427,-0.4469049,-0.43548506,-0.42278707,-0.41163385,-0.40223926,-0.3942473,-0.3885693,-0.3869573,-0.38895845,-0.39086282,-0.395397,-0.40054554
1012,SSI_BAPI02_20120302,0.600346,0.399654,0.0,-0.35027713,-0.34389913,-0.33748358,-0.33656108,-0.3363399,-0.3389923,-0.34498608,-0.3449055,-0.34241176,-0.33648902,-0.32799077,-0.31695086,-0.3039677,-0.29094708,-0.27961445,-0.26869738,-0.25768024,-0.25033122,-0.24367893,-0.24044538,-0.23859352,-0.23541683,-0.24295664,-0.25470036,-0.28210562,-0.31752968,-0.34025192,-0.34813482,-0.35260952,-0.3563711,-0.35559797,-0.34879333,-0.3342042,-0.31936407,-0.30484766,-0.29252344,-0.28201175,-0.2747426,-0.270845,-0.27138114,-0.27712613,-0.29142237,-0.3140061,-0.3440525,-0.37654328,-0.39651573,-0.42515397,-0.4675579,-0.5232176,-0.6094475,-0.6705828,-0.7177416,-0.73689044,-0.74726677,-0.7536472,-0.7551675,-0.75496376,-0.7517779,-0.7439269,-0.7339481,-0.72317684,-0.7111319,-0.69839185,-0.6863718,-0.6739116,-0.6617083,-0.6508773,-0.639696,-0.62853765,-0.6181054,-0.606997,-0.59651375,-0.58782136,-0.58042705,-0.5737814,-0.56904197,-0.5686051,-0.5714882,-0.5783374,-0.58877313,-0.59900546
1025,Resid002,0.0769231,0.461538,0.461538,-0.23085254,-0.2242186,-0.21737528,-0.21093982,-0.20362687,-0.19758636,-0.19148612,-0.18635458,-0.18042475,-0.1735037,-0.16514707,-0.15773147,-0.14938343,-0.14409912,-0.13766211,-0.1311757,-0.12492353,-0.11939168,-0.11500561,-0.10950339,-0.105412304,-0.09942353,-0.096345544,-0.09391713,-0.09348583,-0.09239298,-0.08894622,-0.088706315,-0.086977005,-0.0833208,-0.078989744,-0.07463485,-0.06916571,-0.065241754,-0.058778524,-0.052616835,-0.045585155,-0.040042996,-0.03780514,-0.03623581,-0.03532368,-0.034727097,-0.035403848,-0.037252307,-0.042333305,-0.060557008,-0.07406688,-0.061288416,-0.096411586,-0.099690974,-0.14206553,-0.17567849,-0.18591708,-0.19295257,-0.19661969,-0.19906563,-0.20053971,-0.195988,-0.1874336,-0.1782217,-0.16747403,-0.15555495,-0.1434105,-0.13399947,-0.12541008,-0.11686343,-0.10858852,-0.101145506,-0.09234744,-0.0853802,-0.07566124,-0.06503922,-0.057406306,-0.051097393,-0.045315385,-0.042064667,-0.04107243,-0.041811764,-0.043266058,-0.044531524,-0.045527637
1027,Resid004,0.106509,0.786982,0.106509,-0.22925735,-0.22162426,-0.21455997,-0.20573652,-0.19605678,-0.19050616,-0.1859231,-0.18186045,-0.1756289,-0.16921526,-0.16776848,-0.16842806,-0.1612376,-0.15474224,-0.14756095,-0.13947767,-0.13219899,-0.12581998,-0.12025398,-0.113548934,-0.108448684,-0.09922254,-0.094121754,-0.09475958,-0.09649819,-0.096927166,-0.09501666,-0.09378618,-0.09117675,-0.08708161,-0.081536114,-0.07622963,-0.07121706,-0.06474447,-0.055533767,-0.047337294,-0.03779161,-0.031558156,-0.027744293,-0.023687363,-0.019902945,-0.016926229,-0.01614803,-0.018778682,-0.024010003,-0.04264754,-0.08368325,-0.07878244,-0.1237784,-0.07819575,-0.114141166,-0.17216742,-0.2045139,-0.22019672,-0.22692662,-0.23268813,-0.23633242,-0.23143804,-0.22323924,-0.21446478,-0.203394,-0.18970942,-0.17578578,-0.16349614,-0.15314716,-0.14305633,-0.13336635,-0.124135256,-0.11365557,-0.105305254,-0.0920136,-0.07777089,-0.06652081,-0.05663222,-0.049280405,-0.045112252,-0.045075476,-0.04731244,-0.050272048,-0.05297923,-0.054341078
1030,Resid007,0.0236686,0.360947,0.615385,-0.2789287,-0.27169222,-0.26451153,-0.25596374,-0.24733275,-0.24118954,-0.23523241,-0.23030216,-0.22411782,-0.21739215,-0.21266502,-0.20923454,-0.20252913,-0.19687128,-0.18973666,-0.18352073,-0.17661262,-0.1709938,-0.16560405,-0.16039532,-0.15586811,-0.1495235,-0.14547944,-0.14292586,-0.14109182,-0.13928509,-0.13611263,-0.13383937,-0.13059902,-0.12697685,-0.12268013,-0.118469775,-0.11272961,-0.10789478,-0.10149068,-0.09554684,-0.08792716,-0.08217275,-0.08015144,-0.07849431,-0.07610196,-0.07436448,-0.07277429,-0.07436311,-0.07728475,-0.08961153,-0.122151196,-0.08991492,-0.145899,-0.14459473,-0.14858413,-0.18424702,-0.19965023,-0.20861566,-0.21096879,-0.21317315,-0.21391273,-0.20972109,-0.2021231,-0.19407421,-0.18456727,-0.17368746,-0.1623435,-0.15385413,-0.14525908,-0.13769513,-0.13017994,-0.12227118,-0.11524683,-0.10861629,-0.09877831,-0.08959538,-0.0822407,-0.07611501,-0.07127744,-0.0681321,-0.06709409,-0.06727028,-0.06888515,-0.069820344,-0.07041931
1038,Resid015,0.0,0.284024,0.715976,-0.3112989,-0.30467474,-0.29851055,-0.2893539,-0.27963638,-0.27429742,-0.26987642,-0.26684994,-0.2614674,-0.25588077,-0.25558245,-0.25752664,-0.25189197,-0.24674416,-0.24148798,-0.23563123,-0.2292369,-0.22417927,-0.22053868,-0.21500331,-0.20989305,-0.20250672,-0.19749838,-0.19552076,-0.19348389,-0.18998957,-0.18801355,-0.18736327,-0.18350673,-0.17948169,-0.17563432,-0.1717732,-0.16794986,-0.16429895,-0.15920806,-0.15362221,-0.14680278,-0.14247286,-0.14175361,-0.14030886,-0.1374678,-0.13368583,-0.1313532,-0.1295222,-0.12909698,-0.14407778,-0.19782323,-0.20283514,-0.22549999,-0.16833729,-0.16555893,-0.18866283,-0.19780755,-0.20502251,-0.20677668,-0.21086824,-0.2140451,-0.21010405,-0.20428544,-0.19950229,-0.19412947,-0.1875807,-0.17960215,-0.17341757,-0.16776049,-0.16264313,-0.15692174,-0.15133137,-0.14601171,-0.14172995,-0.13386399,-0.12690043,-0.12293625,-0.11835575,-0.11429161,-0.11066377,-0.10994953,-0.1088109,-0.110250115,-0.11064637,-0.109597504
1041,Resid018,0.12426,0.201183,0.674556,-0.28860408,-0.28185534,-0.27650857,-0.2634669,-0.2516886,-0.2483635,-0.24817443,-0.24993968,-0.2474311,-0.24396491,-0.23838478,-0.23086089,-0.2240206,-0.21841955,-0.21312559,-0.20782864,-0.20133275,-0.19557637,-0.19113314,-0.18581426,-0.17932665,-0.16771102,-0.15100276,-0.14435977,-0.1487652,-0.15355706,-0.16162974,-0.16571712,-0.1656084,-0.16363019,-0.16094553,-0.15828025,-0.15527236,-0.1524648,-0.14771986,-0.1422031,-0.13562185,-0.13068664,-0.13082117,-0.12976944,-0.12806392,-0.12551737,-0.123137295,-0.1193369,-0.117726445,-0.11593777,-0.15386975,-0.17205483,-0.16556484,-0.111472726,-0.14446944,-0.20274597,-0.2279827,-0.24545228,-0.2527722,-0.26491368,-0.27247417,-0.26605368,-0.26241553,-0.26169235,-0.2572624,-0.24871051,-0.23973006,-0.23157573,-0.223055,-0.21509492,-0.20700699,-0.19911486,-0.19125718,-0.18552572,-0.17631686,-0.1689328,-0.16365767,-0.15784597,-0.15220219,-0.1489566,-0.14653891,-0.14610642,-0.14645565,-0.1467287,-0.14715964
1047,Resid024,0.0,0.112426,0.887574,-0.38795108,-0.38215435,-0.37695646,-0.36810833,-0.35904032,-0.35425484,-0.35115343,-0.3495506,-0.3455525,-0.34166783,-0.3355453,-0.32892555,-0.32388008,-0.31868786,-0.314124,-0.30886793,-0.3038444,-0.3000219,-0.2954545,-0.29082602,-0.2858472,-0.2770238,-0.26785403,-0.2629444,-0.2604227,-0.26000375,-0.26053405,-0.26088208,-0.25882506,-0.25634205,-0.2526775,-0.2495436,-0.24669951,-0.24365938,-0.23969632,-0.23558187,-0.2301687,-0.22568691,-0.22602499,-0.22515064,-0.22350049,-0.22090882,-0.21723676,-0.21378565,-0.20972979,-0.21251333,-0.22405702,-0.21645492,-0.27658588,-0.21888727,-0.22622699,-0.2587226,-0.2706306,-0.275692,-0.27870244,-0.28584087,-0.2894584,-0.2842139,-0.28033334,-0.2768423,-0.27059424,-0.2634676,-0.2569788,-0.2512893,-0.24560875,-0.23966175,-0.23411793,-0.22823453,-0.2225331,-0.21929896,-0.21308362,-0.20770472,-0.20513439,-0.20181274,-0.19856256,-0.19614452,-0.19428462,-0.19287586,-0.19295067,-0.19179201,-0.19122332
1049,Resid026,0.0,0.16568,0.83432,-0.3629982,-0.357383,-0.3521248,-0.34575522,-0.3375106,-0.33285546,-0.32867688,-0.3259772,-0.32178855,-0.31780112,-0.31876367,-0.32172555,-0.3159266,-0.3122306,-0.3073328,-0.30246902,-0.29717416,-0.2925821,-0.28899765,-0.28385323,-0.27997935,-0.2729159,-0.2675392,-0.26738644,-0.268314,-0.26639467,-0.2632082,-0.26076454,-0.2568128,-0.25348222,-0.24910766,-0.24563229,-0.24161494,-0.23908764,-0.23449469,-0.22996128,-0.22369426,-0.21952909,-0.21943098,-0.21771932,-0.21521837,-0.21180248,-0.20947045,-0.20791829,-0.20749015,-0.21719599,-0.27124053,-0.19681686,-0.2240349,-0.19524252,-0.20266259,-0.24685562,-0.2580098,-0.26180303,-0.26448572,-0.26848245,-0.27163428,-0.26597184,-0.26111025,-0.25738776,-0.25211024,-0.24615467,-0.23981392,-0.23531497,-0.2307716,-0.22640884,-0.22162038,-0.2166847,-0.21166784,-0.20904231,-0.20340109,-0.19840205,-0.19579262,-0.19265574,-0.19019735,-0.18811733,-0.18629664,-0.18576479,-0.18634206,-0.18720955,-0.186423
1058,Resid037,0.0,0.804734,0.195266,-0.33187616,-0.3252083,-0.31914234,-0.31208432,-0.30523163,-0.29895085,-0.29371434,-0.2890212,-0.28387487,-0.27837914,-0.26981282,-0.2598306,-0.2544874,-0.2479291,-0.24228472,-0.2368418,-0.22974557,-0.22359341,-0.21782792,-0.21135068,-0.20525551,-0.20025575,-0.19315374,-0.18729389,-0.1831587,-0.17973125,-0.1781429,-0.17491537,-0.17098719,-0.16670018,-0.16285926,-0.15804124,-0.15251702,-0.14672244,-0.1409393,-0.13504565,-0.128542,-0.12192243,-0.11644626,-0.11104989,-0.10525,-0.10045588,-0.09671289,-0.09526873,-0.09391713,-0.098008335,-0.12500757,-0.1362561,-0.09528887,-0.10030961,-0.11610359,-0.14087039,-0.16220689,-0.1737225,-0.18125045,-0.1844123,-0.18454057,-0.18265927,-0.17914963,-0.17369306,-0.16713583,-0.15883988,-0.15081972,-0.14381993,-0.13819242,-0.13329524,-0.12791067,-0.1236797,-0.118154824,-0.1121434,-0.10264802,-0.09294647,-0.0843997,-0.076772034,-0.07158488,-0.06739527,-0.06711775,-0.068269014,-0.07014847,-0.07197642,-0.073847055
1061,Resid040,0.0,0.43787,0.56213,-0.25850385,-0.2517529,-0.2454828,-0.23906338,-0.23424101,-0.22761744,-0.22138846,-0.21466398,-0.20865244,-0.20174503,-0.18714112,-0.1701231,-0.16413713,-0.15718251,-0.15189248,-0.14606333,-0.13977152,-0.13361877,-0.12803859,-0.121845305,-0.116812766,-0.1118812,-0.10449314,-0.09477955,-0.08792776,-0.083529055,-0.08021116,-0.077596426,-0.07471621,-0.07106745,-0.067025185,-0.062146842,-0.056354284,-0.05063933,-0.0457775,-0.040507376,-0.034293056,-0.027902007,-0.023883283,-0.020076096,-0.01594001,-0.013928354,-0.01184535,-0.0092558265,-0.006252885,-0.012458742,-0.043229043,-0.08588338,-0.019496083,-0.023520947,-0.049866855,-0.067438245,-0.08043331,-0.08988619,-0.096912205,-0.09697288,-0.09527922,-0.0931412,-0.08634883,-0.077230096,-0.06752008,-0.05804968,-0.049255073,-0.041778088,-0.03534025,-0.029884458,-0.024382293,-0.018940032,-0.013873756,-0.00810504,0.0005712509,0.008886337,0.015017629,0.022310853,0.027744412,0.031129003,0.032713056,0.033165336,0.031140924,0.030828595,0.030081749
1063,Resid042,0.0,0.668639,0.331361,-0.2676065,-0.2607597,-0.2541926,-0.24809259,-0.24212062,-0.23501098,-0.2294271,-0.22347248,-0.21766466,-0.21130747,-0.19836235,-0.18319982,-0.17807508,-0.17111844,-0.16484797,-0.15939814,-0.1532979,-0.14723128,-0.14158559,-0.13504106,-0.12924284,-0.12408769,-0.11865187,-0.11175978,-0.10733539,-0.10423422,-0.102917135,-0.10039431,-0.09724307,-0.09385592,-0.08970904,-0.08529371,-0.08014828,-0.07420772,-0.0687049,-0.0631876,-0.05681044,-0.051239073,-0.04630339,-0.04235512,-0.03809774,-0.035280883,-0.032296777,-0.031895995,-0.0313074,-0.042511404,-0.05265218,-0.092663705,-0.07226372,-0.06821966,-0.094162405,-0.110865295,-0.1302641,-0.14064044,-0.14930439,-0.15281218,-0.15464586,-0.15275174,-0.14770019,-0.13845801,-0.12980312,-0.12147272,-0.11227566,-0.10415,-0.09802365,-0.09273976,-0.087252975,-0.0824095,-0.077298224,-0.07090527,-0.061169922,-0.051620245,-0.043358028,-0.036493123,-0.03196758,-0.028967261,-0.029281259,-0.029815316,-0.032414377,-0.03368783,-0.034642994
1064,Resid043,0.0,0.491124,0.508876,-0.39548123,-0.38964683,-0.3842917,-0.3790657,-0.3734817,-0.36780208,-0.36235,-0.3567319,-0.3519115,-0.34642518,-0.33625025,-0.32545674,-0.32027584,-0.3138526,-0.30908066,-0.30351037,-0.29728794,-0.29137254,-0.28655136,-0.28096431,-0.27600425,-0.27151012,-0.26661062,-0.2590723,-0.2534237,-0.24961734,-0.24603331,-0.24241567,-0.23861307,-0.23470128,-0.23020941,-0.2254855,-0.22032559,-0.21467125,-0.20952296,-0.20424455,-0.19843417,-0.19305527,-0.18861121,-0.18392783,-0.17979735,-0.17697,-0.17340392,-0.17043597,-0.16838557,-0.1764924,-0.20881581,-0.2255252,-0.1789251,-0.19988048,-0.21081275,-0.22715676,-0.23797518,-0.24436396,-0.25050497,-0.25040752,-0.24802262,-0.24531579,-0.23966229,-0.23030722,-0.22130835,-0.212457,-0.2033574,-0.1956914,-0.18953735,-0.18424892,-0.17791796,-0.17224938,-0.16697717,-0.16147059,-0.15301973,-0.14518839,-0.13823903,-0.13130409,-0.12631959,-0.122739494,-0.12205225,-0.121875465,-0.122857094,-0.12325168,-0.124135375
1065,Resid044,0.0,0.384615,0.615385,-0.38884574,-0.38331324,-0.3783329,-0.37357593,-0.36778724,-0.36246544,-0.35725778,-0.3524739,-0.34774286,-0.343283,-0.33408558,-0.3239354,-0.31937075,-0.3139804,-0.30896497,-0.30459774,-0.29867452,-0.2939974,-0.28868264,-0.2837625,-0.27980268,-0.276102,-0.27156633,-0.26702154,-0.26348376,-0.2609774,-0.25865287,-0.25550824,-0.25254923,-0.24885356,-0.24503201,-0.24062026,-0.23676819,-0.23187125,-0.22697103,-0.22232819,-0.21665728,-0.21199131,-0.20824951,-0.20423031,-0.20001167,-0.19798213,-0.19610637,-0.19535893,-0.19633287,-0.20466667,-0.19162285,-0.2239542,-0.24427736,-0.21626914,-0.23898667,-0.26452214,-0.28222293,-0.28841883,-0.29444885,-0.29742068,-0.29977173,-0.29654837,-0.29093188,-0.28256112,-0.2742774,-0.26605737,-0.2578894,-0.2504186,-0.24383324,-0.23885912,-0.23359013,-0.22909391,-0.22416234,-0.21901995,-0.21177506,-0.20404959,-0.19826019,-0.19213784,-0.18791062,-0.18488389,-0.18484265,-0.18480122,-0.18681335,-0.18788576,-0.1886282
1067,Resid046,0.0,0.147929,0.852071,-0.35175025,-0.34603256,-0.34075886,-0.33495212,-0.32950795,-0.32389867,-0.3192858,-0.31456286,-0.30960375,-0.30423993,-0.29214567,-0.27706087,-0.2725861,-0.2663318,-0.26175147,-0.25728977,-0.25150293,-0.24639964,-0.24198389,-0.2366085,-0.23221463,-0.22920811,-0.22285855,-0.21456659,-0.21089286,-0.20852649,-0.20671475,-0.2040199,-0.20121676,-0.19805682,-0.19436413,-0.19022417,-0.18579566,-0.1820144,-0.17871231,-0.17458588,-0.16950369,-0.16569227,-0.1629489,-0.160303,-0.15737116,-0.15573102,-0.15384871,-0.15292114,-0.15265799,-0.16337812,-0.19200003,-0.20815349,-0.19122738,-0.18342465,-0.20631629,-0.22736382,-0.23879951,-0.24399859,-0.25100362,-0.25362778,-0.25185817,-0.24710602,-0.24015385,-0.2302118,-0.2203278,-0.21032661,-0.20147401,-0.19282275,-0.1854468,-0.17909765,-0.17339873,-0.16743892,-0.16181761,-0.15666646,-0.15081489,-0.14476424,-0.14006025,-0.13524729,-0.13165367,-0.1285035,-0.12722105,-0.12660605,-0.12633067,-0.12685084,-0.12671888
1072,Resid051,0.0,0.0414201,0.95858,-0.42390567,-0.41931885,-0.41535985,-0.4104846,-0.4044454,-0.4002977,-0.39669877,-0.3944652,-0.39113504,-0.38746673,-0.38622528,-0.3844025,-0.3809229,-0.37639606,-0.3727706,-0.36893153,-0.36446,-0.36110538,-0.3572638,-0.35260677,-0.34860831,-0.34515542,-0.34141105,-0.33801848,-0.33630705,-0.33515978,-0.33484697,-0.3313564,-0.327887,-0.32430845,-0.32110423,-0.31807196,-0.31469548,-0.31175995,-0.30951637,-0.30670232,-0.30261636,-0.2993043,-0.29753494,-0.2950294,-0.29229903,-0.290635,-0.28847808,-0.28771085,-0.28764898,-0.29351366,-0.30978125,-0.2993453,-0.26185888,-0.28940588,-0.30690527,-0.32967037,-0.3413505,-0.3447612,-0.3472764,-0.35063434,-0.34994483,-0.34530115,-0.341038,-0.33525592,-0.32904035,-0.3225221,-0.3167398,-0.31129998,-0.30587173,-0.30087817,-0.2969159,-0.29304767,-0.28942096,-0.28646594,-0.28203368,-0.27809268,-0.2756238,-0.27241814,-0.26936853,-0.26693898,-0.2653305,-0.26399684,-0.26403123,-0.26404154,-0.2634681
1073,Resid052,0.0,0.0591716,0.940828,-0.33875817,-0.33341867,-0.32911307,-0.32261705,-0.31465405,-0.3106957,-0.3078578,-0.30617076,-0.3026631,-0.29925156,-0.29873037,-0.29813826,-0.29444224,-0.29050905,-0.28614014,-0.2824605,-0.27745605,-0.27237052,-0.26818585,-0.2637788,-0.25942308,-0.2540688,-0.24600095,-0.24320191,-0.24268174,-0.24179047,-0.24313182,-0.24048609,-0.2372039,-0.23316348,-0.229451,-0.22643155,-0.22375476,-0.2210899,-0.2185852,-0.21497917,-0.2108044,-0.20827448,-0.20598096,-0.20288837,-0.19933593,-0.19627833,-0.19370121,-0.19096577,-0.1869973,-0.18341535,-0.1986196,-0.16970909,-0.16317141,-0.16657627,-0.1942097,-0.20249599,-0.21348315,-0.21903628,-0.21831816,-0.22218269,-0.22301954,-0.22001332,-0.21885717,-0.21743172,-0.21401876,-0.20995975,-0.20643228,-0.20267612,-0.19953889,-0.19695467,-0.19371808,-0.1906302,-0.18800098,-0.18626255,-0.1819933,-0.1785602,-0.1762973,-0.17312986,-0.17079473,-0.16801101,-0.16653669,-0.1652475,-0.16514361,-0.16498142,-0.16484183
1076,Resid057,0.0473373,0.597633,0.35503,-0.32666582,-0.32093024,-0.3150437,-0.31037456,-0.30666125,-0.3011248,-0.29573566,-0.2890762,-0.28418642,-0.2777325,-0.26807278,-0.2563359,-0.25116158,-0.24504936,-0.23862606,-0.23185146,-0.22595042,-0.221133,-0.21504062,-0.21111465,-0.2049554,-0.20054209,-0.19640249,-0.1941058,-0.19124371,-0.19052899,-0.1882096,-0.18349308,-0.18022597,-0.17699933,-0.17372853,-0.16857624,-0.16274351,-0.15753645,-0.15188038,-0.14603353,-0.14054573,-0.1338607,-0.12919384,-0.12478745,-0.12048817,-0.11858511,-0.118858695,-0.1198647,-0.12142265,-0.12955952,-0.14989096,-0.16484857,-0.20339316,-0.16563255,-0.17919213,-0.20480871,-0.21965587,-0.23250437,-0.23891568,-0.24002767,-0.23965937,-0.23742157,-0.232616,-0.2243793,-0.21655452,-0.20776188,-0.19866681,-0.19113535,-0.18598038,-0.18066448,-0.17561215,-0.16964489,-0.16299617,-0.15590054,-0.14668745,-0.13634741,-0.1274885,-0.12021762,-0.11360699,-0.11122799,-0.11203766,-0.11403185,-0.11557531,-0.11676699,-0.119157076
1081,Resid062,0.171598,0.0532544,0.775148,-0.29231894,-0.287902,-0.28362805,-0.2814889,-0.27916408,-0.2766974,-0.27446336,-0.2698956,-0.265557,-0.25974816,-0.2542708,-0.24750048,-0.2420237,-0.23545158,-0.23012441,-0.22443336,-0.21976459,-0.21597844,-0.21266961,-0.21042311,-0.20701486,-0.20565093,-0.20691943,-0.20962948,-0.212843,-0.21849352,-0.21805066,-0.21442026,-0.21125811,-0.20840311,-0.20517385,-0.2015953,-0.19784194,-0.194345,-0.1909011,-0.18716753,-0.18341225,-0.17986363,-0.17884302,-0.17804384,-0.17897767,-0.18120086,-0.1862799,-0.19402385,-0.20221496,-0.21605563,-0.25712132,-0.26267302,-0.27019656,-0.27396923,-0.29551518,-0.31104875,-0.31943375,-0.321697,-0.320903,-0.32042682,-0.32059878,-0.31592625,-0.31052494,-0.30343693,-0.29682612,-0.28949118,-0.28237617,-0.2750994,-0.26924807,-0.26327032,-0.25712448,-0.25065655,-0.24461484,-0.23955852,-0.23361617,-0.22753626,-0.2225067,-0.21845466,-0.21436977,-0.21150428,-0.21006304,-0.20947295,-0.20961839,-0.20942461,-0.21067184
1082,Resid063,0.207101,0.12426,0.668639,-0.3036524,-0.29997325,-0.29599112,-0.29597098,-0.29573977,-0.29502022,-0.2945299,-0.2906751,-0.28624862,-0.28047264,-0.272489,-0.26240236,-0.25576597,-0.24924785,-0.24371552,-0.238159,-0.2337457,-0.23020828,-0.22690517,-0.22506362,-0.22295183,-0.22331429,-0.22531366,-0.22838342,-0.23586982,-0.24412131,-0.24629444,-0.24485809,-0.24262238,-0.24125499,-0.23914474,-0.23508507,-0.23069704,-0.22688282,-0.2233761,-0.21918237,-0.2158032,-0.21227139,-0.21132606,-0.2124269,-0.21513915,-0.22059375,-0.22953701,-0.24099767,-0.25110567,-0.2635212,-0.2898578,-0.30348617,-0.31225133,-0.34194356,-0.3773048,-0.40850508,-0.42485434,-0.4303065,-0.4331032,-0.43370253,-0.43191642,-0.42883575,-0.42243254,-0.41288084,-0.4036718,-0.3940366,-0.38412076,-0.37398416,-0.3646857,-0.3558485,-0.34738946,-0.33849806,-0.3300718,-0.32315236,-0.31466264,-0.30681962,-0.30004698,-0.2947837,-0.28922296,-0.2862386,-0.2838769,-0.28214025,-0.28227878,-0.2839195,-0.28612566
1094,Resid075,0.0,0.112426,0.887574,-0.21749187,-0.21254408,-0.20786375,-0.19958615,-0.19335419,-0.1879515,-0.18452525,-0.18035197,-0.17584383,-0.17021054,-0.15709543,-0.14115775,-0.13627815,-0.13052207,-0.12469792,-0.118553996,-0.114173114,-0.10900712,-0.104199946,-0.099185705,-0.09208441,-0.083762765,-0.072363436,-0.062864184,-0.0589332,-0.057218492,-0.057349443,-0.055740476,-0.052557945,-0.050001383,-0.047284544,-0.043438017,-0.040570557,-0.037850976,-0.035221994,-0.031692564,-0.027030349,-0.021882534,-0.020712852,-0.01924324,-0.017853558,-0.015805066,-0.014383256,-0.010282934,-0.004256308,-0.00087076426,-0.028132975,0.010025859,0.02048397,0.022246838,-0.0024006963,-0.01613146,-0.02266711,-0.023043215,-0.02141881,-0.023679376,-0.023125887,-0.019908488,-0.018542886,-0.017181754,-0.014446497,-0.010929942,-0.007947803,-0.0046157837,-0.001578927,0.00081169605,0.003363967,0.007556677,0.010341525,0.013115287,0.017346859,0.021054387,0.024101853,0.02712524,0.03166604,0.033504963,0.033931494,0.034145594,0.03459871,0.035213828,0.034835935
1102,Resid086,0.035503,0.207101,0.757396,-0.6032636,-0.5988035,-0.59374845,-0.59287757,-0.59164864,-0.586942,-0.5811393,-0.57361686,-0.56821626,-0.56270194,-0.555882,-0.54896736,-0.5445986,-0.5395485,-0.5355292,-0.5311222,-0.5277536,-0.52355146,-0.5196091,-0.5167589,-0.51489425,-0.5155524,-0.51818144,-0.5158303,-0.51213205,-0.5083875,-0.50286406,-0.49805182,-0.49527597,-0.49229068,-0.48910487,-0.48605078,-0.4825616,-0.47862488,-0.47471225,-0.47111642,-0.4680105,-0.46529162,-0.46318656,-0.4622714,-0.4622218,-0.46191132,-0.46346432,-0.46641505,-0.47329062,-0.49058872,-0.50649995,-0.5106545,-0.5207838,-0.55049455,-0.5691413,-0.57458115,-0.5799774,-0.5804175,-0.58296645,-0.58009064,-0.5782802,-0.574345,-0.5644777,-0.5516625,-0.5404765,-0.52986187,-0.5199294,-0.5110283,-0.5024967,-0.4946286,-0.487814,-0.48243523,-0.47724986,-0.47174138,-0.46565747,-0.4603039,-0.45646125,-0.45285147,-0.44913536,-0.44668454,-0.44527298,-0.4444347,-0.44403666,-0.4443661,-0.4440831
1104,Resid088,0.0,0.0118343,0.988166,-0.3925529,-0.38710475,-0.38045955,-0.37976766,-0.37922406,-0.37234455,-0.36391866,-0.35312164,-0.34551924,-0.3377388,-0.32816428,-0.31877357,-0.31308562,-0.30764085,-0.30185497,-0.29681396,-0.29191178,-0.28658623,-0.2821043,-0.27890366,-0.27580386,-0.276398,-0.28148538,-0.27979654,-0.27161127,-0.26404643,-0.2540456,-0.24737209,-0.24381852,-0.23930448,-0.23526537,-0.23094535,-0.22638649,-0.22216183,-0.21785069,-0.2139799,-0.2099647,-0.2070449,-0.20365077,-0.20216149,-0.20146596,-0.20183194,-0.20192897,-0.20364785,-0.2078085,-0.23368692,-0.26798338,-0.2832126,-0.2830431,-0.2978201,-0.2859121,-0.270163,-0.25135702,-0.23787612,-0.23164868,-0.22149509,-0.21648306,-0.21361417,-0.20450723,-0.19357365,-0.18510377,-0.17840052,-0.17305857,-0.1683408,-0.16486591,-0.16126812,-0.15809673,-0.15511829,-0.15235025,-0.14945173,-0.14581203,-0.14307898,-0.14121854,-0.13897073,-0.1370408,-0.1342951,-0.13365197,-0.13203245,-0.13091147,-0.13103199,-0.12991619
1123,OPE3_002,0.0448718,0.384615,0.570513,-0.54674125,-0.5419769,-0.5380291,-0.53216946,-0.5230504,-0.5204018,-0.5190024,-0.51922613,-0.5175048,-0.51567256,-0.5137706,-0.51195097,-0.50785017,-0.50403714,-0.5002229,-0.49649382,-0.4934178,-0.4894215,-0.48484015,-0.48069257,-0.47566456,-0.46937132,-0.45891625,-0.4556985,-0.45904917,-0.46055818,-0.46461004,-0.46461874,-0.4629091,-0.46105528,-0.45899814,-0.45643348,-0.4544869,-0.45181698,-0.44873512,-0.44595617,-0.44272196,-0.44046235,-0.4386568,-0.43598932,-0.4331354,-0.43098956,-0.4297911,-0.42886448,-0.42803705,-0.42022878,-0.4290781,-0.4643647,-0.4422747,-0.4323501,-0.42921418,-0.47086763,-0.5146892,-0.52843904,-0.533381,-0.5428849,-0.54644287,-0.53970504,-0.5344516,-0.5309452,-0.52640235,-0.5188812,-0.5111209,-0.50370014,-0.49609375,-0.48992366,-0.4842254,-0.4786989,-0.47360635,-0.46894747,-0.46479398,-0.46053803,-0.45646042,-0.4541874,-0.45191628,-0.4503107,-0.4499972,-0.45002127,-0.45063525,-0.45090067,-0.45068222
1133,OPE3_012,0.0512821,0.423077,0.525641,-0.52639496,-0.52074265,-0.51575583,-0.50899434,-0.50138927,-0.49763685,-0.4952669,-0.4937477,-0.49055892,-0.48687023,-0.48245072,-0.47743285,-0.4723016,-0.46765196,-0.46294034,-0.45879418,-0.45510358,-0.45113242,-0.4471305,-0.44301486,-0.43813252,-0.43251026,-0.4219482,-0.4152912,-0.4154507,-0.41715282,-0.4211077,-0.4227202,-0.42161947,-0.4196964,-0.41728204,-0.41485554,-0.41211808,-0.40969133,-0.40714043,-0.40406144,-0.40119654,-0.3986137,-0.39749783,-0.39532983,-0.39369744,-0.39335376,-0.3923911,-0.3906911,-0.38975185,-0.39000815,-0.44149262,-0.42595023,-0.3938251,-0.35832858,-0.38460523,-0.46312964,-0.47957838,-0.4929592,-0.4995435,-0.5050052,-0.5088408,-0.5028458,-0.4982922,-0.49502063,-0.49028283,-0.48242193,-0.47455233,-0.46659154,-0.45918602,-0.45235318,-0.4461351,-0.4407888,-0.43558013,-0.43081665,-0.42659932,-0.42146492,-0.41770405,-0.41390687,-0.41202927,-0.410523,-0.4097938,-0.41012007,-0.40971452,-0.40955728,-0.4096192
1144,OPE3_023,0.0641026,0.128205,0.807692,-0.50638586,-0.5018997,-0.4976973,-0.49260956,-0.48526585,-0.4825104,-0.48052025,-0.47933125,-0.4764858,-0.47373545,-0.47226912,-0.47174454,-0.46765572,-0.46360445,-0.4602508,-0.45683396,-0.45337301,-0.45019293,-0.4462806,-0.44250673,-0.43889016,-0.43304223,-0.4235096,-0.42125034,-0.42529488,-0.4258985,-0.42892557,-0.42855293,-0.4269747,-0.425025,-0.42319298,-0.4209767,-0.41835552,-0.41660064,-0.41389072,-0.41075742,-0.40744305,-0.4059463,-0.40538847,-0.40416175,-0.40248507,-0.4012162,-0.40056813,-0.39969653,-0.3975519,-0.38674456,-0.39152962,-0.4718362,-0.41629946,-0.39145118,-0.43013018,-0.4533953,-0.48022884,-0.48775607,-0.49483085,-0.50625587,-0.5064184,-0.4988621,-0.4956811,-0.49087507,-0.4853766,-0.4770565,-0.46900046,-0.46104306,-0.45385122,-0.44733912,-0.44122702,-0.43537068,-0.43034607,-0.42634302,-0.42208755,-0.41869956,-0.4159118,-0.41280454,-0.41046023,-0.40911818,-0.40752512,-0.40726894,-0.40675116,-0.4063667,-0.4059965
1149,OPE3_028,0.0769231,0.634615,0.288462,-0.38936377,-0.38364118,-0.3790009,-0.37155694,-0.35819262,-0.3564908,-0.35590893,-0.3576123,-0.35584587,-0.3534156,-0.35584944,-0.35914296,-0.35426545,-0.34968722,-0.34540218,-0.34054846,-0.33522767,-0.3300987,-0.32486725,-0.3196386,-0.3142206,-0.30310965,-0.28700328,-0.2875247,-0.2926246,-0.29659736,-0.3038702,-0.30364364,-0.3012405,-0.29858363,-0.29522955,-0.29212922,-0.28899622,-0.28433722,-0.27976757,-0.27447122,-0.26852298,-0.26524782,-0.26306325,-0.2595132,-0.2547893,-0.25113332,-0.24836034,-0.2454974,-0.2411418,-0.23039186,-0.24842781,-0.2902788,-0.2896008,-0.28894216,-0.2671929,-0.27268112,-0.3168916,-0.34896708,-0.35910702,-0.3763402,-0.38284445,-0.37807345,-0.3754586,-0.37497932,-0.37167275,-0.3638792,-0.35461384,-0.34576958,-0.3373418,-0.32953674,-0.32204145,-0.31513673,-0.30850446,-0.3019294,-0.2934993,-0.28700423,-0.2814808,-0.27560437,-0.27111274,-0.26863295,-0.2685709,-0.26919538,-0.26923555,-0.2696836,-0.26968515
1150,OPE3_029,0.0448718,0.833333,0.121795,-0.36186087,-0.35531515,-0.34998477,-0.3396445,-0.32751065,-0.32471502,-0.32370466,-0.32497936,-0.32281047,-0.3199941,-0.31654286,-0.31298715,-0.3074466,-0.3022089,-0.29683757,-0.29197067,-0.28691798,-0.28251433,-0.27816182,-0.27320695,-0.26601297,-0.25410813,-0.23506832,-0.22958857,-0.23229092,-0.23594278,-0.24491179,-0.24656278,-0.24548835,-0.24310201,-0.24073535,-0.23745608,-0.23385692,-0.23001945,-0.22536999,-0.2203232,-0.21454251,-0.2108463,-0.20859271,-0.20482737,-0.20115018,-0.19798636,-0.19560403,-0.18998462,-0.18189156,-0.1707694,-0.2005018,-0.2120496,-0.20719284,-0.14060265,-0.20079482,-0.22215515,-0.25859636,-0.28069258,-0.28898728,-0.30691236,-0.3124205,-0.30792165,-0.30683565,-0.30801964,-0.3054067,-0.2983988,-0.28985476,-0.28170186,-0.2737816,-0.26594406,-0.25866336,-0.25147313,-0.2456283,-0.23955196,-0.23117423,-0.22306329,-0.21678096,-0.21075845,-0.20599532,-0.20376682,-0.2030456,-0.2036497,-0.20339614,-0.2031613,-0.20341909
1153,OPE3_037,0.0576923,0.166667,0.775641,-0.40776932,-0.40228087,-0.39794928,-0.39049238,-0.38126957,-0.3788144,-0.37720418,-0.37657452,-0.37432104,-0.3714435,-0.3688336,-0.3668627,-0.3629055,-0.35873985,-0.35453987,-0.3501923,-0.34651363,-0.34355307,-0.3404047,-0.33633566,-0.33127367,-0.32211125,-0.307953,-0.30393988,-0.30604404,-0.30904943,-0.31440127,-0.31482047,-0.31382412,-0.31215662,-0.31006348,-0.3074758,-0.30551833,-0.30301625,-0.30010867,-0.2966771,-0.29235333,-0.28985226,-0.28927934,-0.28827316,-0.28750408,-0.28566098,-0.284382,-0.28101635,-0.27554262,-0.26075768,-0.2741559,-0.32691902,-0.34071082,-0.3463329,-0.30165428,-0.34078372,-0.35812306,-0.37069052,-0.37780476,-0.39180487,-0.39460748,-0.38756824,-0.3820783,-0.37891573,-0.37363678,-0.3648485,-0.35547543,-0.34733355,-0.33945447,-0.33197403,-0.32581574,-0.31929338,-0.3134889,-0.30856264,-0.3031234,-0.29908335,-0.2958485,-0.29221326,-0.28906935,-0.2873857,-0.2860803,-0.2850331,-0.28424013,-0.2838155,-0.28296274
1162,OPE3_046,0.935897,0.0128205,0.0512821,-0.21385139,-0.2096296,-0.20717609,-0.20411026,-0.19707811,-0.20233172,-0.21065468,-0.21646035,-0.2157349,-0.21237445,-0.20725787,-0.20160425,-0.19458908,-0.18738896,-0.18149734,-0.17592585,-0.17168719,-0.16806012,-0.16620994,-0.16442877,-0.16313219,-0.1564526,-0.14809889,-0.15874904,-0.17988497,-0.20651782,-0.22618997,-0.23146093,-0.23273182,-0.23390716,-0.23245394,-0.22933924,-0.22494233,-0.21955162,-0.21450144,-0.20881593,-0.20345312,-0.20174468,-0.2048859,-0.20913124,-0.21494359,-0.22524124,-0.24028963,-0.25728083,-0.2716595,-0.264008,-0.27909553,-0.31145793,-0.27031296,-0.28696018,-0.32439148,-0.5063571,-0.61159515,-0.6467403,-0.6602257,-0.67237943,-0.67535496,-0.66533864,-0.653606,-0.6410595,-0.62594247,-0.6066203,-0.5868607,-0.5664115,-0.54702675,-0.52822745,-0.5109445,-0.49462593,-0.47991616,-0.46710712,-0.45405996,-0.44293195,-0.43451053,-0.42604303,-0.4183619,-0.41354245,-0.4110753,-0.4098559,-0.4110124,-0.41387236,-0.41785115
1177,SF_018,0.294872,0.698718,0.00641026,-0.40205997,-0.3971526,-0.39231592,-0.39082408,-0.3861851,-0.3834765,-0.38208818,-0.37882268,-0.3761201,-0.37092823,-0.3667897,-0.3630641,-0.35668665,-0.35017747,-0.34433234,-0.33936107,-0.33425742,-0.32993412,-0.32519972,-0.32147455,-0.31751776,-0.31462044,-0.3108551,-0.30329466,-0.30347842,-0.30791986,-0.31109017,-0.31077087,-0.30814934,-0.30424756,-0.2994836,-0.293181,-0.28683263,-0.2807685,-0.27337134,-0.26683605,-0.26044416,-0.25374132,-0.24983674,-0.2458716,-0.24385631,-0.24241722,-0.24320257,-0.24611884,-0.25132346,-0.2726637,-0.3212247,-0.33685464,-0.33010572,-0.26650602,-0.31125295,-0.38141078,-0.39368922,-0.41557825,-0.4279449,-0.42847872,-0.42948556,-0.419972,-0.40658593,-0.39604008,-0.3856442,-0.3707773,-0.3558408,-0.34089547,-0.32592362,-0.3123737,-0.2995426,-0.28672117,-0.27501976,-0.26333594,-0.24951577,-0.2371245,-0.22608787,-0.21645653,-0.2080146,-0.2022754,-0.19953042,-0.19899452,-0.19927871,-0.20117247,-0.20389259
1208,SF_055,0.211538,0.621795,0.166667,-0.30936146,-0.3034234,-0.29838938,-0.2925086,-0.2864219,-0.28420174,-0.2847684,-0.28342283,-0.27935702,-0.27429104,-0.2687034,-0.2622012,-0.25550342,-0.24890119,-0.24149811,-0.23516303,-0.22888845,-0.22318304,-0.2178716,-0.21142417,-0.20470971,-0.19762981,-0.18583888,-0.17991346,-0.18307543,-0.18996078,-0.19661689,-0.19706988,-0.19470942,-0.19122887,-0.18664539,-0.18098968,-0.17589933,-0.1697734,-0.16334105,-0.15663964,-0.15056068,-0.14445823,-0.1406442,-0.13788486,-0.13522243,-0.13451362,-0.13477719,-0.13618284,-0.14112186,-0.16462892,-0.22821897,-0.22683626,-0.28430682,-0.22208518,-0.23291498,-0.2710808,-0.29331046,-0.31137562,-0.3238837,-0.335226,-0.33803517,-0.3285234,-0.3202861,-0.31346923,-0.3039844,-0.2906695,-0.27691197,-0.2640152,-0.25120956,-0.23975325,-0.22812182,-0.21730816,-0.20699316,-0.19632947,-0.18550909,-0.17465317,-0.1652447,-0.1572997,-0.15139532,-0.14738202,-0.14628577,-0.14762181,-0.14979571,-0.15125704,-0.1536972
1211,SF_058,0.121795,0.698718,0.179487,-0.4222145,-0.41671443,-0.41202998,-0.40707505,-0.39784104,-0.3958494,-0.39543056,-0.395666,-0.39314705,-0.38973153,-0.38520432,-0.37971288,-0.37381822,-0.36808723,-0.36208004,-0.35674304,-0.3518229,-0.3465094,-0.34152257,-0.3357644,-0.32962954,-0.32287455,-0.31225312,-0.30555755,-0.30924803,-0.314085,-0.3214444,-0.32260174,-0.31975,-0.31631458,-0.31250018,-0.3076504,-0.3023122,-0.29663992,-0.29121894,-0.28486514,-0.2787676,-0.2728668,-0.26907372,-0.26545584,-0.261684,-0.25893003,-0.25866216,-0.25984275,-0.2622217,-0.26587093,-0.29541057,-0.34207088,-0.21261334,-0.16963136,-0.23426431,-0.30449587,-0.37845612,-0.39749545,-0.40217793,-0.41981572,-0.4207899,-0.41661537,-0.40963513,-0.4044611,-0.3983932,-0.3879814,-0.37657297,-0.36526614,-0.35518217,-0.34544647,-0.33631527,-0.32744294,-0.318855,-0.31039292,-0.3005578,-0.2915154,-0.28326416,-0.27630496,-0.2706769,-0.2676543,-0.26717997,-0.26894653,-0.27089506,-0.2720307,-0.2732821
1215,SF_062,0.147436,0.179487,0.673077,-0.32290894,-0.3196029,-0.31715924,-0.31421602,-0.30420148,-0.30466038,-0.30569053,-0.30783778,-0.30676073,-0.30520058,-0.30685085,-0.30849642,-0.30496418,-0.3010857,-0.2970187,-0.29397774,-0.28995937,-0.28579718,-0.2812702,-0.27654147,-0.27156055,-0.26526666,-0.25366855,-0.250359,-0.2543345,-0.26164347,-0.2680213,-0.2692709,-0.26689166,-0.26483095,-0.26224935,-0.2587489,-0.25638115,-0.25338584,-0.25048584,-0.24691403,-0.24328136,-0.24025822,-0.23948848,-0.23794067,-0.23590589,-0.23398918,-0.23424464,-0.23431015,-0.23702192,-0.24476457,-0.2617039,-0.21004927,-0.21068531,-0.11504567,-0.17697364,-0.27685195,-0.31431198,-0.3308286,-0.33216166,-0.34651965,-0.35054117,-0.34534305,-0.341169,-0.34023398,-0.33691138,-0.32997674,-0.32270265,-0.3156153,-0.3084975,-0.3020478,-0.2955808,-0.2893383,-0.2840072,-0.27922755,-0.27355933,-0.2687478,-0.26478183,-0.2613148,-0.25843298,-0.25637305,-0.25492388,-0.25437146,-0.25459307,-0.25498348,-0.2562092
1222,SF_069,0.0769231,0.134615,0.788462,-0.26289433,-0.25870693,-0.25624877,-0.24754429,-0.23465854,-0.23552978,-0.23842555,-0.24362016,-0.24356806,-0.24336326,-0.24576324,-0.24752653,-0.24370152,-0.23961651,-0.2359246,-0.2318291,-0.22755998,-0.22379649,-0.21954358,-0.21422005,-0.20649588,-0.19573253,-0.17396021,-0.1661923,-0.1709072,-0.1755495,-0.1848914,-0.18879247,-0.18843985,-0.18650591,-0.18425328,-0.18191123,-0.1803608,-0.178792,-0.17638034,-0.17324257,-0.16890615,-0.1653626,-0.16485822,-0.16348475,-0.16117316,-0.15849495,-0.15518558,-0.15111607,-0.14781207,-0.15291804,-0.17870861,-0.22908717,-0.20379978,-0.2063111,-0.21955997,-0.22712249,-0.19205713,-0.19955808,-0.20402324,-0.21918035,-0.22505194,-0.22118032,-0.2220912,-0.22493005,-0.22612453,-0.22317433,-0.21818775,-0.21344137,-0.20859307,-0.20425183,-0.19969755,-0.19456142,-0.190121,-0.18629885,-0.18148649,-0.17805737,-0.1753223,-0.17250925,-0.17009038,-0.16822124,-0.16739768,-0.16742074,-0.16742879,-0.16746092,-0.16671073
1228,SF_075,0.160256,0.782051,0.0576923,-0.3311783,-0.32425487,-0.3187492,-0.3095433,-0.29538387,-0.29406476,-0.29697138,-0.30015546,-0.29806006,-0.29575413,-0.29836863,-0.30047137,-0.29340398,-0.28707135,-0.28034413,-0.27447987,-0.2679234,-0.26077914,-0.2543714,-0.24660838,-0.2373144,-0.22374558,-0.20051593,-0.19408882,-0.1988957,-0.20682502,-0.218719,-0.2222144,-0.21970415,-0.21611601,-0.21210545,-0.2067607,-0.2009362,-0.19486988,-0.18878579,-0.18111902,-0.17306578,-0.16639519,-0.16155553,-0.15664893,-0.15125096,-0.14628959,-0.14203161,-0.13758743,-0.1341719,-0.1323747,-0.18960357,-0.23933583,-0.19652629,-0.20931512,-0.23792547,-0.22377211,-0.23737937,-0.26956487,-0.281039,-0.30296147,-0.30935895,-0.30015063,-0.2959128,-0.2978723,-0.29421526,-0.2834956,-0.27147442,-0.2599882,-0.24860203,-0.23791176,-0.22745371,-0.21711767,-0.2081967,-0.19762123,-0.18595219,-0.17477268,-0.16551101,-0.15670395,-0.14976221,-0.14620191,-0.14486235,-0.14596057,-0.14777142,-0.15006411,-0.15188557
1230,SF_079,0.185897,0.717949,0.0961538,-0.38709855,-0.38353598,-0.38021487,-0.37911028,-0.37963808,-0.37975532,-0.38011974,-0.3768428,-0.37313175,-0.3673818,-0.35238725,-0.33490527,-0.32807404,-0.32211667,-0.31621337,-0.31044483,-0.30606878,-0.30290407,-0.30059856,-0.29856747,-0.29671717,-0.29369032,-0.28935182,-0.28840518,-0.29689008,-0.306094,-0.31129712,-0.31055743,-0.3081637,-0.3058347,-0.30261225,-0.29757714,-0.29220247,-0.28647006,-0.28032953,-0.2746669,-0.27043098,-0.26654392,-0.26323354,-0.26217055,-0.26351494,-0.2665509,-0.27112484,-0.27879667,-0.28514582,-0.28620917,-0.27135217,-0.22607422,-0.24059385,-0.29476827,-0.30340713,-0.3793767,-0.4531842,-0.49009138,-0.50987744,-0.5121138,-0.5133375,-0.5082815,-0.49906838,-0.48979872,-0.47730768,-0.4636104,-0.4488085,-0.43471932,-0.42193347,-0.40937096,-0.39763784,-0.38662642,-0.3759718,-0.36592126,-0.35581505,-0.34592342,-0.33692896,-0.3293332,-0.3234715,-0.31930965,-0.31816602,-0.31890064,-0.32033342,-0.3230921,-0.3263306
1235,SF_084,0.115385,0.801282,0.0833333,-0.38032347,-0.37425375,-0.3691647,-0.36408085,-0.3545733,-0.35293895,-0.3522994,-0.3520978,-0.3495127,-0.34620124,-0.34113067,-0.3344599,-0.32785344,-0.321598,-0.31513894,-0.308712,-0.30283707,-0.2964483,-0.29061472,-0.28484392,-0.27861446,-0.27148372,-0.2602716,-0.25694275,-0.26153135,-0.26726663,-0.27175474,-0.27026135,-0.26676738,-0.26341176,-0.25932038,-0.25443226,-0.24896985,-0.24278778,-0.23634958,-0.22978985,-0.22407609,-0.21924686,-0.21444374,-0.21020287,-0.20674384,-0.20540732,-0.2052092,-0.20703381,-0.20961142,-0.22806305,-0.27391386,-0.32009256,-0.29845804,-0.3290552,-0.36378253,-0.3272578,-0.3390758,-0.37029958,-0.38165838,-0.38886648,-0.3886611,-0.38186556,-0.37525892,-0.36921233,-0.3603592,-0.34891105,-0.33639914,-0.32459122,-0.31389594,-0.3038168,-0.29450727,-0.28560174,-0.27647913,-0.2673419,-0.25784814,-0.24836242,-0.2395668,-0.2325005,-0.2268213,-0.22383088,-0.22326112,-0.2253192,-0.22715634,-0.22966325,-0.23268056
1237,SF_086,0.224359,0.634615,0.141026,-0.35055602,-0.3465472,-0.3431511,-0.34130347,-0.33853716,-0.3391633,-0.34189445,-0.34157664,-0.33885652,-0.33433813,-0.32423413,-0.31162953,-0.3046133,-0.2981869,-0.29192108,-0.2859192,-0.2811923,-0.27707797,-0.2739902,-0.2706086,-0.26800716,-0.26436418,-0.25703967,-0.257398,-0.27008104,-0.28399152,-0.2913465,-0.29025334,-0.28801483,-0.28515202,-0.28163093,-0.2771966,-0.2719164,-0.26541674,-0.25909245,-0.25292367,-0.24802995,-0.243774,-0.24117655,-0.2392776,-0.23974562,-0.24274158,-0.24847949,-0.2559061,-0.26437032,-0.26197267,-0.28697336,-0.3332653,-0.2796576,-0.339036,-0.35804695,-0.352448,-0.44504112,-0.48197883,-0.49691767,-0.5062199,-0.5117624,-0.50685835,-0.49839878,-0.48771507,-0.47700638,-0.46361107,-0.44843847,-0.43391913,-0.42070156,-0.40746504,-0.39534527,-0.38385153,-0.37305975,-0.36250925,-0.35177028,-0.34069008,-0.3315553,-0.3244512,-0.31860644,-0.3143617,-0.3129332,-0.31342918,-0.3149007,-0.31786603,-0.32148904
1246,SF_095,0.358974,0.608974,0.0320513,-0.29287183,-0.28728747,-0.2824744,-0.27736866,-0.27226466,-0.27135712,-0.27265805,-0.27267736,-0.26990598,-0.26542908,-0.26173252,-0.25770068,-0.25075692,-0.24381578,-0.23745692,-0.23124689,-0.22546339,-0.2195965,-0.2144841,-0.20852137,-0.20255482,-0.19667763,-0.18779165,-0.18182606,-0.18636209,-0.19347507,-0.2006768,-0.2020269,-0.19980848,-0.19683409,-0.19304115,-0.18814713,-0.18190461,-0.17551523,-0.16928929,-0.16216516,-0.1563077,-0.15119135,-0.14699501,-0.14352268,-0.14148062,-0.14102834,-0.1423164,-0.14460629,-0.1478467,-0.17059284,-0.25767833,-0.22884995,-0.2535439,-0.25379634,-0.25046974,-0.2546233,-0.32539457,-0.34288192,-0.35303342,-0.36264187,-0.36258107,-0.3538605,-0.34699702,-0.33978313,-0.32892448,-0.3149777,-0.30003482,-0.28523803,-0.27143943,-0.25812083,-0.24497324,-0.23355597,-0.22244793,-0.210186,-0.1973595,-0.18519688,-0.17419237,-0.1645124,-0.15693468,-0.15200192,-0.15011734,-0.15095294,-0.15311217,-0.15564293,-0.15896273
1247,SF_096,0.173077,0.794872,0.0320513,-0.40270686,-0.39771205,-0.39356261,-0.39148307,-0.38388884,-0.38416564,-0.38395977,-0.3835711,-0.38128746,-0.3774135,-0.3765766,-0.37432218,-0.36830133,-0.36256766,-0.3573141,-0.35167992,-0.3459885,-0.34053093,-0.3348354,-0.3300491,-0.3259995,-0.32072967,-0.31348324,-0.31669253,-0.32389432,-0.33070207,-0.33535153,-0.3332613,-0.33023542,-0.3267702,-0.32315707,-0.31788534,-0.31234896,-0.3062923,-0.3000862,-0.29377854,-0.28810847,-0.28364956,-0.2803676,-0.2769397,-0.27383322,-0.27142966,-0.27311414,-0.27874166,-0.28413343,-0.28098774,-0.27541566,-0.30276144,-0.34159786,-0.29262227,-0.3058287,-0.38782173,-0.43463963,-0.44871032,-0.46041793,-0.46919614,-0.47021312,-0.46215564,-0.4555695,-0.4476024,-0.43856835,-0.4271568,-0.41453594,-0.40235186,-0.39124954,-0.3798989,-0.36954975,-0.36000842,-0.35049593,-0.34089315,-0.3311724,-0.32100493,-0.31299162,-0.30511844,-0.29928917,-0.2954287,-0.29373354,-0.294469,-0.2963704,-0.29896426,-0.3020941
1253,SF_102,0.237179,0.628205,0.134615,-0.33865553,-0.33356935,-0.32898772,-0.32706583,-0.32162213,-0.32002825,-0.31943238,-0.316814,-0.3131048,-0.30861259,-0.30165696,-0.29353946,-0.28706878,-0.28057593,-0.27452552,-0.26873863,-0.2627973,-0.2578668,-0.254004,-0.24946511,-0.24564993,-0.24039108,-0.23668444,-0.23440671,-0.23899376,-0.24381828,-0.24463874,-0.24257386,-0.23953086,-0.23651707,-0.2322303,-0.22715104,-0.22167766,-0.21529919,-0.209086,-0.20321345,-0.19748485,-0.19271803,-0.18913078,-0.18651146,-0.18613303,-0.18703818,-0.19030201,-0.19443852,-0.19959646,-0.22146171,-0.26410717,-0.2693981,-0.3501202,-0.35601032,-0.34052926,-0.34459502,-0.36319995,-0.391042,-0.39037192,-0.39483798,-0.39562643,-0.39027095,-0.38262773,-0.3710236,-0.35827732,-0.34475428,-0.3307333,-0.31700468,-0.30456758,-0.29315615,-0.28183967,-0.27157652,-0.2618999,-0.25188094,-0.24104136,-0.23108667,-0.22258413,-0.21530145,-0.20891166,-0.20540887,-0.2042219,-0.20531249,-0.20712286,-0.20891404,-0.21213561
1264,SF_118,0.967949,0.0320513,0.0,-0.036931336,-0.03009516,-0.0265702,-0.019915044,-0.013903379,-0.024495423,-0.04089576,-0.051644623,-0.052054286,-0.049193025,-0.041265607,-0.029922605,-0.018567026,-0.0075123906,0.0020375252,0.010693312,0.017544627,0.02409184,0.029325843,0.032658696,0.037285924,0.043596506,0.054504752,0.042040944,0.0057998896,-0.039820135,-0.072196305,-0.08250594,-0.08568621,-0.08662188,-0.08521372,-0.0791738,-0.07072705,-0.061112344,-0.050860524,-0.041923523,-0.035091043,-0.030843675,-0.030751228,-0.034527183,-0.043465793,-0.060741782,-0.08608854,-0.11632973,-0.1462534,-0.16673559,-0.2034437,-0.2374562,-0.15449154,-0.1482833,-0.2760265,-0.4139549,-0.5577374,-0.6065219,-0.6342722,-0.66071236,-0.6656604,-0.65511537,-0.64584625,-0.6355518,-0.6217225,-0.60299003,-0.582663,-0.5615343,-0.5405216,-0.5204319,-0.5010282,-0.48289514,-0.46561998,-0.4487396,-0.43193394,-0.4162295,-0.4022547,-0.39008945,-0.3801353,-0.37255353,-0.36865062,-0.36906815,-0.373295,-0.38037473,-0.3886336
1267,SF_121,0.237179,0.621795,0.141026,-0.29709232,-0.29108268,-0.28750646,-0.27942026,-0.26843023,-0.2731372,-0.28064358,-0.28780186,-0.28785253,-0.2869478,-0.28688514,-0.28473872,-0.2777053,-0.27157575,-0.26584947,-0.26015145,-0.25489432,-0.24990904,-0.24539268,-0.24148554,-0.23541129,-0.2254178,-0.20860475,-0.21080464,-0.22525549,-0.24410754,-0.2612822,-0.2657286,-0.2655291,-0.26495582,-0.26341015,-0.26044476,-0.25651884,-0.25213534,-0.24719208,-0.2421987,-0.23750591,-0.23468184,-0.23250026,-0.23054594,-0.23045844,-0.23157513,-0.23462123,-0.23813897,-0.24094898,-0.24150604,-0.26370752,-0.27941895,-0.27945852,-0.27131528,-0.31160396,-0.3135062,-0.3582943,-0.38086402,-0.3892976,-0.40913564,-0.4192521,-0.4141599,-0.4125442,-0.41399354,-0.41016388,-0.40214163,-0.39367968,-0.3852408,-0.37728548,-0.36946082,-0.36197323,-0.35495555,-0.34773576,-0.34003717,-0.33253753,-0.32515746,-0.31839442,-0.312446,-0.30749255,-0.3042758,-0.3021279,-0.3021015,-0.30395168,-0.30659926,-0.30890918
1270,SF_124,0.0,0.833333,0.166667,-0.38075638,-0.37369275,-0.3685904,-0.35711336,-0.34396523,-0.34321058,-0.34513187,-0.35004544,-0.3494752,-0.34901077,-0.34662825,-0.34169585,-0.33667296,-0.3317166,-0.3266784,-0.32224894,-0.31720185,-0.31255955,-0.30765486,-0.30214494,-0.2947498,-0.28439552,-0.26468033,-0.25984108,-0.26529056,-0.27421403,-0.28608996,-0.28998208,-0.28986102,-0.28859925,-0.28686643,-0.2842834,-0.28151506,-0.2782008,-0.27456617,-0.26981568,-0.265828,-0.26226676,-0.25897288,-0.25563002,-0.2517485,-0.24842924,-0.24589825,-0.24224478,-0.2384147,-0.24689907,-0.25204533,-0.25095582,-0.36828154,-0.36043268,-0.3272968,-0.29223812,-0.2908591,-0.30304825,-0.32147324,-0.33748078,-0.3434943,-0.3431359,-0.34336168,-0.34688962,-0.34711927,-0.34348756,-0.3377803,-0.33216769,-0.3274067,-0.32226002,-0.3174677,-0.31268936,-0.30775982,-0.30261695,-0.2960074,-0.2897516,-0.28418714,-0.27926278,-0.27536994,-0.2723173,-0.2716506,-0.27222437,-0.27380788,-0.2763062,-0.27767336
1271,SF_125,0.00641026,0.884615,0.108974,-0.35407495,-0.3466658,-0.34089315,-0.33012754,-0.3167649,-0.31470352,-0.31531656,-0.31940418,-0.31812483,-0.3172729,-0.31853658,-0.31894922,-0.31316757,-0.30802256,-0.3033201,-0.29775602,-0.2927397,-0.28713518,-0.28148925,-0.2750591,-0.26737005,-0.2561763,-0.23763406,-0.23183876,-0.2355178,-0.24479598,-0.25621754,-0.25969708,-0.259116,-0.25764227,-0.2549643,-0.25250387,-0.2486648,-0.24476606,-0.23990399,-0.2342338,-0.22939509,-0.22553629,-0.22157848,-0.21730179,-0.21196443,-0.20772195,-0.20563042,-0.20146435,-0.19693512,-0.19655317,-0.2539351,-0.3089102,-0.24945903,-0.20667928,-0.24650109,-0.2596954,-0.27075994,-0.29165357,-0.30272835,-0.32013422,-0.32633317,-0.32423198,-0.32222718,-0.32551527,-0.3250273,-0.31985617,-0.31300068,-0.3061551,-0.29980612,-0.29399866,-0.28881824,-0.28333932,-0.2775187,-0.27092826,-0.26323837,-0.25571305,-0.24869436,-0.24219567,-0.23783249,-0.23502839,-0.23454499,-0.2354582,-0.2375192,-0.24039578,-0.24291533
1273,SF_134,0.0897436,0.826923,0.0833333,-0.48067647,-0.4750566,-0.47065902,-0.4635862,-0.45631844,-0.4567173,-0.45937234,-0.46201193,-0.46054065,-0.4582355,-0.45834786,-0.45771986,-0.4527985,-0.44734573,-0.442118,-0.4378587,-0.43371558,-0.4289832,-0.42401874,-0.42011768,-0.4158879,-0.4115395,-0.40178424,-0.4017719,-0.40893644,-0.4202608,-0.43213052,-0.43604207,-0.43616563,-0.43580568,-0.43422747,-0.43087178,-0.42699486,-0.42269874,-0.41768944,-0.41279334,-0.4083944,-0.40529096,-0.4026224,-0.40024412,-0.39871573,-0.3995124,-0.40208226,-0.40561533,-0.41243905,-0.41357917,-0.41596484,-0.4223582,-0.4518482,-0.46227318,-0.41893196,-0.45142883,-0.51351815,-0.54414284,-0.5529108,-0.56907874,-0.57798433,-0.57365733,-0.57114685,-0.56962144,-0.56601256,-0.55873644,-0.5503654,-0.5429039,-0.5358765,-0.52919817,-0.52268827,-0.5165504,-0.5109692,-0.5045414,-0.49718243,-0.48973548,-0.4831581,-0.47790992,-0.4734009,-0.47076535,-0.47021312,-0.47086775,-0.47329187,-0.47509396,-0.47793597
1274,SF_135,0.025641,0.929487,0.0448718,-0.52190083,-0.51652265,-0.51204175,-0.50579226,-0.49807936,-0.4970212,-0.4989118,-0.50116706,-0.5001137,-0.49831188,-0.49835396,-0.4975384,-0.49203765,-0.48650873,-0.48149437,-0.47655982,-0.4714563,-0.46683526,-0.46211356,-0.4574111,-0.45304948,-0.4485265,-0.43962628,-0.43622762,-0.4458412,-0.45624447,-0.46661192,-0.471278,-0.47239178,-0.47204107,-0.47085005,-0.46763003,-0.46302563,-0.45670605,-0.4508435,-0.44479638,-0.439274,-0.4345296,-0.43101203,-0.42738122,-0.42555022,-0.42454338,-0.42742312,-0.43258685,-0.4403295,-0.4529627,-0.4919592,-0.52307034,-0.48375624,-0.4921621,-0.52577406,-0.49611235,-0.5493559,-0.5713316,-0.59429896,-0.60580623,-0.61263764,-0.6074102,-0.6063084,-0.6032574,-0.5997848,-0.59237117,-0.5849004,-0.57704663,-0.56976897,-0.56272227,-0.55656624,-0.5505645,-0.5439675,-0.53696036,-0.5281145,-0.51899487,-0.5110748,-0.50388706,-0.49806976,-0.4943412,-0.49291086,-0.4936279,-0.495479,-0.4990484,-0.50274146
1275,SF_136,0.0,0.929487,0.0705128,-0.5200074,-0.51450264,-0.51001227,-0.50290203,-0.4942314,-0.4932438,-0.49414575,-0.49717134,-0.49646497,-0.4950874,-0.493586,-0.49058205,-0.48577517,-0.48065704,-0.47561723,-0.47101998,-0.4663747,-0.461757,-0.45778024,-0.4527974,-0.44775742,-0.4415105,-0.42993677,-0.42692995,-0.43354785,-0.44438612,-0.45698953,-0.46176952,-0.46247935,-0.4628309,-0.46201438,-0.45917988,-0.45520693,-0.44931674,-0.44329727,-0.437402,-0.43188918,-0.42720097,-0.42345643,-0.4192376,-0.4159755,-0.41442525,-0.4150535,-0.41689098,-0.4208045,-0.41645378,-0.44370937,-0.47925216,-0.4500363,-0.46495008,-0.3709262,-0.46008164,-0.52317154,-0.54286623,-0.5587821,-0.57105076,-0.57900995,-0.5769117,-0.57456374,-0.5748479,-0.5733079,-0.5675583,-0.5598755,-0.5530807,-0.54719347,-0.54166,-0.5362964,-0.53095704,-0.5251101,-0.51872194,-0.51027644,-0.50126153,-0.49234694,-0.48493123,-0.4792993,-0.47551966,-0.47441012,-0.47556835,-0.47777736,-0.48058534,-0.48419398
1277,SF_138,0.0192308,0.897436,0.0833333,-0.54345,-0.5387504,-0.53469205,-0.5295975,-0.52165806,-0.5200088,-0.52034533,-0.52186596,-0.5205664,-0.51848656,-0.5150777,-0.5101278,-0.50562227,-0.501592,-0.4969377,-0.4923002,-0.48892236,-0.48505545,-0.48122406,-0.47741824,-0.47361404,-0.4680913,-0.45972234,-0.45746577,-0.4630419,-0.47258043,-0.48096555,-0.48428243,-0.48434538,-0.4843139,-0.48389673,-0.48137867,-0.47749346,-0.47212112,-0.46639657,-0.4607553,-0.45620334,-0.45173085,-0.4480176,-0.44461685,-0.44201452,-0.44136697,-0.44203103,-0.444048,-0.44841677,-0.4610027,-0.48818082,-0.46696186,-0.47860938,-0.58135736,-0.5363275,-0.5209286,-0.5619522,-0.576539,-0.5874417,-0.597716,-0.60529333,-0.60372394,-0.60210645,-0.6000565,-0.5962676,-0.5898938,-0.5832429,-0.5766114,-0.5707233,-0.56540287,-0.5607095,-0.5557886,-0.5501246,-0.54355776,-0.53533137,-0.52673495,-0.51866376,-0.5112889,-0.5060068,-0.50234485,-0.50156975,-0.5024364,-0.504624,-0.5090049,-0.5123563
1286,COP_20160316_5-10-E,0.492675,0.507325,0.0,-0.40283245,-0.39778274,-0.39337355,-0.39152128,-0.39155436,-0.39350438,-0.39542443,-0.39295143,-0.38844907,-0.3820293,-0.3717932,-0.35953826,-0.3492067,-0.33944094,-0.3301804,-0.32185394,-0.31432945,-0.3075816,-0.30163568,-0.29648983,-0.2919615,-0.28675407,-0.28061318,-0.28494793,-0.30187774,-0.32162648,-0.3318584,-0.3320341,-0.32946414,-0.3261822,-0.32090408,-0.3132975,-0.3038246,-0.2932338,-0.28254783,-0.27217513,-0.2629128,-0.25563627,-0.25096112,-0.24886006,-0.25039905,-0.2569855,-0.269341,-0.2865517,-0.30319315,-0.25057125,-0.34660017,-0.40031427,-0.39226246,-0.3474784,-0.1380108,-0.41010767,-0.76694846,-0.70680964,-0.6930791,-0.6724565,-0.6615132,-0.65772855,-0.64181346,-0.6213956,-0.60297525,-0.5846518,-0.566339,-0.5487999,-0.5320803,-0.5157312,-0.49999577,-0.48517346,-0.47008836,-0.4551893,-0.43990427,-0.42419332,-0.40991735,-0.39749724,-0.38709533,-0.3794276,-0.37479877,-0.37264907,-0.37367684,-0.37797236,-0.38406545
1288,COP_20160316_5-30-E,0.54359,0.45641,0.0,-0.51290476,-0.5085969,-0.5047729,-0.5027377,-0.50197184,-0.5014719,-0.50100696,-0.49761564,-0.49327338,-0.4882934,-0.4807986,-0.47155267,-0.46393532,-0.45651323,-0.44951642,-0.4430076,-0.43689555,-0.4313377,-0.4262315,-0.4214195,-0.4170984,-0.4124468,-0.40734774,-0.40869218,-0.4176069,-0.42871958,-0.43373454,-0.43254453,-0.42963594,-0.42644858,-0.4217748,-0.41528058,-0.40753824,-0.39924443,-0.39091444,-0.3828408,-0.37538677,-0.36899126,-0.36469853,-0.36215603,-0.3619783,-0.3650486,-0.37210113,-0.38259417,-0.39200652,-0.33188677,-0.44908762,-0.50613666,-0.50304925,-0.47742397,-0.35558367,-0.6326996,-0.731097,-0.6922663,-0.6847466,-0.67119825,-0.66260135,-0.6579764,-0.64431983,-0.6271755,-0.61087847,-0.594641,-0.5786387,-0.56311256,-0.5481254,-0.53344846,-0.5194604,-0.5063947,-0.4934377,-0.48071992,-0.46778083,-0.45520616,-0.44379365,-0.43325537,-0.42397672,-0.41699344,-0.4124382,-0.41027623,-0.41028947,-0.41255832,-0.41594607
1296,COP_20160405_2-50-E,0.628894,0.371106,0.0,-0.39102656,-0.38628972,-0.38233268,-0.3815878,-0.38293648,-0.38580793,-0.3891282,-0.3877684,-0.3837912,-0.37741077,-0.36670488,-0.35329145,-0.343266,-0.33348984,-0.32434356,-0.3162527,-0.30924672,-0.3031975,-0.298083,-0.29395473,-0.2905625,-0.28701437,-0.28388327,-0.2909525,-0.3106618,-0.33415496,-0.34678477,-0.3488465,-0.3481229,-0.3469121,-0.34363812,-0.33751494,-0.3287977,-0.31858903,-0.3082412,-0.29854214,-0.2900142,-0.28347534,-0.27999634,-0.27968657,-0.28345555,-0.29272282,-0.3082162,-0.3291703,-0.35088795,-0.36478734,-0.38573164,-0.3791157,-0.3561148,-0.24411577,0.132218,-0.7233135,-0.8234345,-0.7629448,-0.7476642,-0.7261637,-0.7150217,-0.7121674,-0.6965734,-0.6761521,-0.65831536,-0.64130855,-0.62458533,-0.6086899,-0.5937886,-0.5794726,-0.5661088,-0.55388635,-0.541462,-0.5285382,-0.5154166,-0.5020124,-0.48941827,-0.47839963,-0.46933842,-0.46243405,-0.45856,-0.45748186,-0.45963895,-0.46520084,-0.4717251
1309,COP_20160418_5-30-E,0.274823,0.725177,0.0,-0.53076726,-0.525414,-0.5204261,-0.5172107,-0.5151361,-0.5135691,-0.5130047,-0.51019657,-0.5059752,-0.5006007,-0.49043298,-0.4778723,-0.46964478,-0.4616843,-0.45413935,-0.44729143,-0.4409858,-0.43512994,-0.4298554,-0.4250158,-0.42042053,-0.41488004,-0.40842938,-0.40978897,-0.41982514,-0.43159688,-0.4380818,-0.4377873,-0.43519813,-0.43225622,-0.4278252,-0.42185634,-0.41442645,-0.40611404,-0.3978485,-0.38987732,-0.38252372,-0.37630844,-0.3720243,-0.36935014,-0.36850584,-0.37054116,-0.3758309,-0.38380474,-0.39058816,-0.39598936,-0.5436138,-0.5269223,-0.53188044,-0.5104495,-0.3571651,-0.6081084,-0.60459733,-0.60037947,-0.5991232,-0.5934704,-0.5881442,-0.5827863,-0.5731834,-0.5618073,-0.5502268,-0.5378728,-0.5255424,-0.5137561,-0.5025836,-0.49197102,-0.48175913,-0.4718464,-0.4618734,-0.45162946,-0.44050968,-0.42921686,-0.4191097,-0.4101879,-0.40213776,-0.3959707,-0.3924328,-0.39106518,-0.3920666,-0.39523458,-0.39908803
1320,COP_20160501_5-20-E,0.0696146,0.930385,0.0,-0.3681758,-0.3614381,-0.35530573,-0.3513288,-0.34955096,-0.3472513,-0.34575534,-0.34261727,-0.33750904,-0.33045793,-0.31753045,-0.3018167,-0.2919631,-0.28253943,-0.27394354,-0.2662239,-0.2591378,-0.25259966,-0.2463246,-0.2405932,-0.23532724,-0.2290675,-0.21925962,-0.2208947,-0.23546207,-0.25230992,-0.263739,-0.2662385,-0.26573265,-0.2644993,-0.26112026,-0.25482756,-0.24601686,-0.23550475,-0.22504008,-0.21523523,-0.20676845,-0.19976282,-0.19433653,-0.19020665,-0.18850923,-0.1902706,-0.19631392,-0.206258,-0.21486491,-0.2519449,-0.3753633,-0.34898627,-0.34798372,-0.34419936,-0.32641965,-0.24170423,-0.64930356,-0.58626986,-0.56619924,-0.5407255,-0.5288167,-0.52637076,-0.51201546,-0.49356914,-0.47752988,-0.4618733,-0.44645077,-0.4324237,-0.41994834,-0.40833735,-0.39731264,-0.38682222,-0.3761115,-0.36416554,-0.35055298,-0.33589196,-0.32212943,-0.31034368,-0.30059916,-0.29396534,-0.29116285,-0.29166925,-0.29548973,-0.30279905,-0.3108883
1321,COP_20160501_5-30-E,0.0744977,0.925502,0.0,-0.4896291,-0.48331994,-0.47749877,-0.47370476,-0.47064382,-0.46754265,-0.46442157,-0.46005237,-0.45494527,-0.44923508,-0.439076,-0.42676318,-0.4185726,-0.41066468,-0.40344632,-0.39660758,-0.3900274,-0.38381523,-0.37807506,-0.37258923,-0.36728805,-0.36109006,-0.35178673,-0.35118783,-0.36009032,-0.37045872,-0.37731844,-0.3775552,-0.37554294,-0.37320113,-0.36936212,-0.363522,-0.3560078,-0.34743243,-0.338803,-0.33067852,-0.32325023,-0.31692177,-0.3117752,-0.30770302,-0.30538183,-0.3055824,-0.30873096,-0.3142624,-0.31754047,-0.3444758,-0.4865036,-0.46301705,-0.46220112,-0.46130615,-0.45613486,-0.45149475,-0.59746194,-0.5514725,-0.5455948,-0.5344875,-0.5281781,-0.523682,-0.5130012,-0.5005156,-0.48886305,-0.47665644,-0.464494,-0.4532038,-0.44288576,-0.4332574,-0.42394352,-0.41498435,-0.40581632,-0.39592314,-0.3848508,-0.37325317,-0.36254752,-0.3532213,-0.34498972,-0.33902502,-0.3362295,-0.33581972,-0.3380838,-0.34282917,-0.34758985
1324,COP_20160526_2-0-W,0.0170874,0.982913,0.0,-0.26046127,-0.2517451,-0.24354738,-0.23758775,-0.23154312,-0.22475052,-0.21854687,-0.21209824,-0.20602536,-0.19868875,-0.186539,-0.17288685,-0.16303349,-0.15355754,-0.14431876,-0.13554496,-0.12701881,-0.11882043,-0.11084753,-0.10307521,-0.095428705,-0.08680868,-0.071637094,-0.0655359,-0.07364851,-0.08222246,-0.09030372,-0.092283726,-0.09076476,-0.088597715,-0.084979236,-0.07851219,-0.06901419,-0.057127893,-0.045185864,-0.033792198,-0.023099303,-0.013135314,-0.0046797395,0.003181696,0.009416461,0.013036013,0.013520479,0.011196613,0.012735128,0.049224734,-0.2140609,-0.21388364,-0.21305948,-0.21347773,-0.21412772,-0.17891604,-0.17449933,-0.31853163,-0.32063603,-0.30580902,-0.29850256,-0.29500693,-0.28125286,-0.26478565,-0.24935675,-0.2327888,-0.21621251,-0.20190424,-0.1901772,-0.17974877,-0.1696462,-0.1599819,-0.14981252,-0.13703114,-0.12065083,-0.10267758,-0.085784435,-0.07140654,-0.05972129,-0.05253637,-0.051062644,-0.053418696,-0.059767842,-0.07002562,-0.080069244
1326,COP_20160526_2-20-E,0.288364,0.711636,0.0,-0.24170661,-0.23703569,-0.23283488,-0.23682296,-0.24213701,-0.2491641,-0.25549692,-0.25485265,-0.2499702,-0.24194002,-0.23180306,-0.21867561,-0.20577729,-0.19268227,-0.18032134,-0.1700145,-0.16190344,-0.15581608,-0.15199578,-0.15041465,-0.15068448,-0.15126038,-0.15120405,-0.16680229,-0.20058882,-0.23709363,-0.25665957,-0.26282746,-0.26579636,-0.26778919,-0.26650625,-0.26067668,-0.25177854,-0.24124831,-0.2311325,-0.22197682,-0.2146005,-0.20931214,-0.20734751,-0.2099163,-0.21774763,-0.23185915,-0.25258493,-0.27960414,-0.31044436,-0.35372752,-0.2477079,-0.24662274,-0.24519295,-0.2365511,-0.19653392,0.10549104,-0.5121139,-0.9792575,-0.88999504,-0.7839881,-0.74685574,-0.7504994,-0.72387135,-0.69043607,-0.6675398,-0.64935887,-0.63232374,-0.61647,-0.60189384,-0.5880909,-0.5752955,-0.5636916,-0.5515535,-0.539243,-0.5272702,-0.51505756,-0.5033822,-0.4939472,-0.48665166,-0.4812494,-0.47974533,-0.48123705,-0.48522484,-0.49236006,-0.50125086
1332,COP_20160526_5-20-E,0.0149635,0.985036,0.0,-0.35760218,-0.34855604,-0.33967924,-0.33507288,-0.32817113,-0.32101667,-0.31373435,-0.3063584,-0.29972684,-0.29118127,-0.28212285,-0.2721259,-0.26284546,-0.2534743,-0.2440232,-0.23496044,-0.2266438,-0.21852523,-0.2108522,-0.20346469,-0.19605482,-0.1874814,-0.17204577,-0.16440147,-0.17072558,-0.17699367,-0.18323088,-0.18401349,-0.18126905,-0.17781806,-0.17285872,-0.16546226,-0.15576494,-0.14472347,-0.13354433,-0.1226666,-0.11248416,-0.10271776,-0.094484985,-0.08717686,-0.08064294,-0.07571703,-0.073754966,-0.0735268,-0.06875062,-0.033575,-0.3166281,-0.31318855,-0.31168622,-0.31369764,-0.3176692,-0.33291966,-0.35263234,-0.35601842,-0.364783,-0.35967523,-0.35574955,-0.3507095,-0.3386035,-0.32423705,-0.30995107,-0.29391426,-0.2781787,-0.26440847,-0.25248033,-0.241727,-0.23130918,-0.22103864,-0.21031523,-0.19773275,-0.1823268,-0.1654998,-0.14978462,-0.13622457,-0.12518793,-0.118997455,-0.11784649,-0.12037766,-0.12630665,-0.1353296,-0.1446076
1333,COP_20160526_5-30-E,0.0170205,0.98298,0.0,-0.385534,-0.37773234,-0.36998063,-0.36594915,-0.36139816,-0.3549248,-0.34807026,-0.3413818,-0.33438122,-0.32718194,-0.31776673,-0.30672693,-0.2981788,-0.28966856,-0.28132343,-0.27346218,-0.26601917,-0.2589072,-0.25203592,-0.24532157,-0.23869002,-0.23117256,-0.21858859,-0.2135086,-0.22010744,-0.2271449,-0.23308444,-0.23357505,-0.2313655,-0.22864205,-0.22436124,-0.21761864,-0.20886976,-0.1986469,-0.18850672,-0.17895788,-0.16998637,-0.1613394,-0.15434682,-0.14823586,-0.14308047,-0.1395548,-0.13849121,-0.13972199,-0.13755083,-0.10339892,-0.35260975,-0.35176003,-0.350209,-0.3511427,-0.3544262,-0.35195684,-0.35828322,-0.39042735,-0.3963601,-0.38987416,-0.3863631,-0.38155633,-0.3697965,-0.35595977,-0.3429407,-0.32878405,-0.31459987,-0.30194557,-0.2912175,-0.2813856,-0.27201706,-0.26298398,-0.2533145,-0.24201447,-0.22837824,-0.21358633,-0.19997126,-0.18780911,-0.17756861,-0.1709851,-0.16862077,-0.16979319,-0.17485303,-0.18305218,-0.19097024
1334,COP_20160526_5-40-W,0.00490173,0.995098,0.0,-0.32883024,-0.31957144,-0.31059033,-0.30507642,-0.2991234,-0.2916993,-0.28450608,-0.2772981,-0.2708074,-0.26308018,-0.25158656,-0.23889542,-0.22962272,-0.22031134,-0.2113164,-0.20306069,-0.19509757,-0.18741429,-0.17972416,-0.17209625,-0.16450661,-0.15539956,-0.13984787,-0.13482302,-0.14288604,-0.15221643,-0.16125232,-0.16345835,-0.16225672,-0.16046482,-0.15713525,-0.15101027,-0.14212668,-0.13122654,-0.12016696,-0.109645784,-0.10010773,-0.09152126,-0.08428216,-0.0778963,-0.07270348,-0.069072306,-0.06875205,-0.071831524,-0.07194263,-0.037237108,-0.2897014,-0.28755605,-0.2857331,-0.286112,-0.2847154,-0.22457695,-0.34414494,-0.43136352,-0.4243905,-0.40675467,-0.39967352,-0.39728814,-0.3839296,-0.3672766,-0.35227937,-0.33643013,-0.32094687,-0.30728525,-0.29584002,-0.28545296,-0.27582872,-0.26680684,-0.25726748,-0.24553037,-0.23063886,-0.21424127,-0.19877893,-0.18568599,-0.1746481,-0.16773492,-0.16576827,-0.16806269,-0.17425472,-0.1838044,-0.19331533
1340,QUE_T3.01.E,0.0,0.98,0.02,-0.3486408,-0.33997297,-0.33164203,-0.32565188,-0.31922823,-0.31087583,-0.30237687,-0.293804,-0.28617346,-0.27806515,-0.2747503,-0.27171767,-0.26445794,-0.25604945,-0.24820107,-0.24063736,-0.23290378,-0.22529739,-0.21777624,-0.2106263,-0.20475984,-0.1998576,-0.19686234,-0.19100863,-0.18439156,-0.17958766,-0.17241758,-0.16640651,-0.16156858,-0.15646768,-0.1512751,-0.14513952,-0.1383977,-0.13074881,-0.12247932,-0.11411291,-0.10627204,-0.09899747,-0.092617035,-0.08644557,-0.08041692,-0.07536334,-0.07234919,-0.07172209,-0.07407367,-0.08300042,-0.08077854,-0.03434992,-0.049040854,-0.13604766,-0.17051136,-0.16765976,-0.17858237,-0.18794888,-0.1936819,-0.19155681,-0.1881752,-0.18629074,-0.18079084,-0.17211443,-0.16203809,-0.15181816,-0.1410163,-0.13172245,-0.124424696,-0.11808449,-0.11214906,-0.10631198,-0.10002917,-0.0924207,-0.08186966,-0.07035321,-0.059860528,-0.051615536,-0.04638076,-0.04474461,-0.04751414,-0.052328467,-0.055572987,-0.057263672,-0.05852282
1343,QUE_T3.01.H,0.0,0.95,0.05,-0.34718537,-0.33838934,-0.32964474,-0.32473987,-0.31945908,-0.31082672,-0.3001696,-0.2901941,-0.28118682,-0.27256006,-0.26396394,-0.25489455,-0.2469191,-0.23853827,-0.23021746,-0.22151887,-0.21320522,-0.20541674,-0.19800168,-0.19097704,-0.18490744,-0.18150324,-0.18152934,-0.17478639,-0.16769981,-0.16280085,-0.15424293,-0.14748108,-0.14267874,-0.13770914,-0.13259226,-0.12677062,-0.119959176,-0.11233187,-0.104142845,-0.095989704,-0.08843517,-0.0812189,-0.07504624,-0.0689888,-0.06345236,-0.05952823,-0.057617307,-0.05884391,-0.06290692,-0.075962365,-0.07877147,-0.05965358,-0.15999323,-0.14781064,-0.16450429,-0.16496176,-0.17724031,-0.18327588,-0.18834406,-0.18579793,-0.18161404,-0.1795482,-0.1731171,-0.16321689,-0.15237498,-0.14156449,-0.1309011,-0.121589124,-0.11451137,-0.1084348,-0.10278064,-0.09684551,-0.09103447,-0.08377415,-0.07376897,-0.062654614,-0.052860618,-0.045345664,-0.040688097,-0.03953153,-0.042542636,-0.04747981,-0.05062574,-0.05212933,-0.053863943
1359,QUE_T3.03.D,0.0,0.59,0.41,-0.49131143,-0.48415703,-0.47825283,-0.4692222,-0.4613669,-0.45668715,-0.45345408,-0.45104063,-0.44679093,-0.44319838,-0.44738293,-0.45248014,-0.44726747,-0.4420603,-0.4369244,-0.43246353,-0.42786694,-0.4226886,-0.4185595,-0.41326624,-0.40755105,-0.40133524,-0.39432657,-0.38678783,-0.38597435,-0.3871857,-0.38791734,-0.38722396,-0.38490605,-0.38166732,-0.37839037,-0.37449723,-0.37042505,-0.36641312,-0.36225212,-0.35777593,-0.3531931,-0.3489222,-0.34632057,-0.34402668,-0.34172976,-0.3390537,-0.3369313,-0.33582425,-0.33669323,-0.33915263,-0.37868237,-0.4173025,-0.3289805,-0.40655142,-0.40810144,-0.443703,-0.46178353,-0.47191733,-0.47858715,-0.4816795,-0.48312157,-0.4788248,-0.4720896,-0.4644118,-0.45641005,-0.44681937,-0.43684763,-0.42741394,-0.418921,-0.41073197,-0.40304643,-0.39597625,-0.38957804,-0.38354248,-0.37662667,-0.36994117,-0.36432785,-0.35925752,-0.35557508,-0.35342902,-0.3528096,-0.35352397,-0.35406095,-0.35429275,-0.35464787
1360,QUE_T3.03.E,0.0,0.58,0.42,-0.49727988,-0.4904555,-0.48526305,-0.4778543,-0.47285897,-0.46788186,-0.46396917,-0.46051002,-0.45627683,-0.4523266,-0.45799178,-0.46518618,-0.4600188,-0.45521122,-0.45062214,-0.44663513,-0.4424662,-0.43809617,-0.43287283,-0.42779565,-0.421337,-0.4162162,-0.40925503,-0.40444636,-0.40287143,-0.40284175,-0.40380216,-0.4032671,-0.40083736,-0.39789027,-0.39486355,-0.39107227,-0.38715047,-0.38314825,-0.37872362,-0.37438452,-0.3698148,-0.36560923,-0.3631248,-0.36121005,-0.35883492,-0.35537535,-0.35278618,-0.35204458,-0.35314697,-0.3516577,-0.32629043,-0.38346988,-0.15135998,-0.21066469,-0.36331654,-0.45731723,-0.48121738,-0.4914686,-0.49724615,-0.5019547,-0.50192034,-0.49752313,-0.49088007,-0.48289895,-0.4747625,-0.46508956,-0.45515686,-0.44585872,-0.4374799,-0.42968905,-0.4222303,-0.41553324,-0.40919995,-0.40328765,-0.3966055,-0.39015353,-0.38489097,-0.3799389,-0.37626755,-0.374395,-0.37402552,-0.37444198,-0.37498534,-0.37580478,-0.37625057
1361,QUE_T3.03.F,0.0,0.47,0.53,-0.49679786,-0.49032885,-0.48482144,-0.47777635,-0.47321904,-0.46884078,-0.46431392,-0.45996243,-0.45577186,-0.4515941,-0.4556797,-0.46080524,-0.45592642,-0.4511516,-0.44624418,-0.44107574,-0.4369812,-0.4322415,-0.42749733,-0.42257482,-0.41612947,-0.41120535,-0.40518862,-0.39886838,-0.39907646,-0.39836437,-0.3978694,-0.39685494,-0.39415222,-0.3910222,-0.38790733,-0.3841951,-0.38027412,-0.37597024,-0.37158382,-0.36686635,-0.36215305,-0.35773093,-0.35490006,-0.35262328,-0.35034776,-0.3472607,-0.34519327,-0.3449247,-0.346569,-0.34981138,-0.29277158,-0.3931917,-0.33471787,-0.28816807,-0.40019333,-0.4559824,-0.4703235,-0.47952724,-0.48554194,-0.48843533,-0.48844475,-0.4846661,-0.47704458,-0.4690101,-0.46057707,-0.45095068,-0.44119465,-0.43195796,-0.42392594,-0.4162621,-0.40905035,-0.40241086,-0.39615566,-0.3904469,-0.38368922,-0.37690145,-0.37134022,-0.36661917,-0.36314142,-0.36100185,-0.36061054,-0.36095345,-0.36167324,-0.36225092,-0.36282104
1362,QUE_T3.03.G,0.0,0.54,0.46,-0.47663486,-0.4699642,-0.46383184,-0.458327,-0.45287186,-0.44717765,-0.44203007,-0.43665576,-0.4319058,-0.4274348,-0.42374516,-0.42063493,-0.41502845,-0.40891373,-0.4032243,-0.39810312,-0.3926943,-0.38686246,-0.38163763,-0.37644696,-0.37150252,-0.3663082,-0.3600878,-0.35324645,-0.35121584,-0.34956425,-0.3490016,-0.34737557,-0.34474504,-0.34114426,-0.3375438,-0.33340162,-0.32893556,-0.3241896,-0.3191417,-0.3141989,-0.30904567,-0.3040372,-0.30075037,-0.29729187,-0.29381186,-0.29072565,-0.2895518,-0.29036313,-0.29247278,-0.29763746,-0.29847455,-0.28973305,-0.20905066,-0.18749368,-0.33357638,-0.37254763,-0.39936155,-0.41399366,-0.4215759,-0.42517048,-0.4256091,-0.4220211,-0.41550815,-0.40774518,-0.40016717,-0.39073372,-0.38100368,-0.37191278,-0.3641671,-0.35688108,-0.34977108,-0.34315968,-0.3370167,-0.33103412,-0.3237778,-0.3162166,-0.31015897,-0.30474252,-0.30065852,-0.29843462,-0.29796815,-0.29894406,-0.29977667,-0.3005848,-0.30091715
1363,QUE_T3.03.H,0.0,0.58,0.42,-0.46282405,-0.45587754,-0.44965953,-0.44364172,-0.4380576,-0.43270946,-0.42715186,-0.42176932,-0.41684526,-0.41162395,-0.4101867,-0.40900803,-0.40299875,-0.39697164,-0.3907671,-0.38580215,-0.38073808,-0.37532693,-0.36915755,-0.36320502,-0.3572659,-0.35135096,-0.34416205,-0.3369121,-0.33518994,-0.33358228,-0.33283073,-0.33098006,-0.3279227,-0.3243851,-0.32021338,-0.31575346,-0.31118596,-0.30626088,-0.3010949,-0.29577136,-0.29026723,-0.2850284,-0.28124535,-0.27754873,-0.2740416,-0.27087867,-0.26887172,-0.26841533,-0.2697901,-0.27801555,-0.29616356,-0.4105528,-0.49949956,-0.4160753,-0.3693434,-0.37961972,-0.38590384,-0.39511853,-0.4014759,-0.40499568,-0.40547943,-0.40219533,-0.39614397,-0.38891727,-0.38137287,-0.37191617,-0.36215848,-0.35319334,-0.34536618,-0.33804494,-0.33091044,-0.32432353,-0.31803775,-0.31181586,-0.3042,-0.2961803,-0.28951126,-0.28380787,-0.27935803,-0.2770995,-0.2768526,-0.2778576,-0.27880448,-0.2797526,-0.28041
1365,QUE_T3.03.J,0.0,0.58,0.42,-0.48204046,-0.47507715,-0.46860224,-0.46367973,-0.4580925,-0.45249093,-0.44648254,-0.4402005,-0.435243,-0.4304204,-0.42367458,-0.4152997,-0.4094739,-0.4039619,-0.39763713,-0.39196718,-0.3864811,-0.3808825,-0.3753944,-0.37053907,-0.36411422,-0.35792387,-0.35106486,-0.34378618,-0.3417883,-0.3397798,-0.33757925,-0.3351063,-0.331424,-0.3272962,-0.3228252,-0.3182459,-0.3133173,-0.30828065,-0.30288243,-0.29719764,-0.291422,-0.2861194,-0.28221798,-0.27825814,-0.2747842,-0.27225608,-0.27042753,-0.27033532,-0.27098387,-0.27103287,-0.2650854,-0.25907278,-0.1636926,-0.23953336,-0.3246305,-0.356826,-0.37984484,-0.39389557,-0.40198237,-0.40427804,-0.4041422,-0.40029085,-0.3937562,-0.38582116,-0.37730253,-0.3672765,-0.35701948,-0.34739888,-0.33887595,-0.3309247,-0.32319665,-0.31588453,-0.3093639,-0.30273002,-0.29463404,-0.28647798,-0.27957088,-0.2735809,-0.2690372,-0.26674026,-0.2661,-0.26693344,-0.26773888,-0.2685498,-0.268763
1369,QUE_T3.04.D,0.0,0.5,0.5,-0.35499853,-0.34602374,-0.338544,-0.3260948,-0.31068254,-0.3045228,-0.3015778,-0.3005597,-0.29683816,-0.29254335,-0.29231715,-0.29246807,-0.2860676,-0.27969044,-0.27367914,-0.2678252,-0.26199496,-0.256059,-0.24980885,-0.24406528,-0.23647666,-0.2276389,-0.21467811,-0.2043097,-0.20298105,-0.20007163,-0.20146775,-0.20174044,-0.19887799,-0.1952951,-0.19181484,-0.18789744,-0.18376821,-0.17954326,-0.17482632,-0.16932428,-0.16319853,-0.15751278,-0.15419817,-0.15011865,-0.14533776,-0.13942045,-0.134099,-0.128838,-0.12538642,-0.123972714,-0.14839262,-0.29675782,-0.29145402,-0.2108078,-0.16720146,-0.16725576,-0.16388321,-0.17392617,-0.18023562,-0.1860038,-0.18896222,-0.18678612,-0.18542415,-0.18506354,-0.1839152,-0.17915928,-0.17379308,-0.16862184,-0.16424292,-0.1603607,-0.15597415,-0.15165234,-0.14745611,-0.14304823,-0.13647687,-0.12978154,-0.124393225,-0.11958015,-0.1161136,-0.11511809,-0.115988374,-0.11791772,-0.11933577,-0.11998558,-0.11997825
1370,QUE_T3.04.E,0.0,0.48,0.52,-0.3528505,-0.3443969,-0.33709103,-0.3263229,-0.31352365,-0.3074413,-0.3031968,-0.30058795,-0.2969731,-0.29276913,-0.2910909,-0.29018646,-0.28433365,-0.27830458,-0.2720756,-0.265967,-0.25983018,-0.254067,-0.24813509,-0.24185938,-0.23426092,-0.22545445,-0.21260625,-0.20137048,-0.19944382,-0.19765818,-0.19969565,-0.20030582,-0.19780064,-0.19414288,-0.19054693,-0.1866169,-0.18258542,-0.17829978,-0.17338991,-0.16793513,-0.16176885,-0.15593833,-0.15257847,-0.14840913,-0.1433289,-0.13733882,-0.13185412,-0.1260581,-0.12232548,-0.12133199,-0.15498841,-0.18083936,-0.19815892,-0.07448995,-0.09084225,-0.14122665,-0.15704411,-0.1698761,-0.17753184,-0.18480676,-0.18800366,-0.18634123,-0.18449605,-0.18513054,-0.18419814,-0.1796084,-0.17391604,-0.16866326,-0.16451168,-0.16017717,-0.1557892,-0.15121889,-0.14701545,-0.14269745,-0.13588202,-0.1288473,-0.12350798,-0.11864233,-0.115128696,-0.1140964,-0.11519301,-0.11730039,-0.11892563,-0.11945307,-0.11944258
1378,QUE_T3.51.C,0.0,0.02,0.98,-0.62162614,-0.61761,-0.61398345,-0.60928226,-0.60584307,-0.60261977,-0.5993693,-0.596512,-0.5939485,-0.5911318,-0.5912715,-0.59180903,-0.58796644,-0.5847044,-0.58224094,-0.57952833,-0.57618266,-0.5730121,-0.57030714,-0.56696033,-0.5640343,-0.56119245,-0.55668133,-0.5528438,-0.5529828,-0.5524169,-0.5520538,-0.5510062,-0.5493108,-0.5470863,-0.54505384,-0.5426153,-0.5404124,-0.5380626,-0.53601015,-0.53391093,-0.5316371,-0.5296103,-0.5283475,-0.52727103,-0.5261581,-0.5252382,-0.5250713,-0.52542484,-0.5266325,-0.52837133,-0.52315307,-0.48172158,-0.42286354,-0.5408381,-0.6079891,-0.6008128,-0.62321544,-0.6271468,-0.6313702,-0.6323023,-0.6312993,-0.6265081,-0.6181993,-0.60923874,-0.60111964,-0.59246564,-0.5836837,-0.57572854,-0.56858695,-0.56192434,-0.5557276,-0.55039203,-0.5456784,-0.5415662,-0.5379143,-0.5348171,-0.53200305,-0.52969784,-0.5276557,-0.52624166,-0.52514625,-0.5244789,-0.52395874,-0.5235959,-0.52368575
1379,QUE_T3.51.D,0.0,0.02,0.98,-0.6049188,-0.60043275,-0.5965701,-0.59252596,-0.5887656,-0.5854645,-0.58160526,-0.5784066,-0.57504714,-0.5717945,-0.56957626,-0.56778103,-0.56452525,-0.5609587,-0.55726206,-0.5531733,-0.55025434,-0.54761434,-0.544119,-0.5415152,-0.5378053,-0.5345258,-0.5314051,-0.52665377,-0.5254003,-0.52491844,-0.5240698,-0.52257574,-0.520643,-0.51852965,-0.5164422,-0.51382726,-0.51121306,-0.50898653,-0.50663435,-0.50432354,-0.50210905,-0.5001635,-0.4985906,-0.49751532,-0.49650967,-0.49574888,-0.4953013,-0.4957127,-0.4971907,-0.5072206,-0.57866615,-0.7258675,-0.78062093,-0.75123644,-0.6327325,-0.61192673,-0.60140496,-0.6048678,-0.6052798,-0.6069113,-0.6051549,-0.59976983,-0.5914272,-0.5821097,-0.57338613,-0.56407654,-0.5547617,-0.54633343,-0.53871214,-0.5316891,-0.5253436,-0.5195501,-0.5145924,-0.5102935,-0.5064285,-0.5029195,-0.5001836,-0.49778247,-0.4956882,-0.49404734,-0.49282652,-0.49195254,-0.49146104,-0.49122745,-0.491063
1383,QUE_T3.51.H,0.0,0.07,0.93,-0.61880183,-0.61417615,-0.61013484,-0.60705245,-0.6043304,-0.6007776,-0.59584236,-0.591503,-0.5879742,-0.58428204,-0.58082706,-0.5780399,-0.5739389,-0.5691532,-0.5650641,-0.5620877,-0.5584725,-0.55455697,-0.5509723,-0.5482645,-0.54459333,-0.54121435,-0.5375302,-0.53233737,-0.5318917,-0.53055096,-0.529863,-0.52810776,-0.5259036,-0.5234271,-0.5210322,-0.5181378,-0.51548475,-0.51276237,-0.5100638,-0.50765055,-0.50503826,-0.50260365,-0.5010141,-0.49983138,-0.4988402,-0.4982713,-0.4985305,-0.4998237,-0.50131726,-0.50227606,-0.4712084,-0.41624987,-0.34546012,-0.46464342,-0.5131167,-0.5992789,-0.61801785,-0.62155753,-0.62549055,-0.6267787,-0.62447274,-0.61872375,-0.6093485,-0.59884477,-0.5888349,-0.5783802,-0.5682359,-0.55865407,-0.5501338,-0.54220617,-0.5348864,-0.5283129,-0.522583,-0.51774955,-0.5130376,-0.508948,-0.50591236,-0.5030821,-0.50066733,-0.49891037,-0.49754697,-0.49668753,-0.4962414,-0.49607843,-0.49639493
1392,QUE_T3.06.G,0.0,0.0,1.0,-0.3995794,-0.3933593,-0.3883049,-0.37875003,-0.36943525,-0.36624283,-0.3650813,-0.36481434,-0.36282265,-0.3608247,-0.35959876,-0.3585871,-0.35424268,-0.35020787,-0.34619218,-0.34228832,-0.33840162,-0.33385897,-0.32994062,-0.32536566,-0.31916213,-0.31069523,-0.29512107,-0.28571892,-0.2871797,-0.28785086,-0.2942372,-0.29689598,-0.29593813,-0.29361814,-0.29135334,-0.2889639,-0.2868271,-0.28516513,-0.2830298,-0.28027785,-0.27678692,-0.27383322,-0.27237195,-0.27025473,-0.26696604,-0.2631265,-0.25863296,-0.2527336,-0.2466768,-0.2360251,-0.17952585,-0.12790781,0.010618448,-0.11157048,-0.10113555,-0.20304418,-0.2406761,-0.2510602,-0.25583756,-0.26810235,-0.2731225,-0.26961988,-0.26939672,-0.27281445,-0.2749682,-0.27347445,-0.2707054,-0.26799172,-0.2649271,-0.26161635,-0.25851625,-0.2550363,-0.25187737,-0.24980092,-0.24711639,-0.24515086,-0.24355114,-0.24190414,-0.24035197,-0.23923737,-0.23857576,-0.23812276,-0.23775148,-0.23739892,-0.23706609
1393,QUE_T3.06.H,0.0,0.01,0.99,-0.39940685,-0.39307082,-0.3878494,-0.37872046,-0.3690222,-0.36564767,-0.36418027,-0.36415577,-0.36214918,-0.3600353,-0.35871446,-0.3571369,-0.3526759,-0.34870982,-0.34401172,-0.34108913,-0.3371958,-0.3325432,-0.3283249,-0.32405853,-0.31778157,-0.30965853,-0.29415864,-0.28454864,-0.2855007,-0.2860973,-0.29245144,-0.29498184,-0.2940182,-0.29194522,-0.28965014,-0.28726524,-0.28503907,-0.28337204,-0.2814002,-0.27853382,-0.2751022,-0.27210116,-0.27086204,-0.2684061,-0.26514614,-0.26116252,-0.25647312,-0.25042015,-0.24415714,-0.23354381,-0.19123852,-0.20441484,-0.08338761,-0.13656569,-0.12447733,-0.19805223,-0.23016948,-0.24191731,-0.24668658,-0.25735652,-0.2635895,-0.26010376,-0.26028234,-0.26442212,-0.26737833,-0.26663876,-0.2644729,-0.26230633,-0.2595225,-0.2564767,-0.2534995,-0.2503656,-0.2475391,-0.24537516,-0.24273747,-0.24082166,-0.23942912,-0.237867,-0.23632628,-0.23501861,-0.23418623,-0.23368067,-0.23365194,-0.23318833,-0.23251629
1425,QUE_T3.10.H,0.0,0.23,0.77,-0.36686546,-0.36026388,-0.3543102,-0.34681726,-0.33993894,-0.33440113,-0.32981586,-0.32613045,-0.32194978,-0.31759328,-0.3133874,-0.30888492,-0.3031451,-0.29771763,-0.29287255,-0.28774816,-0.28284448,-0.27787524,-0.27242965,-0.26726323,-0.26174277,-0.25482017,-0.24489117,-0.23872107,-0.23655021,-0.2339046,-0.23362547,-0.23183465,-0.22896302,-0.22554183,-0.22183937,-0.21782249,-0.21421778,-0.21053004,-0.20651948,-0.20219576,-0.19755822,-0.19330567,-0.19046813,-0.18748873,-0.18353975,-0.17922795,-0.17526186,-0.17133313,-0.16833782,-0.16634363,-0.16968673,-0.206631,-0.23383242,-0.20605445,-0.15883172,-0.17466503,-0.18108141,-0.1832329,-0.18445092,-0.18731803,-0.18734491,-0.18440825,-0.1827116,-0.18212557,-0.1804322,-0.17715997,-0.17358613,-0.17005837,-0.16675305,-0.16347885,-0.16019744,-0.15718472,-0.15396881,-0.15080559,-0.14710629,-0.1434164,-0.1404481,-0.13783419,-0.13581067,-0.13429075,-0.13457227,-0.13568002,-0.13615882,-0.13610405,-0.1357804
1426,QUE_T3.10.I,0.0,0.2,0.8,-0.35821843,-0.35135216,-0.34530622,-0.33730692,-0.33023047,-0.3251015,-0.3202247,-0.31640053,-0.31223482,-0.30774027,-0.30395263,-0.3002916,-0.29403377,-0.28885543,-0.2834115,-0.27790236,-0.27238894,-0.2673418,-0.2618029,-0.25570315,-0.24953544,-0.24265867,-0.23285657,-0.22458011,-0.22188199,-0.2192033,-0.21861899,-0.2170946,-0.21355611,-0.20993441,-0.20605528,-0.2017687,-0.19775903,-0.19380426,-0.18933499,-0.18458062,-0.17967343,-0.17503911,-0.17173278,-0.1682322,-0.1640274,-0.15951961,-0.15536284,-0.15124714,-0.14834493,-0.15348488,-0.2564609,-0.3980713,-0.37808722,-0.29009795,-0.22238952,-0.17250663,-0.16237646,-0.16351384,-0.1631077,-0.16710073,-0.16818494,-0.16534609,-0.16326386,-0.16217482,-0.16064703,-0.15688413,-0.15305024,-0.1491223,-0.14530426,-0.141815,-0.13811868,-0.13477933,-0.13117659,-0.12751418,-0.12324953,-0.118854344,-0.115145504,-0.1121791,-0.10971528,-0.108400166,-0.108674526,-0.1096679,-0.11007297,-0.11024767,-0.109800756
1431,QUE_T3.71.D,0.0,0.43,0.57,-0.45010334,-0.44216436,-0.435668,-0.42597026,-0.41647768,-0.4119231,-0.4085694,-0.40576327,-0.40218943,-0.39810938,-0.39107555,-0.38369924,-0.37728357,-0.37149537,-0.3653022,-0.3588029,-0.35333496,-0.34779394,-0.34186006,-0.33544922,-0.32768244,-0.31925523,-0.3059169,-0.29671,-0.29737502,-0.29835427,-0.30224556,-0.30274558,-0.30000007,-0.29689646,-0.29339904,-0.28952062,-0.2854271,-0.28121245,-0.27649623,-0.27121353,-0.26596147,-0.2608729,-0.25692862,-0.25316572,-0.24937314,-0.24536312,-0.24157584,-0.23786229,-0.23649669,-0.23271263,-0.22433662,-0.18643099,-0.24378896,-0.2690013,-0.26876277,-0.3132155,-0.33677334,-0.35045463,-0.3568194,-0.3638572,-0.36647946,-0.36204046,-0.35724658,-0.35273284,-0.34741575,-0.33907014,-0.33018148,-0.3220129,-0.31436557,-0.30733097,-0.300434,-0.2942174,-0.28823817,-0.28187066,-0.27463263,-0.26743412,-0.26078397,-0.25534242,-0.25135428,-0.2491067,-0.24947435,-0.2513007,-0.2522769,-0.25255018,-0.25261623
1432,QUE_T3.71.E,0.0,0.45,0.55,-0.44866765,-0.44081485,-0.43445033,-0.4230622,-0.4129203,-0.40839225,-0.4059546,-0.40436745,-0.4008714,-0.39737636,-0.39611077,-0.39661098,-0.3896283,-0.3838082,-0.3777467,-0.3722651,-0.36673856,-0.3609956,-0.35529017,-0.34883767,-0.34160864,-0.33306897,-0.32017004,-0.3116358,-0.31170422,-0.3126523,-0.3164413,-0.31672412,-0.3145367,-0.31141692,-0.3082266,-0.30426252,-0.3003239,-0.29629713,-0.29160327,-0.28622872,-0.28106922,-0.27624112,-0.2725497,-0.26902354,-0.26468313,-0.25984842,-0.25596797,-0.2526303,-0.25118268,-0.2451995,-0.25355774,-0.3143823,-0.3392148,-0.2818988,-0.28638798,-0.32396495,-0.34602082,-0.36128324,-0.36643362,-0.37366283,-0.3763051,-0.37257993,-0.36789453,-0.36397237,-0.35917324,-0.35116428,-0.342991,-0.33532482,-0.32822126,-0.32152838,-0.31529242,-0.30965263,-0.30385286,-0.2977835,-0.29091823,-0.28398395,-0.27773637,-0.2725538,-0.26886386,-0.26706183,-0.2675959,-0.26936358,-0.27038175,-0.27053994,-0.2711026
1435,QUE_T3.71.H,0.0,0.4,0.6,-0.4734813,-0.4661274,-0.46003276,-0.4506647,-0.44271958,-0.437854,-0.43486375,-0.4320693,-0.4289164,-0.42493904,-0.41925317,-0.41291642,-0.40673435,-0.40071124,-0.3952257,-0.38937366,-0.38363832,-0.37716627,-0.37171763,-0.3660227,-0.35904032,-0.3503062,-0.33678573,-0.32947016,-0.3286844,-0.3289352,-0.3329355,-0.3331818,-0.33052272,-0.32723802,-0.32394153,-0.31996852,-0.3158722,-0.31172717,-0.30691695,-0.3017876,-0.29645145,-0.29158372,-0.2876463,-0.2838636,-0.27902168,-0.27444816,-0.2711907,-0.26808208,-0.26625395,-0.25970697,-0.27113378,-0.2935192,-0.31326002,-0.31275135,-0.30890787,-0.32851118,-0.35075098,-0.36534554,-0.3709392,-0.37764728,-0.37992996,-0.3755502,-0.37097722,-0.3677349,-0.36283255,-0.3552779,-0.3474301,-0.33973235,-0.33270395,-0.3261062,-0.31946355,-0.31375283,-0.30820584,-0.30242896,-0.29591376,-0.2890525,-0.2830432,-0.27805513,-0.27442074,-0.27247936,-0.27279693,-0.27446902,-0.275324,-0.27569622,-0.2762916
1437,QUE_T3.71.J,0.0,0.36,0.64,-0.46965337,-0.46256858,-0.45692492,-0.4461702,-0.43979424,-0.43550748,-0.43211722,-0.429788,-0.4261281,-0.42261922,-0.42955434,-0.4391868,-0.43343043,-0.42811358,-0.42300826,-0.41827917,-0.41382724,-0.40922844,-0.40379816,-0.39734977,-0.3896832,-0.38147014,-0.36814445,-0.36068898,-0.36137015,-0.36198193,-0.36561865,-0.36551857,-0.3629018,-0.3597957,-0.356252,-0.35252893,-0.3487088,-0.34472317,-0.34037757,-0.33571458,-0.33110493,-0.32662648,-0.3234465,-0.32067877,-0.3168155,-0.31125736,-0.30543602,-0.30039328,-0.2980072,-0.2942611,-0.28726345,-0.27246845,-0.26611292,-0.27350932,-0.3435068,-0.37395823,-0.39189768,-0.4039263,-0.4110275,-0.41843385,-0.42021757,-0.41522735,-0.4100991,-0.40618098,-0.40080863,-0.39289945,-0.3848493,-0.3770408,-0.36977488,-0.36308557,-0.3566466,-0.35114294,-0.34553152,-0.3400504,-0.3340162,-0.32820082,-0.32302022,-0.3187803,-0.31565803,-0.3137083,-0.31387007,-0.3150921,-0.31596088,-0.3165869,-0.31700748
1438,Plant2-1,1.0,0.0,0.0,0.23905718,0.23806906,0.23428154,0.23385334,0.21768224,0.20240021,0.17196798,0.15517104,0.1549077,0.16119814,0.17364776,0.18471408,0.19993007,0.21524501,0.22762859,0.23829961,0.2437011,0.24455738,0.24445844,0.23793733,0.23059273,0.21919715,0.20190632,0.16617143,0.105175376,0.043586493,0.017864108,0.010321856,0.0066002607,0.0008035898,0.0023844242,0.008378744,0.016909003,0.026525974,0.03433168,0.04029298,0.043421865,0.043026567,0.036373615,0.02408874,0.0027467012,-0.028739333,-0.07096225,-0.11776322,-0.15942633,-0.1862356,-0.2624477,-0.35427123,-0.44612747,-0.53791803,-0.62974143,-0.723014,-0.73911935,-0.7483412,-0.7552905,-0.75687146,-0.75285333,-0.74277514,-0.72419965,-0.7036152,-0.6816474,-0.65661657,-0.6318822,-0.6066209,-0.5814913,-0.5570204,-0.5346904,-0.5132495,-0.49266493,-0.47464943,-0.45785242,-0.4427023,-0.4292317,-0.4181655,-0.40851545,-0.40212607,-0.39856905,-0.39916188,-0.4012698,-0.407198,-0.4131593
1440,Plant2-11,1.0,0.0,0.0,0.25277472,0.25102913,0.24633586,0.24139547,0.21722114,0.19937015,0.16778517,0.15174592,0.15184462,0.1590904,0.17274213,0.18548787,0.20070398,0.21888435,0.23219013,0.24412906,0.2504692,0.25335097,0.2512431,0.24630296,0.23464382,0.22296822,0.19398534,0.15413356,0.09135914,0.026674151,0.0049204826,-0.0017488599,-0.0065079927,-0.011695385,-0.009801507,-0.0044002533,0.005579233,0.014389396,0.022837162,0.029309034,0.032750726,0.03196025,0.025900245,0.012413263,-0.010427296,-0.042193413,-0.08502561,-0.1347084,-0.17679965,-0.20723182,-0.2867869,-0.37684822,-0.4669755,-0.55708635,-0.64714766,-0.7222236,-0.7463486,-0.75573516,-0.7615812,-0.76088953,-0.7580571,-0.7475837,-0.7295846,-0.7090659,-0.6871146,-0.6637635,-0.63888097,-0.614196,-0.58985686,-0.5659623,-0.54363227,-0.52299833,-0.5035336,-0.48591328,-0.4701208,-0.45470715,-0.44257045,-0.43133962,-0.422266,-0.4156953,-0.4127971,-0.41248417,-0.41543186,-0.4202569,-0.42676163
1442,Plant4-3,1.0,0.0,0.0,-0.026631415,-0.02715838,-0.029661477,-0.030847073,-0.051859796,-0.060818255,-0.07978886,-0.087298214,-0.087956846,-0.08420229,-0.0762977,-0.06931549,-0.05917144,-0.05126697,-0.04428476,-0.03743416,-0.035853326,-0.033547938,-0.033877254,-0.036643803,-0.042176902,-0.047512352,-0.05811751,-0.06990832,-0.118915975,-0.16324681,-0.18188816,-0.18906802,-0.19170284,-0.19493043,-0.19414008,-0.18834335,-0.18129534,-0.17536694,-0.16970217,-0.16456425,-0.16212702,-0.16311502,-0.16614503,-0.17642087,-0.19091237,-0.2133742,-0.2425549,-0.27786136,-0.30934757,-0.3285817,-0.3947156,-0.46611923,-0.5374569,-0.60872877,-0.6801982,-0.7585182,-0.765764,-0.7771596,-0.78289026,-0.78098005,-0.7786087,-0.76741076,-0.7520629,-0.7359905,-0.7189959,-0.7000252,-0.6793419,-0.6592514,-0.6387657,-0.61828,-0.6003632,-0.58310515,-0.56499076,-0.5508945,-0.5377204,-0.525205,-0.5142705,-0.5058391,-0.49832988,-0.49358714,-0.49121583,-0.49147934,-0.49404824,-0.49767113,-0.5026114
1452,pr_a_060,0.28375,0.71625,0.0,-0.26749396,-0.25910848,-0.25046158,-0.25066018,-0.24653876,-0.2454297,-0.24430895,-0.23777491,-0.23237044,-0.22374558,-0.21417576,-0.20136636,-0.1882866,-0.1751957,-0.16335493,-0.15186036,-0.14071876,-0.13224566,-0.12403858,-0.11724657,-0.11177689,-0.1023227,-0.099948585,-0.12507439,-0.13628805,-0.1601659,-0.1738171,-0.17234516,-0.16961926,-0.16892463,-0.16586858,-0.15880382,-0.14952421,-0.13739324,-0.12451559,-0.11189407,-0.10118228,-0.094432235,-0.08810347,-0.08464378,-0.0857175,-0.09430599,-0.111077905,-0.1344043,-0.16193432,-0.18430734,-0.11184883,0.38732266,-0.9328773,-0.4718203,0.670629,-0.51114166,-0.57984424,-0.59484595,-0.59220016,-0.5969966,-0.6036227,-0.59726286,-0.58171153,-0.5633309,-0.5518131,-0.53381026,-0.51594746,-0.49924463,-0.48425478,-0.47010332,-0.4572037,-0.44493067,-0.4317249,-0.41741794,-0.40216637,-0.38550925,-0.37016004,-0.35807842,-0.34887367,-0.34371924,-0.34381926,-0.34785646,-0.35332596,-0.36123478,-0.36946946
1458,pr_b_080,0.42291,0.57709,0.0,-0.2613284,-0.25412506,-0.24640214,-0.24613559,-0.250964,-0.25124204,-0.25233322,-0.24615699,-0.24070281,-0.23168719,-0.22139615,-0.20601088,-0.1930005,-0.18110013,-0.16835362,-0.15787143,-0.14853442,-0.14064562,-0.13427567,-0.12990111,-0.12796873,-0.12874067,-0.13326895,-0.14323199,-0.1632986,-0.1853813,-0.19159085,-0.19141215,-0.18954903,-0.18640453,-0.18261814,-0.17568982,-0.16577554,-0.15333372,-0.14134258,-0.12965506,-0.120301604,-0.11222386,-0.10665625,-0.10505426,-0.10792631,-0.117761195,-0.13547027,-0.16075176,-0.18841594,-0.21296448,-0.23928905,0.1335957,1.0,0.35266733,0.24039137,-0.5605267,-0.57901967,-0.5712652,-0.57971,-0.5735912,-0.57019794,-0.56424564,-0.5507056,-0.5326363,-0.5148485,-0.49732816,-0.47938955,-0.46288365,-0.44816607,-0.43519354,-0.42254418,-0.41132087,-0.4002164,-0.38837624,-0.37437582,-0.36037356,-0.34752953,-0.3373168,-0.32936,-0.32455486,-0.32542425,-0.3291272,-0.33420312,-0.3422612,-0.35061526
1461,sn_a_000,0.221441,0.778559,0.0,-0.4911121,-0.4845882,-0.4777317,-0.47842896,-0.4666292,-0.46388555,-0.45953196,-0.4532833,-0.44878066,-0.4437654,-0.4374761,-0.38844055,-0.3788647,-0.37066025,-0.36360276,-0.35546613,-0.3471352,-0.3397056,-0.33078736,-0.32404816,-0.31768394,-0.3173777,-0.3182379,-0.28572917,-0.29316986,-0.29010695,-0.28691858,-0.28864086,-0.28471565,-0.278032,-0.27267563,-0.2648418,-0.25558186,-0.24528337,-0.23655534,-0.22688562,-0.2183708,-0.2060827,-0.19897151,-0.19158542,-0.18608695,-0.18072385,-0.17627269,-0.17957234,-0.18568766,-0.22409815,-0.20563948,0.5151112,0.35946345,-0.52328765,-0.3697037,-0.29984766,-0.31945062,-0.34546202,-0.3452167,-0.3427571,-0.35380536,-0.3492995,-0.33601975,-0.32177335,-0.31752515,-0.30562776,-0.29416156,-0.28376937,-0.27517265,-0.26576453,-0.2571416,-0.24877584,-0.23844844,-0.22851908,-0.21742946,-0.20318496,-0.19270414,-0.18625188,-0.18060178,-0.17847317,-0.18370289,-0.19033122,-0.19822395,-0.20672685,-0.21582496
1468,sn_c_000,0.100219,0.899781,0.0,-0.40081912,-0.3928572,-0.38450062,-0.37936085,-0.37606412,-0.3690195,-0.36163092,-0.35384554,-0.34603447,-0.3383962,-0.33002448,-0.31233472,-0.30199528,-0.29315543,-0.2833054,-0.27302486,-0.26430672,-0.2546456,-0.24540257,-0.23714793,-0.22734088,-0.21796983,-0.2098729,-0.2123701,-0.20873809,-0.21234995,-0.20869708,-0.1993066,-0.19165325,-0.18468648,-0.17597622,-0.1680271,-0.15707272,-0.1453296,-0.13280922,-0.12080628,-0.108829975,-0.09899628,-0.08951324,-0.08002633,-0.072336376,-0.06833625,-0.0678705,-0.07131207,-0.07804793,-0.06822574,0.027506232,-0.9328773,-0.9328773,-0.27525628,-0.29480267,-0.35676473,-0.34894693,-0.34617627,-0.35512942,-0.35463494,-0.3426088,-0.33377135,-0.32002872,-0.3050869,-0.2841187,-0.26569116,-0.2467205,-0.23101753,-0.21726489,-0.20541024,-0.19456613,-0.18355834,-0.1731754,-0.16053444,-0.14490652,-0.12890595,-0.11624706,-0.10410631,-0.096384525,-0.09289819,-0.09471446,-0.101336,-0.10816252,-0.11715305,-0.12504846
1470,sa_b_080,0.173043,0.826957,0.0,-0.45879048,-0.45219976,-0.44469643,-0.443704,-0.4391296,-0.43652266,-0.43080932,-0.42429686,-0.41910285,-0.41131747,-0.4037062,-0.39336544,-0.38528544,-0.37803364,-0.36966014,-0.3620733,-0.35629773,-0.3485856,-0.3428958,-0.3373623,-0.33300716,-0.33025718,-0.33017266,-0.31978822,-0.32292742,-0.3242725,-0.32645792,-0.32566214,-0.32288533,-0.31733096,-0.3137954,-0.30696702,-0.29868406,-0.28986996,-0.2812279,-0.27301568,-0.26542234,-0.25738162,-0.2515887,-0.24700141,-0.24414891,-0.2444098,-0.24684912,-0.25493795,-0.26648164,-0.28550494,-0.08829206,0.5994601,-0.9328773,0.92774487,-0.9328773,-0.33760375,-0.4755053,-0.50299317,-0.49963367,-0.509089,-0.5113447,-0.5029293,-0.49152923,-0.47797608,-0.46944922,-0.45522553,-0.4409203,-0.42762357,-0.41613787,-0.40566033,-0.39542782,-0.38579297,-0.37479973,-0.3639235,-0.35140187,-0.33710772,-0.32534623,-0.31532222,-0.30814344,-0.30419517,-0.30653024,-0.30941045,-0.3143612,-0.32087427,-0.3270855
1473,sa_c_040,0.13354,0.86646,0.0,-0.42412323,-0.41729945,-0.41068143,-0.4067123,-0.40541875,-0.40085554,-0.3972447,-0.3908428,-0.38547778,-0.3784129,-0.37034094,-0.36550385,-0.35621256,-0.34887195,-0.34064907,-0.33381796,-0.32561493,-0.31962484,-0.3127061,-0.30710077,-0.30052954,-0.29383308,-0.28678995,-0.2848239,-0.28948927,-0.29969692,-0.30489182,-0.30280042,-0.29916275,-0.29690903,-0.29287982,-0.28689128,-0.28002858,-0.26980162,-0.25998408,-0.25098318,-0.24203002,-0.23533487,-0.22939682,-0.2238177,-0.22146726,-0.22296315,-0.22731698,-0.23715138,-0.24829847,-0.25659645,-0.09061682,0.52565944,-0.9328773,-0.9328773,-0.9328773,-0.5306519,-0.5331668,-0.5233815,-0.5234622,-0.5252292,-0.52919567,-0.5228344,-0.5117648,-0.49930054,-0.48934233,-0.4749201,-0.46059144,-0.44660026,-0.43503267,-0.42446697,-0.41431403,-0.40486813,-0.39456528,-0.3833959,-0.36923116,-0.35392678,-0.3399124,-0.32873166,-0.31991,-0.31537038,-0.31562507,-0.31872988,-0.32343048,-0.33003742,-0.33624744
1474,sa_c_060,0.451787,0.548213,0.0,-0.2767046,-0.27256536,-0.26775134,-0.2714032,-0.27267253,-0.27604854,-0.28062695,-0.2772088,-0.27363777,-0.2644238,-0.25529152,-0.2512787,-0.24337137,-0.2351113,-0.22739673,-0.22073615,-0.2137633,-0.20969826,-0.20488554,-0.20301217,-0.20269072,-0.20315117,-0.19530827,-0.22082734,-0.24344891,-0.27345097,-0.28314757,-0.28289926,-0.2822789,-0.28298336,-0.280661,-0.27604192,-0.26874876,-0.2590291,-0.24929565,-0.24179518,-0.23606277,-0.2338059,-0.23110569,-0.23277622,-0.23905987,-0.25190544,-0.27204335,-0.2947178,-0.32096732,-0.32915425,-0.27716005,0.000598073,0.5625396,-0.36903715,-0.9328773,-0.7297418,-0.6799797,-0.70994526,-0.70761055,-0.713593,-0.7104977,-0.70605874,-0.69455403,-0.67835367,-0.6649859,-0.64938325,-0.63280153,-0.6174594,-0.60283667,-0.5890415,-0.5762298,-0.56455064,-0.55334973,-0.5413686,-0.5283172,-0.51557726,-0.50441706,-0.49444127,-0.4869665,-0.48180574,-0.4813171,-0.48268604,-0.48708057,-0.49323273,-0.4993788
1489,CHC_ARGL02_20110807,0.610848,0.389152,0.0,-0.47721452,-0.4749139,-0.47202027,-0.47370362,-0.47640258,-0.47913653,-0.48536587,-0.48644495,-0.4859116,-0.482042,-0.4768932,-0.46263045,-0.4539014,-0.44608575,-0.43764526,-0.43229485,-0.4261197,-0.42215234,-0.41777933,-0.41500592,-0.4137615,-0.41558534,-0.42082322,-0.43038493,-0.4457382,-0.46447045,-0.47584438,-0.47941554,-0.48150796,-0.4831453,-0.48225892,-0.478029,-0.46869886,-0.4580928,-0.4488263,-0.4409482,-0.43551219,-0.43021852,-0.4270488,-0.42608106,-0.42906326,-0.43586797,-0.44746554,-0.4634099,-0.48211282,-0.50159365,-0.51577604,-0.5444938,-0.5797893,-0.62619495,-0.65762806,-0.6806405,-0.6893159,-0.69955826,-0.70321,-0.70215666,-0.7007586,-0.69730026,-0.68946594,-0.6801326,-0.6719408,-0.66287196,-0.65475273,-0.64726067,-0.6402626,-0.63421917,-0.6284211,-0.62338954,-0.6178371,-0.6121867,-0.60669243,-0.5998192,-0.5947118,-0.59057665,-0.58846486,-0.58946204,-0.59200335,-0.59308493,-0.5945231,-0.59920347,-0.6062896
1495,CHC_ARGL08_20110807,0.486967,0.513033,0.0,-0.44359916,-0.4409833,-0.43826813,-0.4405201,-0.44099283,-0.44586724,-0.4559474,-0.4613064,-0.46224523,-0.45894557,-0.4534862,-0.44745147,-0.43773997,-0.42841262,-0.41994715,-0.41207945,-0.40482157,-0.40059578,-0.396321,-0.39415497,-0.39440662,-0.39749736,-0.40503198,-0.4166342,-0.43883663,-0.46960926,-0.4887296,-0.497047,-0.5016525,-0.5056343,-0.5066353,-0.50350595,-0.49322885,-0.48079014,-0.47032708,-0.46197844,-0.45641154,-0.45159346,-0.44911903,-0.44988567,-0.45460176,-0.46411347,-0.47995478,-0.500928,-0.5246061,-0.5476565,-0.5689765,-0.5687685,-0.6166525,-0.6746675,-0.7064773,-0.734535,-0.7515343,-0.7613467,-0.76517314,-0.7646562,-0.7655841,-0.7628655,-0.75712276,-0.7505021,-0.7450397,-0.73839104,-0.7318872,-0.72653997,-0.7211549,-0.7163962,-0.7116176,-0.7073978,-0.7020128,-0.69765747,-0.6928516,-0.6870121,-0.6827786,-0.67933315,-0.6776963,-0.67827904,-0.6815817,-0.68193346,-0.68243504,-0.6867725,-0.6927521
1496,CHC_ARGL09_20110807,0.602598,0.397402,0.0,-0.37361598,-0.37288135,-0.37240523,-0.36921477,-0.38506424,-0.39021927,-0.40476424,-0.41317683,-0.41412115,-0.40987474,-0.40166116,-0.38117594,-0.36972928,-0.36065507,-0.35076803,-0.34187,-0.33554637,-0.33179963,-0.3286975,-0.3300414,-0.33198112,-0.34004128,-0.34955305,-0.37013584,-0.3985839,-0.43915975,-0.46518272,-0.4760347,-0.48326242,-0.4897132,-0.49300414,-0.49013168,-0.48028213,-0.46798545,-0.45796764,-0.45016587,-0.44588453,-0.442591,-0.44250995,-0.44601673,-0.45357794,-0.46810532,-0.48824006,-0.51458895,-0.5416304,-0.5600139,-0.5783465,-0.6183357,-0.64711535,-0.71580124,-0.7572969,-0.79024494,-0.8050595,-0.8122653,-0.8166726,-0.8175374,-0.81691146,-0.8143681,-0.80898225,-0.8023838,-0.795929,-0.7884238,-0.7812179,-0.7744713,-0.7681143,-0.7621273,-0.7562443,-0.7509599,-0.7455056,-0.74051726,-0.7354379,-0.73036206,-0.72604084,-0.722784,-0.72086895,-0.721841,-0.7246286,-0.7253142,-0.7260996,-0.73020595,-0.7367197
1499,CHC_CEME03_20110807,0.482554,0.517446,0.0,-0.4698252,-0.46743256,-0.46450388,-0.46570444,-0.46795255,-0.46910888,-0.47442842,-0.47482854,-0.47290838,-0.46916312,-0.46429008,-0.45520872,-0.44757468,-0.43878084,-0.43267518,-0.42652184,-0.4205469,-0.41551185,-0.41119677,-0.40869218,-0.40707272,-0.40869063,-0.41274124,-0.42411286,-0.43624997,-0.45563853,-0.46604502,-0.468656,-0.46937466,-0.47048837,-0.469316,-0.46485907,-0.455638,-0.44503325,-0.43648684,-0.42910534,-0.4234017,-0.418231,-0.41540015,-0.41482937,-0.4177943,-0.42535454,-0.43794823,-0.4557138,-0.47565842,-0.49460274,-0.5204655,-0.59434974,-0.57662296,-0.6295489,-0.6743999,-0.7060202,-0.7193518,-0.7262721,-0.73045623,-0.73032093,-0.72804594,-0.7256906,-0.7188607,-0.7104143,-0.7015641,-0.69299895,-0.68459535,-0.67677116,-0.6697347,-0.6631862,-0.65663046,-0.650968,-0.6449038,-0.6387271,-0.6325457,-0.6262069,-0.6205832,-0.616042,-0.61349785,-0.61349547,-0.61599725,-0.6176312,-0.6184583,-0.62194645,-0.62802553
1500,CHC_CEME04_20110807,0.754101,0.245899,0.0,-0.32560372,-0.3235379,-0.32229865,-0.3200202,-0.327532,-0.33299994,-0.3456924,-0.3525275,-0.35320574,-0.34908122,-0.34243143,-0.31314486,-0.30492026,-0.29341894,-0.2858619,-0.27863556,-0.2722211,-0.2666914,-0.2641331,-0.26231247,-0.2643907,-0.26796675,-0.27410185,-0.28858584,-0.31398487,-0.3498729,-0.37241524,-0.37996835,-0.38383996,-0.38772917,-0.38744903,-0.38212115,-0.37269723,-0.3615352,-0.3518573,-0.3437785,-0.33849537,-0.33491904,-0.3332578,-0.3361141,-0.34372318,-0.35682505,-0.37799686,-0.4048807,-0.4335462,-0.45464563,-0.49027622,-0.5483167,-0.5644477,-0.63650715,-0.69294,-0.7386794,-0.75512636,-0.76469916,-0.7686484,-0.7684458,-0.76662034,-0.7627263,-0.7550559,-0.7456366,-0.7361324,-0.7257094,-0.71503997,-0.7048544,-0.6952596,-0.6859081,-0.6773803,-0.6693773,-0.66118014,-0.65324235,-0.6456755,-0.63769364,-0.6316347,-0.62616646,-0.6225905,-0.6229739,-0.6268107,-0.6271324,-0.6267171,-0.6293975,-0.63550043
1505,SSI_BAPI01_20110830,0.649123,0.350877,0.0,-0.11665696,-0.11299038,-0.11091739,-0.10318971,-0.12601066,-0.13636893,-0.16273713,-0.17239875,-0.1715349,-0.16289532,-0.15096551,-0.12342399,-0.103609025,-0.086521745,-0.07313824,-0.059848607,-0.051261604,-0.043347,-0.040771604,-0.041902244,-0.049584806,-0.057774544,-0.069833994,-0.10102975,-0.15904915,-0.23162532,-0.26898783,-0.28492588,-0.29695112,-0.3073784,-0.30791658,-0.30110872,-0.28759742,-0.27131826,-0.2575271,-0.24650282,-0.23823744,-0.23397458,-0.23662794,-0.24451828,-0.26168412,-0.28826392,-0.32447773,-0.36672693,-0.4089951,-0.43282926,-0.4516375,-0.5526179,-0.5730914,-0.6751249,-0.7351909,-0.7874211,-0.80551195,-0.8144368,-0.8194635,-0.820982,-0.8203504,-0.8162658,-0.80885434,-0.79914016,-0.7880161,-0.77508664,-0.7618202,-0.74832255,-0.73469555,-0.721516,-0.70857537,-0.6959637,-0.6837603,-0.672228,-0.6620079,-0.6525028,-0.6446475,-0.6385704,-0.63200593,-0.62721145,-0.627648,-0.63085675,-0.63673675,-0.64638776,-0.656637
1518,SSC_BAPI01_20110907,0.606119,0.393881,0.0,-0.35806745,-0.35425073,-0.35077745,-0.34784222,-0.36210114,-0.36613363,-0.37682253,-0.37647194,-0.37387747,-0.36640322,-0.35736966,-0.33195263,-0.32147688,-0.3091696,-0.2982512,-0.2879517,-0.28115898,-0.2759303,-0.27350873,-0.27188045,-0.27335924,-0.2768795,-0.2839563,-0.29797173,-0.33115864,-0.37446284,-0.39043784,-0.39859253,-0.40324336,-0.40751368,-0.4063872,-0.3999434,-0.38928968,-0.37616634,-0.3648373,-0.355493,-0.34822232,-0.3436374,-0.3426193,-0.34635788,-0.35463554,-0.37144244,-0.39430547,-0.42260242,-0.45218486,-0.47086334,-0.39409143,-0.020345211,-0.9328773,-0.11739713,-0.5890192,-0.74017596,-0.7736243,-0.7783093,-0.7805561,-0.7807543,-0.7804833,-0.77568996,-0.7687374,-0.7582098,-0.74859613,-0.73719645,-0.7254723,-0.7134444,-0.70157486,-0.69023764,-0.678726,-0.6682607,-0.6574383,-0.64751995,-0.6376511,-0.6286218,-0.62106955,-0.6149634,-0.609362,-0.6052647,-0.6050427,-0.6075867,-0.6128129,-0.6209871,-0.629356
1522,SSC_BAPI05_20110907,0.882805,0.117195,0.0,-0.2004832,-0.19592947,-0.19240296,-0.18700355,-0.21352357,-0.22263521,-0.24608457,-0.2511583,-0.2479465,-0.23715782,-0.22281957,-0.20260298,-0.18519062,-0.16549933,-0.14912397,-0.13417721,-0.12455541,-0.11810267,-0.116066396,-0.11770064,-0.12564373,-0.13572925,-0.15242076,-0.17664987,-0.23890036,-0.30771327,-0.33572763,-0.35102588,-0.36050904,-0.36879337,-0.36994386,-0.36194986,-0.34812623,-0.3322723,-0.31872505,-0.3075431,-0.29989338,-0.29501343,-0.29656655,-0.30475157,-0.32007372,-0.3446989,-0.37705177,-0.41444468,-0.45188296,-0.47702038,-0.37525046,-0.04900801,-0.9328773,-0.016049325,-0.49105978,-0.7727772,-0.79457295,-0.7960389,-0.8015728,-0.80247104,-0.8013594,-0.7977071,-0.79019994,-0.7799049,-0.7699021,-0.75843906,-0.7466793,-0.73452866,-0.7227015,-0.7112629,-0.6997359,-0.6891453,-0.67818755,-0.66833484,-0.6589789,-0.6500828,-0.64351344,-0.6381197,-0.6323649,-0.62717164,-0.6272688,-0.63033533,-0.636258,-0.6455514,-0.6543796
1526,SSC_BAPI09_20110907,0.812075,0.187925,0.0,-0.5487164,-0.5442306,-0.5390782,-0.5397539,-0.53530467,-0.53712785,-0.5391559,-0.5366402,-0.534009,-0.5295906,-0.5247946,-0.52149534,-0.51263946,-0.5062834,-0.49875563,-0.49136525,-0.48459882,-0.48041898,-0.4752748,-0.47084486,-0.46745855,-0.46427906,-0.46267456,-0.4690411,-0.47880334,-0.49814403,-0.5059154,-0.5076182,-0.5075301,-0.5073681,-0.50417817,-0.49726337,-0.487724,-0.47660094,-0.46576518,-0.45682275,-0.44928855,-0.44333512,-0.43872803,-0.43655938,-0.43689072,-0.4411549,-0.45030707,-0.4629634,-0.47763193,-0.4800424,-0.36015517,-0.066538036,-0.20510638,-0.11376941,-0.6141276,-0.64154434,-0.68373096,-0.68864477,-0.6928507,-0.6947943,-0.6929109,-0.6888299,-0.68119115,-0.67187285,-0.6637067,-0.65385354,-0.64347064,-0.6335745,-0.62401795,-0.61496866,-0.60651034,-0.5987668,-0.5903221,-0.5824808,-0.5747807,-0.56684065,-0.5607556,-0.55598664,-0.55138457,-0.54772234,-0.5496725,-0.55378675,-0.5608164,-0.5709013,-0.57975805
1533,CHI_ADFA04_20110908,0.250202,0.749798,0.0,-0.5248705,-0.52149045,-0.5181508,-0.5182245,-0.51128846,-0.51156783,-0.51300454,-0.5141643,-0.5142789,-0.511402,-0.5078063,-0.5025796,-0.49703664,-0.49136782,-0.48527235,-0.4793563,-0.4733752,-0.4691531,-0.46374363,-0.4593467,-0.4563445,-0.45498765,-0.44866115,-0.45439214,-0.46249223,-0.4740528,-0.4849146,-0.48977876,-0.4934209,-0.49469876,-0.49354184,-0.48829234,-0.47915834,-0.46801966,-0.45796955,-0.44990593,-0.44322652,-0.4368276,-0.4320805,-0.42869532,-0.42814904,-0.43073583,-0.43597835,-0.44625288,-0.46103734,-0.47300023,-0.45313114,-0.48634255,-0.51514494,-0.5432665,-0.5949538,-0.6322787,-0.6594653,-0.67645204,-0.6839,-0.68659604,-0.68864,-0.6834909,-0.676452,-0.6699939,-0.6636431,-0.6555285,-0.64771456,-0.6407218,-0.6341919,-0.6283078,-0.6231092,-0.6178871,-0.61119086,-0.6050006,-0.5982716,-0.5915437,-0.5856488,-0.5813401,-0.5781808,-0.5781607,-0.5825441,-0.58722556,-0.5908179,-0.59749603,-0.6063286
1538,CHI_ADFA10_20110908,0.321646,0.678354,0.0,-0.5824374,-0.5797335,-0.57643545,-0.5738013,-0.5727365,-0.57286584,-0.5741143,-0.57377934,-0.5734888,-0.570045,-0.5652199,-0.5478749,-0.54189557,-0.5365678,-0.5318601,-0.5247163,-0.5194965,-0.516207,-0.5116583,-0.5078335,-0.5051178,-0.50307655,-0.5024183,-0.5067669,-0.5138402,-0.52571255,-0.5347306,-0.53806007,-0.5386517,-0.5400285,-0.53894114,-0.5336567,-0.52542835,-0.516739,-0.5076628,-0.50051475,-0.49530524,-0.49038804,-0.48622406,-0.48394078,-0.48444605,-0.48690945,-0.4931454,-0.5030326,-0.515033,-0.5251201,-0.50862473,-0.54941523,-0.57607687,-0.60188055,-0.632258,-0.65950024,-0.6794239,-0.6898394,-0.69448066,-0.6947364,-0.6943259,-0.6906266,-0.6846122,-0.6783458,-0.6724508,-0.6653042,-0.65851545,-0.6524825,-0.6472821,-0.6418131,-0.6368652,-0.6320138,-0.62644446,-0.62172174,-0.6159494,-0.60942024,-0.6047474,-0.60022795,-0.59789014,-0.59717166,-0.6008658,-0.6042247,-0.6063173,-0.61225,-0.6189177
1542,CHI_CECU02_20110908,0.402854,0.597146,0.0,-0.5524464,-0.5506741,-0.5487615,-0.54599446,-0.5526117,-0.55223095,-0.5553801,-0.5562015,-0.5561143,-0.55246663,-0.54766583,-0.53153014,-0.52630365,-0.5201697,-0.51498115,-0.50921094,-0.50524914,-0.50166476,-0.49736595,-0.49495864,-0.49498892,-0.4948203,-0.49908173,-0.5047087,-0.51479197,-0.5293151,-0.5391118,-0.54165447,-0.54260814,-0.5434998,-0.5426734,-0.5389424,-0.53099334,-0.52251786,-0.5143024,-0.5082232,-0.5030226,-0.49921453,-0.49594325,-0.49470907,-0.49590826,-0.50129926,-0.51036346,-0.5236609,-0.53861034,-0.5507753,-0.5693147,-0.62543494,-0.6183684,-0.65237904,-0.69008034,-0.717631,-0.73275876,-0.74058914,-0.7440183,-0.74329615,-0.74215573,-0.739154,-0.73375225,-0.7267866,-0.7189787,-0.71157336,-0.7038192,-0.69658744,-0.68966126,-0.683926,-0.677639,-0.6722559,-0.66665924,-0.6611171,-0.6548651,-0.6484697,-0.6432791,-0.6389878,-0.6365938,-0.6363578,-0.6384765,-0.6400557,-0.63977945,-0.642479,-0.6470765
1551,CHI_CECU11_20110908,0.475346,0.524654,0.0,-0.49716508,-0.49571157,-0.49330372,-0.49674016,-0.49387598,-0.49815923,-0.50620556,-0.5104048,-0.51128894,-0.5100672,-0.50499433,-0.5028559,-0.49472165,-0.48491853,-0.47853804,-0.47257113,-0.4673221,-0.46154433,-0.45578402,-0.45313936,-0.45161414,-0.45123148,-0.45556384,-0.46532273,-0.48237878,-0.50508785,-0.52056473,-0.5268854,-0.5304605,-0.5327581,-0.5327097,-0.52745825,-0.5177829,-0.50578046,-0.4957171,-0.4871239,-0.48059148,-0.47537565,-0.47175878,-0.47134018,-0.47504663,-0.48292565,-0.4961828,-0.51638484,-0.5378609,-0.5573865,-0.5678427,-0.59376806,-0.6212506,-0.68750334,-0.7165717,-0.7546962,-0.77037036,-0.7774142,-0.7808478,-0.7809701,-0.7804786,-0.7778746,-0.7717141,-0.7651862,-0.7589581,-0.7517266,-0.74486095,-0.73899335,-0.7331253,-0.72709155,-0.72219133,-0.7171827,-0.7116803,-0.70689,-0.7018244,-0.69554454,-0.6914346,-0.68732566,-0.68489516,-0.685066,-0.6879157,-0.6895367,-0.69011205,-0.6933769,-0.69900894
1554,CHC_ADFA03_20110909,0.352966,0.647034,0.0,-0.5654223,-0.5628096,-0.55904067,-0.5605268,-0.5586945,-0.5584395,-0.5573678,-0.5541003,-0.5523413,-0.5500496,-0.54642403,-0.5364914,-0.53297913,-0.52650064,-0.5226478,-0.5196188,-0.5155541,-0.51234865,-0.50877386,-0.5060487,-0.5038414,-0.50492406,-0.5073241,-0.507931,-0.51144004,-0.5161414,-0.51854575,-0.522172,-0.52275586,-0.52361596,-0.5229214,-0.518382,-0.51047695,-0.5024829,-0.49485314,-0.48961323,-0.4847821,-0.47993004,-0.4767747,-0.47444272,-0.47400033,-0.47610408,-0.47947717,-0.48794693,-0.4991417,-0.51316285,-0.4702881,-0.526877,-0.49493283,-0.62705314,-0.61032313,-0.62570596,-0.6514529,-0.65779287,-0.66053545,-0.65974784,-0.6601041,-0.65551925,-0.64809555,-0.6401756,-0.63346225,-0.62652636,-0.61981463,-0.61380047,-0.6088927,-0.60433096,-0.60039705,-0.5966302,-0.5920156,-0.5863,-0.58167875,-0.57581747,-0.57127094,-0.5678034,-0.5655416,-0.5648371,-0.5688164,-0.5716095,-0.5756619,-0.5822197,-0.5900124
1556,CHC_ADFA05_20110909,0.260922,0.739078,0.0,-0.44366622,-0.4400655,-0.4353071,-0.43622357,-0.4359026,-0.43745583,-0.44123715,-0.4411596,-0.43995976,-0.43710357,-0.4311152,-0.42548758,-0.41681784,-0.4078216,-0.39899135,-0.3922727,-0.3872003,-0.38267994,-0.37702197,-0.373181,-0.37125623,-0.3710565,-0.3783468,-0.38865143,-0.40449816,-0.42853183,-0.44383603,-0.44895238,-0.45273298,-0.45708138,-0.4577573,-0.45296866,-0.44159818,-0.42853147,-0.41753405,-0.40899253,-0.40217316,-0.39752787,-0.39356613,-0.39262736,-0.39530015,-0.40442723,-0.41764867,-0.43849117,-0.46257395,-0.48277777,-0.5208052,-0.3964063,-0.46811777,-0.585305,-0.70706344,-0.70872307,-0.7360734,-0.74342734,-0.7497772,-0.7522695,-0.7521082,-0.7483555,-0.7394358,-0.7312732,-0.7231567,-0.71418154,-0.70534813,-0.69776493,-0.69074833,-0.68415534,-0.67755973,-0.67228717,-0.6659876,-0.6586738,-0.65225387,-0.6449819,-0.6385947,-0.6341579,-0.6309907,-0.6306056,-0.635105,-0.6389106,-0.6425769,-0.6489748,-0.6575644
1559,CHC_ADFA08_20110909,0.243748,0.756252,0.0,-0.49730957,-0.4934178,-0.4906212,-0.48325622,-0.49171686,-0.487594,-0.48881483,-0.48743343,-0.48512477,-0.48036635,-0.4739117,-0.45858198,-0.45263004,-0.4453215,-0.4404143,-0.43389982,-0.42953795,-0.42515737,-0.42088193,-0.41826284,-0.41767544,-0.41663784,-0.41995245,-0.42303276,-0.4360488,-0.45101273,-0.45880944,-0.46356785,-0.4672296,-0.4694813,-0.46947366,-0.46544725,-0.45661193,-0.44580567,-0.43730557,-0.42998576,-0.42433584,-0.41951132,-0.41614443,-0.41466862,-0.41527343,-0.41944796,-0.42840654,-0.44090247,-0.45524818,-0.4680878,-0.46674103,-0.48379356,-0.5354005,-0.55815685,-0.6238804,-0.648855,-0.6740433,-0.6845754,-0.69261324,-0.69236624,-0.6918863,-0.687833,-0.6800705,-0.6719371,-0.66416335,-0.65489495,-0.64617115,-0.63780856,-0.6301918,-0.62372184,-0.61714256,-0.6113398,-0.60517156,-0.5987834,-0.5914947,-0.58383524,-0.57827944,-0.5727924,-0.57026815,-0.5709675,-0.57453704,-0.57947266,-0.58293545,-0.588778,-0.597898
1561,CHC_ADFA10_20110909,0.214484,0.785516,0.0,-0.3238148,-0.31823552,-0.31331384,-0.31181067,-0.3099665,-0.3098725,-0.3143689,-0.31215614,-0.3121308,-0.30798173,-0.30181247,-0.28221262,-0.27121353,-0.2625975,-0.25478822,-0.24698424,-0.23914725,-0.23365879,-0.22715503,-0.22361684,-0.22068554,-0.2209329,-0.22190404,-0.22957987,-0.24418986,-0.268192,-0.2829485,-0.29209054,-0.29717666,-0.30036384,-0.30100584,-0.2941187,-0.28319043,-0.26908374,-0.2573349,-0.24805194,-0.24136537,-0.23454666,-0.23038632,-0.22867483,-0.23027867,-0.2367444,-0.24952865,-0.26814407,-0.29138893,-0.3142106,-0.3608089,-0.36054528,-0.43026012,-0.44235623,-0.54742527,-0.57905793,-0.603655,-0.6250272,-0.6344608,-0.6364784,-0.63673174,-0.63090515,-0.6229045,-0.6121366,-0.60278064,-0.5916468,-0.5810113,-0.57152784,-0.56273925,-0.554569,-0.54781306,-0.54056406,-0.53310084,-0.52550507,-0.5179644,-0.50908446,-0.5023296,-0.49649286,-0.4933173,-0.49357092,-0.49897438,-0.504035,-0.5094487,-0.5180404,-0.52886987
1568,CHC_ARGL03_20110909,0.766636,0.233364,0.0,-0.15936542,-0.15930665,-0.15860087,-0.16443783,-0.17693645,-0.18696576,-0.20837104,-0.22013146,-0.22322536,-0.21960282,-0.21275842,-0.19306892,-0.17604,-0.16338813,-0.15009701,-0.13751763,-0.12974495,-0.12498474,-0.12030864,-0.1195752,-0.12248993,-0.13026118,-0.1491527,-0.18015611,-0.21871263,-0.2769882,-0.30667794,-0.31979465,-0.32897156,-0.33725673,-0.34003013,-0.3363955,-0.3224188,-0.30534154,-0.29089504,-0.2796768,-0.2727821,-0.26849777,-0.26737547,-0.27114677,-0.28182495,-0.30127668,-0.3291539,-0.36601913,-0.40379554,-0.43650413,-0.3998019,-0.5269215,-0.339889,-0.672631,-0.70718974,-0.7383411,-0.750177,-0.7607628,-0.7619592,-0.7611711,-0.76197195,-0.7592666,-0.75040394,-0.741596,-0.734808,-0.7261462,-0.71786755,-0.710028,-0.7026185,-0.6957346,-0.68869525,-0.68335426,-0.67607594,-0.66959774,-0.6628808,-0.6557904,-0.64999807,-0.64532846,-0.6434326,-0.6439575,-0.647841,-0.64712286,-0.64672065,-0.65166366,-0.6591282
1576,CHC_CEME03_20110909,0.369896,0.630104,0.0,-0.5237299,-0.52110106,-0.5186181,-0.5183242,-0.5151384,-0.5173905,-0.5203431,-0.52327645,-0.524045,-0.5223807,-0.518262,-0.52218294,-0.5164918,-0.5112611,-0.5050862,-0.5013665,-0.4964407,-0.4938947,-0.48939204,-0.48618174,-0.48301393,-0.47878647,-0.47780848,-0.48606348,-0.49618554,-0.51200557,-0.5247351,-0.52881926,-0.5304591,-0.5321713,-0.5321972,-0.529493,-0.52213,-0.5137993,-0.50637734,-0.5002098,-0.49525154,-0.49219012,-0.48907375,-0.4875986,-0.4880926,-0.4919445,-0.49986434,-0.51086354,-0.5238173,-0.5212781,-0.46050638,-0.5526618,-0.4517433,-0.6375236,-0.69841075,-0.7124841,-0.73714733,-0.746291,-0.7527021,-0.7545731,-0.75297356,-0.75089455,-0.74587727,-0.73980653,-0.7330666,-0.72614515,-0.7189926,-0.7128352,-0.70714444,-0.7016834,-0.6967079,-0.6915797,-0.68696535,-0.6817626,-0.6757905,-0.66994095,-0.6655047,-0.6617886,-0.6589118,-0.65966374,-0.6628685,-0.6647599,-0.6656083,-0.66809595,-0.6741412
1585,SSI_BAPI03_20110927,0.635722,0.364278,0.0,-0.3177474,-0.31369078,-0.31013966,-0.31109512,-0.3171909,-0.32385898,-0.3405931,-0.34518403,-0.34296542,-0.3362931,-0.3269127,-0.30461043,-0.29250258,-0.27708268,-0.2659961,-0.2535941,-0.24423462,-0.23701239,-0.23214173,-0.22919047,-0.23077255,-0.23267502,-0.23705739,-0.26510954,-0.30369753,-0.3529538,-0.3809836,-0.38884646,-0.3926767,-0.39759213,-0.39653808,-0.38910335,-0.37575626,-0.36088967,-0.3476951,-0.33663708,-0.32882494,-0.32398653,-0.32306737,-0.32788074,-0.33885157,-0.35711527,-0.38398355,-0.41618168,-0.44968385,-0.46994752,-0.44416988,-0.543536,-0.38963705,-0.48694682,-0.7352176,-0.7710769,-0.7812399,-0.78899056,-0.79261404,-0.793689,-0.79297924,-0.7872969,-0.7789805,-0.7701037,-0.75881493,-0.74679464,-0.7352241,-0.7227222,-0.7109531,-0.6995958,-0.688384,-0.67825043,-0.6683835,-0.6584258,-0.6488265,-0.64083564,-0.6334182,-0.62758064,-0.62227315,-0.6193259,-0.62091887,-0.6255242,-0.6320016,-0.6425611,-0.65269315
1587,SSI_BAPI05_20110927,0.781907,0.218093,0.0,-0.2807477,-0.27440494,-0.27030224,-0.2668504,-0.27588195,-0.28048974,-0.29526502,-0.29610234,-0.2928319,-0.2838114,-0.27392858,-0.25607693,-0.23880988,-0.22239351,-0.2127502,-0.20137435,-0.19110757,-0.18518764,-0.17835325,-0.17479932,-0.17532879,-0.17423302,-0.1810633,-0.19907504,-0.23582405,-0.28490597,-0.3082413,-0.31577408,-0.31762612,-0.32088113,-0.318538,-0.30980372,-0.2954312,-0.28060597,-0.2664591,-0.25545394,-0.24652475,-0.24068671,-0.2385912,-0.24276125,-0.25231165,-0.27123547,-0.29621243,-0.32754356,-0.3626631,-0.3870439,-0.31770068,0.12498903,-0.28794956,-0.32996333,-0.5991982,-0.7023803,-0.7171679,-0.7237575,-0.72753084,-0.72778124,-0.72744954,-0.7213907,-0.7099241,-0.697869,-0.6851684,-0.670261,-0.6564982,-0.6416748,-0.62710035,-0.61400926,-0.60063374,-0.58824587,-0.5755589,-0.56369245,-0.55250573,-0.54091245,-0.5318057,-0.5247878,-0.51854396,-0.5147208,-0.5153374,-0.519037,-0.52628934,-0.5384536,-0.5494475
1590,SSI_BAPI08_20110927,0.83135,0.16865,0.0,-0.24750167,-0.24080223,-0.23669565,-0.23493701,-0.23604006,-0.24508667,-0.2586617,-0.26017386,-0.25896794,-0.25092626,-0.23923773,-0.2288987,-0.21012992,-0.2000966,-0.18514538,-0.17402172,-0.1655966,-0.15731359,-0.15118438,-0.14728719,-0.14603561,-0.1464858,-0.1465565,-0.16647446,-0.20608646,-0.25878364,-0.28392875,-0.29211223,-0.29801095,-0.30037546,-0.29818994,-0.29040295,-0.2747392,-0.25760448,-0.24297607,-0.23030722,-0.22122288,-0.21506715,-0.21316302,-0.2177223,-0.22704333,-0.2449516,-0.2726847,-0.30620658,-0.34179515,-0.363115,-0.34755462,-0.14715868,-0.25304097,-0.36304635,-0.5946908,-0.7017694,-0.7145853,-0.7311759,-0.7333226,-0.73418486,-0.73182684,-0.7248689,-0.7130713,-0.7015664,-0.68965274,-0.67493534,-0.6597346,-0.64558196,-0.63088316,-0.61671877,-0.6037194,-0.59106725,-0.57771635,-0.56540823,-0.55360144,-0.5430852,-0.53325915,-0.5263126,-0.5199294,-0.5170404,-0.5183836,-0.5226362,-0.53204024,-0.5445003,-0.55745924
1597,SSC_BAPI01_20110930,0.411616,0.588384,0.0,-0.31335253,-0.30803072,-0.30250752,-0.30162615,-0.31595606,-0.3185578,-0.32923222,-0.32905382,-0.32492352,-0.31736815,-0.3084187,-0.2777238,-0.2643478,-0.24986583,-0.23813277,-0.2261529,-0.21906573,-0.21166927,-0.20623887,-0.20549864,-0.20751745,-0.21348697,-0.22437799,-0.24742818,-0.27650893,-0.3178497,-0.333426,-0.34009254,-0.34376264,-0.34806216,-0.34575546,-0.33926088,-0.3271305,-0.311926,-0.29913175,-0.2886896,-0.280581,-0.27493936,-0.27113086,-0.27374685,-0.28304476,-0.29883486,-0.32315344,-0.35350007,-0.3845964,-0.40905154,-0.493855,-0.40667945,-0.5425194,-0.40697074,-0.63829136,-0.7047916,-0.71894836,-0.72588515,-0.72997475,-0.7285923,-0.72889936,-0.7249807,-0.7155783,-0.7043925,-0.6941159,-0.68110037,-0.6686192,-0.65619254,-0.64443994,-0.632957,-0.6218512,-0.6117165,-0.6009019,-0.59024715,-0.58054197,-0.570817,-0.563208,-0.55629617,-0.5502715,-0.5465503,-0.54727006,-0.5501007,-0.5555418,-0.56539327,-0.5737225
1619,CHC_ARCA01_20111006,0.195767,0.804233,0.0,-0.3035267,-0.29618007,-0.28912246,-0.28242344,-0.27631527,-0.27567822,-0.2780636,-0.28087336,-0.27938795,-0.27552062,-0.2692331,-0.2720744,-0.26367265,-0.25300223,-0.24502665,-0.23702168,-0.23135066,-0.2227928,-0.21940553,-0.21525759,-0.21096277,-0.20736444,-0.20415032,-0.20905411,-0.22636336,-0.25216442,-0.27142215,-0.28187704,-0.28622568,-0.28921413,-0.28879172,-0.2839921,-0.2736444,-0.26190966,-0.25170422,-0.24116868,-0.23384172,-0.228427,-0.22441685,-0.22309071,-0.22443289,-0.2308371,-0.24270082,-0.25915015,-0.27935028,-0.29069042,-0.25969082,-0.22703099,-0.37625152,-0.40201938,-0.47134912,-0.5236122,-0.5575858,-0.5744969,-0.58340645,-0.58806217,-0.58942604,-0.5861709,-0.57857436,-0.5712584,-0.5627247,-0.5520349,-0.542307,-0.53282666,-0.52361214,-0.51500607,-0.5073706,-0.49897337,-0.49059695,-0.4823053,-0.47325987,-0.46388876,-0.45692712,-0.4501673,-0.44561756,-0.4425469,-0.44467944,-0.4480185,-0.45154548,-0.457115,-0.46422333
1621,CHC_ARGL01_20111006,0.627039,0.372961,0.0,-0.3316896,-0.3308583,-0.33021742,-0.3362677,-0.3482802,-0.35667336,-0.37221056,-0.3788187,-0.3820684,-0.37924623,-0.37355238,-0.35933882,-0.34801972,-0.3380314,-0.32660902,-0.3179884,-0.31156653,-0.30575347,-0.3023638,-0.30212778,-0.30464554,-0.31336838,-0.32938772,-0.35380244,-0.38196117,-0.42311096,-0.44580686,-0.4569655,-0.46513218,-0.47220898,-0.4754548,-0.4735325,-0.4627071,-0.44932413,-0.43874288,-0.43074948,-0.42545766,-0.42165148,-0.42083573,-0.42452818,-0.4338739,-0.44907296,-0.47173035,-0.50112104,-0.5317246,-0.5590222,-0.55714405,-0.5826006,-0.6836444,-0.7460023,-0.775684,-0.8049299,-0.81438005,-0.8225739,-0.82690805,-0.8269604,-0.8261552,-0.82489383,-0.81960225,-0.8123373,-0.8053952,-0.7972877,-0.7898905,-0.78259104,-0.7754656,-0.76872575,-0.76249486,-0.7567508,-0.75061405,-0.7449439,-0.7393893,-0.73376894,-0.7291073,-0.72484267,-0.72204864,-0.7222259,-0.72437835,-0.72347164,-0.7239103,-0.7277445,-0.73399854
1633,CHC_CEME04_20111006,0.566474,0.433526,0.0,-0.35025918,-0.34849805,-0.34748948,-0.34555906,-0.3544116,-0.35546094,-0.363878,-0.36924577,-0.37089688,-0.3686481,-0.36374223,-0.3358844,-0.32628655,-0.3197677,-0.31080067,-0.3030672,-0.2972173,-0.29111236,-0.2879417,-0.2860391,-0.28569454,-0.28932446,-0.29606903,-0.30773473,-0.32521057,-0.3533969,-0.37276298,-0.3829142,-0.38888448,-0.39275426,-0.39384305,-0.39002234,-0.37987685,-0.36918855,-0.35974014,-0.35195506,-0.34644896,-0.34108108,-0.3390081,-0.3399008,-0.34522057,-0.35559028,-0.3730446,-0.39795166,-0.4261368,-0.45096147,-0.44810176,-0.517256,-0.5853759,-0.6186463,-0.6844218,-0.73199093,-0.7532689,-0.7645874,-0.7707835,-0.7722869,-0.7726418,-0.77012604,-0.7642163,-0.7562828,-0.74770474,-0.7381182,-0.72870624,-0.71991605,-0.71174395,-0.7035285,-0.69615215,-0.6892663,-0.68183064,-0.67485183,-0.6680213,-0.66047585,-0.6542311,-0.64869106,-0.64503896,-0.64509827,-0.64797044,-0.6480247,-0.64678335,-0.6491425,-0.6540595
1634,CHC_CEME06_20111006,0.591671,0.408329,0.0,-0.4771794,-0.47496068,-0.47226375,-0.47371846,-0.4796868,-0.48060757,-0.48501366,-0.48569596,-0.48636937,-0.4828105,-0.4780473,-0.46944028,-0.46150452,-0.45480567,-0.4477849,-0.44147968,-0.43689322,-0.43202913,-0.42807966,-0.42655843,-0.4259315,-0.42868555,-0.4384706,-0.44974428,-0.46041244,-0.48196882,-0.49370646,-0.49950033,-0.50310117,-0.50582147,-0.5058025,-0.502278,-0.49359787,-0.48346657,-0.47497165,-0.46810216,-0.46300566,-0.45851654,-0.45583242,-0.4560331,-0.4600997,-0.4686451,-0.48260367,-0.50331724,-0.5255903,-0.54809105,-0.5483714,-0.5916542,-0.66275823,-0.69307816,-0.73548436,-0.76379955,-0.7741692,-0.7810304,-0.7852756,-0.78523177,-0.7836705,-0.7825536,-0.7770619,-0.7703047,-0.7623732,-0.75480217,-0.74755484,-0.74044704,-0.7340267,-0.7277796,-0.72218084,-0.7169783,-0.7112226,-0.70553374,-0.70007366,-0.6939639,-0.6890407,-0.6843159,-0.6815885,-0.6815122,-0.6834185,-0.68442,-0.68362117,-0.68552256,-0.68956476
1639,CHI_ADFA02_20111007,0.343868,0.656132,0.0,-0.592878,-0.5897229,-0.5866593,-0.5863145,-0.58619535,-0.5846343,-0.58389926,-0.58132875,-0.57963073,-0.57586634,-0.571277,-0.5615958,-0.5579194,-0.5515836,-0.54695535,-0.5420431,-0.53797126,-0.53459585,-0.53065634,-0.5261599,-0.5230018,-0.5217131,-0.5236712,-0.5236331,-0.52767557,-0.5336517,-0.5359857,-0.5386641,-0.5388254,-0.5377095,-0.5357631,-0.5306927,-0.52196693,-0.51314616,-0.5043795,-0.4973523,-0.4916575,-0.48551935,-0.48049778,-0.4769708,-0.47521353,-0.4762423,-0.48008668,-0.48791397,-0.49829918,-0.506623,-0.52597904,-0.5225843,-0.49012637,-0.5649198,-0.6294383,-0.6484878,-0.66529447,-0.67385924,-0.67787355,-0.6778828,-0.67665553,-0.6726886,-0.6650981,-0.6562607,-0.64749414,-0.6379949,-0.62894166,-0.620056,-0.61269224,-0.6056689,-0.59843373,-0.59314203,-0.5855668,-0.57807016,-0.57102776,-0.5632962,-0.5555911,-0.5504511,-0.54619634,-0.54400647,-0.5455034,-0.54783595,-0.55094266,-0.5567369,-0.5646166
1651,CHI_CECU04_20111007,0.451921,0.548079,0.0,-0.45661193,-0.45487362,-0.45312923,-0.44942123,-0.45134312,-0.4535256,-0.4617101,-0.46624476,-0.46743393,-0.46494502,-0.45975864,-0.4441707,-0.4366184,-0.4296071,-0.4207719,-0.41497517,-0.407834,-0.4026243,-0.39751607,-0.39355093,-0.39027143,-0.389938,-0.38766575,-0.3949852,-0.41335315,-0.43732125,-0.45599097,-0.46438897,-0.46763587,-0.46973938,-0.46986908,-0.46513134,-0.45536315,-0.44390577,-0.43434513,-0.4258197,-0.41837603,-0.41330802,-0.40910357,-0.4077708,-0.4099726,-0.41745645,-0.4297735,-0.4468618,-0.46622264,-0.47418565,-0.4535616,-0.4277891,-0.5047419,-0.58833075,-0.66380787,-0.6885973,-0.7092334,-0.72130764,-0.7257911,-0.728052,-0.7288294,-0.72507167,-0.7201046,-0.7138171,-0.7071459,-0.6991432,-0.69049394,-0.68279266,-0.6752558,-0.66767406,-0.66050905,-0.6540926,-0.6471621,-0.6404508,-0.6335941,-0.6266719,-0.6197219,-0.61407924,-0.61059976,-0.60949755,-0.61126953,-0.6116164,-0.61182594,-0.61474764,-0.6203025
1663,SSC_BAPI04_20111107,0.469109,0.530891,0.0,-0.18062055,-0.17457575,-0.16809982,-0.16118956,-0.17761242,-0.17591393,-0.18247342,-0.18165725,-0.17710108,-0.16672409,-0.15658909,-0.11933541,-0.104708076,-0.092149556,-0.0819056,-0.0685963,-0.05991727,-0.050781727,-0.046052754,-0.04326254,-0.04361731,-0.045208573,-0.059412003,-0.07309252,-0.10294449,-0.14286202,-0.16367626,-0.1715157,-0.17955714,-0.18528533,-0.18323582,-0.1741978,-0.15934056,-0.13985658,-0.12541503,-0.11171681,-0.1034081,-0.09515542,-0.08940917,-0.09109205,-0.09796047,-0.114313364,-0.14076072,-0.17131299,-0.20493972,-0.22990131,-0.21409154,-0.26165843,-0.34473538,-0.43943197,-0.54365075,-0.58403146,-0.6039462,-0.6187584,-0.6271416,-0.63037777,-0.6297996,-0.6251379,-0.61411154,-0.601301,-0.5876644,-0.57167125,-0.5562891,-0.54038054,-0.52555466,-0.5116392,-0.49751157,-0.48537517,-0.47247273,-0.4592055,-0.44834858,-0.43635267,-0.42738283,-0.4198218,-0.41339648,-0.40894777,-0.41043055,-0.41625786,-0.42614114,-0.43988657,-0.454049
1665,SSC_BAPI06_20111107,0.467403,0.532597,0.0,-0.4175601,-0.41194916,-0.4048605,-0.40472972,-0.40346056,-0.4022904,-0.4046892,-0.40179837,-0.39837837,-0.3900069,-0.3835175,-0.36105686,-0.3511538,-0.33912176,-0.32822365,-0.318646,-0.30843377,-0.30129302,-0.2931617,-0.28751707,-0.2853046,-0.2841378,-0.28488678,-0.2915293,-0.30965662,-0.3357818,-0.34735346,-0.3525421,-0.35520762,-0.35673612,-0.35278994,-0.34264153,-0.32799655,-0.31013447,-0.29660177,-0.28353298,-0.27244383,-0.26351482,-0.25557232,-0.25360662,-0.2576214,-0.26754713,-0.28487736,-0.31122708,-0.3375941,-0.35970783,-0.38940203,-0.4178142,-0.26914626,-0.5594592,-0.62409526,-0.66042495,-0.67753386,-0.68751025,-0.6972077,-0.6968275,-0.6958647,-0.6909709,-0.681414,-0.6686951,-0.65622616,-0.6415871,-0.62711585,-0.6124331,-0.5985483,-0.5847007,-0.57165396,-0.5594473,-0.5473303,-0.5356343,-0.5235021,-0.51223785,-0.5030304,-0.49547392,-0.4890849,-0.48368567,-0.4855457,-0.4910819,-0.50045,-0.5144489,-0.5270672
1667,SSC_BAPI08_20111107,0.465265,0.534735,0.0,-0.27378917,-0.26637256,-0.25879198,-0.2524193,-0.26125723,-0.25906098,-0.26594013,-0.26401097,-0.25934112,-0.24723536,-0.23801887,-0.21089071,-0.19772404,-0.18335176,-0.17005187,-0.15855986,-0.14791042,-0.14026862,-0.13140786,-0.12720877,-0.12785,-0.12810618,-0.1305952,-0.14319414,-0.17323959,-0.21475857,-0.23344475,-0.24207318,-0.24692321,-0.2504356,-0.24732286,-0.23782039,-0.22303075,-0.2043336,-0.19066048,-0.17737484,-0.16716152,-0.16021901,-0.15335917,-0.15320522,-0.16161853,-0.17709601,-0.20034653,-0.2333352,-0.26602423,-0.28655744,-0.25089425,-0.32021868,-0.20066375,-0.44798756,-0.58181643,-0.6293469,-0.6613716,-0.67467934,-0.6847527,-0.685077,-0.68663204,-0.68173134,-0.67206067,-0.6595194,-0.6481345,-0.6328587,-0.6177797,-0.60288185,-0.5869365,-0.57194376,-0.5573808,-0.5440541,-0.5296807,-0.51617277,-0.5030017,-0.48999715,-0.47948635,-0.47032565,-0.46224272,-0.45493078,-0.45494336,-0.45974475,-0.4680183,-0.4815939,-0.49349457
1670,SSC_BAPI11_20111107,0.582163,0.417837,0.0,-0.42260218,-0.41683608,-0.41163373,-0.40443844,-0.40630615,-0.4066732,-0.4081806,-0.40553468,-0.40322763,-0.3935414,-0.3871925,-0.36523283,-0.35670984,-0.34805107,-0.3374539,-0.33217853,-0.32292527,-0.31554228,-0.31008846,-0.3067081,-0.30416697,-0.301634,-0.30183035,-0.31459326,-0.33066583,-0.35344625,-0.36591268,-0.37323952,-0.37710112,-0.3786348,-0.3778593,-0.36930782,-0.35571843,-0.34125817,-0.32760537,-0.31748122,-0.3100202,-0.30224836,-0.2978869,-0.29629207,-0.30030692,-0.30908138,-0.32545263,-0.34800148,-0.37087554,-0.3823976,-0.29452598,-0.23027742,-0.32757372,-0.47703397,-0.6209383,-0.67653245,-0.6995449,-0.70887184,-0.71404886,-0.7150836,-0.7131368,-0.70754385,-0.69816196,-0.68656373,-0.6737573,-0.65967643,-0.6451255,-0.630751,-0.6165172,-0.6034136,-0.5906539,-0.57827586,-0.5666096,-0.5551324,-0.5447007,-0.5348904,-0.52628505,-0.5207727,-0.51371896,-0.50972295,-0.5111101,-0.5186426,-0.528031,-0.54302657,-0.5571048
1671,SSC_BAPI12_20111107,0.486231,0.513769,0.0,-0.573452,-0.56777716,-0.5627022,-0.55537856,-0.5564674,-0.55487907,-0.5514719,-0.5458671,-0.5429578,-0.5339511,-0.52889967,-0.5131328,-0.5074678,-0.49964046,-0.49187362,-0.48681343,-0.4792378,-0.47301406,-0.46709234,-0.46340096,-0.45878553,-0.45564938,-0.45630813,-0.4591347,-0.46284354,-0.4718656,-0.47372222,-0.47623396,-0.47592813,-0.47391874,-0.47166806,-0.46425408,-0.45318532,-0.44165987,-0.4308182,-0.42184538,-0.41534704,-0.40769684,-0.40091228,-0.39569026,-0.3947401,-0.39627886,-0.40181488,-0.4128096,-0.4241132,-0.43288803,-0.36324555,-0.37720865,-0.34970868,-0.5215213,-0.5656847,-0.61740786,-0.63283026,-0.642663,-0.64603496,-0.64631003,-0.64516443,-0.64070976,-0.63104594,-0.62051815,-0.6101326,-0.59775805,-0.5862136,-0.5750704,-0.56409585,-0.55434895,-0.544834,-0.5356319,-0.52720356,-0.5180659,-0.509194,-0.50041497,-0.4929688,-0.4883656,-0.48311478,-0.4798246,-0.4819237,-0.48914564,-0.49842453,-0.51130426,-0.52331007
1673,SSI_BAPI02_20111108,0.522034,0.477966,0.0,-0.17906189,-0.16715914,-0.15477979,-0.14452583,-0.14395338,-0.1414442,-0.14862406,-0.14619535,-0.14067,-0.12930262,-0.11588347,-0.091626704,-0.07905543,-0.059678078,-0.042153,-0.027209044,-0.011296093,-0.0010915399,0.0074640512,0.01306808,0.018442035,0.01748097,0.011295557,-0.0031134486,-0.040955782,-0.088822365,-0.12221587,-0.13517588,-0.14280969,-0.15031451,-0.15074044,-0.14201963,-0.12579346,-0.1048255,-0.08604801,-0.070749104,-0.05775237,-0.048527062,-0.044987142,-0.045812845,-0.05544603,-0.07256371,-0.10372859,-0.14177483,-0.1824907,-0.20652533,-0.23019975,-0.33791798,-0.3095433,-0.4577309,-0.53687286,-0.59353197,-0.61767566,-0.6333006,-0.64439374,-0.64779085,-0.6477718,-0.6432169,-0.634626,-0.6229995,-0.6106446,-0.5966134,-0.58206767,-0.56798995,-0.55470264,-0.54076,-0.5291765,-0.51630145,-0.5040919,-0.4926052,-0.48000133,-0.46893132,-0.45885175,-0.4520499,-0.44452226,-0.44016337,-0.4419251,-0.4476673,-0.45615244,-0.46947974,-0.48289812
1681,SSI_BAPI10_20111108,0.617182,0.382818,0.0,-0.11439842,-0.10846615,-0.10193658,-0.09530091,-0.105958164,-0.10844684,-0.11783695,-0.11855203,-0.11626637,-0.10887098,-0.09924352,-0.07898432,-0.06376016,-0.049280167,-0.03996557,-0.024269938,-0.014950752,-0.008416593,0.00075781345,0.0016590357,0.0012125969,0.000875473,-0.009408593,-0.02641058,-0.059353948,-0.10619843,-0.13246179,-0.1459316,-0.15458977,-0.1620248,-0.16028589,-0.15173751,-0.13765907,-0.11840409,-0.10269374,-0.08996546,-0.079521656,-0.07204294,-0.068225265,-0.06980914,-0.07825369,-0.09515238,-0.1211189,-0.15647519,-0.19275457,-0.22010154,-0.24751168,-0.3455763,-0.35555768,-0.4582231,-0.5339668,-0.5850905,-0.6110574,-0.625069,-0.6337782,-0.634979,-0.63363564,-0.62950075,-0.61871576,-0.6055701,-0.5914273,-0.5755502,-0.5598858,-0.5437096,-0.5289513,-0.5153229,-0.501174,-0.48782057,-0.47446936,-0.46046573,-0.44788814,-0.43597978,-0.42507792,-0.4158553,-0.40951663,-0.4040944,-0.40514266,-0.40856838,-0.41858423,-0.4312687,-0.4447356
1688,CHI_ADFA04_20111117,0.184584,0.815417,0.0,-0.5100777,-0.50764155,-0.50397074,-0.50014263,-0.5010508,-0.5001934,-0.50297153,-0.5030546,-0.5024543,-0.49391258,-0.48957574,-0.47023427,-0.4621182,-0.45793605,-0.45027483,-0.44389963,-0.43948227,-0.4335773,-0.42955148,-0.427211,-0.42305034,-0.42726964,-0.4266277,-0.42420262,-0.43440342,-0.4467438,-0.4572305,-0.46085614,-0.46403658,-0.46519423,-0.4646389,-0.4592482,-0.44898462,-0.43727273,-0.42837906,-0.41933775,-0.4138416,-0.4064731,-0.4003725,-0.39686978,-0.3961156,-0.40045625,-0.40708554,-0.41990995,-0.43809074,-0.46051294,-0.52579117,-0.4566875,-0.5315571,-0.5449586,-0.6061262,-0.64676297,-0.6705593,-0.68534076,-0.69225717,-0.6925843,-0.6921834,-0.690114,-0.6806363,-0.6700989,-0.6614597,-0.650295,-0.64036894,-0.63051546,-0.6211407,-0.61284685,-0.60446644,-0.59771234,-0.58872974,-0.58000755,-0.5721848,-0.5627501,-0.55427164,-0.5479079,-0.5434526,-0.54048526,-0.54230064,-0.5450653,-0.5472013,-0.5542253,-0.56197536
1689,CHI_ADFA05_20111117,0.247561,0.752439,0.0,-0.4899913,-0.48804915,-0.48384678,-0.48217988,-0.4803831,-0.481023,-0.48182482,-0.4805587,-0.48057747,-0.4713047,-0.4676798,-0.46008295,-0.4524032,-0.44783384,-0.4401319,-0.43671262,-0.4305812,-0.42519283,-0.42061454,-0.4168343,-0.41349465,-0.41388166,-0.41258192,-0.41263986,-0.41951686,-0.42991078,-0.43694174,-0.4388554,-0.4400059,-0.44040012,-0.43815148,-0.4325502,-0.4215939,-0.40905035,-0.39918023,-0.38924682,-0.38236237,-0.3750382,-0.3680579,-0.36302042,-0.36074543,-0.36319643,-0.36837238,-0.37807578,-0.39340407,-0.40767968,-0.4665643,-0.4323768,-0.41663313,-0.47138697,-0.53712374,-0.59062624,-0.61483777,-0.6291559,-0.63759136,-0.6374632,-0.63520074,-0.63231665,-0.6227379,-0.6116392,-0.6016022,-0.5891617,-0.5777248,-0.567206,-0.55639803,-0.5468652,-0.537323,-0.5290756,-0.51936483,-0.50922525,-0.49939948,-0.4881147,-0.4788059,-0.47140932,-0.46576476,-0.46176898,-0.46359885,-0.46621686,-0.4693215,-0.47735512,-0.48665935
1695,CHI_CECU04_20111117,0.338026,0.661974,0.0,-0.5077184,-0.5053731,-0.5029842,-0.5058675,-0.50808835,-0.5081743,-0.5114745,-0.508178,-0.5058956,-0.50363946,-0.49671978,-0.49271768,-0.48691756,-0.47981578,-0.47425222,-0.46837538,-0.46388817,-0.45999897,-0.45349282,-0.45169038,-0.44857997,-0.44834036,-0.45024878,-0.45977706,-0.4679762,-0.48432004,-0.48984098,-0.49330378,-0.49410188,-0.49514735,-0.49413872,-0.48839778,-0.47712618,-0.46539623,-0.45420516,-0.44596833,-0.4392761,-0.43220437,-0.42617375,-0.42285043,-0.4228264,-0.42794776,-0.4381495,-0.45507175,-0.47266865,-0.4910419,-0.5589506,-0.53079844,-0.58622646,-0.648699,-0.6754786,-0.70874465,-0.72473097,-0.73249197,-0.73967475,-0.7384765,-0.73631024,-0.73427916,-0.72523624,-0.715403,-0.7050966,-0.69398415,-0.68320143,-0.6729043,-0.6633184,-0.654302,-0.6462348,-0.6382405,-0.6294644,-0.6202546,-0.61149997,-0.6023018,-0.59352565,-0.5868534,-0.5808643,-0.5785269,-0.5803357,-0.5828316,-0.58591235,-0.592191,-0.60145235
1698,CHI_CECU07_20111117,0.404502,0.595498,0.0,-0.22773498,-0.22464126,-0.22384924,-0.22498435,-0.23127365,-0.2388668,-0.25915468,-0.26648998,-0.2711193,-0.2632684,-0.25508702,-0.23955357,-0.22177929,-0.20789826,-0.19152415,-0.17923748,-0.16747898,-0.1579296,-0.15359724,-0.14656234,-0.14971197,-0.15132016,-0.15801805,-0.1793918,-0.21924621,-0.2698167,-0.306989,-0.32210302,-0.3283828,-0.3332035,-0.3349836,-0.32770717,-0.31271243,-0.2939902,-0.27964485,-0.26682472,-0.25742,-0.25023448,-0.24522394,-0.24673897,-0.25559247,-0.27403778,-0.30394393,-0.34212142,-0.38087648,-0.40802634,-0.39092678,-0.3081802,-0.51788586,-0.607569,-0.6706381,-0.71966934,-0.74386567,-0.7552991,-0.7591025,-0.76198006,-0.7618749,-0.7582246,-0.7513405,-0.74411243,-0.73616767,-0.72610956,-0.71642786,-0.70709455,-0.69788885,-0.68889165,-0.6812321,-0.6728103,-0.6643176,-0.65679944,-0.6482362,-0.6398413,-0.6326848,-0.62606823,-0.62216,-0.6206354,-0.6240778,-0.62434953,-0.6249324,-0.62784755,-0.6332046
1701,SSI_BAPI03_20111210,0.609537,0.390463,0.0,-0.2390244,-0.23147118,-0.221578,-0.21612132,-0.21980649,-0.21987092,-0.22730964,-0.2259543,-0.2224024,-0.21454984,-0.20887291,-0.19694054,-0.18302524,-0.17279911,-0.15934843,-0.14965409,-0.1407817,-0.13290572,-0.12631255,-0.12385917,-0.12451595,-0.1258598,-0.1342187,-0.14738405,-0.1771388,-0.21675456,-0.23880863,-0.2492153,-0.2568761,-0.2625386,-0.2629397,-0.25641084,-0.24328917,-0.22674644,-0.21252358,-0.19990051,-0.19067556,-0.18340206,-0.18012983,-0.18033409,-0.18824941,-0.2023462,-0.22386104,-0.25489873,-0.2883742,-0.31214488,-0.34425592,-0.39787483,-0.40253478,-0.50990385,-0.57545733,-0.62476444,-0.65410054,-0.6682423,-0.6755372,-0.67844146,-0.6780276,-0.67445004,-0.6660304,-0.65509,-0.6440872,-0.6295993,-0.6163451,-0.60372853,-0.5908979,-0.5785493,-0.5671882,-0.5559586,-0.54464054,-0.534217,-0.5240739,-0.5126586,-0.5044755,-0.49724358,-0.49087316,-0.4883073,-0.49019212,-0.49316543,-0.5015607,-0.5122051,-0.524591
1705,CHI_ADFA03_20111216,0.557453,0.442547,0.0,-0.54909086,-0.54743874,-0.5445558,-0.54656386,-0.54555273,-0.54689264,-0.5486294,-0.5443424,-0.54297733,-0.53944385,-0.53736806,-0.53143334,-0.52536225,-0.5195626,-0.5137293,-0.50852084,-0.5037038,-0.49843436,-0.49316823,-0.4888258,-0.4846881,-0.48005414,-0.48123384,-0.48374122,-0.4873317,-0.49425828,-0.49720466,-0.4957052,-0.49484318,-0.4935736,-0.48961735,-0.4841702,-0.47478235,-0.46356165,-0.45319778,-0.44419616,-0.43537366,-0.42942405,-0.4242059,-0.41983217,-0.41701275,-0.41665965,-0.41889685,-0.42465788,-0.43247837,-0.43683386,-0.45905644,-0.44300354,-0.50515276,-0.5322987,-0.5670754,-0.5878023,-0.6054455,-0.6125779,-0.61896825,-0.6168938,-0.61428833,-0.61017406,-0.6033107,-0.59400797,-0.58206284,-0.57086635,-0.5602674,-0.5495154,-0.5403488,-0.53063154,-0.52247167,-0.5134406,-0.50538105,-0.49664944,-0.48715097,-0.4768926,-0.46951485,-0.46121192,-0.4558761,-0.4544453,-0.45655525,-0.4575889,-0.4604386,-0.4660973,-0.47294855
1706,CHI_ADFA04_20111216,0.572955,0.427045,0.0,-0.51055384,-0.50802845,-0.5059309,-0.5058335,-0.5068002,-0.50891465,-0.5107825,-0.5101473,-0.511305,-0.5073459,-0.5057905,-0.49989295,-0.4938159,-0.48740536,-0.48140317,-0.47595853,-0.4708873,-0.46625125,-0.46114385,-0.45770955,-0.45421922,-0.4541186,-0.4530905,-0.45615596,-0.4663005,-0.48024917,-0.49075133,-0.49562657,-0.49811387,-0.49968714,-0.49879378,-0.49367183,-0.48426002,-0.47248173,-0.4629668,-0.4545887,-0.4479164,-0.44087493,-0.43614548,-0.4334721,-0.43310124,-0.43662655,-0.44500118,-0.45763534,-0.47223723,-0.4886663,-0.4871841,-0.5147935,-0.53677666,-0.5993179,-0.6284888,-0.67407537,-0.69732153,-0.7078061,-0.71420765,-0.716462,-0.7155645,-0.71156883,-0.7051064,-0.69688594,-0.6885443,-0.67844146,-0.6688529,-0.6598197,-0.65081537,-0.64267516,-0.6350226,-0.62734365,-0.6196891,-0.6114849,-0.6038266,-0.5953009,-0.58815706,-0.5819739,-0.57707626,-0.5759693,-0.5778036,-0.58091265,-0.58250415,-0.5890902,-0.59620273
1716,CHI_CECU02_20111216,0.55043,0.44957,0.0,-0.43374336,-0.4314223,-0.4302904,-0.43104798,-0.42918944,-0.43498707,-0.44163346,-0.44596058,-0.44827408,-0.4455092,-0.44190222,-0.433174,-0.42367768,-0.41443878,-0.40629685,-0.39836472,-0.39095032,-0.3847944,-0.37867486,-0.37324858,-0.36890417,-0.36623538,-0.35978794,-0.36521053,-0.38271362,-0.40544683,-0.4229269,-0.42991698,-0.43160427,-0.43251878,-0.4305085,-0.4238096,-0.41349274,-0.40042174,-0.3887381,-0.37857533,-0.36989653,-0.36121243,-0.3565274,-0.3543557,-0.35465777,-0.36014897,-0.37142736,-0.3871283,-0.40508294,-0.41546315,-0.41975093,-0.41466576,-0.431643,-0.52642226,-0.56669253,-0.6213382,-0.6457089,-0.65676534,-0.6633241,-0.6669141,-0.66613567,-0.6619351,-0.6563842,-0.6492641,-0.64226246,-0.63233995,-0.62280524,-0.61328876,-0.6035103,-0.59492755,-0.58639187,-0.5772522,-0.5693146,-0.560207,-0.5515034,-0.54237515,-0.5346282,-0.5268785,-0.52162063,-0.51932144,-0.51942325,-0.5205159,-0.5193087,-0.52337384,-0.5286119
