orig_index,Spectra,gv_fraction,npv_fraction,soil_fraction,400,410,420,430,440,450,460,470,480,490,500,510,520,530,540,550,560,570,580,590,600,610,620,630,640,650,660,670,680,690,700,710,720,730,740,750,760,770,780,790,800,810,820,830,840,850,860,870,880,890,900,910,920,930,940,950,960,970,980,990,1000,1010,1020,1030,1040,1050,1060,1070,1080,1090,1100,1110,1120,1130,1140,1150,1160,1170,1180,1190,1200,1210,1220,1230,1240,1250,1260,1270,1280,1290,1300,1310,1320,1330,1340,1350,1360,1370,1380,1390,1400,1410,1420,1430,1440,1450,1460,1470,1480,1490,1500,1510,1520,1530,1540,1550,1560,1570,1580,1590,1600,1610,1620,1630,1640,1650,1660,1670,1680,1690,1700,1710,1720,1730,1740,1750,1760,1770,1780,1790,1800,1810,1820,1830,1840,1850,1860,1870,1880,1890,1900,1910,1920,1930,1940,1950,1960,1970,1980,1990,2000,2010,2020,2030,2040,2050,2060,2070,2080,2090,2100,2110,2120,2130,2140,2150,2160,2170,2180,2190,2200,2210,2220,2230,2240,2250,2260,2270,2280,2290,2300,2310,2320,2330,2340,2350,2360,2370,2380,2390,2400,2410,2420,2430,2440,2450,2460,2470,2480,2490
7,Resop066,0.0236686,0.218935,0.757396,-1.4164038,-1.3903718,-1.360555,-1.3266013,-1.291731,-1.261856,-1.2389662,-1.2183601,-1.1944022,-1.1642871,-1.1279126,-1.0865883,-1.0393562,-0.9887172,-0.93865794,-0.8901186,-0.8451427,-0.80763555,-0.7753992,-0.7460175,-0.71778923,-0.6936816,-0.6735771,-0.6475782,-0.62160796,-0.6005738,-0.5829574,-0.5678871,-0.5383464,-0.47601488,-0.39342347,-0.31636235,-0.25352156,-0.19033183,-0.13624255,-0.09720226,-0.06268233,-0.03794322,-0.0133989155,0.0090934485,0.0312052,0.04860224,0.06286849,0.087375745,0.112320885,0.13251205,0.15093395,0.16899101,0.18604495,0.19936919,0.20443869,0.21730204,0.23760574,0.22614972,0.21771221,0.23822579,0.26847005,0.30723923,0.3335729,0.3596705,0.38851687,0.41828364,0.4358089,0.4563477,0.47446027,0.48958778,0.5056364,0.5212797,0.53414506,0.5440258,0.55077654,0.53395313,0.49990278,0.50836855,0.53098935,0.55452144,0.5959043,0.62210214,0.63728577,0.65096164,0.66577244,0.68247056,0.70262235,0.72176236,0.7382889,0.7527433,0.7678993,0.7799375,0.7861659,0.7947084,0.79491544,0.7876496,0.7758397,0.7536331,0.7218182,0.6341394,0.5288852,0.47436702,0.3683735,0.22378401,0.20528884,0.1410933,0.17112488,0.17443259,0.17070697,0.20153204,0.22671065,0.24067096,0.29958373,0.36727574,0.42998204,0.4848248,0.53217995,0.5751212,0.61101663,0.6419891,0.67132145,0.6989604,0.72472566,0.7482231,0.76977605,0.7917595,0.8124451,0.82888705,0.8409479,0.853706,0.8639873,0.86782664,0.8670212,0.8661611,0.86553735,0.8624471,0.8518839,0.8433994,0.83561045,0.8183395,0.7982097,0.78110075,0.761584,0.7351054,0.69753546,0.63972557,0.5084908,0.7051956,0.3669261,-0.387408,-1.0036589,1.0027481,0.25759482,-0.30901188,-1.0260576,-0.3336839,-0.46129847,-0.46677032,-0.34949458,-0.33693436,-0.18156092,-0.1176435,-0.073409714,-0.017871609,0.0306507,0.12622814,0.15562014,0.18894938,0.23786119,0.24951234,0.30363038,0.32652882,0.36527628,0.38575643,0.4031732,0.45702034,0.48150623,0.52159333,0.54515606,0.542953,0.5310941,0.50612414,0.491462,0.47543278,0.45233288,0.48302728,0.5030106,0.5198028,0.46066147,0.45487574,0.39904246,0.37094396,0.3994075,0.37783214,0.37983793,0.27080047,0.30527177,0.2736584,0.22412291,0.20713207,0.20359051,0.2328694,0.22023265,0.10782669,0.06493422,0.009573158,-0.28021914,-0.37444672,-0.10732127,0.5295646,-0.25847864,-1.1771663,-1.420749,-1.5620165
9,Resop068,0.0236686,0.254438,0.721893,-1.3834176,-1.3563688,-1.3256477,-1.2901419,-1.2533449,-1.2211605,-1.1950561,-1.1711651,-1.1443963,-1.1117814,-1.0737474,-1.0328399,-0.98912364,-0.9435767,-0.89697415,-0.84988606,-0.8030906,-0.7601822,-0.72166544,-0.6881878,-0.65488905,-0.6268518,-0.6023766,-0.57331914,-0.5436892,-0.51850134,-0.49678576,-0.4782483,-0.4470036,-0.38858607,-0.32247204,-0.26799315,-0.2309044,-0.18547268,-0.13964646,-0.104100965,-0.07028044,-0.044277724,-0.01834162,0.0051917317,0.029052757,0.0467728,0.060890403,0.08864146,0.117789574,0.14004612,0.16007005,0.17990479,0.1986962,0.21225837,0.21313131,0.22560796,0.24810956,0.22819571,0.21128328,0.23623332,0.27407816,0.32303914,0.35403553,0.38493747,0.4126732,0.43488055,0.45445272,0.4774554,0.49455503,0.5081475,0.5272601,0.54137003,0.55853814,0.5671949,0.5688613,0.5451282,0.48930103,0.4955119,0.5218673,0.55399156,0.6073575,0.6448438,0.66105294,0.6776709,0.69175905,0.71314955,0.7367842,0.7579583,0.7774094,0.7937253,0.8100693,0.82271755,0.8361445,0.84368944,0.84408844,0.8393785,0.8246892,0.7947843,0.75435686,0.65239316,0.5604958,0.51456565,0.37498218,0.31315282,0.21487463,0.17363022,0.21323742,0.23662668,0.24383482,0.28482738,0.3138972,0.3263152,0.37922698,0.45606095,0.52477336,0.5787846,0.6265751,0.6673307,0.6989585,0.7255315,0.75153965,0.7750549,0.79758966,0.8203708,0.8424173,0.86557263,0.8875787,0.90583694,0.91932815,0.93019,0.9371544,0.939788,0.9389648,0.9347908,0.9320682,0.9253985,0.91888666,0.90857637,0.90581775,0.8925953,0.8742974,0.8511643,0.811022,0.755338,0.6484704,0.56164616,0.24020703,0.28773743,-0.98248947,-1.4243215,-1.1057651,1.7284023,0.5235646,-0.41434443,-0.67283195,-0.780412,-0.65110713,-0.3927748,-0.33447728,-0.15892528,-0.04639207,-0.0012612682,0.08799043,0.14595245,0.17915034,0.25284332,0.31063914,0.35061923,0.35897216,0.34181362,0.37359902,0.3984065,0.42894408,0.45261332,0.47941935,0.48402292,0.52142483,0.54430646,0.57727194,0.5889904,0.5633467,0.56388426,0.55056125,0.5022196,0.49527934,0.52891815,0.5663074,0.5682847,0.52488554,0.4958321,0.43803763,0.4134634,0.4220643,0.36798275,0.3796269,0.3499321,0.3063373,0.36888233,0.32131758,0.2945896,0.21699165,0.0807928,0.009027189,-0.055226322,-0.09011915,-0.2758398,-0.32464996,0.065531604,-0.5755049,-0.6350961,-0.89990735,-0.8345081,-1.3673626,-1.750741
20,Resop080,0.142012,0.449704,0.408284,-1.4201273,-1.3898246,-1.3556592,-1.3183033,-1.2821709,-1.250732,-1.2249627,-1.2020885,-1.1772764,-1.1478577,-1.1131128,-1.071124,-1.0188203,-0.96042585,-0.9062311,-0.85796064,-0.81881493,-0.7926872,-0.77228135,-0.75082177,-0.7211569,-0.7033265,-0.67885303,-0.65455985,-0.63234025,-0.61153525,-0.59375256,-0.5744508,-0.54314697,-0.47982895,-0.37369907,-0.2606278,-0.15736216,-0.06419695,0.007349549,0.05600227,0.093472674,0.12179121,0.15020439,0.17620991,0.20107791,0.22350168,0.24445347,0.26885802,0.29382512,0.31631526,0.33751526,0.35774466,0.37786698,0.39567572,0.40917957,0.4262465,0.4456742,0.4475117,0.45552292,0.47237247,0.4921587,0.5179001,0.53843284,0.5607923,0.57852584,0.59783995,0.6189904,0.6379584,0.65662044,0.6755193,0.6973316,0.71446514,0.7332174,0.7444357,0.7536426,0.7504963,0.7355303,0.73532254,0.737784,0.7452692,0.7650362,0.78511626,0.7978304,0.81344754,0.8292626,0.84470755,0.86577266,0.8865735,0.9052984,0.9249332,0.9436626,0.9567764,0.96828496,0.9780815,0.98691285,0.9880223,0.97968394,0.95684177,0.92251635,0.8407252,0.667699,0.6055803,0.49741647,0.5290493,0.47316128,0.3631258,0.33014423,0.30474943,0.2888539,0.2926972,0.3018478,0.3195848,0.36479947,0.40816686,0.4538275,0.5011742,0.5468776,0.5869715,0.62367487,0.65568113,0.6851789,0.71487,0.7421829,0.7666057,0.7965038,0.82826746,0.85470724,0.8782435,0.8938749,0.9053106,0.90874255,0.90947217,0.9076279,0.90349996,0.8991771,0.8907213,0.87664884,0.8673169,0.86375964,0.85009545,0.8292206,0.81314,0.7799976,0.78041685,0.76536554,0.76778877,0.7610761,0.7033207,0.5206746,-0.62374216,1.0272388,2.4232283,0.53739536,0.049110346,1.3611448,-0.43294397,-0.3884469,-0.2411973,-0.23408954,-0.13895056,-0.09761279,-0.071115285,-0.0035920376,0.030881146,0.09734424,0.10343685,0.16384017,0.16808335,0.16931635,0.16515906,0.17092434,0.1994975,0.19653219,0.19956002,0.22710797,0.25639585,0.28865454,0.33552516,0.3515013,0.35630843,0.35262525,0.34882474,0.34823295,0.32213745,0.3222667,0.31419542,0.3286017,0.36809283,0.30306008,0.26256934,0.18249018,0.13275523,0.13394263,0.12967773,0.15977825,0.1253365,0.06349579,0.10526699,0.071101494,0.2333144,0.14722037,0.0011259445,0.09937024,-0.042322893,-0.12781334,-0.18357009,-0.518146,-0.34387794,-0.26672593,-0.40625727,-0.20234129,-0.44668117,-1.0954596,-1.5357066
32,Resop092,0.609467,0.390533,0.0,-1.53032,-1.4979873,-1.4636196,-1.4302362,-1.4000168,-1.3720754,-1.3458978,-1.3221798,-1.2993108,-1.2752626,-1.2450665,-1.1998434,-1.1331538,-1.0612051,-1.0064769,-0.9640617,-0.9355293,-0.9273499,-0.925874,-0.9162422,-0.8992583,-0.8908897,-0.87474513,-0.859861,-0.8544896,-0.85588086,-0.8509081,-0.8436657,-0.8094663,-0.6791148,-0.4146583,-0.13837583,0.09406364,0.29294798,0.4415717,0.5368536,0.62523985,0.64375067,0.679467,0.71761686,0.7556517,0.7896867,0.82045513,0.8583815,0.89714605,0.9312156,0.9626004,0.991752,1.0185038,1.0403949,1.0525547,1.0716534,1.0945759,1.0814817,1.0749357,1.0786554,1.0881425,1.1151055,1.1375927,1.1687056,1.1936789,1.2239416,1.2596046,1.29102,1.3204007,1.3523679,1.3837048,1.399898,1.4224252,1.4364432,1.4344131,1.4182367,1.3690925,1.334621,1.3038052,1.2571887,1.2580914,1.2769324,1.287464,1.298891,1.3175951,1.3458009,1.380393,1.4204718,1.4575238,1.4946632,1.5292481,1.5532563,1.5556339,1.5585986,1.5527648,1.5154701,1.4574654,1.3731959,1.2847307,1.1764712,0.94616574,0.82551426,0.6254696,0.47300515,0.25788534,0.04517953,-0.05021841,-0.11109175,-0.14174233,-0.14531088,-0.13748899,-0.116566755,-0.065373845,0.0015586765,0.07049815,0.14412066,0.22339977,0.29649094,0.3640067,0.43050298,0.49146643,0.54927653,0.6038227,0.65744734,0.7169033,0.778897,0.8293199,0.8744119,0.91512823,0.94307524,0.9548311,0.9514314,0.93547213,0.90862006,0.8810816,0.85045844,0.8118075,0.7801616,0.7604441,0.7327556,0.696336,0.66019523,0.5972998,0.6018267,0.59871036,0.49493834,0.5045482,1.1424915,-0.14010769,-0.492214,-1.3057873,-0.5357882,-0.31000438,-0.5761808,-1.353928,-1.0574443,-0.87794405,-0.8841055,-0.8253413,-0.7569981,-0.6406746,-0.593247,-0.5587362,-0.5144011,-0.4196293,-0.350025,-0.34788063,-0.35256132,-0.35040995,-0.36093083,-0.3885586,-0.36611077,-0.3875736,-0.34724396,-0.31650144,-0.29060972,-0.26291066,-0.23700951,-0.20734067,-0.19109926,-0.18794742,-0.14697368,-0.14149377,-0.12304406,-0.1262445,-0.10094271,-0.11342906,-0.12456487,-0.16951512,-0.23669562,-0.27412325,-0.37141305,-0.39060318,-0.3925122,-0.4468678,-0.5182527,-0.5110159,-0.48529506,-0.49488914,-0.48635134,-0.51896375,-0.73416185,-0.48985142,-0.572992,-0.6886161,-1.0881168,-1.0020074,-0.82368296,-1.0326576,-1.4398615,-1.5805683,-0.69622135,-1.3402907,-0.5589489
62,Resop127,0.0473373,0.224852,0.727811,-1.4829717,-1.4649655,-1.4441943,-1.4211558,-1.397838,-1.3775877,-1.3616772,-1.3471026,-1.3310393,-1.3117529,-1.2888621,-1.2622949,-1.2317688,-1.1992645,-1.1679164,-1.13816,-1.1110717,-1.0887754,-1.069048,-1.049627,-1.0296286,-1.0105557,-0.9917254,-0.9709892,-0.9492359,-0.9287527,-0.9092722,-0.8898823,-0.859738,-0.807019,-0.7400515,-0.67668086,-0.6183459,-0.5638574,-0.5164604,-0.4757919,-0.43559363,-0.40282017,-0.36954996,-0.33591932,-0.3022872,-0.26964414,-0.2376624,-0.20555551,-0.17483786,-0.14410442,-0.11440297,-0.08516359,-0.056573134,-0.02681454,0.0011378642,0.029433955,0.057446543,0.07954229,0.10399158,0.12889756,0.15379362,0.1788999,0.20512232,0.2296894,0.266669,0.30619848,0.3325137,0.35999024,0.38498935,0.40949768,0.43254337,0.45533454,0.4748408,0.4998925,0.5227229,0.53869206,0.55335724,0.57734674,0.5912659,0.6044582,0.621735,0.636281,0.65304875,0.67042345,0.68882984,0.7093504,0.7302057,0.75045776,0.7725779,0.7933895,0.81647325,0.83356774,0.8453734,0.8595581,0.8675868,0.8712359,0.8748649,0.8713768,0.862186,0.8310695,0.7689242,0.76064956,0.74762833,0.6280861,0.4606507,0.357517,0.29890805,0.2676137,0.25160882,0.24916013,0.26085803,0.28543645,0.33166364,0.38378686,0.43223718,0.4859205,0.53603816,0.5858261,0.6303097,0.67340595,0.70922655,0.7447096,0.7759601,0.80597156,0.8359538,0.86555815,0.8916667,0.9167058,0.93403286,0.9473848,0.953828,0.9560088,0.9538944,0.9531736,0.94978136,0.9388886,0.9247822,0.9132872,0.9095367,0.8972061,0.88063097,0.86820173,0.8681835,0.88902265,0.9236342,0.95439893,1.3948143,1.8743526,0.30133337,1.3485272,0.61494803,3.3680952,0.9857943,0.9363235,0.86821574,0.21006046,-0.44834948,-0.52689415,-0.40154582,-0.38050908,-0.3404127,-0.2897687,-0.21727632,-0.14886026,-0.033424836,0.007813599,0.075458616,0.0768337,0.10115878,0.12488425,0.14840615,0.17015027,0.20560566,0.22136548,0.27158833,0.30530426,0.33881545,0.37286282,0.3932822,0.3884227,0.3665199,0.39183313,0.39440918,0.39875007,0.39181513,0.39793533,0.39857408,0.40997002,0.3696723,0.3119314,0.24441865,0.21432655,0.19272266,0.22475792,0.2739407,0.19687763,0.14924672,0.093411446,0.055299126,0.094292216,0.07837649,0.1181911,0.13117388,0.086778246,0.4737942,-0.13295752,0.22034039,-0.04866219,0.036444258,-0.063321434,1.8331054,1.793386,0.90463746,2.2987916
94,Res008,0.178808,0.350993,0.470199,-1.5554981,-1.542878,-1.5286973,-1.5120368,-1.4941598,-1.4769517,-1.4642714,-1.4555134,-1.4451393,-1.4300687,-1.4042842,-1.3643014,-1.3074434,-1.2450157,-1.1952862,-1.1566067,-1.1298666,-1.1215664,-1.1222734,-1.1196761,-1.1133753,-1.1115683,-1.1121969,-1.1068665,-1.1040003,-1.1118721,-1.1266187,-1.1501373,-1.1382277,-1.0298299,-0.8342928,-0.6503911,-0.50437933,-0.39666867,-0.32728946,-0.28286123,-0.2466092,-0.22685404,-0.20893323,-0.18934004,-0.16966541,-0.15008986,-0.13208106,-0.1156418,-0.100741245,-0.08804816,-0.07620465,-0.063082345,-0.045976516,-0.026687514,-0.007566324,0.008591886,0.022828335,0.027351279,0.038485218,0.04001339,0.044229344,0.051215928,0.0652668,0.08016094,0.09054405,0.10069041,0.11609569,0.13605967,0.15548739,0.16760634,0.18150377,0.19854334,0.20798363,0.2192314,0.22875454,0.2443434,0.25783908,0.24068335,0.22794913,0.1990296,0.19032447,0.19471256,0.20025803,0.20763773,0.21555988,0.2295272,0.24371937,0.26102048,0.27770874,0.29164872,0.30715743,0.31683788,0.31970048,0.31823295,0.31122276,0.29522908,0.2697083,0.23660845,0.19279699,0.13953088,0.16809131,-0.1103019,0.06985717,0.10617382,0.07993481,-0.39030015,-0.5541217,-0.6922288,-0.73116046,-0.76017696,-0.753409,-0.72652155,-0.6966771,-0.6457712,-0.5910225,-0.5339555,-0.47405374,-0.41954234,-0.36509642,-0.313392,-0.26613998,-0.21855512,-0.17596848,-0.14100705,-0.10712857,-0.0776134,-0.052713484,-0.02917955,-0.016241765,-0.009817862,-0.0012043575,0.007284341,0.011936064,0.010173701,0.0031328953,-0.008924002,-0.024276929,-0.044036992,-0.06479002,-0.09370651,-0.12384794,-0.14984283,-0.18285058,-0.18935034,-0.15090601,0.15391761,0.7257134,0.09451378,-1.3596082,-1.7393869,-1.7233826,-1.5518934,-0.70088524,-1.6874139,-1.7502381,-1.3093036,-0.8244067,-0.8108432,-1.0985596,-1.2130822,-1.1922491,-1.1735731,-1.1381472,-1.1187742,-1.0994877,-1.0517044,-1.0193632,-1.0005101,-0.9786474,-0.9420006,-0.91171163,-0.8771971,-0.85678023,-0.83608013,-0.81324697,-0.7868627,-0.76376307,-0.73321486,-0.7035718,-0.6934176,-0.6847725,-0.65589,-0.6521874,-0.63895035,-0.63398296,-0.6391196,-0.6281788,-0.62354046,-0.6528008,-0.687539,-0.6966368,-0.72884005,-0.76176834,-0.755347,-0.800599,-0.8458986,-0.85676986,-0.90905637,-0.8635116,-0.90480125,-0.92755544,-0.99057573,-0.88878036,-0.94669706,-1.0821368,-1.0168538,-1.3370049,-1.3391049,-1.353299,-0.07292042,-0.94721586,-1.6358277,-1.3878253,-1.3067554
97,Res011,0.125828,0.00993378,0.864238,-1.5250131,-1.5109079,-1.4929672,-1.4708581,-1.4476203,-1.4258971,-1.4115101,-1.402781,-1.3916758,-1.3730966,-1.3414052,-1.2935286,-1.226498,-1.1484208,-1.0788687,-1.0198916,-0.97560036,-0.9556913,-0.95113665,-0.94768906,-0.94407904,-0.9491025,-0.9568004,-0.9547189,-0.9484899,-0.94788057,-0.9653598,-1.0015433,-0.99535996,-0.86678666,-0.63727057,-0.4326607,-0.2700467,-0.14531054,-0.0637939,-0.013785955,0.025617428,0.042147137,0.055833995,0.070499085,0.08580153,0.10057121,0.11370637,0.12400967,0.1325922,0.13956301,0.14761244,0.15703835,0.16924833,0.18330692,0.19757539,0.21023108,0.2198996,0.2223789,0.23009305,0.22794609,0.2254745,0.2266319,0.23802152,0.25271595,0.25690863,0.25781244,0.27302712,0.28716084,0.3052678,0.31935596,0.33416092,0.34423894,0.35062182,0.35792717,0.36323893,0.37401575,0.37351745,0.3630501,0.34759888,0.3125164,0.30104262,0.30182698,0.30518857,0.3071371,0.3111073,0.319603,0.328658,0.34078807,0.3492349,0.35918227,0.368137,0.37348568,0.37353918,0.36590895,0.35207555,0.33161876,0.30560437,0.27373692,0.23100641,0.19460633,0.2204507,-0.02077721,0.09123773,-0.13602953,-0.2470015,-0.5442012,-0.6844786,-0.7224727,-0.7694253,-0.7904093,-0.79750705,-0.7677682,-0.7246242,-0.66976285,-0.61541045,-0.5557155,-0.49228397,-0.43158266,-0.3733354,-0.31840554,-0.27076203,-0.22639735,-0.18641505,-0.15303157,-0.12102051,-0.09520115,-0.07489021,-0.052457795,-0.03553392,-0.021950016,-0.013219302,-0.005444383,-0.003024099,-0.0033384517,-0.010083836,-0.020950748,-0.03230789,-0.05474825,-0.07851368,-0.10671465,-0.1431984,-0.17263143,-0.19476527,-0.19984283,-0.15839218,0.1220719,0.6538357,-0.533539,-0.8038082,-1.7355578,-1.4880078,-0.9171293,-0.5236663,-1.2569946,-1.735487,-1.6650662,1.4361843,1.1292917,-1.3178533,-1.24263,-1.34127,-1.3146225,-1.2873442,-1.2648643,-1.2084062,-1.1339599,-1.1142076,-1.1074793,-1.0758666,-1.0280834,-0.9831357,-0.9445285,-0.90154856,-0.8738801,-0.84060967,-0.8005679,-0.75212336,-0.72996545,-0.70233953,-0.67313766,-0.67384255,-0.6590123,-0.6523081,-0.6459542,-0.6369354,-0.6198505,-0.61665463,-0.6222679,-0.6352956,-0.6236937,-0.65068644,-0.6725293,-0.68593407,-0.7222405,-0.7238507,-0.7922595,-0.7972609,-0.8096945,-0.84070396,-0.8784537,-0.89220685,-0.890393,-0.9344175,-1.1186898,-1.0098583,-0.71824604,-0.5255984,-0.5498746,-0.42532623,-0.5447765,-1.0421774,-0.051110636,0.9779708,-1.5792919
99,Res013,0.178808,0.00993378,0.811258,-1.5306377,-1.5149126,-1.4954607,-1.47333,-1.4511185,-1.4300038,-1.415426,-1.4070517,-1.3966535,-1.3791131,-1.3483299,-1.2989296,-1.2257886,-1.1391548,-1.0654674,-1.0064602,-0.96638197,-0.9557325,-0.9606429,-0.9623926,-0.96120816,-0.9696203,-0.9808649,-0.9804825,-0.9769962,-0.9808247,-1.0024655,-1.0407783,-1.034968,-0.9031392,-0.65202785,-0.4134606,-0.21569358,-0.06085581,0.03920367,0.0981431,0.14218336,0.15869857,0.17209305,0.18749669,0.20286715,0.2181495,0.23188007,0.24290742,0.25191638,0.25937346,0.26786682,0.27762064,0.29011858,0.30414245,0.31866136,0.33095804,0.33931118,0.34136885,0.34247926,0.34270945,0.33651987,0.33689195,0.34942633,0.36059207,0.36724862,0.3768657,0.39522418,0.41138402,0.42587814,0.43808767,0.45191056,0.4635498,0.47233975,0.4794385,0.48250327,0.49617237,0.5025737,0.48857135,0.45472383,0.4185978,0.39029527,0.39382935,0.40009817,0.4010307,0.40897086,0.41763836,0.4259291,0.43452764,0.44464678,0.45609856,0.46650657,0.47268403,0.47013438,0.45939985,0.44583735,0.42316443,0.3932586,0.35325348,0.31500784,0.37010467,0.5208377,0.4979082,0.50351375,0.2562035,0.29114342,-0.1909263,-0.5165823,-0.70862365,-0.75927716,-0.8015427,-0.81062096,-0.7772767,-0.7330695,-0.67928284,-0.62344456,-0.5581396,-0.48968863,-0.4260033,-0.36314604,-0.30545256,-0.25398365,-0.2061376,-0.16317606,-0.124943264,-0.0920852,-0.06462851,-0.039020784,-0.016741691,0.0027585933,0.015779233,0.027350461,0.0358644,0.038439874,0.036670033,0.026762772,0.015295316,0.0011641576,-0.019512787,-0.04624611,-0.080498666,-0.11589329,-0.14638798,-0.20208198,-0.21261047,-0.24772298,-0.249851,0.73202497,-0.4550211,-1.1584587,-1.744924,-1.6166936,-1.6744205,-1.6700163,-1.31826,-1.7434906,-1.7364688,-1.661401,-1.5106473,-1.5418463,-1.5225111,-1.3472158,-1.3341869,-1.3109934,-1.2905133,-1.2596006,-1.1940444,-1.1619906,-1.1327596,-1.0972614,-1.0583149,-1.0233474,-0.97879547,-0.933037,-0.90067136,-0.8759679,-0.82068276,-0.780263,-0.75532925,-0.7274271,-0.7078707,-0.6975237,-0.68550634,-0.67239267,-0.67556626,-0.6665296,-0.681518,-0.64757913,-0.63568664,-0.6519616,-0.66337997,-0.6884915,-0.7150484,-0.73821574,-0.761207,-0.8347855,-0.8154224,-0.85585177,-0.9019164,-0.91953874,-0.9639972,-0.9671689,-1.0835994,-1.0172054,-1.0592687,-1.2900249,-0.96188545,-1.1822433,-1.3279616,-0.32631204,-1.2632782,-1.7034687,-1.6023805,-1.7494248,-1.7524558
120,Res034,0.927152,0.0728477,0.0,-1.6518273,-1.6352681,-1.6140368,-1.5938457,-1.5777882,-1.5618768,-1.5481472,-1.5385021,-1.5293808,-1.5170432,-1.4904345,-1.4337448,-1.3360648,-1.2285278,-1.1586752,-1.1197586,-1.1091789,-1.1380527,-1.1776358,-1.1978589,-1.2026004,-1.2110218,-1.2240969,-1.2266445,-1.2449294,-1.2841945,-1.3149025,-1.3462408,-1.3338159,-1.1818045,-0.8186922,-0.38201153,0.055743195,0.43857965,0.69890875,0.8526278,0.9608517,0.9930473,1.0214419,1.0599047,1.0960616,1.133127,1.1710345,1.1950531,1.2168133,1.241466,1.2673951,1.2929386,1.3172885,1.3425101,1.3770999,1.3998992,1.4113518,1.4195181,1.4270991,1.3726808,1.2964603,1.2527624,1.2504395,1.2650279,1.2702888,1.2803947,1.3356011,1.3833541,1.4286987,1.4644862,1.4927367,1.5175848,1.5283505,1.5346943,1.5380355,1.5439723,1.5583551,1.4702134,1.3178452,1.1337802,1.0117548,0.97155327,0.95603895,0.9466243,0.94518435,0.959024,0.97939736,1.0044769,1.0338829,1.064124,1.0903949,1.1001923,1.0867056,1.0595509,1.0166266,0.9475136,0.8542723,0.7396697,0.63668233,0.63040155,0.9138117,0.94165915,0.64404446,0.4230146,0.30452693,-0.21801114,-0.66463935,-0.84578085,-0.91057575,-0.9833819,-1.0089772,-0.97362316,-0.94455355,-0.91573304,-0.86920184,-0.8080033,-0.7442288,-0.6799909,-0.61283016,-0.5484425,-0.48798928,-0.42942414,-0.3750398,-0.32389095,-0.27389947,-0.22789806,-0.19224775,-0.15732864,-0.12577613,-0.10325525,-0.08832033,-0.08179791,-0.079412684,-0.09016636,-0.107812785,-0.13054577,-0.15773717,-0.18946521,-0.2220365,-0.2652937,-0.3109485,-0.34558958,-0.37642494,-0.38153064,-0.18912221,0.15424867,1.4258833,-0.6926486,-1.7420089,-1.7524555,-1.7523779,-1.6443146,-1.011106,-0.82378656,-1.7260382,-1.1985911,-0.7471529,-1.3058861,-1.2362231,-1.3852985,-1.4010104,-1.4309387,-1.4124677,-1.3783218,-1.3371304,-1.2925842,-1.2928014,-1.277157,-1.258059,-1.2290088,-1.2098773,-1.176374,-1.1662142,-1.155019,-1.1274716,-1.1018972,-1.0787807,-1.0509619,-1.0268282,-1.0077955,-0.9824118,-0.9737678,-0.94811517,-0.9356691,-0.9203401,-0.92134535,-0.9212956,-0.914781,-0.940326,-0.9619267,-0.9634875,-1.0304841,-1.0328293,-1.0655869,-1.0807192,-1.1223004,-1.1171379,-1.1238843,-1.1466157,-1.1380856,-1.1527947,-1.1909882,-1.1795301,-1.1337584,-1.2009772,-1.0367247,-1.0550821,-0.8119486,-0.64147896,-0.3389057,-0.77135473,1.6202497,-0.24423893,-1.2656413
123,Res037,0.0562914,0.00993378,0.933775,-1.4421946,-1.4223853,-1.398519,-1.3665448,-1.3292116,-1.2981672,-1.281046,-1.2693887,-1.2513398,-1.2208197,-1.1767036,-1.1230189,-1.0605832,-0.9903934,-0.9178232,-0.8423545,-0.76771736,-0.70270586,-0.65182686,-0.61197275,-0.58132005,-0.56219095,-0.54531056,-0.5275309,-0.51142436,-0.49583393,-0.49181104,-0.4966161,-0.47362065,-0.39215568,-0.29050502,-0.20655525,-0.13110727,-0.07193307,-0.030510819,0.0030443156,0.04186305,0.055972237,0.06802154,0.08417496,0.098013386,0.11224411,0.1267852,0.1328895,0.13665706,0.14129756,0.14775921,0.15448543,0.1625338,0.17298143,0.19057362,0.2022596,0.21172899,0.23006336,0.25807956,0.25856313,0.25978595,0.2536679,0.25880668,0.26418364,0.25893638,0.24936323,0.26024076,0.27181503,0.2818054,0.29306203,0.30070022,0.31481597,0.32554767,0.33766323,0.35555142,0.3801565,0.42706195,0.42701286,0.41921946,0.40846393,0.38940877,0.38039467,0.3835022,0.38957095,0.3931361,0.40177885,0.40608022,0.41126645,0.41804317,0.42558858,0.43653738,0.44487536,0.44255942,0.4370364,0.43686906,0.43444374,0.42953703,0.42799145,0.42584705,0.4262645,0.33647475,0.062078632,0.5754328,0.46789205,0.27193612,-0.043439373,-0.10589126,-0.19158913,-0.2366033,-0.28600207,-0.3070289,-0.2735579,-0.23275709,-0.19978614,-0.16101123,-0.11652047,-0.068304226,-0.018972661,0.023772914,0.06259375,0.09725414,0.13039057,0.1578621,0.18092275,0.20396493,0.22321561,0.23337634,0.24527103,0.256128,0.2657825,0.27196065,0.27796513,0.2796262,0.28176588,0.28181076,0.2763803,0.27280226,0.25899857,0.2410019,0.22419794,0.20331602,0.18489762,0.13492402,0.12002954,0.08922131,-0.2077387,-0.7972052,-0.65638804,-0.89635324,-1.7229278,-1.3999969,-1.5097243,-1.1963097,-1.6919999,-1.7503525,-1.373329,-0.70517665,-0.9535654,-1.1382419,-0.93160355,-0.96886134,-0.9545339,-0.93434066,-0.88777775,-0.82875746,-0.7607648,-0.6889909,-0.6781265,-0.64076036,-0.60613513,-0.5477391,-0.49760705,-0.45668614,-0.42924792,-0.3999154,-0.35211048,-0.31625357,-0.28251976,-0.2696245,-0.26023096,-0.23992808,-0.24514389,-0.24299367,-0.23329863,-0.24094675,-0.24988629,-0.22797215,-0.2077006,-0.21002832,-0.22513995,-0.23411396,-0.23535652,-0.23060267,-0.2892948,-0.35248116,-0.36420304,-0.40153262,-0.43766218,-0.50109124,-0.4680297,-0.48123524,-0.5650095,-0.49567443,-0.727572,-0.5056089,-0.59540516,-0.8062033,-0.9500781,-0.97410834,-1.3517703,-1.1510278,-1.5125082,-1.4608861,-1.2951778
134,Res048,0.970199,0.00331126,0.0264901,-1.6431893,-1.629518,-1.6119701,-1.5952542,-1.5829086,-1.5721319,-1.5648745,-1.5618423,-1.5581363,-1.5510027,-1.5302565,-1.4767748,-1.3685646,-1.238797,-1.1562867,-1.1153367,-1.1146865,-1.1665257,-1.2296302,-1.2642539,-1.2789712,-1.3017569,-1.3311126,-1.3445189,-1.3687602,-1.4106611,-1.4455585,-1.474988,-1.4656861,-1.335102,-0.95073813,-0.41572127,0.1645778,0.6859943,1.0279272,1.2101425,1.3263229,1.3399466,1.3468636,1.3683165,1.3883315,1.4097881,1.4318483,1.4411566,1.4486102,1.4604776,1.4742284,1.4874603,1.501046,1.5142555,1.5359138,1.5476798,1.5499356,1.5569711,1.5475134,1.4830571,1.4007683,1.3534153,1.3501376,1.3647794,1.3772712,1.3948761,1.4407909,1.4857742,1.525013,1.555801,1.5839788,1.5995786,1.6049694,1.6026945,1.5979337,1.6039054,1.5965728,1.5118957,1.3651187,1.1924018,1.0857915,1.0419842,1.0229737,1.0100964,1.0089484,1.0209432,1.039109,1.0581534,1.079546,1.1017265,1.1228029,1.1291145,1.1089551,1.0746291,1.0231218,0.9429862,0.8399191,0.7229461,0.6029832,0.555769,0.7049539,0.5214653,0.30549803,0.24530563,0.05831376,-0.30866444,-0.78932273,-1.0180955,-1.0888284,-1.1429594,-1.1600959,-1.1298193,-1.0898759,-1.0467442,-0.99598515,-0.92928904,-0.8573902,-0.78164816,-0.7071647,-0.6332265,-0.5632026,-0.49641287,-0.43451548,-0.3798522,-0.32875523,-0.28286192,-0.24420738,-0.21111232,-0.17941152,-0.15653059,-0.1412292,-0.12995,-0.1259458,-0.13374959,-0.1465371,-0.1672353,-0.19342208,-0.22812045,-0.27003807,-0.31981042,-0.3722085,-0.41116548,-0.45416078,-0.48813874,-0.40340167,-0.19398184,-0.5858061,-1.2633579,-1.4464823,-1.7353079,-1.6572672,-1.6938002,-1.6090945,-0.7598493,-1.7106774,-1.0170245,-0.7956883,-0.4903255,-1.571293,-1.5869879,-1.5507942,-1.5674736,-1.5475284,-1.5296997,-1.5016651,-1.4658514,-1.4521141,-1.4234937,-1.4072058,-1.3848991,-1.3643521,-1.3264323,-1.2927505,-1.2648242,-1.2365923,-1.208496,-1.1787932,-1.1564548,-1.1283418,-1.1059874,-1.0955073,-1.0773606,-1.0567925,-1.0394921,-1.0354711,-1.0477934,-1.0394822,-1.0306575,-1.0396316,-1.076719,-1.1036458,-1.1009699,-1.1007687,-1.1330839,-1.1930493,-1.2447245,-1.2436088,-1.267127,-1.2898958,-1.2573602,-1.3984394,-1.4200966,-1.3530042,-1.4489307,-1.3686438,-1.3077877,-1.4440882,-1.3942866,-1.1903543,-1.465359,-1.2146889,-1.0037923,-1.6283163,-1.7225354
152,Res068,0.0331126,0.466887,0.5,-1.478737,-1.4621285,-1.4444556,-1.4233602,-1.400834,-1.3770753,-1.3574342,-1.3416178,-1.3248984,-1.3034599,-1.2726845,-1.2322652,-1.1849066,-1.1335928,-1.0826508,-1.0343379,-0.9920649,-0.9621967,-0.942426,-0.9261019,-0.9132065,-0.90589917,-0.89929146,-0.8866581,-0.869878,-0.8619353,-0.8776487,-0.91034627,-0.899145,-0.7788171,-0.5992862,-0.4695766,-0.37991285,-0.315427,-0.27046707,-0.23345779,-0.19554612,-0.17031468,-0.14758836,-0.12286293,-0.095182806,-0.0662004,-0.03837034,-0.019547028,-0.0057679676,0.0059566963,0.018034043,0.034194008,0.060133617,0.09420387,0.13126843,0.15814875,0.17926276,0.20232703,0.23290516,0.24343494,0.24773327,0.25283188,0.26248378,0.27589437,0.2805571,0.28410614,0.3013032,0.32219145,0.34097385,0.3564849,0.36988404,0.38823456,0.40194267,0.418311,0.43302062,0.4518201,0.48487577,0.4991322,0.4811498,0.47385892,0.44845033,0.44642562,0.45282766,0.4584881,0.4664804,0.47692227,0.48855382,0.50418776,0.51989704,0.5310742,0.5453865,0.55989,0.5656663,0.5679449,0.5708972,0.5702786,0.5653193,0.5490276,0.52710634,0.48692244,0.35993415,0.37463018,0.53258353,0.4760657,0.20865417,0.16487685,-0.13639155,-0.2027447,-0.22840512,-0.27049115,-0.2838891,-0.26096776,-0.22731225,-0.19166088,-0.15271384,-0.10508855,-0.055132482,-0.006891692,0.036284864,0.07915022,0.119387515,0.15859528,0.19103825,0.22384478,0.25614086,0.28825372,0.31338817,0.3360751,0.35411754,0.36720818,0.3740562,0.37489125,0.37043095,0.363123,0.35011464,0.33755314,0.31865105,0.2998399,0.28994632,0.27259496,0.25097215,0.23207405,0.20386642,0.23306222,0.26939207,0.35714328,-0.34813794,-0.31547353,-1.6417123,-1.7398157,-1.637517,-1.6932756,-1.1069541,-1.4149415,-1.7513535,-1.5781447,0.25673988,-0.9964671,-0.90677077,-0.79772943,-0.8145174,-0.75605917,-0.72976446,-0.7084425,-0.6584847,-0.59660393,-0.57574105,-0.5671304,-0.57370925,-0.5636592,-0.5447954,-0.52610976,-0.50771487,-0.4777008,-0.471735,-0.45668346,-0.42135414,-0.40199515,-0.3872256,-0.36350724,-0.3436128,-0.33421737,-0.33103284,-0.3139195,-0.3042759,-0.29175812,-0.28539473,-0.30012923,-0.32968017,-0.35004768,-0.39757785,-0.44429594,-0.46152097,-0.4903581,-0.51789,-0.5462016,-0.59639263,-0.5736882,-0.62166864,-0.6539709,-0.6048893,-0.53290856,-0.5090009,-0.5437251,-0.7288068,-0.5991639,-0.7388379,-0.787052,-0.80987114,-1.116314,-1.63177,-1.6626062,-1.3263888,-0.43642497
168,NF_016,0.185897,0.711538,0.102564,-1.4325873,-1.40751,-1.3799653,-1.3512092,-1.3241717,-1.2988638,-1.2768176,-1.2566136,-1.2359757,-1.2123182,-1.1828662,-1.1455575,-1.0967915,-1.0448054,-1.0024012,-0.9682127,-0.9433833,-0.9316485,-0.92421407,-0.9128016,-0.89816004,-0.88637406,-0.8753244,-0.85883623,-0.8457445,-0.8392874,-0.83419794,-0.8320507,-0.8092193,-0.7315505,-0.5897085,-0.4360274,-0.29956797,-0.18749821,-0.10953681,-0.057994615,-0.013657059,0.01997497,0.04448363,0.07308683,0.10243945,0.1281568,0.1565743,0.1836374,0.20817925,0.228834,0.24959041,0.2707661,0.2955112,0.3197243,0.34305328,0.36473706,0.38562438,0.37769145,0.3961815,0.40988892,0.42664286,0.44798452,0.4660508,0.4871723,0.49542236,0.5024865,0.522499,0.54266554,0.56174827,0.5803654,0.60030895,0.61836404,0.6336465,0.6482526,0.65637624,0.6587821,0.64775527,0.64790833,0.65075433,0.6482089,0.6619747,0.6756305,0.6879326,0.70122236,0.71537596,0.73219115,0.7533645,0.77559686,0.79676205,0.81748456,0.83637756,0.85297114,0.8648675,0.8738704,0.8754688,0.87194264,0.86146176,0.83679354,0.8095285,0.7832103,0.7499737,0.6282144,0.67140484,0.60700554,0.3947462,0.30576563,0.23076943,0.18724218,0.16946617,0.1806403,0.194141,0.21704167,0.25752357,0.30762348,0.35887468,0.41162896,0.460001,0.50692046,0.548373,0.5873254,0.62486917,0.6590275,0.6905166,0.7230973,0.7557583,0.7883019,0.81809413,0.8411038,0.860532,0.877285,0.884987,0.8860827,0.88229525,0.87466663,0.86271566,0.8499104,0.83233136,0.8197848,0.81251454,0.8032947,0.78839654,0.76681113,0.69072014,0.6765647,0.6224857,0.56141496,0.22478503,-0.75975287,-1.0674262,0.41981545,-1.5452908,-1.741895,-1.584874,-1.6118304,-0.937038,-1.5466144,-1.0419083,-1.1935171,-0.4904924,-0.347954,-0.2335258,-0.13907793,-0.09204757,-0.039997734,0.025638463,0.09160385,0.092792906,0.09486611,0.07903721,0.06558525,0.05753337,0.05551555,0.064831965,0.07467157,0.08370144,0.11300334,0.13684298,0.15541728,0.17381908,0.18076383,0.1904848,0.18788362,0.21165186,0.2327502,0.2367155,0.26994857,0.27699918,0.25402686,0.22219355,0.16732423,0.10537181,0.038884994,0.008274611,-0.0251972,-0.032823008,-0.09293208,-0.13808064,-0.10750684,-0.14108126,-0.136708,-0.1863406,-0.22859934,-0.29303598,-0.34569559,-0.26011387,-0.26148054,-0.44402027,-0.4690999,-0.4315137,-1.17912,-1.0558314,-1.2453164,-1.2121899,-1.6364493
172,NF_020,0.134615,0.346154,0.519231,-1.202757,-1.1702895,-1.1344317,-1.0924209,-1.048393,-1.0103339,-0.9826386,-0.95929915,-0.9324488,-0.89655715,-0.8497903,-0.7936424,-0.7275072,-0.65855813,-0.5969107,-0.5434855,-0.50078773,-0.47251305,-0.45182735,-0.4305675,-0.4071371,-0.3898374,-0.37524113,-0.35364497,-0.33165476,-0.31639695,-0.30860662,-0.30776194,-0.2785526,-0.18316494,-0.04434305,0.07813891,0.18220809,0.27583596,0.34732097,0.39846632,0.4437397,0.48306677,0.50900173,0.53905594,0.5687697,0.59365964,0.622693,0.6498115,0.6749682,0.6963771,0.71863145,0.7404681,0.7632041,0.78426135,0.8049862,0.82549715,0.8464095,0.8398209,0.8649257,0.88126457,0.901597,0.9255161,0.94525564,0.9670626,0.9701047,0.9713698,0.99028987,1.0098438,1.0269775,1.042419,1.0600835,1.0751644,1.0857924,1.1001297,1.1087834,1.1085838,1.1074543,1.1182673,1.1165726,1.1185132,1.1299173,1.1437103,1.1547269,1.1654906,1.1790229,1.1920037,1.205815,1.2207246,1.2349607,1.2484835,1.2624611,1.2733952,1.2786137,1.2810458,1.2839704,1.2788852,1.2735698,1.2561989,1.2337689,1.2039021,1.2476147,1.1259515,1.2055013,0.9233255,0.93560064,0.87038887,0.7869615,0.77682155,0.7845037,0.79002225,0.80728644,0.82331496,0.85500175,0.8941498,0.93745196,0.9783162,1.0137595,1.0481493,1.076768,1.102354,1.1283567,1.1496421,1.1711267,1.1906154,1.2101995,1.2298759,1.2461721,1.2583311,1.2711304,1.2780341,1.2829154,1.2871271,1.2845149,1.28119,1.2744616,1.2671105,1.2584342,1.2505636,1.2416395,1.229429,1.2162238,1.1942687,1.1368452,1.1350795,1.1101298,1.1711788,1.2668406,0.93437386,-0.94801813,1.0886849,0.005186123,-1.4082814,-0.11943332,0.8251566,1.7273139,-0.66723895,-0.92714685,-0.052204676,0.23705696,0.25270775,0.31448922,0.36967418,0.42876622,0.48000598,0.5444446,0.642293,0.6534115,0.6611224,0.6649028,0.68476987,0.69620883,0.70301336,0.71089154,0.72209865,0.7289193,0.7576128,0.7876797,0.80370516,0.8063464,0.79200023,0.78439105,0.776625,0.75936574,0.75012726,0.7344239,0.7473315,0.7899709,0.8240355,0.8035544,0.77614963,0.73639107,0.7017564,0.67328376,0.6877283,0.65793747,0.58943915,0.5723547,0.54109496,0.54660976,0.5328042,0.48982105,0.44594672,0.38626382,0.37112018,0.4378904,0.32495356,0.35670203,0.33207545,0.5260848,0.42837638,0.123554386,0.6570435,0.3395164,0.5493572
182,NF_030,0.0,0.0192308,0.980769,-1.0808114,-1.0338914,-0.9804304,-0.91414607,-0.84392655,-0.7898722,-0.75620574,-0.7292133,-0.69564956,-0.64621794,-0.5854513,-0.5216926,-0.4573048,-0.39404178,-0.33318305,-0.27594978,-0.22351255,-0.1764205,-0.13604249,-0.102243125,-0.070410505,-0.0424172,-0.014217518,0.013736874,0.040685687,0.06851749,0.09850653,0.1269584,0.15671349,0.19039296,0.21988581,0.24785762,0.2734104,0.3043523,0.33118078,0.3543896,0.38307753,0.41054004,0.42146388,0.43906274,0.45669994,0.46848992,0.48540398,0.50139624,0.5155849,0.5267128,0.53985226,0.55135125,0.5625637,0.57018274,0.5789839,0.58912337,0.6021633,0.5852995,0.6060655,0.6194988,0.6393759,0.6604163,0.6740013,0.6905645,0.6679491,0.63372433,0.64228666,0.6513632,0.6599746,0.6693514,0.67803526,0.68608385,0.69309616,0.6983995,0.7003758,0.6941727,0.6822572,0.6983294,0.70707095,0.7183886,0.73665845,0.7504701,0.75810295,0.76422054,0.77214366,0.78001463,0.78556126,0.79323196,0.799566,0.80574083,0.81300485,0.8188364,0.8188476,0.8179906,0.8167937,0.8148024,0.8091992,0.80025613,0.7931349,0.7860467,0.878459,0.8751245,0.8008379,0.76031345,0.68417764,0.6013315,0.6240357,0.6539726,0.6612979,0.6875014,0.69296926,0.6994699,0.7211098,0.7430692,0.7660204,0.77918655,0.79200774,0.80534285,0.81351507,0.8204526,0.8268997,0.83357406,0.84017783,0.8431061,0.8468987,0.84948736,0.85171795,0.8527795,0.8553051,0.8587382,0.85797745,0.8592552,0.8586192,0.85931385,0.86257774,0.86246043,0.8629512,0.85769886,0.8538392,0.8460762,0.8427375,0.82067484,0.7422453,0.71001416,0.65632457,0.65323454,0.21489519,-0.32711825,-1.1204089,-1.4192435,-1.64806,-1.6360484,-0.63166326,-1.3278185,0.6055256,0.14865308,0.7108841,0.10111438,0.20420882,0.25641152,0.35454294,0.4547804,0.4879742,0.5111732,0.5662855,0.6239378,0.61755866,0.631963,0.6359882,0.652303,0.66052336,0.67200667,0.68057275,0.6868661,0.68726367,0.71185964,0.707713,0.70885843,0.7050028,0.6722565,0.6547769,0.6151212,0.58118486,0.54983115,0.52448916,0.5298925,0.59913266,0.6190629,0.6211991,0.61383224,0.6154652,0.621106,0.615109,0.61986756,0.58443075,0.5283572,0.5253252,0.50091875,0.4993236,0.50101644,0.42427716,0.40243256,0.47284412,0.35631382,0.34674394,0.24262065,0.38291603,0.12902343,0.20518765,-0.07353884,-0.39249912,-0.2036701,-1.218458,-1.5645059
190,NF_039,0.525641,0.102564,0.371795,-1.0527805,-1.0038962,-0.9469169,-0.8805325,-0.8138593,-0.76292425,-0.7314605,-0.70791143,-0.6796943,-0.6371724,-0.58011174,-0.5088865,-0.41937512,-0.32543397,-0.24730895,-0.18200639,-0.13216625,-0.10242052,-0.08259244,-0.05979718,-0.032029413,-0.016762258,-0.008395327,0.009739567,0.02068536,0.017036412,0.016884493,0.015119793,0.040400315,0.14180216,0.34814695,0.591028,0.81791204,1.0152245,1.144245,1.2155666,1.2691693,1.3086504,1.3188348,1.3396113,1.3621138,1.3733635,1.3939768,1.4180093,1.4398924,1.4557732,1.4748979,1.4912649,1.50562,1.5126281,1.518566,1.5291916,1.5460652,1.503244,1.522605,1.5332873,1.5518194,1.5838209,1.6054066,1.6341046,1.6022317,1.5541657,1.5705158,1.5879859,1.6030685,1.616916,1.6294591,1.6393256,1.6452794,1.6491627,1.6429266,1.6196347,1.582853,1.5780376,1.5709208,1.5573263,1.570578,1.584894,1.5936825,1.6017753,1.610533,1.6222118,1.6369832,1.651148,1.6629835,1.6745586,1.6842417,1.69181,1.6846339,1.6741174,1.6556005,1.6274635,1.5940481,1.5416133,1.4852437,1.420564,1.4781296,1.4244845,1.5339605,1.307863,1.0126195,0.7823436,0.70534307,0.6622178,0.6822686,0.6989693,0.715196,0.7384497,0.7825739,0.8401713,0.8983228,0.9520568,1.0036083,1.0520134,1.0978222,1.1383523,1.1743004,1.2101488,1.2405368,1.2634856,1.288957,1.3107817,1.3275836,1.3402699,1.3542739,1.3643012,1.3675144,1.3710684,1.3706619,1.3665209,1.3578241,1.3497279,1.3373028,1.3161175,1.2927731,1.266189,1.2377964,1.194627,1.0629505,1.0341214,0.998791,0.9617616,0.8196058,0.19900693,-1.0215118,-0.09699378,-0.59335953,-1.4141246,-0.30504167,0.25281107,1.0519876,-0.56855464,0.11154914,0.19882463,0.22587277,0.23529074,0.27429947,0.32192126,0.36472422,0.38629934,0.41662917,0.52819806,0.5513274,0.5451348,0.5647226,0.5911219,0.6079815,0.6367921,0.6444834,0.6717917,0.68719286,0.7044886,0.7388082,0.7493039,0.76386696,0.7400182,0.72400934,0.7047728,0.6828992,0.66844434,0.66058576,0.6644071,0.7195867,0.7469052,0.7334981,0.74109423,0.71469116,0.68482274,0.6661015,0.6563963,0.61070764,0.5870372,0.5446678,0.48954594,0.45829204,0.46091226,0.37815422,0.43447247,0.39364305,0.33811057,0.38065922,0.33540294,0.26490933,0.11395377,0.115332715,0.5604098,0.39974245,0.1149209,0.57146215,2.8571863
204,NF_057,0.0576923,0.384615,0.557692,-1.0261861,-0.97592825,-0.91959846,-0.85329574,-0.7838361,-0.72642946,-0.68582433,-0.6508694,-0.6098168,-0.55635625,-0.49159265,-0.42026886,-0.34533018,-0.27078247,-0.1999258,-0.1312239,-0.066878065,-0.009593959,0.038199026,0.08282336,0.11846561,0.14729248,0.17052223,0.20160787,0.23015288,0.25043833,0.26382792,0.27378577,0.30495018,0.38555917,0.49159497,0.5744234,0.6514153,0.7045288,0.73898655,0.77469796,0.81279874,0.84808826,0.87685144,0.90971804,0.9395851,0.9727901,1.0087864,1.0275106,1.041991,1.0604707,1.0822973,1.104302,1.1274605,1.1553035,1.1961013,1.2249304,1.2448921,1.293067,1.3526837,1.3636153,1.3629087,1.3523924,1.357962,1.3641713,1.389869,1.4244599,1.4445554,1.4620414,1.4821062,1.5023082,1.5189553,1.5384492,1.559777,1.5842973,1.6192732,1.669416,1.7649376,1.808312,1.7955598,1.7874986,1.7497531,1.7356191,1.7437558,1.7571356,1.767412,1.7777709,1.7892494,1.8018734,1.8152252,1.8323811,1.8484839,1.8669993,1.8812188,1.8993379,1.9197434,1.9458205,1.9730035,2.0114725,2.0438855,2.1240342,2.037216,2.049661,2.1224632,2.144418,2.173315,2.1005027,2.0802295,2.057317,2.0458727,1.9877578,1.9630293,1.9822625,1.9745967,1.9483223,1.9358339,1.9465284,1.9629484,1.9820354,2.0001857,2.0209372,2.0390186,2.0586793,2.0794902,2.1017244,2.123258,2.1468472,2.1673007,2.1883132,2.2063055,2.219272,2.230122,2.2348151,2.236584,2.2425761,2.2470663,2.2513504,2.2527466,2.258116,2.2697618,2.275776,2.282817,2.3018665,2.302907,2.3543584,2.4271696,2.6421895,3.161156,2.2098749,-1.5480636,-1.7430643,-1.6999019,-1.0186913,-0.5142423,-1.312035,0.1305959,-1.4728338,1.1559052,2.1502647,1.9794145,1.9894613,1.935513,1.8921636,1.9289877,1.960804,2.007245,2.0418909,2.0549357,2.0368228,1.9886413,1.9577978,1.970143,1.9580905,1.9461873,1.9477162,1.9579852,1.9700325,1.9861345,1.9972771,1.9975277,1.9654782,1.9470319,1.9386119,1.9327055,1.9030445,1.8691607,1.868658,1.9377656,1.9583185,1.9362916,1.9127431,1.8485494,1.8139987,1.8099406,1.7840961,1.7449507,1.7331929,1.7437841,1.729492,1.7394668,1.6936171,1.6694695,1.6211593,1.6044191,1.6092366,1.8736151,1.909798,1.6969904,1.6130509,1.4749064,1.6128733,1.4147468,1.5958531,1.3112973,1.1624744
221,NF_076,0.00641026,0.961538,0.0320513,-1.4734268,-1.4523941,-1.4228326,-1.3843461,-1.3396456,-1.2914983,-1.240983,-1.1883862,-1.1347668,-1.0815452,-1.0302439,-0.98163223,-0.9343204,-0.88908076,-0.84659076,-0.80498046,-0.7632256,-0.7238608,-0.68629736,-0.65068656,-0.6148487,-0.5805316,-0.5475492,-0.51201856,-0.47661647,-0.44356325,-0.4111149,-0.38062266,-0.3444999,-0.29489124,-0.23605172,-0.18312871,-0.14084741,-0.09742137,-0.053675007,-0.01528363,0.018442119,0.05596242,0.090038165,0.121502094,0.15336065,0.18154094,0.20974658,0.2422224,0.27516448,0.30444255,0.3320757,0.35845983,0.38353375,0.4043196,0.4189846,0.43726754,0.45912966,0.45696005,0.46559834,0.48532662,0.5107502,0.5406653,0.5611125,0.5838081,0.6017772,0.6188588,0.6378883,0.65749806,0.6754461,0.694053,0.7122904,0.731547,0.7528382,0.76633525,0.7764904,0.7765474,0.75557387,0.75118786,0.76756066,0.77960515,0.80003226,0.8204605,0.83232576,0.8432192,0.8576551,0.8742778,0.89688545,0.9259826,0.9560883,0.98222935,1.0027761,1.023102,1.0475143,1.0678164,1.0839927,1.0931377,1.0926596,1.0748838,1.0470487,0.9808792,0.88764954,0.94292915,0.78407085,0.7066809,0.645279,0.56047845,0.48682475,0.45344186,0.42760885,0.43262634,0.442763,0.45491266,0.48212326,0.5270666,0.57102364,0.61707044,0.6643313,0.70559967,0.737979,0.76909196,0.79721034,0.8202352,0.8468683,0.88098574,0.9213517,0.96874255,1.01122,1.0457749,1.0733602,1.0860689,1.0855643,1.0766584,1.066687,1.0519699,1.0355595,1.0202291,0.99839646,0.99383354,1.0060508,1.0028862,0.98854846,0.9716956,0.93141615,0.9455457,0.93363786,0.8173247,0.95748174,-0.4422295,-1.5526439,-1.5746722,-1.730374,-1.4552424,-1.1240176,-1.3963704,-1.6040581,0.10590586,-1.0698891,-0.36040917,-0.028277976,0.025983317,0.17445105,0.2571239,0.32419047,0.37735325,0.41965887,0.43201095,0.4521978,0.41601634,0.3665692,0.29449287,0.22918878,0.19018167,0.17149918,0.15694837,0.16891085,0.18623357,0.20927447,0.23820919,0.26802176,0.2787453,0.3130591,0.34230748,0.3611259,0.37837788,0.412698,0.41442516,0.41650903,0.36531717,0.3043334,0.19994846,0.11004118,0.09682316,0.07753171,0.07538102,0.04397903,-0.021572676,-0.034667756,-0.101715155,-0.102235064,-0.12968859,-0.13979487,-0.11215366,-0.100096874,-0.14431652,-0.25173795,-0.36322784,-0.27157944,-0.23871835,-0.41056332,-0.61697567,-0.8136848,-1.0835583,-1.1533066,-1.5249295
228,NF_085,0.00641026,0.0384615,0.955128,-1.1094035,-1.0864068,-1.065154,-1.0429299,-1.0218902,-1.0024673,-0.9849468,-0.96827555,-0.95058155,-0.9308625,-0.9089634,-0.88676816,-0.8643852,-0.8414472,-0.8186244,-0.7959874,-0.7733097,-0.75013477,-0.72756594,-0.7063913,-0.68546534,-0.66470796,-0.6410135,-0.6164582,-0.5905192,-0.5633546,-0.5350327,-0.50662863,-0.47767672,-0.44794,-0.41806337,-0.38775226,-0.36014017,-0.3299686,-0.29861405,-0.26910388,-0.24005161,-0.20978257,-0.18224467,-0.15481801,-0.12686397,-0.1009815,-0.07441284,-0.044721324,-0.014926624,0.012936617,0.040438645,0.0676858,0.094647706,0.118248366,0.13931316,0.16168213,0.1878038,0.19326292,0.20717356,0.23400971,0.26871428,0.30536294,0.33320057,0.36139044,0.37164584,0.37906688,0.40378368,0.42524454,0.44720483,0.46820453,0.49048832,0.5107864,0.53153956,0.54863405,0.5624882,0.56865376,0.5609293,0.5701636,0.5937438,0.61639684,0.6482047,0.6732683,0.6914582,0.70884115,0.72571266,0.74249023,0.7612205,0.77920014,0.7954764,0.81063,0.824818,0.8367068,0.84936255,0.85967356,0.8672643,0.8742352,0.8777293,0.87322646,0.8686668,0.81682944,0.75133514,0.7956647,0.7518175,0.72692215,0.77698326,0.7975696,0.7925983,0.8273403,0.84087104,0.8702905,0.8885961,0.89332545,0.922316,0.94992137,0.9723951,0.99078095,1.0058722,1.0168765,1.0298895,1.0401214,1.0477484,1.055026,1.062807,1.070279,1.0787252,1.0864929,1.0924946,1.0962667,1.1005563,1.1056188,1.1080546,1.1117152,1.1167687,1.1216508,1.1237607,1.1235931,1.1270063,1.1228662,1.1202918,1.1222289,1.1185101,1.1131082,1.1122025,1.094746,1.074604,0.94552976,0.96594936,-0.25059775,-1.490523,-1.6986252,-1.4201907,-1.4306798,-1.621622,-1.4963013,-1.7463198,-1.5621506,-0.37657312,0.27874342,0.5931298,0.7835408,0.8410426,0.92704767,0.96084005,0.9945924,1.009149,1.0383964,1.0520499,1.0684894,1.0650558,1.0747181,1.0818807,1.0799786,1.0819056,1.0913676,1.0867131,1.0940382,1.0917917,1.0900333,1.0862002,1.0503645,1.0274214,0.99301857,0.9599152,0.935459,0.89927477,0.89462,0.96421474,0.9996174,1.0252335,1.022507,1.011347,0.9995837,0.9864503,0.9731215,0.959613,0.9213543,0.902057,0.8761959,0.85764927,0.86582875,0.87025124,0.8101565,0.78313667,0.77686644,0.8364238,0.88061905,0.96382934,0.6638038,0.4931892,0.3655497,0.7742186,0.05599117,0.9321734,1.2683948
241,FSP_010,0.0192308,0.75641,0.224359,-1.4663001,-1.4341043,-1.3965777,-1.3546394,-1.311599,-1.2704409,-1.2334163,-1.1983676,-1.1622791,-1.1230811,-1.0810385,-1.0381576,-0.9945366,-0.9511014,-0.908049,-0.86516684,-0.8224745,-0.78205544,-0.7436988,-0.7070589,-0.67122,-0.63600695,-0.601352,-0.5636642,-0.5301081,-0.49940646,-0.4693111,-0.43970418,-0.39732626,-0.32708564,-0.24290498,-0.16808698,-0.10342318,-0.046657573,0.0039323336,0.052373424,0.10451324,0.14885186,0.19010045,0.2333511,0.27563146,0.31589293,0.3564482,0.39478618,0.43110645,0.46533588,0.49961716,0.5325043,0.56547284,0.5977818,0.6293024,0.6592173,0.6883404,0.7001692,0.7207188,0.7460409,0.7732482,0.8041336,0.82562155,0.85030395,0.88162845,0.9169302,0.9450672,0.9697698,0.9948315,1.0204549,1.0455282,1.0713522,1.0935423,1.1134592,1.1316214,1.1447449,1.1539108,1.1627703,1.1673087,1.1657656,1.1730393,1.1859541,1.1983032,1.2111206,1.226173,1.2442232,1.2680968,1.2937006,1.3198197,1.344867,1.3695786,1.3910294,1.4072034,1.4198222,1.4322369,1.4397854,1.4357362,1.42214,1.3991516,1.3461844,1.1676855,1.1605203,1.0744694,1.0058852,1.0366914,0.9430897,0.8843693,0.8254476,0.78240746,0.76433253,0.7668929,0.78223264,0.8080671,0.84511095,0.8847019,0.9272501,0.9701014,1.0062054,1.0367435,1.0641654,1.0888408,1.1128894,1.1393669,1.1690965,1.204924,1.2423621,1.2756492,1.3043822,1.3251494,1.3368607,1.3357804,1.3272917,1.3115093,1.2914059,1.2724452,1.2547853,1.2360557,1.2284628,1.2333,1.2303234,1.217273,1.2061089,1.1802562,1.1761832,1.1481224,0.99908847,1.4863926,0.11463903,-0.7651039,-0.78495264,-1.7194947,-0.8958432,-0.28601328,0.17665526,-1.4347444,-1.4146494,-0.10140197,0.817905,0.37487912,0.16310665,0.30838868,0.36562896,0.43070492,0.4993526,0.57528555,0.62625957,0.60081804,0.58278793,0.54775685,0.49709815,0.46812883,0.43072852,0.4152717,0.3978194,0.39581245,0.41555756,0.43626815,0.45571715,0.4788909,0.4976247,0.50519043,0.5222931,0.53418034,0.5499342,0.56390786,0.5756394,0.60119057,0.5866315,0.52086836,0.43189922,0.3448473,0.2965143,0.27493146,0.25584382,0.208811,0.19145322,0.17102355,0.17645754,0.12446274,0.10202179,0.12829737,0.1339541,0.09318018,0.06752559,0.16845743,0.025810365,-0.19144586,0.04168881,-0.30618596,-0.35200846,-0.33604237,-0.18894787,-0.23987304,-1.283154
259,FSP_028,0.820513,0.0,0.179487,-1.564997,-1.5496309,-1.5323553,-1.5144047,-1.4965997,-1.4814483,-1.4720546,-1.4656271,-1.4570274,-1.4425615,-1.4171076,-1.3663826,-1.2627867,-1.1273737,-1.0323975,-0.97896856,-0.9741363,-1.0260459,-1.0835046,-1.1104043,-1.119762,-1.1382293,-1.1622288,-1.1658369,-1.1748174,-1.1942176,-1.2083031,-1.2141918,-1.1960769,-1.1008546,-0.78831524,-0.28021365,0.34210134,0.95707154,1.3997153,1.6484765,1.7817584,1.8180246,1.8320645,1.8514873,1.8688723,1.8839836,1.9004978,1.9093664,1.9183329,1.9290981,1.9415624,1.9523067,1.9619193,1.9715765,1.9834982,1.9928883,1.994523,1.9939666,1.9835863,1.9385946,1.8797269,1.8530214,1.8507247,1.8642102,1.8894712,1.9250548,1.959954,1.9942802,2.023351,2.0493126,2.0651112,2.0734355,2.0727944,2.069181,2.0683699,2.065457,2.0775769,2.047704,1.9345071,1.8021953,1.7129712,1.6783211,1.6641754,1.6542269,1.6542959,1.6662369,1.6835954,1.701116,1.7186826,1.7363563,1.7520938,1.7573735,1.7422534,1.7146045,1.6716832,1.6124374,1.5361034,1.4520082,1.3620832,1.3268175,1.3814684,1.2865086,1.1267897,1.0801535,0.978359,0.49282855,-0.0010353782,-0.18226442,-0.23715979,-0.30089012,-0.323872,-0.2857098,-0.24183407,-0.19127466,-0.13399312,-0.059704974,0.01843756,0.09811786,0.17785904,0.25192434,0.32349607,0.39150873,0.45370293,0.50837654,0.5601092,0.6050266,0.64210784,0.6755141,0.70472556,0.7287854,0.7421058,0.7473883,0.74049824,0.72615695,0.71124446,0.6923104,0.66626376,0.6355144,0.5988833,0.5539724,0.5099279,0.467846,0.39449263,0.36964637,0.3907592,0.42839018,2.013285,1.0234483,-1.0294257,-0.47959873,-1.2969351,-1.5821695,-1.234891,-1.131219,-0.8669595,-0.6990333,-0.9628829,-1.5238166,-1.1104342,-1.0093203,-0.94523287,-0.88290584,-0.85435534,-0.82685775,-0.80790347,-0.75603276,-0.7018062,-0.68553334,-0.66610163,-0.6321882,-0.58370495,-0.549817,-0.5166609,-0.49246407,-0.4523138,-0.41676554,-0.3873963,-0.3578726,-0.33276516,-0.31438357,-0.30533674,-0.3047674,-0.2946725,-0.28967392,-0.29489475,-0.2830967,-0.2607281,-0.24879237,-0.25696287,-0.2889856,-0.32548293,-0.35542873,-0.38384038,-0.4262465,-0.46143612,-0.4876992,-0.52651167,-0.55515057,-0.57355356,-0.6255076,-0.64996517,-0.6507647,-0.7747594,-0.84080267,-0.8697374,-0.9231073,-1.0518941,-0.9807308,-1.1962867,-1.3156772,-1.2592423,-1.0912725,-1.1038524,-0.91260046
261,FSP_030,0.961538,0.0384615,0.0,-1.6784824,-1.6649734,-1.648619,-1.6351835,-1.6257427,-1.6167233,-1.6097316,-1.6061207,-1.6025845,-1.5963122,-1.578429,-1.5332029,-1.4460566,-1.3452489,-1.2819632,-1.2509254,-1.2530897,-1.2970694,-1.3458003,-1.371603,-1.3822869,-1.4004738,-1.4232401,-1.4315728,-1.4511648,-1.4850863,-1.513393,-1.5366291,-1.5273201,-1.4189938,-1.1188923,-0.6953558,-0.17370501,0.4011957,0.8768087,1.1807885,1.3636991,1.4338242,1.4746563,1.5214812,1.5651942,1.6053529,1.6485227,1.678061,1.705323,1.7352601,1.7668691,1.7967913,1.8255324,1.8530715,1.8853877,1.9082326,1.9181492,1.9072886,1.8933082,1.805553,1.694666,1.6413952,1.6377562,1.6629493,1.694868,1.7434607,1.815192,1.8848013,1.946082,1.9986185,2.0357966,2.0588553,2.066648,2.0598657,2.0455937,2.0234556,2.0013678,1.8729217,1.6236482,1.3544838,1.2006205,1.1489307,1.1272284,1.1097035,1.1077172,1.1264248,1.1596032,1.1984974,1.2374989,1.2728132,1.3008121,1.3120354,1.290131,1.2444224,1.1702989,1.057819,0.909263,0.738143,0.5818851,0.5386093,0.7001804,0.64478,0.5683567,0.52490425,0.19828345,-0.44253066,-0.9023447,-1.078278,-1.1370529,-1.1994855,-1.2126919,-1.1896734,-1.1580033,-1.1204262,-1.0745687,-1.0157655,-0.95219845,-0.88779,-0.82200253,-0.75724953,-0.69482017,-0.63395816,-0.5758806,-0.52416986,-0.47170404,-0.42461675,-0.3841143,-0.34744078,-0.31705615,-0.29462036,-0.2789538,-0.27382398,-0.2791237,-0.2950343,-0.31539547,-0.3396281,-0.36990568,-0.40204424,-0.43898153,-0.4857334,-0.53505516,-0.57783425,-0.64059126,-0.6640976,-0.6919709,-0.816249,-0.038035657,-0.075527444,-1.3565415,-0.9218617,-1.2684745,-0.91616833,-0.67539036,0.21616709,-1.5078273,-1.49729,0.17589474,-1.2987363,-1.5635077,-1.6268799,-1.6376278,-1.5768125,-1.5680735,-1.5545715,-1.537692,-1.5023042,-1.4770833,-1.4594406,-1.4383931,-1.4318882,-1.413527,-1.3804232,-1.3638843,-1.3528625,-1.3299798,-1.3055469,-1.2811115,-1.2583096,-1.2450378,-1.2222146,-1.2092055,-1.1898931,-1.1723716,-1.1649256,-1.1525362,-1.1557022,-1.1564305,-1.1644468,-1.1786131,-1.2055606,-1.2307205,-1.2572111,-1.2858672,-1.2961328,-1.3068646,-1.3548174,-1.333191,-1.377424,-1.4153652,-1.4322866,-1.4624104,-1.501127,-1.5155993,-1.5602275,-1.5349048,-1.5148611,-1.5281471,-1.5896384,-1.63549,-1.7356206,-1.6849498,-1.6279116,-1.4797843,-0.57673436
284,FSP_054,0.294872,0.0576923,0.647436,-1.3785048,-1.3486589,-1.3132787,-1.2704428,-1.2261535,-1.1916978,-1.1722457,-1.1580268,-1.1372778,-1.1029159,-1.0524876,-0.9846909,-0.89231294,-0.78580743,-0.6904626,-0.60831094,-0.545777,-0.5138722,-0.49863204,-0.48052624,-0.46127862,-0.4565618,-0.45660374,-0.4450469,-0.4407829,-0.45135313,-0.46696723,-0.48621672,-0.4614838,-0.33137628,-0.108054094,0.11924939,0.3382253,0.52443117,0.6440363,0.715698,0.7801852,0.8060727,0.8172254,0.84007454,0.8620411,0.87917674,0.9039344,0.91978014,0.93262374,0.9448952,0.96087134,0.97599393,0.99106395,1.0049574,1.0280524,1.045992,1.0618609,1.0613663,1.104178,1.1082222,1.1140848,1.1167446,1.126986,1.1424068,1.1246452,1.1039178,1.1246172,1.1448106,1.1644571,1.184154,1.2018412,1.2210423,1.237936,1.2538568,1.2685581,1.2832056,1.3124528,1.3193115,1.296852,1.2822747,1.2678785,1.2663888,1.2741112,1.2840166,1.2941259,1.3083202,1.3237295,1.336446,1.3496007,1.365826,1.3858548,1.3983328,1.3929197,1.3892765,1.3885952,1.3847694,1.3709098,1.3525231,1.3204458,1.2903123,1.1970232,1.0722184,1.1021465,1.3126525,1.1700629,0.9066844,0.75932014,0.69315153,0.6777529,0.65998626,0.65175533,0.68135315,0.7140727,0.74460655,0.77677387,0.8199391,0.86591434,0.9072224,0.94729435,0.98506576,1.0205986,1.0536234,1.0848099,1.1097592,1.1357214,1.1568928,1.1712737,1.1900452,1.2038211,1.2147313,1.2200842,1.2246518,1.2231063,1.2207057,1.2164803,1.2105235,1.2006184,1.1877098,1.1703281,1.1543802,1.1361871,1.1089996,0.9942559,0.9785202,1.0090553,0.8573597,0.6839533,-0.3621962,-0.86623114,-0.23176928,-1.3561633,-0.94829714,-0.075456515,0.5519005,-0.49847883,-1.1897373,-0.51901436,-0.3290287,-0.15763351,0.025631452,0.10844149,0.13688459,0.15893628,0.20578888,0.2856896,0.39130354,0.41892123,0.4108752,0.41746518,0.4530179,0.50709295,0.5293662,0.5436584,0.5617562,0.58809084,0.6100483,0.6362406,0.65758663,0.6620986,0.6578905,0.65166444,0.638133,0.6261607,0.620371,0.59948254,0.6058799,0.6649014,0.6810993,0.6658727,0.6430825,0.61437774,0.5862477,0.5716921,0.5369838,0.4932427,0.44940624,0.4195275,0.3945992,0.3603539,0.2949685,0.2752645,0.23456293,0.14072262,0.06567464,0.17621551,0.14276615,0.010736731,-0.11879212,0.10021993,-0.09527127,-0.49796417,-1.0706873,-1.3307978,-1.0760702
308,FSP_082,0.0833333,0.0512821,0.865385,-1.391542,-1.3610892,-1.3259908,-1.2801135,-1.2279648,-1.1861178,-1.162673,-1.146342,-1.1228337,-1.0851277,-1.033729,-0.97456837,-0.91024,-0.8402177,-0.7682772,-0.69413805,-0.6209853,-0.5542253,-0.4989991,-0.45140058,-0.41642174,-0.38922203,-0.36652794,-0.34091005,-0.3177793,-0.29518455,-0.27551073,-0.2542864,-0.22451054,-0.17455657,-0.107716136,-0.0354915,0.048725527,0.11360202,0.15312004,0.1863822,0.22778553,0.24385399,0.2587167,0.27960563,0.2964379,0.31497627,0.33609682,0.34046412,0.340502,0.3443233,0.35181284,0.35992527,0.36939746,0.38223168,0.4098611,0.42470628,0.43346304,0.45528802,0.49734822,0.49892724,0.49523818,0.47772816,0.4771214,0.4732723,0.45738122,0.44645154,0.45825347,0.47062072,0.4824327,0.4950795,0.5098756,0.52787435,0.54597825,0.566263,0.5940037,0.626458,0.672128,0.68320304,0.6775776,0.6691964,0.6470038,0.6404662,0.6472357,0.65410984,0.661264,0.666856,0.6728081,0.67590255,0.6818376,0.6884601,0.69894594,0.7072364,0.7091499,0.71716833,0.7283462,0.7410262,0.75258225,0.76016134,0.7677289,0.7793469,0.768112,0.73246366,0.6911598,0.7025854,0.743818,0.7922157,0.690748,0.687905,0.6842363,0.6721406,0.6634661,0.6710711,0.6678058,0.6533231,0.6451941,0.6469566,0.6507422,0.65595037,0.6629961,0.669135,0.6779619,0.6862117,0.6922122,0.69733375,0.7055223,0.7113688,0.7150791,0.71769047,0.7218175,0.7260904,0.72713673,0.7283712,0.7302118,0.73140866,0.7324239,0.73369604,0.7320874,0.7312121,0.73045343,0.7273866,0.7303936,0.7360302,0.75408155,0.7878188,0.80200696,1.05466,0.730342,-1.1210804,-1.7335057,-1.7524533,-1.7524561,-1.7524561,-1.7524561,-1.7524561,-1.7524561,-1.7515398,-1.1084913,2.2609866,0.745695,0.5686341,0.58185565,0.53062946,0.53423876,0.55318457,0.593852,0.60329384,0.598956,0.59706,0.5902618,0.5917843,0.590414,0.5904591,0.58915704,0.5901805,0.59194297,0.59728444,0.6072133,0.60586214,0.60019326,0.5829985,0.561889,0.5385602,0.51524204,0.4949257,0.45425007,0.45342854,0.50987303,0.5360576,0.5442747,0.5327509,0.5347677,0.5199421,0.51126087,0.5067517,0.4997581,0.48995754,0.46600127,0.4733854,0.4458404,0.43232882,0.44242385,0.45318758,0.43327,0.48453102,0.34474468,0.35964364,0.35928228,0.24972339,0.4850889,0.42492878,0.32551587,0.36864743,0.13878368,-1.6369998
319,FSP_093,0.00641026,0.00641026,0.987179,-1.3789707,-1.3477753,-1.3116187,-1.2641524,-1.209514,-1.1662238,-1.1416801,-1.1235666,-1.0975041,-1.0562904,-1.0007839,-0.9374625,-0.8700282,-0.7967044,-0.7190822,-0.63663286,-0.5540195,-0.4762625,-0.4111156,-0.35405025,-0.31327412,-0.28167242,-0.2512996,-0.2217246,-0.19319397,-0.16458644,-0.1388975,-0.111881256,-0.077040896,-0.0250156,0.03407855,0.09281744,0.16676728,0.22484721,0.26212105,0.2993561,0.34451893,0.365072,0.38353935,0.4088264,0.42898777,0.45358843,0.47749373,0.4828389,0.48368824,0.48968384,0.499325,0.5101072,0.52287954,0.5426218,0.5754134,0.59592605,0.6076099,0.6527508,0.69123036,0.69694877,0.6901532,0.67270786,0.67345273,0.671298,0.6822906,0.7003417,0.71530443,0.7315578,0.74575603,0.7602436,0.77496415,0.7885905,0.8035792,0.82585967,0.8582142,0.8994802,0.97598696,1.0188285,1.0113295,1.0017124,0.9680391,0.946922,0.94636977,0.9514342,0.956121,0.9604212,0.96290845,0.96416,0.9674789,0.97305447,0.98235977,0.9926341,0.99281055,0.997089,1.0037681,1.0154896,1.0323418,1.0587188,1.0790778,1.0973608,1.1060514,0.976137,0.8295036,1.026713,1.0398844,1.102433,1.0597988,1.0547192,1.047628,1.0227493,1.0001535,1.0122273,1.0046015,0.97675025,0.96044904,0.9600059,0.96255344,0.9663378,0.97187257,0.9795156,0.9882811,0.99777055,1.0043285,1.0098927,1.0181329,1.0247313,1.0285131,1.0327026,1.0381973,1.0432038,1.0468328,1.0478396,1.04895,1.0525572,1.0566845,1.0610712,1.0621599,1.0630926,1.0641923,1.0637298,1.0690957,1.0786179,1.0793391,1.1143383,1.1614466,1.4571012,2.026809,-0.33437082,-1.7290045,-1.7524254,-1.7161925,-1.5610558,-1.7485099,-1.7524557,-1.7524561,-1.7522442,-1.5037667,0.8466818,1.0590703,0.9304518,0.85073864,0.8021383,0.81112576,0.82635117,0.87414736,0.9038237,0.90670633,0.88706386,0.8830703,0.88393855,0.8920049,0.8985823,0.89659613,0.8931249,0.89009404,0.8942255,0.90307456,0.9044112,0.8930038,0.8666442,0.8533068,0.8295751,0.80200505,0.77471805,0.7411232,0.74838793,0.7823588,0.8136013,0.8220816,0.8187943,0.82512206,0.8174911,0.81189096,0.79475766,0.78994375,0.77350855,0.756839,0.7504091,0.7220524,0.71979046,0.6927115,0.73239917,0.7052103,0.6354763,0.6737009,0.6433767,0.6693589,0.5961025,0.6472586,0.6343816,0.6914606,0.6107562,1.0954297,-1.0427985
337,FSP_111,0.314103,0.141026,0.544872,-1.4592992,-1.4377327,-1.4132571,-1.382666,-1.3500228,-1.3222567,-1.3056023,-1.2939427,-1.2781446,-1.2532631,-1.2144535,-1.1582456,-1.0763885,-0.9792768,-0.89562607,-0.8252753,-0.77679807,-0.76003325,-0.7580895,-0.7496479,-0.7395419,-0.7416587,-0.7490664,-0.7424356,-0.7456437,-0.76195824,-0.78178376,-0.80331904,-0.7823257,-0.64769506,-0.36876056,-0.04067365,0.29717177,0.5943543,0.7970759,0.92101043,1.0161176,1.0524998,1.075149,1.1081724,1.1378112,1.1656761,1.1971068,1.2167734,1.2329991,1.2498176,1.2698871,1.289941,1.3110163,1.3328023,1.3621414,1.3839645,1.4019006,1.406026,1.4348149,1.4306619,1.4229826,1.419266,1.4312198,1.448972,1.4550287,1.4603513,1.4886744,1.5168601,1.542381,1.5666447,1.5895345,1.6074731,1.6203822,1.632861,1.6490339,1.6639216,1.6863667,1.6795542,1.630545,1.5694592,1.5281793,1.5146708,1.5148977,1.5185461,1.5277649,1.5422581,1.5586424,1.57418,1.5912509,1.6078471,1.6266537,1.6386479,1.6306297,1.6215566,1.6060028,1.5817355,1.5452257,1.4999732,1.4468145,1.4189239,1.4502107,1.369526,1.2695538,1.2093111,0.978786,0.830381,0.57726747,0.47149554,0.44093904,0.41107878,0.3936087,0.4217497,0.4564197,0.49037215,0.5265863,0.57498145,0.6258732,0.6788175,0.72913784,0.77860135,0.8263033,0.87130743,0.9118769,0.9463468,0.9835948,1.0166013,1.0404949,1.0607169,1.0820515,1.0993769,1.109173,1.1091928,1.104673,1.0927732,1.0797211,1.0653863,1.048003,1.0285926,1.0069599,0.9837876,0.95807165,0.9353263,0.902659,0.92172,0.94007474,0.9579122,0.67608815,-0.29407778,-1.6915498,-1.7516403,-1.2231411,0.08963161,-1.7168921,-1.7524525,-1.7524561,-1.7510735,-1.2700329,-0.017122304,-0.25473517,-0.1725217,-0.104355715,-0.06392911,-0.03550412,0.0036322374,0.06120616,0.122925326,0.16008045,0.15649799,0.17109133,0.19401409,0.22599173,0.24276462,0.26116887,0.27991578,0.2996527,0.33155262,0.35249928,0.36635372,0.38239017,0.38843182,0.38232705,0.37611338,0.37148598,0.36513323,0.36638388,0.37236756,0.401432,0.42390975,0.41056928,0.38661185,0.34830168,0.31659362,0.29007018,0.25112244,0.2330566,0.20129095,0.17802696,0.13286777,0.101893365,0.113554575,0.06603013,0.05189126,-0.0063807806,-0.051259633,-0.06250353,-0.067321084,-0.19282807,-0.16381657,-0.21056974,-0.19850396,-0.19427854,-0.4089683,-0.08900501,-1.561891
357,COP_20160112_2-0-W,0.0871265,0.912874,0.0,-1.2327684,-1.2003866,-1.164369,-1.1272742,-1.0977991,-1.0724016,-1.0475627,-1.0219623,-0.9974861,-0.97021914,-0.9431108,-0.91051525,-0.8723742,-0.8347269,-0.8011824,-0.7693917,-0.74451494,-0.7202004,-0.6989237,-0.67762965,-0.65061915,-0.6242123,-0.59011006,-0.55535746,-0.5251701,-0.49962464,-0.47306228,-0.44857243,-0.41717207,-0.35955143,-0.2670543,-0.16932686,-0.08341642,-0.0085890815,0.050647285,0.09544995,0.14157335,0.17058206,0.20214239,0.23530686,0.26825643,0.30025056,0.33102885,0.36227366,0.3933086,0.42442277,0.45352975,0.4827141,0.51084787,0.53674,0.562402,0.587496,0.6118568,0.63721937,0.64720064,0.66919553,0.6907863,0.71790177,0.74379885,0.771683,0.84147704,0.92033994,0.95891935,0.9930494,1.023353,1.0531698,1.0857223,1.1209106,1.1590203,1.1998327,1.2400273,1.2853434,1.3318485,1.3541201,1.3617204,1.3609127,1.3662988,1.3881928,1.4158694,1.4433513,1.4774823,1.5173055,1.5637022,1.614862,1.667768,1.719962,1.7682061,1.8071527,1.8408388,1.8807695,1.9204568,1.9526888,1.9692804,1.969902,1.9801621,2.2655258,0.76635253,0.28545398,-0.009431874,-0.8039045,2.0809543,1.5922056,0.9678839,0.8399004,0.7818458,0.76558876,0.76818657,0.78845775,0.8334221,0.8934269,0.95916474,1.0318457,1.1040266,1.1708916,1.2311803,1.2881361,1.3435333,1.3976997,1.4512442,1.5062747,1.5741172,1.6463758,1.7082167,1.7643253,1.8143348,1.8477038,1.8640114,1.8701433,1.8632336,1.8422967,1.819437,1.7942239,1.7596617,1.7425582,1.7392708,1.717951,1.6861339,1.6685834,1.6826487,1.7363368,1.7591888,1.6318817,1.6347008,1.7273688,1.7519077,1.6944711,1.5990995,1.5447047,1.0004665,0.76199156,0.5699738,0.16636412,-0.036969077,-0.061152052,-0.023999738,0.05908153,0.14755191,0.23341046,0.3235482,0.41610843,0.5107312,0.56434304,0.5721967,0.579105,0.56794745,0.53711164,0.48936692,0.45410588,0.4386785,0.43991232,0.4501186,0.47337,0.5096608,0.5532998,0.5960202,0.6356848,0.66561073,0.6868297,0.70625156,0.72523516,0.7430771,0.7523168,0.7437967,0.7063735,0.6302608,0.5334638,0.4431769,0.37430954,0.34442028,0.3352648,0.29393917,0.23334642,0.199058,0.17517488,0.16083723,0.13875797,0.1415826,0.13679881,0.12668027,0.10856279,0.0823842,0.043777797,0.00238955,-0.08195333,-0.12364051,-0.18567696,-0.30675378,-0.3367919,-0.15335587,-0.09612855
359,COP_20160112_2-20-E,0.165146,0.834854,0.0,-1.3808677,-1.3653498,-1.3485013,-1.3305551,-1.3139572,-1.2987226,-1.284929,-1.272138,-1.2602608,-1.2476919,-1.232354,-1.2094619,-1.1752125,-1.135799,-1.1011536,-1.0737468,-1.0577002,-1.0489185,-1.0470618,-1.0388414,-1.0266187,-1.018478,-1.011658,-0.9980878,-0.9860751,-0.9832077,-0.9857295,-0.9895272,-0.9738089,-0.9059241,-0.76346457,-0.60976166,-0.47643813,-0.3690622,-0.294654,-0.24501546,-0.20823523,-0.17725861,-0.1499467,-0.122041754,-0.094980404,-0.06858913,-0.043277286,-0.019082393,0.0047727893,0.029017583,0.05295819,0.07644398,0.09885547,0.12001447,0.14007579,0.16096215,0.1796388,0.18782344,0.19534478,0.19358242,0.19132468,0.20202799,0.21959248,0.24290672,0.2657,0.29314804,0.32794538,0.3624048,0.3976663,0.43111485,0.46269646,0.490708,0.51395375,0.53340673,0.55062693,0.5688613,0.5915933,0.58870596,0.5517301,0.5076396,0.48582256,0.48850358,0.5005179,0.5146266,0.5349497,0.5637361,0.5990633,0.6386869,0.67951655,0.7186244,0.75525016,0.7903025,0.8150731,0.8321872,0.8404978,0.83612114,0.81600374,0.78278536,0.75145453,0.8031947,0.15735492,0.064406715,0.0054891403,0.26536626,-0.18021715,-0.37367335,-0.29949632,-0.3196682,-0.33518592,-0.3191295,-0.30549872,-0.29235247,-0.25212556,-0.19925432,-0.14641684,-0.0900786,-0.033689287,0.020349855,0.07025508,0.11803626,0.1635187,0.20737246,0.25208887,0.29819897,0.34810254,0.40137404,0.44820374,0.48891702,0.52200913,0.5440629,0.5556363,0.561623,0.5567586,0.54061323,0.5195434,0.49403313,0.46467257,0.44285414,0.43216848,0.41180986,0.3824049,0.3613472,0.35622546,0.36641705,0.41234905,0.44965374,0.4801289,0.59628594,0.80990434,0.73767257,0.625184,0.4425115,0.062411916,-0.17115922,-0.27695057,-0.5434395,-0.7135616,-0.75857073,-0.75505537,-0.72465754,-0.6769792,-0.6316749,-0.58233,-0.5308295,-0.47507906,-0.42637923,-0.4090694,-0.40245265,-0.40312964,-0.41242886,-0.42621493,-0.4365063,-0.43776736,-0.43133715,-0.41959378,-0.40166864,-0.37855038,-0.35075036,-0.32092842,-0.29554555,-0.2765246,-0.25988308,-0.24427713,-0.22740398,-0.21346085,-0.20753664,-0.20883448,-0.23238303,-0.27962235,-0.34022585,-0.39996028,-0.44463894,-0.47166383,-0.4872346,-0.5197235,-0.56075436,-0.5785582,-0.5924611,-0.60538733,-0.61338055,-0.6180123,-0.62515664,-0.6356898,-0.6478722,-0.6625381,-0.6923771,-0.7203612,-0.74507636,-0.770603,-0.811873,-0.87383455,-0.84120065,-0.77061373,-0.686351
366,COP_20160112_5-30-E,0.109376,0.890624,0.0,-1.4127178,-1.401357,-1.38965,-1.3771458,-1.3658364,-1.3548942,-1.3433455,-1.3312843,-1.3191643,-1.3064259,-1.2938306,-1.2801716,-1.2655683,-1.2516156,-1.2382425,-1.2250625,-1.2129111,-1.2000697,-1.1881976,-1.1760474,-1.1620308,-1.1476825,-1.1315236,-1.1146058,-1.0983987,-1.0831083,-1.0673288,-1.0518671,-1.0331504,-1.0055566,-0.9688595,-0.93239826,-0.8991608,-0.8680605,-0.83986104,-0.8141147,-0.78793114,-0.76510656,-0.74231344,-0.71902746,-0.69566333,-0.6725577,-0.65016323,-0.6271609,-0.6041844,-0.58107316,-0.558917,-0.53667,-0.5145737,-0.49332917,-0.47278053,-0.4514113,-0.43053406,-0.41319302,-0.3961171,-0.37510896,-0.35463887,-0.3311949,-0.30976424,-0.28940934,-0.25230178,-0.20934996,-0.18313117,-0.1568765,-0.13090523,-0.1048595,-0.07835171,-0.05074358,-0.023043592,0.005284869,0.034046177,0.06392759,0.10141108,0.12994054,0.14512262,0.15988447,0.17431152,0.19451588,0.2193562,0.24631482,0.27576235,0.30847842,0.34456706,0.3841045,0.4234657,0.46259457,0.5016746,0.54074293,0.5727186,0.6054716,0.63800704,0.66835856,0.69241744,0.7104702,0.73805165,1.0356383,-0.14777698,-0.73633474,-1.1270041,-1.3669436,2.8825476,1.0643463,0.39247072,0.2644393,0.21352956,0.18790185,0.18660717,0.21182458,0.24743061,0.28937417,0.33904943,0.39589682,0.45290223,0.5070221,0.5567137,0.60422146,0.6508104,0.6977591,0.74262345,0.78800553,0.84279335,0.9005979,0.9503486,0.99647343,1.0380671,1.0672437,1.0850246,1.098765,1.1020067,1.0937185,1.0815214,1.066293,1.0519935,1.0533743,1.0689325,1.0717113,1.0713357,1.0906694,1.1445905,1.2570916,1.2324723,0.94497114,0.9464593,0.99188244,1.1049548,1.2006135,1.0041883,0.8643809,0.55982804,0.3071717,0.12779756,-0.15452692,-0.3462051,-0.38418618,-0.35914406,-0.30403775,-0.22395895,-0.15061304,-0.081644826,-0.01691254,0.041954786,0.12040712,0.15216693,0.15123475,0.13657245,0.111088365,0.084820025,0.067238696,0.059662674,0.06232322,0.07303225,0.09266447,0.122028664,0.15835185,0.19412498,0.22485188,0.25001252,0.27263492,0.29097235,0.3135485,0.33033845,0.34450957,0.3462613,0.3229945,0.2665283,0.18453676,0.103571236,0.03955168,0.0073279296,-0.008536143,-0.047967926,-0.09686828,-0.11963993,-0.13828434,-0.15348348,-0.1676033,-0.16017814,-0.16658218,-0.1769986,-0.18814246,-0.20946845,-0.24459359,-0.28757605,-0.33588007,-0.3866893,-0.4443435,-0.47918984,-0.5410732,-0.505538,-0.45562914
368,COP_20160112_5-50-W,0.140791,0.859209,0.0,-1.3794767,-1.3643895,-1.3489993,-1.3344232,-1.321193,-1.3080146,-1.2946467,-1.2812668,-1.2678239,-1.2540183,-1.2392691,-1.2217997,-1.2008451,-1.1795752,-1.1607853,-1.1438986,-1.1288155,-1.1164626,-1.1053599,-1.0915087,-1.0750422,-1.0576385,-1.0399663,-1.0200139,-1.001399,-0.9851719,-0.968284,-0.95213634,-0.9305219,-0.8920482,-0.8322137,-0.77208275,-0.7198685,-0.6734783,-0.6343669,-0.6019007,-0.572656,-0.54542106,-0.5197591,-0.49347594,-0.46754628,-0.4419556,-0.41644055,-0.39070332,-0.36517015,-0.3398609,-0.31506932,-0.29048142,-0.26549035,-0.24192382,-0.21937805,-0.19559345,-0.17196847,-0.15679224,-0.13736254,-0.11539067,-0.09147216,-0.06612993,-0.040821593,-0.017618958,0.0124036195,0.047747876,0.076524615,0.10628203,0.13717242,0.16843908,0.19928879,0.22894244,0.25783837,0.28611636,0.31376657,0.34223947,0.3788395,0.40865862,0.42339885,0.4369569,0.452044,0.4726852,0.49807298,0.52627105,0.5557863,0.5875888,0.62306255,0.662832,0.7022136,0.741345,0.7830934,0.8257924,0.8565141,0.8852544,0.9119571,0.93312067,0.94809717,0.9559156,0.9718721,1.1957538,0.06122509,-0.39568856,-0.7375923,-1.1684477,2.4342697,0.9410683,0.4212671,0.3102159,0.26418084,0.24552321,0.24514505,0.26558617,0.304034,0.35132182,0.40414244,0.4637849,0.5238013,0.5802481,0.6319282,0.6809453,0.72854066,0.7763415,0.8221293,0.8676593,0.9230777,0.98005486,1.0295887,1.0758673,1.1160063,1.1437285,1.1636062,1.1781479,1.1804099,1.1716512,1.1613344,1.1467367,1.1299874,1.1251839,1.1322839,1.1270206,1.1157863,1.1223158,1.1595695,1.248796,1.2186408,0.9735682,0.9816467,1.0629592,1.2195104,1.1862199,1.1202158,1.0444971,0.6176718,0.3196778,0.1763367,-0.09905963,-0.30957597,-0.35086337,-0.33499613,-0.2852489,-0.20913108,-0.13838764,-0.07065287,-0.0073414855,0.0503542,0.12569538,0.15890566,0.16305219,0.15079114,0.12895775,0.10777118,0.09204885,0.08699443,0.091626175,0.10190038,0.12219238,0.15484934,0.19140507,0.22955479,0.2624721,0.2876007,0.30767256,0.32386816,0.34260616,0.35792717,0.36837095,0.36761487,0.34447148,0.28856012,0.21073522,0.13629818,0.07876178,0.05152549,0.04008269,0.0041348515,-0.048373897,-0.072436154,-0.08411162,-0.10103129,-0.10937157,-0.10818685,-0.10843249,-0.12982415,-0.14338726,-0.15497987,-0.19697648,-0.2417477,-0.2770395,-0.32961112,-0.39065635,-0.43126923,-0.4445991,-0.37165833,-0.11826274
381,COP_20160209_2-0-W,0.385742,0.614258,0.0,-1.4619046,-1.4424185,-1.4202645,-1.3995653,-1.3848244,-1.3725015,-1.3615419,-1.3515333,-1.3414192,-1.3284969,-1.3086523,-1.2721757,-1.2128065,-1.149557,-1.104031,-1.0738498,-1.0647504,-1.0742527,-1.0898747,-1.0928035,-1.0890127,-1.0860542,-1.0830853,-1.0712814,-1.0696751,-1.0799015,-1.0848905,-1.0914197,-1.0729637,-0.9726393,-0.74593395,-0.48832852,-0.256458,-0.06421588,0.067504205,0.14672256,0.20876122,0.23207451,0.2593975,0.28926057,0.31830212,0.34722984,0.37575018,0.40184265,0.42782223,0.45611843,0.48141882,0.50734746,0.5327979,0.5575766,0.5833157,0.6062034,0.6260684,0.6561916,0.66363347,0.66979384,0.6707404,0.6816411,0.7050577,0.72897166,0.79132336,0.86618614,0.90556276,0.94143385,0.9722042,1.0004798,1.02975,1.0603303,1.0909464,1.1218815,1.1519614,1.1856183,1.2275231,1.2304413,1.1885545,1.1387275,1.1091254,1.1099616,1.1224787,1.1382751,1.1625957,1.1964332,1.236801,1.2826054,1.3288434,1.3728728,1.4109871,1.4428768,1.4655039,1.4871686,1.5018115,1.5007192,1.4788351,1.4378644,1.3997579,1.3710392,0.37713334,0.44605306,0.404099,0.6266396,1.2767146,-0.4890118,-0.22302023,-0.2017155,-0.2049524,-0.16917226,-0.14330965,-0.12122782,-0.056417942,0.025999444,0.107003175,0.19243205,0.27699474,0.35801342,0.43395153,0.5052465,0.572451,0.6364308,0.7000437,0.7632794,0.83294886,0.9043224,0.9684373,1.0235744,1.069511,1.1021652,1.1201204,1.1259819,1.1170428,1.093128,1.0652779,1.0347714,0.9958232,0.96566963,0.94923425,0.9185015,0.8758619,0.8474089,0.84039474,0.85676044,0.88124377,0.8652915,0.8911673,0.9618464,1.1040639,1.0533208,0.90328187,0.62306696,0.16286276,-0.09996272,-0.27525434,-0.52183574,-0.65342975,-0.6748015,-0.6587479,-0.62208253,-0.5611573,-0.50331146,-0.44947517,-0.396384,-0.34525478,-0.27264184,-0.24122499,-0.24320635,-0.2546828,-0.26860455,-0.28145644,-0.2870323,-0.28321028,-0.27114835,-0.25240287,-0.22456148,-0.18790208,-0.1472157,-0.10873901,-0.074114025,-0.046580214,-0.022638906,-0.002005899,0.018027617,0.03404945,0.04503334,0.042679783,0.018090954,-0.03687173,-0.11058738,-0.18609427,-0.24637185,-0.2745747,-0.28724614,-0.32407966,-0.3680212,-0.39064103,-0.4083543,-0.42600447,-0.43982607,-0.44872132,-0.4567449,-0.46459055,-0.48173913,-0.49759153,-0.50974447,-0.55040175,-0.58484143,-0.6161756,-0.67293715,-0.7273055,-0.6963597,-0.56845605,-0.27113795
388,COP_20160209_5-10-E,0.377698,0.622302,0.0,-1.3028072,-1.2627358,-1.2288588,-1.1980449,-1.1808759,-1.169458,-1.1598879,-1.1499013,-1.1401048,-1.1234984,-1.1004928,-1.0575533,-0.99086916,-0.9230429,-0.8770923,-0.8459259,-0.839659,-0.85137147,-0.8666982,-0.8706631,-0.8663255,-0.86578447,-0.85936296,-0.8460213,-0.8442219,-0.8553882,-0.86197525,-0.86962914,-0.8501614,-0.7447501,-0.5050953,-0.23145528,0.012999956,0.21135317,0.34369436,0.42117593,0.48352906,0.5027259,0.5279641,0.555712,0.5827192,0.6093455,0.6362448,0.65986496,0.6830476,0.7087808,0.73165125,0.7553584,0.7779357,0.79906094,0.8226666,0.8416028,0.85619485,0.89029014,0.88548344,0.88985187,0.88915473,0.8988368,0.9215756,0.9441536,1.0493761,1.1782516,1.2201195,1.255295,1.281613,1.3040982,1.328633,1.3577374,1.3928996,1.4340186,1.4769045,1.5277026,1.582069,1.5798113,1.5387871,1.4864525,1.4461985,1.442735,1.4560764,1.4739611,1.5047421,1.548145,1.6003093,1.6547906,1.7079271,1.7592875,1.8014014,1.8271264,1.8478541,1.8746458,1.904437,1.9261473,1.9270371,1.9059447,1.887511,2.1368365,0.84574455,0.447565,0.27129757,-0.022005524,0.07948841,0.27617416,0.26392326,0.23686343,0.23097603,0.2617719,0.28796718,0.32572833,0.39707384,0.4834779,0.5694292,0.6624728,0.7542779,0.84190524,0.92430335,1.0021453,1.0756369,1.1460421,1.2168267,1.2818853,1.3540087,1.4294152,1.4939095,1.5479422,1.5958723,1.6284294,1.6417538,1.6409682,1.6210182,1.5796739,1.5320807,1.4865364,1.4421191,1.4118577,1.3920659,1.3539336,1.3052133,1.2703391,1.2623118,1.273584,1.3452785,1.383046,1.4297953,1.5812943,1.6507291,1.5989122,1.399261,1.1954429,0.6046059,0.3630723,0.28766942,-0.039681043,-0.28959116,-0.32154593,-0.31584737,-0.2606146,-0.21602406,-0.16202103,-0.0937667,-0.014990078,0.07282775,0.09535985,0.08443205,0.08885811,0.0884241,0.07415306,0.045892846,0.03210081,0.03249346,0.04716358,0.06982831,0.100648575,0.13989069,0.18367398,0.22422177,0.25870803,0.28641036,0.30855462,0.32933578,0.3473703,0.3582385,0.3618593,0.35370645,0.32003164,0.25436857,0.16696607,0.07565284,-0.00055940804,-0.040858522,-0.060546365,-0.10129866,-0.15847597,-0.19631693,-0.22171502,-0.24376798,-0.26166588,-0.27486917,-0.2776889,-0.30927506,-0.34069914,-0.36082098,-0.38008416,-0.41766196,-0.4842119,-0.53282946,-0.5774785,-0.6145921,-0.6216628,-0.48461518,-0.10133711
432,QUE_T1.02.F,0.0,0.7424,0.258,-1.3487815,-1.3248279,-1.2978047,-1.2674632,-1.2368473,-1.2099792,-1.1862584,-1.1634107,-1.1393094,-1.1123766,-1.0835999,-1.0546762,-1.0255787,-0.9963501,-0.9670567,-0.93711853,-0.9066729,-0.876818,-0.8487638,-0.8199336,-0.7922906,-0.7634959,-0.7328728,-0.700901,-0.6679853,-0.6334989,-0.5990067,-0.56442237,-0.52667093,-0.4833948,-0.43829122,-0.39480442,-0.34552276,-0.3033262,-0.26777333,-0.22927374,-0.18585692,-0.1492404,-0.11383808,-0.07563192,-0.03851665,0.00085260934,0.042549018,0.07329414,0.101088546,0.13082296,0.16147119,0.19206603,0.22405326,0.2599643,0.30146658,0.33533585,0.36303163,0.4102874,0.45468315,0.47817013,0.48800108,0.49336985,0.50512266,0.52030694,0.53436965,0.54932255,0.5756515,0.5998696,0.62667674,0.65116453,0.6759446,0.70202965,0.72571737,0.7526122,0.7911016,0.8383221,0.9152633,0.9627979,0.96395344,0.96786356,0.9481687,0.94143754,0.95116895,0.9645674,0.978882,0.99691254,1.014376,1.0343589,1.0583715,1.0850284,1.1114619,1.1372898,1.158539,1.1829193,1.2116418,1.241919,1.2729441,1.3087953,1.3405763,1.4000508,1.4568205,1.5641989,1.7731664,1.7504442,1.6787953,1.429178,1.2530444,1.1390013,1.096699,1.0444161,1.016002,1.0291033,1.0261647,1.0123979,1.0058801,1.0220234,1.0450268,1.0675254,1.0876158,1.1053115,1.1246569,1.1435733,1.1629232,1.1871662,1.2199003,1.2559679,1.2877989,1.3124746,1.3297259,1.3359847,1.3295083,1.3146995,1.3054284,1.3020946,1.3000695,1.2973038,1.2890189,1.2911278,1.3084613,1.3150773,1.3177487,1.3298908,1.3527765,1.389358,1.4623922,1.5824028,1.7553097,2.2755954,5.377263,1.2175243,0.30803457,1.055611,1.9360323,2.114653,3.2464085,1.1830074,0.86946684,0.8774654,0.8917011,0.8579108,0.85538733,0.86427176,0.8920554,0.9280929,0.97035456,0.99181587,0.9464784,0.8811533,0.81835425,0.7492562,0.6900611,0.6462912,0.60750335,0.5896095,0.5848529,0.5880742,0.60284084,0.61793774,0.6322491,0.6499957,0.6711884,0.68322945,0.70748276,0.7310403,0.7388671,0.73845786,0.7495002,0.7327245,0.6756787,0.59498435,0.52359235,0.46743676,0.45856944,0.4621089,0.44869852,0.4125566,0.38433236,0.36485744,0.3653506,0.34333816,0.37821734,0.39054954,0.39285564,0.3362018,0.32088074,0.3562257,0.26171064,0.33622563,0.30027136,0.11112961,0.086252026,-0.042658046,-0.01034712,-0.76523644
447,QUE_T1.04.A,0.0,0.5909,0.409,-1.3294915,-1.3055661,-1.2779884,-1.2466695,-1.215175,-1.1882293,-1.1649263,-1.1422515,-1.1180123,-1.0899634,-1.0596263,-1.0290695,-0.9988287,-0.96860236,-0.9379698,-0.9064927,-0.8747297,-0.84427947,-0.8165421,-0.78780925,-0.76014996,-0.73125696,-0.7001947,-0.6677314,-0.634569,-0.59904516,-0.56273705,-0.5261741,-0.4872354,-0.4430404,-0.40120354,-0.3602153,-0.312515,-0.27248394,-0.23926537,-0.20204423,-0.15468386,-0.12197573,-0.09057876,-0.053421423,-0.01754183,0.020526664,0.061733313,0.09126683,0.11813197,0.14755237,0.17776765,0.20760114,0.23976202,0.27560925,0.31848302,0.35222465,0.37889418,0.43694267,0.4938845,0.5162484,0.5224516,0.52187663,0.53395337,0.54751354,0.54044026,0.5259938,0.5488472,0.57376707,0.60092413,0.6209745,0.6446274,0.66901207,0.69408107,0.72187006,0.7549087,0.7989352,0.86660564,0.9070303,0.90934294,0.91527945,0.896974,0.8949559,0.906858,0.9201892,0.9353903,0.95342785,0.97094864,0.9894181,1.0109168,1.0358951,1.0618137,1.0862463,1.1037825,1.1247332,1.1501305,1.179536,1.2099364,1.2431741,1.2699472,1.3155884,1.2929851,1.3511121,1.5087636,1.5678035,1.5729593,1.3646609,1.2119473,1.1259598,1.0963058,1.0541561,1.0329304,1.045881,1.0449601,1.0361116,1.0323936,1.0490103,1.0698897,1.0905752,1.109335,1.1255155,1.1441181,1.1625705,1.1806471,1.2022533,1.2308139,1.2609092,1.2866614,1.3072284,1.3220445,1.3292311,1.323103,1.312759,1.3058909,1.3039082,1.3036498,1.3025987,1.2955654,1.299336,1.3133518,1.3179725,1.3199484,1.3328673,1.3546486,1.3820323,1.4420642,1.5463817,1.6723584,1.7680236,4.355226,3.9311733,5.3172617,0.989872,1.9311332,2.5037732,4.387124,3.271533,1.3605486,1.0396647,0.88860804,0.8775802,0.8643921,0.87180567,0.8900905,0.93064016,0.99008465,1.026021,0.98310184,0.916387,0.86848825,0.81856835,0.7771936,0.74422306,0.7076045,0.69350237,0.6858742,0.6911937,0.705904,0.71987367,0.73134345,0.74305606,0.75124866,0.76659656,0.78222424,0.7928505,0.8062155,0.8050841,0.8055513,0.79557496,0.7531065,0.6881794,0.61884624,0.5823495,0.5659454,0.54982483,0.5417365,0.5181995,0.4698642,0.46603072,0.47091547,0.46324596,0.49534407,0.46582854,0.47453555,0.47611082,0.45054,0.42857596,0.4112148,0.33134368,0.32639512,0.25246024,0.22777385,0.22848085,-0.039938953,-0.47203544
449,QUE_T1.04.C,0.0,0.5455,0.455,-1.3130499,-1.2886128,-1.2607412,-1.2287683,-1.196596,-1.1694984,-1.1472144,-1.1258686,-1.1021113,-1.0743428,-1.0439404,-1.0133356,-0.98301303,-0.95250654,-0.9218305,-0.8901756,-0.8583277,-0.8270469,-0.7989695,-0.77035993,-0.74377537,-0.71630275,-0.68661034,-0.65574485,-0.62433803,-0.59059954,-0.55695397,-0.5226449,-0.48588485,-0.4437688,-0.40346584,-0.36446503,-0.31705862,-0.2784625,-0.2474728,-0.2119959,-0.16615272,-0.1346715,-0.103831135,-0.067841455,-0.033419576,0.003739398,0.04417068,0.071278654,0.09514459,0.12225689,0.15053043,0.17855902,0.20854385,0.24268305,0.2854339,0.31753412,0.34232384,0.40162528,0.4546542,0.47381195,0.47458416,0.47015703,0.47937563,0.49131802,0.48500806,0.47647566,0.49848175,0.52291507,0.5438416,0.56539756,0.5877849,0.60961616,0.63188756,0.6600849,0.6957753,0.7425709,0.82548547,0.8696763,0.8629708,0.86159194,0.834285,0.82204306,0.83031183,0.84186715,0.8542889,0.8683431,0.8818643,0.8965014,0.9145021,0.9366907,0.96000355,0.98050404,0.9952316,1.0142655,1.0393724,1.0688483,1.0991025,1.1343131,1.166187,1.2469038,1.5659999,1.7903149,2.1157167,1.9356838,1.6214167,1.3543197,1.1548166,1.0479898,1.0140498,0.95604223,0.9271147,0.9395851,0.93308604,0.913545,0.902584,0.91385,0.9311471,0.94870365,0.96565884,0.98083454,0.99751765,1.0142443,1.0316837,1.0501034,1.0754985,1.1020254,1.1241657,1.1423302,1.1554261,1.1610506,1.157804,1.1485302,1.1431937,1.1430387,1.1436635,1.1432935,1.1383233,1.1417409,1.1538773,1.1565179,1.1583575,1.1719623,1.199401,1.2348574,1.306409,1.4449518,1.6917691,1.9410238,3.2918656,3.1348033,4.2533154,3.0659168,3.2033498,2.312448,1.7872382,0.7147323,0.92174876,0.8400247,0.71142423,0.6833982,0.69546324,0.68563956,0.69886905,0.7357318,0.7798403,0.8247352,0.7926271,0.746248,0.70620525,0.67001235,0.63718784,0.6074795,0.57970285,0.5737792,0.570355,0.57434857,0.59346265,0.60633963,0.61824626,0.62498814,0.633482,0.6420485,0.6522209,0.66492426,0.66564626,0.6673246,0.68344307,0.6774741,0.6340221,0.56966573,0.514226,0.4783031,0.473495,0.47091335,0.4585608,0.4318137,0.39848247,0.39337474,0.3780799,0.3766722,0.378351,0.39332893,0.39743048,0.3411281,0.33374655,0.36311787,0.29648742,0.26701957,0.1851353,0.15130918,-0.0035812866,0.0012741227,-0.030217383,-0.59310806
452,QUE_T1.04.F,0.0,0.4318,0.568,-1.2736951,-1.2472855,-1.2176524,-1.1842085,-1.1494864,-1.1196762,-1.0950469,-1.0717099,-1.0462583,-1.0168273,-0.9845702,-0.952242,-0.92012256,-0.8876915,-0.8550968,-0.8216651,-0.78728074,-0.7536293,-0.7219693,-0.6904362,-0.6613196,-0.6321018,-0.6010935,-0.56843805,-0.5354458,-0.50043625,-0.46591502,-0.43064335,-0.39263794,-0.34879145,-0.30637738,-0.26575202,-0.2157679,-0.17547101,-0.14451985,-0.10806403,-0.06246497,-0.027215136,0.00420859,0.04172761,0.07777899,0.11678598,0.15995249,0.18756226,0.21119377,0.23830712,0.26767188,0.2970867,0.32758945,0.3629234,0.40775505,0.4428857,0.46959984,0.5275453,0.5870073,0.6043565,0.6081692,0.603668,0.61073637,0.6202878,0.65476847,0.6946434,0.72024316,0.7431631,0.7661109,0.791207,0.81521,0.8400028,0.8643554,0.8920178,0.9259422,0.980049,1.0760953,1.1263056,1.120878,1.1227717,1.0891638,1.0734607,1.0799807,1.0910345,1.104232,1.119269,1.1316999,1.1459376,1.1642416,1.1858633,1.2104739,1.2329799,1.2479181,1.2705129,1.2987999,1.3257861,1.3526472,1.3892748,1.4269115,1.5223335,1.6209396,1.7582922,2.278121,2.1782143,1.9915223,1.700712,1.5208524,1.4038377,1.3582815,1.2890171,1.243914,1.2596911,1.2491169,1.2162529,1.1953763,1.2007848,1.2152303,1.2303642,1.2463127,1.2620035,1.2786485,1.2970362,1.3142875,1.333395,1.3600323,1.3884045,1.412183,1.4310848,1.4444858,1.4520475,1.4491061,1.4416575,1.4379956,1.438276,1.43937,1.4421506,1.438327,1.4451116,1.4593877,1.4640331,1.4700652,1.4907895,1.524448,1.5705327,1.6682043,1.8198107,2.0258324,2.9092748,5.7619987,5.6006093,3.2020752,2.6222892,3.6730924,3.2751794,4.137962,3.1603136,2.4390795,1.6303499,1.3254591,1.1872178,1.120704,1.092183,1.09378,1.1139975,1.1546857,1.2259489,1.2017436,1.1298233,1.073973,1.0282413,1.0055645,0.97699964,0.9422778,0.92594475,0.9294267,0.93304634,0.95526,0.9678654,0.97539914,0.9806095,0.99092025,1.0071967,1.017791,1.0261729,1.0308279,1.0340627,1.0528609,1.0473406,1.0032959,0.9622211,0.9021722,0.8651162,0.85166955,0.8463391,0.83866704,0.7964437,0.79521924,0.78241307,0.7785562,0.78680533,0.82301533,0.87639385,0.8483295,0.8394411,0.8138432,0.8505517,0.8635867,0.8674898,0.7998673,0.65879756,0.62895626,0.5697597,0.4022028,0.52197737
460,QUE_T1.05.D,0.0,0.0,1.0,-1.311455,-1.2839427,-1.2531183,-1.2162997,-1.178461,-1.1488396,-1.128525,-1.1104994,-1.0880092,-1.0580282,-1.0228035,-0.9867184,-0.95111966,-0.9157361,-0.8801444,-0.8439293,-0.8077953,-0.77384096,-0.74367744,-0.7153805,-0.69086486,-0.6671897,-0.64287996,-0.61756897,-0.59213006,-0.5649542,-0.53825057,-0.5108413,-0.47943488,-0.4404633,-0.40212277,-0.36531225,-0.32170275,-0.28706795,-0.26050442,-0.23027581,-0.19028719,-0.16423352,-0.14150709,-0.112935096,-0.08620727,-0.057549495,-0.02580686,-0.006630627,0.009247119,0.028038882,0.04835251,0.06853525,0.08974613,0.11492312,0.14708868,0.17057282,0.18910995,0.23290142,0.27549824,0.29079613,0.28698227,0.28204566,0.28541845,0.29528004,0.3033195,0.31310958,0.32440454,0.34167993,0.35639492,0.37323862,0.39076644,0.40291402,0.4188467,0.4351844,0.45822728,0.4905035,0.55627364,0.5898346,0.5834316,0.58477247,0.5642935,0.55322313,0.5576021,0.56513673,0.5740779,0.5819557,0.58825254,0.59423786,0.60132027,0.6124764,0.6253542,0.6367382,0.64006144,0.64897406,0.6632048,0.67864805,0.69327587,0.71650106,0.7445444,0.801177,0.8972884,0.9181521,1.1308708,1.1644486,1.1246797,0.996178,0.89791477,0.8562227,0.8443504,0.79949284,0.7746578,0.7857036,0.77762365,0.7535471,0.7323807,0.7290114,0.7312883,0.7363521,0.74298805,0.7493167,0.7581623,0.76774716,0.77545756,0.78131175,0.7893721,0.79638624,0.800624,0.80514836,0.8098962,0.8141636,0.81675327,0.8190423,0.82126755,0.8241594,0.82764834,0.83166105,0.8332924,0.8365381,0.8411578,0.8455169,0.8518351,0.86566424,0.8870912,0.91934615,0.9784129,1.0877545,1.1865581,1.0413944,1.9346318,4.472536,4.8170915,3.4503393,0.76069796,1.424357,3.5347705,4.0976424,1.4953167,0.9906762,0.81582916,0.7559499,0.70073503,0.64329004,0.6360697,0.6456548,0.6837296,0.7416575,0.745749,0.7312499,0.7211907,0.7254904,0.7401673,0.7417781,0.7331307,0.73442924,0.73690623,0.74400496,0.75850165,0.7572267,0.7455085,0.73254126,0.7183154,0.7055144,0.69167936,0.66741973,0.6613893,0.6511173,0.67795956,0.704985,0.70595306,0.69595873,0.66859907,0.66597414,0.6462847,0.63885564,0.6269829,0.6175346,0.61143005,0.60197186,0.6087362,0.5765696,0.58263886,0.5926808,0.5549503,0.56942266,0.5778448,0.58798844,0.6083382,0.550242,0.5082975,0.26233396,0.5155183,0.57506377,0.23882154,-0.8359321
465,QUE_T1.05.I,0.0,0.0,1.0,-1.3145295,-1.2865932,-1.2557827,-1.219677,-1.1823053,-1.1529247,-1.1326121,-1.1148072,-1.0928355,-1.0637025,-1.0297195,-0.99479717,-0.9605411,-0.9264009,-0.89192766,-0.8568199,-0.82202435,-0.78884137,-0.75949824,-0.7317242,-0.70738906,-0.68418795,-0.659741,-0.63430655,-0.60920095,-0.5821409,-0.5556373,-0.5283302,-0.4970964,-0.45868304,-0.42124045,-0.3851366,-0.34199965,-0.3072716,-0.28052765,-0.2503362,-0.20992783,-0.1838363,-0.16064289,-0.13189058,-0.104990035,-0.07610111,-0.04437659,-0.024871161,-0.008775239,0.010011733,0.030082643,0.050232902,0.07115035,0.09500728,0.12587814,0.14976126,0.16638504,0.20466995,0.24120197,0.25448754,0.2551583,0.25148517,0.2575724,0.26474082,0.26193175,0.25954852,0.27277073,0.28780824,0.30202425,0.31517005,0.32798958,0.34354946,0.3587751,0.37507847,0.40113822,0.43753305,0.50346303,0.5382288,0.52952254,0.5282427,0.5039375,0.4915452,0.4951772,0.5023781,0.50989896,0.51875997,0.524574,0.5305502,0.5378677,0.5485207,0.56216127,0.5733022,0.57599556,0.58302236,0.5966898,0.6154248,0.63668835,0.66619056,0.69565934,0.75374573,0.9111325,1.2856258,1.2454021,1.2667158,1.1596525,0.9148078,0.8354492,0.78593594,0.771037,0.728446,0.70378953,0.71446234,0.7061786,0.6807871,0.65948915,0.65542173,0.657237,0.6605624,0.66617024,0.6724356,0.6801918,0.68958616,0.69745666,0.7029573,0.7107789,0.7165537,0.7197944,0.7240771,0.72797066,0.7323059,0.73376924,0.7345403,0.7352998,0.73704994,0.74047416,0.7443439,0.74403024,0.7461877,0.7519094,0.75380343,0.75875574,0.77340317,0.7960875,0.82500917,0.886936,1.0045185,1.1745564,2.2902002,5.918061,4.642988,3.2625208,1.7079026,-0.0016990252,1.5386177,1.47806,1.3359368,0.9202009,0.6784361,0.6481367,0.6391674,0.59682256,0.55044746,0.5456814,0.5658388,0.6082197,0.66251886,0.64613557,0.62988365,0.619679,0.62206686,0.6325046,0.63506263,0.63294375,0.63092625,0.62779486,0.6313411,0.63777214,0.63947874,0.6358907,0.61639285,0.60821104,0.59484833,0.5867336,0.565962,0.5461956,0.5289081,0.5626261,0.5866331,0.5896062,0.5802507,0.55789375,0.5530969,0.54135436,0.5416477,0.52137387,0.5038713,0.49105766,0.49143115,0.47788006,0.47280696,0.4864936,0.51243436,0.49792224,0.504777,0.46489578,0.4588878,0.44781858,0.41803613,0.42706499,0.32395253,0.22618899,0.4594085,0.9938053,0.21713468
479,QUE_T1.07.C,0.0,0.4167,0.583,-1.3484361,-1.3247153,-1.297772,-1.2672055,-1.2364879,-1.2098454,-1.187357,-1.1656995,-1.1418436,-1.114055,-1.0841362,-1.0539252,-1.0236871,-0.9935815,-0.96307456,-0.9321564,-0.9008266,-0.87056404,-0.8420436,-0.8142265,-0.7862698,-0.75726074,-0.72728336,-0.6959918,-0.6635285,-0.62976575,-0.59466463,-0.55834085,-0.52037454,-0.48094964,-0.4412756,-0.3997137,-0.35899588,-0.3169545,-0.27428743,-0.23414539,-0.1927145,-0.1577284,-0.12305983,-0.088352814,-0.053960145,-0.02101245,0.010870886,0.043945376,0.07653338,0.10758409,0.13760433,0.16669016,0.19633855,0.22476143,0.2505005,0.27676126,0.3027808,0.32140476,0.34109214,0.36706024,0.3971318,0.427262,0.45115423,0.47514835,0.50069135,0.528137,0.5533236,0.57607245,0.5996903,0.6234839,0.6465081,0.6687033,0.6919334,0.7130257,0.730679,0.74074316,0.74078035,0.7562689,0.7790622,0.8001949,0.8293636,0.8536534,0.8703566,0.88847226,0.90602976,0.9251646,0.94750565,0.9711132,0.99383074,1.0173266,1.0383078,1.0581399,1.0770966,1.0951571,1.108682,1.1203759,1.1260172,1.1253586,1.1163868,1.0659262,0.9277853,0.95559114,1.0440576,0.89165527,0.84706694,0.8320014,0.831135,0.83347845,0.83016926,0.8515992,0.8675992,0.8763651,0.9029682,0.9390312,0.97257555,1.0058395,1.0367821,1.0640113,1.0857903,1.1050656,1.1231018,1.1398149,1.1571342,1.177617,1.2029524,1.2291614,1.2530118,1.2731935,1.2850081,1.2882288,1.2832152,1.2749076,1.2691693,1.2662153,1.2656574,1.264089,1.257406,1.2572695,1.2628396,1.2637817,1.2612773,1.2572391,1.2526683,1.2475016,1.2236931,1.1618502,1.0553256,0.98085016,0.26580378,1.507386,1.136027,1.6378443,1.0405012,0.28023806,0.25327381,0.0077350694,0.094379395,0.4565901,0.584377,0.6556171,0.7277079,0.80241525,0.8534905,0.8915225,0.92608964,0.94838256,0.9396886,0.91330636,0.8741593,0.8297362,0.79347855,0.76430285,0.7499461,0.7398233,0.7407273,0.7450383,0.75457704,0.7740466,0.78301394,0.7881871,0.7903932,0.80000114,0.80780715,0.8054001,0.8089669,0.82131475,0.8450808,0.83533585,0.79173076,0.73092884,0.66342896,0.6193768,0.6023178,0.60558194,0.5921877,0.5499971,0.5174072,0.51086164,0.5254939,0.5002473,0.4831266,0.4801516,0.4749144,0.4927269,0.4661228,0.4460685,0.38735318,0.24382268,0.2105202,0.17578839,0.029430099,-0.07381194,-0.8198943,-1.6046004
488,QUE_T1.08.B,0.0,0.2955,0.705,-1.3525461,-1.3297796,-1.303976,-1.2735645,-1.2431237,-1.2171161,-1.195926,-1.175739,-1.1530006,-1.12585,-1.0961282,-1.06638,-1.0368985,-1.0078127,-0.9783665,-0.9482159,-0.91759866,-0.8878904,-0.86065525,-0.83408386,-0.8084261,-0.78182244,-0.75400656,-0.72534513,-0.6957974,-0.66492057,-0.6330848,-0.5997459,-0.56408584,-0.5261223,-0.48906764,-0.45129457,-0.41322806,-0.3758085,-0.3394526,-0.30326635,-0.26339963,-0.2312697,-0.19935621,-0.16624504,-0.13400878,-0.10193123,-0.07045,-0.040804416,-0.011780406,0.016675081,0.04433709,0.071484566,0.09940121,0.12748426,0.15458629,0.18010403,0.20405316,0.2304179,0.25610417,0.2813618,0.30295563,0.32426128,0.34418565,0.36440894,0.37649855,0.38911122,0.411707,0.4305925,0.45159104,0.47346184,0.49202922,0.51226443,0.5339031,0.5549903,0.57192814,0.5891236,0.60543704,0.6270154,0.6443581,0.65907454,0.6770613,0.6929038,0.7081725,0.7244452,0.7400046,0.7569631,0.77519834,0.7944134,0.81352043,0.8336063,0.8523964,0.87051815,0.8864029,0.9017071,0.9162678,0.93007785,0.94290555,0.9524528,0.9552202,0.9451497,0.92506945,0.9101079,1.0674067,1.0642018,0.8956329,0.812799,0.8087582,0.8048296,0.80636907,0.81318086,0.81907785,0.8293283,0.84992343,0.87180895,0.8896773,0.91180307,0.93465036,0.9545371,0.97139364,0.9871868,1.0029112,1.0171151,1.0324476,1.0476251,1.0680821,1.0890166,1.1066568,1.1221921,1.1330559,1.1374844,1.1352099,1.1304053,1.1273162,1.1261207,1.1272452,1.1270766,1.1238927,1.1258398,1.1321477,1.1346924,1.1358047,1.1382635,1.13958,1.1445456,1.1457458,1.1246214,1.1073772,1.5122502,1.8766465,0.7203867,1.5309821,-1.3512138,-0.19410348,0.41700053,0.50006986,0.36461508,0.95277786,0.49773082,0.5943066,0.63515824,0.6830911,0.75304407,0.78809667,0.8317571,0.8613939,0.88264465,0.8888478,0.86060774,0.83226055,0.7972136,0.77388203,0.7582107,0.7457581,0.7371042,0.73721635,0.74198234,0.75329417,0.7676754,0.7676181,0.7663107,0.76333123,0.76343316,0.76457906,0.7619327,0.7627023,0.7573041,0.78537244,0.7892265,0.74876493,0.6932088,0.6363708,0.6010001,0.60295045,0.58232963,0.57251155,0.54043657,0.51943684,0.5008225,0.5075847,0.48302796,0.47523856,0.50327957,0.51907575,0.5028147,0.42874354,0.44092056,0.3141155,0.23296593,0.22928274,0.031577397,0.12857048,-0.08072479,-0.5057856,-0.55401844
502,QUE_T1.09.F,0.0,0.3485,0.652,-1.2841357,-1.2579461,-1.2290682,-1.1957529,-1.161767,-1.1325443,-1.1085498,-1.085777,-1.0604632,-1.0307779,-0.998191,-0.9653775,-0.9325315,-0.8994261,-0.86635613,-0.832472,-0.7977424,-0.76380056,-0.73232937,-0.7019816,-0.6724384,-0.64194226,-0.6101758,-0.57737875,-0.54405135,-0.5092172,-0.47355285,-0.43645525,-0.39687797,-0.35439205,-0.3127001,-0.27010608,-0.22635949,-0.18357699,-0.14232488,-0.10164667,-0.056188196,-0.020229489,0.014721652,0.05172929,0.087920435,0.123626836,0.15903081,0.19188198,0.22359633,0.25467148,0.28539813,0.31547108,0.34567094,0.3757932,0.4053606,0.43360865,0.4602847,0.4842501,0.511255,0.5362474,0.5620519,0.5858586,0.60901594,0.63149023,0.6603315,0.69631636,0.7203773,0.7469608,0.77250123,0.7968651,0.8223735,0.8448758,0.87050503,0.8925081,0.9139033,0.9334773,0.9569591,0.9822006,1.002893,1.0225285,1.039033,1.055691,1.0725632,1.0891559,1.1069283,1.1271708,1.1478791,1.1696646,1.1918427,1.2158315,1.2395033,1.2609179,1.278552,1.297151,1.3157501,1.3312582,1.3417884,1.3487478,1.351628,1.3396947,1.2851999,1.2685027,1.4785609,1.3870736,1.2904648,1.2217815,1.1877005,1.1764078,1.1674678,1.168104,1.1718907,1.1846584,1.2023811,1.2227837,1.2417446,1.267299,1.2926649,1.3154362,1.3354768,1.3537803,1.3717402,1.3892152,1.406354,1.425766,1.4524102,1.4793688,1.5018971,1.5215356,1.5350299,1.5391366,1.5352994,1.5268883,1.5209504,1.5203242,1.5195813,1.5191286,1.5148232,1.5159755,1.5247355,1.5285393,1.5305535,1.5350348,1.5404588,1.548563,1.5530151,1.5513808,1.5244181,2.0917022,1.9243976,1.7260579,-0.05502918,1.0600482,1.2681211,1.2350657,1.4541692,0.10881006,1.0849003,0.88730437,0.9266868,1.0117592,1.0701232,1.1178085,1.1572748,1.1886181,1.2316445,1.2779387,1.2600697,1.1984252,1.1495619,1.111119,1.083806,1.0508555,1.0301805,1.014783,1.0082748,1.0116969,1.0337802,1.0445622,1.0465051,1.0453557,1.0495334,1.0555224,1.0660213,1.0602424,1.0668284,1.0752391,1.0991387,1.0887856,1.0472121,0.98750323,0.9073283,0.8640995,0.8572377,0.8512475,0.83582664,0.806761,0.7907183,0.78230417,0.7641885,0.76922286,0.7783349,0.76130885,0.7765909,0.7750079,0.7624347,0.74124706,0.6701617,0.5716713,0.47368503,0.31178018,0.31530863,0.5178697,0.29238752,1.165966
507,QUE_T1.10.A,0.0,0.2121,0.788,-1.3084935,-1.2823987,-1.2528782,-1.2181826,-1.18312,-1.1539432,-1.1313727,-1.1099693,-1.0852584,-1.0547556,-1.0205549,-0.98567927,-0.95136154,-0.9175487,-0.8835346,-0.8488915,-0.81441194,-0.7820632,-0.75370985,-0.7252699,-0.6980002,-0.6701257,-0.64092034,-0.61097234,-0.58037513,-0.547572,-0.5128866,-0.47672,-0.43852788,-0.39678437,-0.3577158,-0.31752044,-0.27323326,-0.23354204,-0.19758311,-0.1603026,-0.11276869,-0.08264012,-0.05226299,-0.017263703,0.016518606,0.051217094,0.086678915,0.11543368,0.14315587,0.17231567,0.20029578,0.22709979,0.25709072,0.2883575,0.32250276,0.35139215,0.3757385,0.42220312,0.46675268,0.48864427,0.49920255,0.50635135,0.5240355,0.53834754,0.5125318,0.48139217,0.49988946,0.52292114,0.542878,0.5631597,0.5822492,0.60337096,0.62407476,0.6459285,0.6702996,0.6917745,0.72748005,0.7557622,0.76650304,0.77701813,0.7808364,0.7883075,0.80112606,0.81586933,0.8299367,0.84606266,0.86223954,0.8787018,0.8963353,0.91489726,0.9346134,0.95291764,0.9644699,0.97782797,0.994164,1.0125049,1.0317191,1.048802,1.0594212,1.0707481,1.1432697,1.087137,1.1953772,1.2822635,1.1358285,1.0533599,1.0032377,0.9944461,0.99000496,0.9847131,0.98235255,0.9962834,1.0072502,1.0116084,1.0163057,1.0313177,1.0476222,1.0624408,1.0758021,1.0891467,1.1017594,1.1151371,1.1282024,1.1409996,1.1582738,1.1744028,1.1878127,1.2000035,1.2092125,1.2123432,1.2108598,1.2062031,1.203962,1.2031665,1.2049084,1.2059762,1.2040317,1.2043053,1.211122,1.2150644,1.2184396,1.2256426,1.23669,1.2497122,1.2649766,1.2823595,1.3540612,2.3510056,1.5024601,1.6248571,1.3896841,0.8616223,0.98151886,1.6552677,1.8964661,0.5832075,1.3925626,0.94257534,0.9109715,0.931418,0.9417311,0.9698121,0.982525,1.0095236,1.0551857,1.1132364,1.0807878,1.0320221,1.0002835,0.9767035,0.95914674,0.94810885,0.9301835,0.9200445,0.9159885,0.91753083,0.93078417,0.9365482,0.9347992,0.92936945,0.9216936,0.9121789,0.9118309,0.9029851,0.89612,0.8915253,0.92572737,0.93490815,0.9042427,0.8567238,0.803237,0.77938825,0.76975244,0.7562425,0.7472922,0.71187973,0.6898369,0.6821541,0.6753928,0.69566405,0.7024356,0.6779691,0.7014769,0.7402496,0.71429384,0.7075961,0.69283813,0.6073409,0.39606184,0.45022753,0.5547671,0.46572992,0.36965665,1.1590974
566,QUE_T2.01.J,0.0,0.7955,0.205,-1.2730896,-1.2468907,-1.2183921,-1.1867108,-1.1532408,-1.1234466,-1.0976803,-1.0735668,-1.0481942,-1.0194157,-0.9883554,-0.95697045,-0.92495024,-0.892351,-0.85994995,-0.82752395,-0.7947933,-0.76367635,-0.73314965,-0.7030011,-0.6726914,-0.6417651,-0.6100388,-0.5772526,-0.5434395,-0.5094945,-0.47455028,-0.4394541,-0.4024662,-0.3618268,-0.31582037,-0.2702357,-0.22749537,-0.18223988,-0.13755548,-0.09620556,-0.061793145,-0.018582232,0.020423945,0.057351302,0.093759805,0.12859187,0.16241553,0.19807637,0.23294957,0.2656072,0.29766235,0.32869142,0.360277,0.39018166,0.41528994,0.44065928,0.46841583,0.4666391,0.47554803,0.50854385,0.54967666,0.59109294,0.61993253,0.6516116,0.717356,0.79525316,0.8274053,0.8561682,0.8851901,0.9142959,0.9416369,0.9675856,0.9956175,1.0224308,1.0471796,1.0660064,1.0714006,1.092437,1.1185493,1.1414672,1.173525,1.1984103,1.2181067,1.2356063,1.2545897,1.2771546,1.3016227,1.3304392,1.3617735,1.3907442,1.4160925,1.442254,1.4720874,1.5009158,1.5235059,1.5397002,1.5541492,1.557267,1.5493604,1.5020511,1.4377028,1.3976564,1.5168246,1.3464843,1.2908753,1.2278343,1.1648836,1.1300883,1.1112629,1.126908,1.1420487,1.1500813,1.1737432,1.2097821,1.2502514,1.2912836,1.3311263,1.3647847,1.3919547,1.4142779,1.4349082,1.455327,1.4770079,1.5071222,1.5434296,1.5859939,1.6262729,1.6576238,1.677243,1.6817402,1.6704433,1.6526434,1.6415007,1.6334813,1.6275651,1.6239924,1.6126307,1.6146783,1.6270428,1.6316408,1.6291742,1.6244075,1.6216938,1.6157529,1.6024891,1.5585145,1.4706826,1.1353314,1.6281613,1.9666529,0.9263519,2.2228823,1.9909483,1.3377838,1.2337905,0.117613345,0.8792616,0.7573333,0.98657143,1.0638798,1.1226612,1.2039763,1.2644513,1.2999846,1.2978108,1.2723377,1.216122,1.1674136,1.0860353,0.99244314,0.91830236,0.868219,0.83437055,0.81792444,0.80849475,0.81915355,0.83773917,0.86003184,0.87917113,0.89567924,0.9198519,0.9395227,0.9576986,0.9813253,0.9954586,1.0020462,1.0085555,0.98966867,0.92997944,0.83041626,0.7433758,0.6828917,0.66406375,0.6736107,0.6544625,0.61943287,0.60027343,0.58045566,0.586871,0.5763548,0.55905116,0.5685792,0.5637246,0.5598881,0.5604857,0.5236155,0.5077847,0.47841716,0.37664393,0.22776356,0.026888747,-0.09281756,-0.15504238,-0.57297546
574,QUE_T2.02.H,0.0,0.803,0.197,-1.4179918,-1.3977128,-1.3741969,-1.3480941,-1.3219903,-1.2984601,-1.2772261,-1.2566838,-1.2355586,-1.2126004,-1.1890687,-1.1654013,-1.1417251,-1.1180567,-1.0942402,-1.0696093,-1.0443189,-1.0191922,-0.99432856,-0.9685096,-0.94155115,-0.9127111,-0.8816852,-0.84933424,-0.81513536,-0.7794208,-0.74226165,-0.7042342,-0.66451997,-0.622034,-0.57705015,-0.5324853,-0.4888303,-0.4440537,-0.39907342,-0.35565987,-0.3158773,-0.27176738,-0.2289089,-0.1885288,-0.14886388,-0.11025854,-0.07278942,-0.035697293,0.0002246046,0.034098182,0.06679872,0.09831605,0.13043614,0.16118991,0.18796508,0.21329,0.23840061,0.2444425,0.24683928,0.27097178,0.3013217,0.33539778,0.36176464,0.38866225,0.4193113,0.45190632,0.4842959,0.51353586,0.54268914,0.56908846,0.5945324,0.6200055,0.64574265,0.6757434,0.70055366,0.72002065,0.73472327,0.7450097,0.7497944,0.7461255,0.7548138,0.77074623,0.7876806,0.8043341,0.82359725,0.84792584,0.8735284,0.90111065,0.9297343,0.95856315,0.982486,1.0054134,1.0258751,1.0408981,1.049147,1.0507249,1.0441628,1.0226285,0.9905872,0.9464665,0.7132968,0.4417421,0.41263068,0.34029117,0.2792237,0.17790484,0.10567261,0.06476875,0.045224406,0.042058557,0.05165158,0.07122724,0.111962706,0.1650006,0.21862535,0.27672434,0.333485,0.38833973,0.43878812,0.48516324,0.52881694,0.5681753,0.60628843,0.6451114,0.6847117,0.72595924,0.7649647,0.7974499,0.82096654,0.8341406,0.8370691,0.83546627,0.8334925,0.82962984,0.82459503,0.8152766,0.79659563,0.7825437,0.76592344,0.74125504,0.70980334,0.68104535,0.66325504,0.6527377,0.6394937,0.60950536,0.58483016,0.6161596,2.0120811,2.5149388,4.903276,1.6464707,0.2600087,-0.060534798,0.24515675,0.13976903,-0.4435477,-0.63938093,-0.6429315,-0.59817755,-0.51891327,-0.48060992,-0.42907065,-0.38005787,-0.33813605,-0.28926805,-0.2525771,-0.22755648,-0.21348271,-0.21595873,-0.21358192,-0.21021004,-0.20087364,-0.18338218,-0.16529006,-0.14056568,-0.11798859,-0.09049871,-0.058280572,-0.045070153,-0.020010611,0.0020305566,0.017314654,0.039481796,0.04704812,0.05428852,0.056706585,0.04069971,0.007739627,-0.04848503,-0.09804937,-0.12650709,-0.15720218,-0.17352785,-0.20099448,-0.229087,-0.2720233,-0.28936762,-0.31012192,-0.3375015,-0.37317365,-0.41339412,-0.41985646,-0.47528508,-0.43969905,-0.47182205,-0.5790588,-0.6219948,-0.6590245,-0.72119653,-0.8262735,-0.89740115,-1.4241079,-1.513509
581,QUE_T2.03.E,0.0,0.5758,0.424,-1.4431247,-1.424846,-1.4043736,-1.3813114,-1.3583559,-1.3384843,-1.3211966,-1.3045982,-1.2870135,-1.2670823,-1.2459935,-1.2246438,-1.2033756,-1.1820475,-1.1607779,-1.1387373,-1.1163727,-1.094137,-1.073025,-1.0508097,-1.0283449,-1.0043752,-0.9787458,-0.9521713,-0.9241263,-0.8950264,-0.86484677,-0.8339691,-0.8003157,-0.7625772,-0.7217658,-0.6816933,-0.64305115,-0.60452735,-0.5664804,-0.5295324,-0.49417558,-0.4585726,-0.42243266,-0.3881323,-0.35480177,-0.32189545,-0.28995812,-0.25958228,-0.23052672,-0.20249659,-0.17568953,-0.1493782,-0.12277692,-0.09645062,-0.072885245,-0.052347597,-0.03216719,-0.024181105,-0.023140818,-0.0019624273,0.022761025,0.049178474,0.06902934,0.08937919,0.09620591,0.10269187,0.12289915,0.14541443,0.16918534,0.18834066,0.20922235,0.22918317,0.2506244,0.2745047,0.29655287,0.3185008,0.33997566,0.35806647,0.36394244,0.36553755,0.3710279,0.3814915,0.39633015,0.41153595,0.42780188,0.44657588,0.46675268,0.48815438,0.51036966,0.5316197,0.5516053,0.5692341,0.58450955,0.59736174,0.60786563,0.61724335,0.62367487,0.6197734,0.6081372,0.5965073,0.62996125,0.5912077,0.61406034,0.29637268,0.19171242,0.08629339,-0.0006313937,-0.0378197,-0.057870626,-0.061466638,-0.05682555,-0.03915868,-0.007964348,0.031403627,0.07274887,0.117987186,0.16379683,0.20681445,0.24602619,0.28220296,0.31595182,0.3476807,0.3778726,0.40778285,0.43830127,0.47012922,0.49904153,0.52403665,0.5411337,0.5499534,0.5520101,0.5498702,0.5478352,0.54413915,0.54069924,0.5341238,0.52065194,0.5096723,0.5006292,0.48427558,0.46415442,0.445652,0.43469638,0.4307998,0.43407586,0.44171476,0.43866822,0.3490082,3.7460432,2.8375192,4.3744693,3.2062626,1.7235849,0.8887859,0.18140152,-0.74338084,-0.5242032,-0.5166066,-0.54467946,-0.51807725,-0.5135041,-0.45766518,-0.4118221,-0.36764163,-0.3295888,-0.29413047,-0.27141094,-0.26229867,-0.25672796,-0.26036733,-0.2635603,-0.26066485,-0.25958717,-0.25243512,-0.23670065,-0.21755293,-0.19741319,-0.17244843,-0.16048408,-0.14301822,-0.12105265,-0.10252897,-0.08803566,-0.0698338,-0.066872805,-0.059830483,-0.05948189,-0.06638597,-0.10288656,-0.15072219,-0.19839084,-0.22450504,-0.23680395,-0.24458367,-0.27604374,-0.31411105,-0.3260753,-0.37275857,-0.39111376,-0.40028492,-0.40360105,-0.398114,-0.4140074,-0.45729873,-0.5337705,-0.45295036,-0.51680446,-0.5610198,-0.6856359,-0.7976784,-0.87202054,-0.5776088,-0.7921622,-0.5598659
582,QUE_T2.03.F,0.0,0.5758,0.424,-1.4334221,-1.4149832,-1.3948479,-1.3719443,-1.3488203,-1.3288835,-1.311829,-1.2955042,-1.2780488,-1.2582874,-1.2372533,-1.2160608,-1.1950296,-1.1737593,-1.1524655,-1.1305165,-1.1082076,-1.0861421,-1.0648981,-1.0426605,-1.0203899,-0.99688977,-0.97190374,-0.94579905,-0.91844034,-0.8899002,-0.860649,-0.83055323,-0.79791325,-0.76142806,-0.72172844,-0.6827835,-0.6451723,-0.6074109,-0.57017165,-0.5341339,-0.50061107,-0.46470705,-0.4292576,-0.39571312,-0.363263,-0.3310923,-0.2999611,-0.27008203,-0.24133158,-0.21392164,-0.18746445,-0.16134545,-0.13505818,-0.10932121,-0.086752415,-0.0658386,-0.044748787,-0.040175945,-0.03692023,-0.014921365,0.01057266,0.038805764,0.058656625,0.081032366,0.12117769,0.16894823,0.19213568,0.21533412,0.24004553,0.26493645,0.2864702,0.30688375,0.329107,0.35073492,0.37248373,0.3888429,0.40460265,0.42583025,0.43258706,0.43765527,0.4464733,0.45948282,0.47416532,0.4883986,0.5037026,0.52366316,0.54375136,0.5660709,0.5889376,0.61090726,0.6301248,0.65025747,0.66694057,0.68337643,0.69537,0.70157176,0.701744,0.69281524,0.67837393,0.6470576,0.5937821,0.477827,0.42507625,0.45846078,0.29429325,0.13877596,0.09708131,0.061925195,0.045455202,0.04458612,0.048185635,0.06373746,0.093824305,0.13202836,0.17282623,0.21681403,0.26104525,0.30240592,0.33987,0.37440255,0.40667084,0.43688798,0.465047,0.49433112,0.5260932,0.55893546,0.5886412,0.61438566,0.63213784,0.6410145,0.6429696,0.64001584,0.6379561,0.63457954,0.63181114,0.624998,0.6118283,0.6036439,0.59600127,0.5819482,0.5625371,0.5470335,0.5374573,0.5324616,0.5311698,0.5210114,0.50799954,1.0445318,4.0335145,5.2169614,3.3459754,1.9155504,1.0411367,0.2677392,1.8993853,1.4420438,-0.022380061,-0.33482856,-0.40683034,-0.40316153,-0.35654858,-0.30989137,-0.27179414,-0.22550291,-0.19406329,-0.15545887,-0.12384805,-0.11327843,-0.11693054,-0.13509616,-0.14325345,-0.14929989,-0.14854264,-0.14194018,-0.12782152,-0.11005906,-0.095166095,-0.07164092,-0.045232117,-0.029628526,-0.012344021,0.0044948966,0.019204045,0.037471224,0.041699912,0.04632324,0.05735773,0.042860914,0.0040399614,-0.04243835,-0.100746036,-0.14909083,-0.14860295,-0.14706694,-0.16933504,-0.19502936,-0.22646162,-0.24952485,-0.28399113,-0.28660786,-0.29736668,-0.31453878,-0.32193938,-0.28819764,-0.36285284,-0.3987837,-0.39905006,-0.52411413,-0.49949378,-0.41274473,-0.63956374,-0.5453631,-0.17453367,0.6985175
594,QUE_T2.04.H,0.0,0.6136,0.386,-1.3061818,-1.2793353,-1.2510101,-1.2181369,-1.1848942,-1.1564658,-1.133133,-1.1109687,-1.0870706,-1.0589197,-1.0283655,-0.9974623,-0.96666706,-0.93626964,-0.90560013,-0.8743048,-0.8425382,-0.812237,-0.78403133,-0.75715137,-0.7295685,-0.7009018,-0.67143035,-0.6415369,-0.6101777,-0.57921576,-0.5457,-0.5118839,-0.47692055,-0.4410268,-0.40266067,-0.36372903,-0.33283877,-0.294263,-0.25106916,-0.21402949,-0.18446407,-0.145241,-0.11052206,-0.079269886,-0.04779532,-0.021019228,0.0037152078,0.037680518,0.07255874,0.10271138,0.13098258,0.15877628,0.18565686,0.20748663,0.22191752,0.24201064,0.26489508,0.25407386,0.25178972,0.28313947,0.32800803,0.37586027,0.41112247,0.44125572,0.44962826,0.45158568,0.47510278,0.49689993,0.5182495,0.5395194,0.55950946,0.5804961,0.6020142,0.6184587,0.62694603,0.6202689,0.58368546,0.58523965,0.62278676,0.65206313,0.7073033,0.74730325,0.7693493,0.7880719,0.80620664,0.8270329,0.85025513,0.8760503,0.9006755,0.9229169,0.93916583,0.9580541,0.9794939,0.9952034,1.0051993,1.0107025,1.0124816,0.99719185,0.9672828,0.8854893,1.1346489,1.2052369,0.89263546,0.6396302,0.56733906,0.5650979,0.5916618,0.62784165,0.6361945,0.69150895,0.7267137,0.73188126,0.77270085,0.83578527,0.89297324,0.9349944,0.97144836,1.0019898,1.0254848,1.0439795,1.0592966,1.0730128,1.0895127,1.1107144,1.133592,1.1586546,1.1844532,1.2035563,1.2152343,1.2187151,1.2141099,1.206131,1.2006974,1.1965517,1.1912575,1.1876246,1.1788425,1.1767834,1.1827807,1.1846436,1.1754321,1.1589631,1.1370273,1.1045176,1.0392771,0.9281749,0.7961032,1.3825514,0.4907148,-1.1042603,1.0611354,-0.22891124,1.3788066,0.33130512,0.7732562,1.2659075,0.13431367,0.21548253,0.42485982,0.5289109,0.6500429,0.7470592,0.81540585,0.85489,0.85569215,0.8679692,0.8619967,0.84909445,0.81104094,0.7576044,0.7084398,0.67933404,0.66977817,0.6628685,0.6575703,0.6642444,0.6847797,0.7030444,0.71512705,0.7173565,0.7202266,0.72609013,0.73999923,0.74697226,0.7528716,0.75841707,0.77689004,0.76276284,0.7191538,0.67049736,0.6008807,0.5512066,0.54116666,0.5345045,0.51768976,0.49138018,0.4481154,0.44427025,0.42641288,0.3918212,0.4030108,0.4347485,0.42380154,0.38650176,0.31206298,0.29936498,0.22734216,0.20620047,0.09876853,0.15424271,-0.093559034,-0.114253975,-0.2204326,-1.1008292
595,QUE_T2.04.I,0.0,0.6061,0.394,-1.314373,-1.2881655,-1.2593185,-1.2261009,-1.1927935,-1.1643666,-1.1408918,-1.1183897,-1.0941266,-1.065731,-1.0350828,-1.0039008,-0.97286415,-0.9421728,-0.9112493,-0.87950855,-0.8475087,-0.8163266,-0.7877155,-0.7603311,-0.73238796,-0.702812,-0.67243046,-0.641833,-0.60973734,-0.57813716,-0.5436773,-0.5088948,-0.4732032,-0.43694967,-0.39815876,-0.35860848,-0.3271428,-0.2879271,-0.2437542,-0.20581062,-0.1751646,-0.13622795,-0.10067533,-0.0693701,-0.037248373,-0.009948044,0.014810699,0.049575448,0.08513064,0.11595698,0.14417687,0.17240506,0.19980402,0.22211596,0.23632611,0.25624347,0.2789552,0.2684607,0.2644384,0.2942311,0.33952177,0.38844302,0.4228337,0.456494,0.45598102,0.4482395,0.4691747,0.4949748,0.5166301,0.5357322,0.5577234,0.580171,0.60139066,0.6198671,0.6266375,0.61869895,0.57827157,0.5804753,0.61723614,0.644988,0.7014175,0.7426665,0.7653043,0.783606,0.80227387,0.8219285,0.845519,0.87138665,0.8967319,0.9186532,0.9355719,0.954323,0.9758652,0.9909782,1.0005555,1.0053688,1.0043643,0.98648095,0.9561958,0.86764055,0.8043212,0.6344316,0.47589183,0.43662176,0.46171463,0.49515265,0.5436803,0.5845502,0.5940315,0.65092844,0.68916357,0.69364446,0.7337323,0.7981936,0.8575074,0.9005642,0.9380236,0.96883464,0.9930934,1.0116453,1.0267663,1.0398961,1.05683,1.0791255,1.1024534,1.1286732,1.1544749,1.1735102,1.184891,1.1875626,1.1821469,1.1729829,1.166709,1.1622019,1.1570038,1.1534356,1.1442869,1.141862,1.1472397,1.1475949,1.1392299,1.1216737,1.0985881,1.0685301,0.99988174,0.87564194,0.7286246,2.3007464,0.97796047,2.8861165,0.37145954,2.035301,1.6439496,0.3124853,0.10324648,0.31939757,0.38272554,0.3039896,0.363744,0.45973268,0.57685053,0.68682873,0.7558903,0.79724795,0.7985486,0.7974606,0.7946637,0.79006857,0.7446877,0.6905037,0.6411319,0.6174145,0.6067199,0.5954705,0.5939607,0.6028049,0.61872494,0.6356841,0.64621806,0.6521838,0.65928954,0.67014277,0.6840353,0.6920278,0.69370824,0.7016293,0.71717674,0.7025585,0.6615162,0.5997892,0.5407649,0.49679336,0.47504342,0.46239895,0.44758883,0.4291411,0.4129102,0.3614374,0.36953112,0.36698943,0.37391385,0.3624686,0.330736,0.31203073,0.31227356,0.30861303,0.2526075,0.25224382,0.18164073,-0.04604301,-0.2302446,-0.18404162,-0.13338873,-0.8642595
607,QUE_T2.08.A,0.0,0.0985,0.902,-1.3358603,-1.309528,-1.2807703,-1.2473493,-1.2128328,-1.1846026,-1.1635436,-1.1440592,-1.1215128,-1.093679,-1.0621026,-1.030078,-0.9985248,-0.9670997,-0.93568766,-0.9038149,-0.87149173,-0.8408913,-0.8124234,-0.7860097,-0.7596756,-0.7329511,-0.70621914,-0.67894936,-0.65085375,-0.6230521,-0.5926195,-0.56097305,-0.52817607,-0.49481142,-0.45901105,-0.42187545,-0.39373222,-0.3568757,-0.31388378,-0.2780418,-0.24895644,-0.21280597,-0.18089586,-0.15254357,-0.12420705,-0.10051196,-0.08071147,-0.04983067,-0.0175229,0.009288137,0.03360655,0.057219952,0.079410814,0.096500166,0.10310707,0.11690027,0.1362657,0.11334726,0.101088084,0.12763268,0.1723498,0.22311956,0.2525299,0.28060502,0.30260575,0.3224469,0.33974895,0.35761166,0.37698865,0.39263034,0.4098043,0.42649937,0.44040826,0.45180395,0.45478505,0.43984875,0.3904507,0.38697153,0.42492855,0.45438164,0.50933546,0.5479511,0.5669525,0.58379483,0.59990394,0.6169475,0.6372044,0.6577271,0.6762758,0.6904233,0.70171994,0.71375746,0.72653675,0.73526084,0.7383885,0.736267,0.73027205,0.7105623,0.6844649,0.58730036,0.3962516,0.20312144,0.16289279,0.1554293,0.15234151,0.26005846,0.3775926,0.44293502,0.46703127,0.53153694,0.5734279,0.57697207,0.61581045,0.6757553,0.72929186,0.76466185,0.7925747,0.8150859,0.8322232,0.84580183,0.8576439,0.866773,0.87666565,0.88946646,0.901827,0.9151656,0.92721456,0.9366797,0.94219995,0.94519717,0.9447587,0.9434424,0.941998,0.94068384,0.93911576,0.9387947,0.9329196,0.9279767,0.92680717,0.9264746,0.92107123,0.9070698,0.88365436,0.85015064,0.7775106,0.6511559,0.49205703,1.2594634,4.4420323,4.0030227,3.4858582,3.112248,-0.023403285,0.20784901,1.0907328,0.7220783,0.41586536,0.26235968,0.2854131,0.3756067,0.48934028,0.5784008,0.62774885,0.66181743,0.679887,0.69775444,0.7124734,0.722794,0.71932864,0.7049242,0.6891505,0.6850062,0.68863165,0.68954504,0.69139653,0.69515175,0.6972103,0.71184564,0.71253204,0.69710165,0.67823184,0.67661214,0.6704307,0.6469171,0.63961595,0.6411725,0.6706149,0.68133724,0.66883534,0.63981205,0.5996987,0.5757341,0.5628563,0.55284053,0.5451072,0.5292472,0.49374753,0.48384857,0.4676151,0.47394562,0.4919271,0.4845369,0.4644059,0.44433966,0.44507635,0.40810493,0.29987612,0.26532817,0.2790835,0.27696273,0.25169528,0.104976475,-0.11374225,0.2413443
619,QUE_T2.09.I,0.0,0.4091,0.591,-1.5327553,-1.5186524,-1.502262,-1.4838786,-1.4648461,-1.4479133,-1.4327947,-1.4180495,-1.4025612,-1.3853439,-1.366954,-1.3484129,-1.3293484,-1.3099275,-1.2904049,-1.2702237,-1.2493728,-1.2285923,-1.2085576,-1.1882522,-1.1667527,-1.1435809,-1.1188956,-1.0930216,-1.065852,-1.0385714,-1.0091699,-0.9783589,-0.94589335,-0.912193,-0.87605107,-0.83801484,-0.80504674,-0.7656197,-0.72212285,-0.68361604,-0.64998704,-0.61128396,-0.5755797,-0.5424888,-0.5096302,-0.47986448,-0.45332256,-0.41892427,-0.3842807,-0.35382915,-0.325722,-0.29847965,-0.27074507,-0.24912262,-0.235897,-0.21730156,-0.19534196,-0.21111898,-0.22217883,-0.19763266,-0.1600295,-0.11456319,-0.085796624,-0.058178086,-0.044401012,-0.0315289,-0.009237654,0.015059142,0.040334757,0.060448904,0.07731891,0.096920624,0.11828693,0.13453162,0.14640316,0.14195608,0.10602225,0.09734377,0.11190358,0.11746015,0.15048882,0.1805488,0.19809589,0.2143567,0.2313002,0.25281388,0.27720907,0.30247742,0.3259214,0.34654412,0.36388424,0.37997958,0.39349255,0.3988924,0.39404178,0.38275546,0.36256325,0.32137227,0.27241242,0.18120566,0.163832,0.0805294,-0.10916181,-0.41514844,-0.5440725,-0.6196295,-0.64802146,-0.652186,-0.66054904,-0.6399034,-0.61948436,-0.59768385,-0.5439129,-0.47333458,-0.4028563,-0.3376234,-0.27599502,-0.21774119,-0.16520429,-0.11677278,-0.073588856,-0.035420567,0.00029214958,0.03507887,0.06924506,0.10221917,0.13149081,0.15552408,0.1736515,0.18563488,0.19033523,0.19063777,0.1900613,0.18692315,0.18129167,0.17068279,0.15332139,0.13480705,0.11307159,0.08698976,0.05305565,0.016422663,-0.016838217,-0.044557486,-0.09350154,-0.16968761,-0.31436232,0.70123285,2.357129,2.2877877,3.0612783,-0.2379951,-0.23349121,-0.86493003,-0.34151283,-0.3411807,-1.077981,-1.2448329,-1.2198703,-1.1883376,-1.1384687,-1.0880858,-1.0455805,-1.0032351,-0.965705,-0.91544867,-0.8816795,-0.8448432,-0.8185358,-0.7977653,-0.7760136,-0.7560711,-0.73269504,-0.7092609,-0.6845981,-0.65546376,-0.6309842,-0.608308,-0.585417,-0.5656395,-0.5478859,-0.53311235,-0.52207994,-0.5153562,-0.51146865,-0.5070067,-0.50224453,-0.50585747,-0.53159666,-0.5642713,-0.6011665,-0.6236308,-0.6476026,-0.6594769,-0.686068,-0.7141758,-0.7395941,-0.76940495,-0.806553,-0.8549599,-0.86486423,-0.88720423,-0.90729004,-0.97582984,-0.9639966,-1.0072832,-1.0261523,-1.0734261,-1.0704061,-1.1004057,-1.2297735,-1.2621,-1.2334663,-0.9018937
642,Plant8-4,0.837,0.0,0.163,-1.3501444,-1.4173272,-1.4162815,-1.4005969,-1.3977213,-1.3888333,-1.379684,-1.3747171,-1.3713187,-1.3637378,-1.3430864,-1.2858374,-1.1553932,-1.0105716,-0.92796564,-0.8767291,-0.8678411,-0.91567934,-0.97815657,-1.0063889,-1.0110945,-1.0408953,-1.0897793,-1.104418,-1.1211483,-1.1831027,-1.2244058,-1.2774723,-1.2808706,-1.1533018,-0.67204434,-0.042305015,0.5492679,1.0305257,1.3429121,1.4968832,1.5975263,1.5844557,1.6085055,1.6249746,1.6440573,1.6649703,1.6681073,1.6837918,1.706796,1.7318918,1.7467918,1.7606467,1.774763,1.7860037,1.783128,1.7901863,1.7810367,1.8192029,1.7373813,1.7258791,1.6558208,1.6181778,1.6354309,1.6730741,1.7269248,1.7653522,1.809008,1.8610287,1.9015472,1.9266429,1.9402362,1.9462487,1.942589,1.9201076,1.8835099,1.8077006,1.7522817,1.6730741,1.487995,1.3240902,1.2618744,1.241223,1.2268453,1.2224016,1.2302438,1.2511566,1.281219,1.3115427,1.3374225,1.3580735,1.3599036,1.359381,1.3368994,1.2867086,1.2082853,1.0948329,0.9526255,0.7850609,0.63657945,0.5134548,0.28890276,-0.0080602905,-0.3047618,-0.60172474,-0.8984262,-1.0772313,-1.159053,-1.163497,-1.1912066,-1.1760447,-1.164804,-1.128468,-1.0814139,-1.0189366,-0.9533225,-0.8816959,-0.80431825,-0.7235422,-0.64381194,-0.56669563,-0.49010208,-0.42082828,-0.3523386,-0.2958738,-0.23888616,-0.19078654,-0.14503965,-0.10791924,-0.07811835,-0.05485284,-0.044919167,-0.04282796,-0.05067019,-0.06844632,-0.09040476,-0.12072848,-0.16621384,-0.20620981,-0.25613934,-0.31652528,-0.37586552,-0.42370373,-0.46082413,-0.46265405,-0.4846125,-0.6004177,-0.7049821,-0.7904635,-0.87594485,-0.96142626,-1.0471691,-1.1323891,-1.2178705,-1.3033519,-1.3890947,-1.4743147,-1.5597961,-1.6212277,-1.5341779,-1.564763,-1.519016,-1.5109123,-1.504377,-1.4881694,-1.4667337,-1.4405926,-1.4225553,-1.410269,-1.388572,-1.3692274,-1.344132,-1.3198209,-1.298908,-1.2696298,-1.2413976,-1.2144722,-1.1846713,-1.1663724,-1.1472894,-1.1308206,-1.1127833,-1.0986671,-1.0874263,-1.0774928,-1.072526,-1.057887,-1.0683434,-1.0767084,-1.099974,-1.1148746,-1.1491195,-1.1763062,-1.1888539,-1.2089826,-1.2432274,-1.2649245,-1.28819,-1.316161,-1.3224349,-1.3551114,-1.3624308,-1.41785,-1.4034724,-1.4168043,-1.4502649,-1.476406,-1.496796,-1.506991,-1.5020243,-1.5501239,-1.576788,-1.5177089,-1.6395265,-1.0628538
653,ja_b_000,0.0925223,0.907478,0.0,-1.5957705,-1.56372,-1.5319442,-1.4990112,-1.4653219,-1.4321594,-1.3992491,-1.3684365,-1.336957,-1.3052974,-1.2704653,-1.2272031,-1.174123,-1.1211376,-1.0782785,-1.0403395,-1.0082476,-0.9862531,-0.9645263,-0.9312314,-0.89654905,-0.89191425,-0.8543004,-0.810916,-0.77789843,-0.7516337,-0.72317725,-0.69991505,-0.65867436,-0.5622193,-0.40058407,-0.24972923,-0.10425989,0.008368683,0.087561205,0.15404323,0.21047601,0.26631236,0.31730765,0.371956,0.42223188,0.4730339,0.5268892,0.57084674,0.6109949,0.6525958,0.6949096,0.7368097,0.7788804,0.81947047,0.86963606,0.9088271,0.9436322,0.97263634,1.0161626,1.02808,1.0335876,1.0425248,1.0600241,1.085464,1.121545,1.1638364,1.2101082,1.2608873,1.3036989,1.3529763,1.3947804,1.431049,1.4673753,1.5020705,1.5443165,1.5725929,1.6325389,1.6480947,1.5880572,1.5147169,1.464405,1.4515039,1.4588674,1.4656371,1.4776459,1.502502,1.5381627,1.5839647,1.6295676,1.681916,1.7285309,1.7669207,1.7977072,1.8274373,1.8473626,1.8472099,1.8224626,1.7793173,1.7262257,1.7273284,2.0182858,4.60074,1.1591213,5.642133,3.1278555,0.45621565,0.45309222,0.39852872,0.3588116,0.33233464,0.34542787,0.37558237,0.39686745,0.41682503,0.4700105,0.5280403,0.58810365,0.6439094,0.690711,0.73051536,0.7743897,0.8169309,0.85401773,0.90328425,0.96751696,1.0330318,1.0937166,1.1462297,1.1840856,1.1998876,1.1931891,1.1704557,1.1413918,1.1084045,1.0744098,1.0447136,1.0048842,0.9932579,0.9920103,0.97320056,0.9508934,0.93867123,0.94100356,0.9796837,1.0751376,0.36704648,3.8877938,4.0100436,5.328803,-1.7524561,2.2599676,2.0301251,-1.7524561,-1.7524561,1.9008946,-1.7524561,3.5944428,1.2296083,-0.2504601,-0.1235836,-0.069965266,0.00927236,0.08044596,0.14195596,0.16067562,0.17692089,0.16982305,0.13611332,0.08071123,0.013347847,-0.045658424,-0.08982677,-0.10818673,-0.1161304,-0.1026907,-0.08865794,-0.06176206,-0.025841333,0.0065657697,0.04907774,0.08123885,0.110528484,0.1355823,0.16115813,0.17320696,0.18568256,0.17350893,0.1242885,0.034417324,-0.061903812,-0.13599622,-0.18506321,-0.20561418,-0.20381407,-0.24085315,-0.27725545,-0.31628945,-0.33297795,-0.32610697,-0.30035257,-0.30339888,-0.31621125,-0.2961421,-0.300445,-0.31778583,-0.36004773,-0.4179055,-0.45485365,-0.56172025,-0.75931317,-0.74536115,-0.56808513,-0.5128711,5.037418
663,ja_c_080,0.0261438,0.973856,0.0,-1.5326763,-1.4901611,-1.4444531,-1.397576,-1.3502173,-1.3039497,-1.2581947,-1.2133572,-1.1709607,-1.1284453,-1.0863833,-1.0425963,-0.9956208,-0.9483366,-0.9026123,-0.8565841,-0.81201184,-0.7691163,-0.72528076,-0.6883026,-0.64042264,-0.57077265,-0.5314975,-0.48533562,-0.43262354,-0.38170326,-0.329331,-0.2809911,-0.22686912,-0.15646106,-0.06632567,0.021741422,0.09958246,0.1744902,0.24528389,0.30582592,0.3483262,0.4133302,0.46556726,0.51525533,0.56498367,0.61340684,0.6587545,0.706809,0.7526178,0.8019137,0.8467736,0.89017606,0.9319184,0.9736322,1.005132,1.0428603,1.0805681,1.1113101,1.1169571,1.1496363,1.1815618,1.2185532,1.246439,1.2857767,1.325126,1.3665224,1.4097737,1.4442041,1.4858483,1.5171843,1.5521814,1.5827141,1.6176741,1.6456871,1.6735946,1.6849195,1.6923037,1.7180243,1.7169858,1.7035004,1.7053788,1.7075307,1.7175369,1.7300744,1.7425852,1.7637798,1.795421,1.8384315,1.8841206,1.9260072,1.9609183,1.998693,2.0325315,2.0618849,2.084249,2.092444,2.0864072,2.0592184,2.0196178,1.9564092,1.985799,-1.7524561,4.857986,4.8173943,1.4064273,0.87453693,0.9877802,0.9568128,0.87488097,0.867028,0.8762445,0.88528526,0.9281237,0.97241265,1.0227544,1.0819145,1.1410255,1.1901426,1.2293832,1.2604564,1.2941397,1.3256482,1.3590065,1.4026464,1.4603015,1.5237566,1.5803977,1.629215,1.6626385,1.6788437,1.6620278,1.6301947,1.5940801,1.5536073,1.5165347,1.48517,1.4438751,1.4359094,1.4500932,1.4452902,1.4268726,1.4141258,1.4158492,1.421174,1.4099168,1.5146018,0.2808455,-1.7524561,-1.7524561,0.67469704,-1.7524561,-1.7524561,0.3996361,-1.7524561,4.5006714,1.8628781,3.5194993,0.014830565,0.27569994,0.36499977,0.4788839,0.59081274,0.654204,0.7361604,0.74465567,0.72811556,0.66389734,0.6056212,0.51370764,0.41680843,0.31797305,0.25899974,0.2420728,0.22782947,0.23569928,0.24701458,0.2804872,0.3179992,0.3646083,0.40588367,0.43936822,0.4670348,0.49710235,0.5220297,0.53315103,0.55049396,0.5294914,0.48229596,0.36842144,0.25319064,0.16142152,0.10849033,0.095704466,0.093303345,0.049679104,0.008896189,-0.03345814,-0.02662406,-0.037295114,-0.0078947,0.005873025,0.0017359529,0.028982641,-0.02812045,0.028986499,-0.06699177,-0.13825068,-0.24268575,-0.26022604,-0.35106367,-0.44151247,-0.11751273,-0.7396609,1.1438818
665,ns_a_040,0.365551,0.634449,0.0,-1.6596999,-1.63205,-1.602952,-1.5766823,-1.5557407,-1.5334742,-1.5128849,-1.4960662,-1.4798716,-1.461758,-1.4352258,-1.3925799,-1.3267958,-1.2565459,-1.2083429,-1.1724926,-1.1507003,-1.1506993,-1.1579267,-1.154794,-1.1192579,-1.1064945,-1.1183056,-1.0890136,-1.0794199,-1.0871952,-1.084233,-1.0901896,-1.0672739,-0.95436,-0.710279,-0.45664605,-0.23376594,-0.038380627,0.112659894,0.20894328,0.25803867,0.33329034,0.38874757,0.43646026,0.48791435,0.5391216,0.58211625,0.6335105,0.6967111,0.7530184,0.80493337,0.85554135,0.9049733,0.9524955,0.97383016,1.0162748,1.0604848,1.097962,1.0520293,1.0697298,1.0731685,1.1203187,1.1570091,1.21699,1.2746321,1.3099647,1.3550394,1.4132129,1.4532874,1.5041282,1.5366437,1.5679293,1.6017137,1.6184486,1.6247087,1.6222265,1.5926533,1.5925486,1.5024983,1.4099597,1.3867581,1.3751549,1.3750125,1.3824993,1.391394,1.4217658,1.460075,1.5100595,1.5604656,1.602329,1.6290445,1.6606344,1.6753306,1.6714904,1.6403805,1.5819426,1.5066173,1.3860025,1.255148,1.0686687,1.3461654,4.0699058,-1.7524561,5.894241,-1.0308698,-0.40651086,-0.26811492,-0.37213722,-0.37480888,-0.32924885,-0.38688856,-0.36849284,-0.29974243,-0.2298924,-0.20776674,-0.14434317,-0.08222316,-0.02067005,0.036754873,0.09361069,0.15018383,0.19527209,0.25573653,0.3050523,0.36070776,0.43058386,0.49065775,0.5383508,0.57645833,0.60105056,0.5982679,0.58610886,0.5747814,0.55178714,0.5325913,0.5040775,0.46210283,0.44298407,0.4315615,0.40126023,0.35159618,0.31173858,0.29268622,0.24150324,0.054202866,0.21820466,0.42235202,5.0520706,0.7955715,-0.043131094,-1.7524561,3.1926637,5.3966155,-1.7524561,-1.7524561,-1.7524561,3.8070781,-1.1827952,-1.3196234,-1.2504077,-1.2219379,-1.1189231,-1.0814059,-1.0041504,-0.9929098,-0.98719704,-0.98789775,-0.94143593,-0.94257885,-0.9442444,-0.9661557,-0.9791618,-0.9674597,-0.9514014,-0.9305573,-0.9073113,-0.90101564,-0.87073404,-0.8480778,-0.81749487,-0.7973147,-0.7721292,-0.75169575,-0.7376139,-0.7206473,-0.7159081,-0.7171195,-0.74811643,-0.8006345,-0.86600065,-0.90685034,-0.93999946,-0.9513461,-0.94631755,-0.9794368,-1.0232509,-1.0433749,-1.05069,-1.057269,-1.09315,-1.0832355,-1.0739931,-1.1297668,-1.0895708,-1.0993713,-1.0559713,-1.2759346,-1.2204535,-1.3071278,-1.4871786,-1.430575,-1.2314115,-0.70060253,-1.7524561
689,SSC_SALE06_20110405,0.342892,0.657108,0.0,-1.3701215,-1.356438,-1.3379387,-1.3203514,-1.3060254,-1.2963694,-1.2897733,-1.2854999,-1.2808323,-1.2761524,-1.2664253,-1.2362672,-1.1620222,-1.0596876,-0.99095386,-0.9489,-0.94254285,-0.9815616,-1.0291306,-1.0557057,-1.0633376,-1.0806211,-1.107882,-1.1118648,-1.1263231,-1.1580719,-1.1817433,-1.2050841,-1.1999445,-1.1087823,-0.80243856,-0.42902613,-0.06160652,0.22532517,0.3935692,0.47675237,0.5177994,0.5408911,0.5604682,0.58098197,0.5996536,0.6200999,0.6388748,0.6552067,0.6727997,0.6905159,0.70841974,0.7252618,0.7411905,0.7557622,0.7682637,0.78073704,0.79149586,0.8050058,0.7829698,0.77485245,0.74469304,0.73783386,0.74597245,0.76416516,0.79004705,0.8318256,0.86247164,0.9001615,0.9287244,0.9578437,0.9796096,0.9970738,1.0099757,1.0152636,1.023195,1.0233701,1.012357,0.97561675,0.8927026,0.7830689,0.720418,0.6943159,0.68097687,0.6685876,0.6743649,0.6913657,0.72231346,0.75712836,0.7907854,0.8229606,0.8464639,0.86051095,0.86342967,0.8570921,0.8340326,0.78986216,0.7240675,0.6411447,0.54953945,0.50323653,0.8255245,0.58249557,0.024652401,-0.21071792,-0.46939465,-0.67152876,-0.75592107,-0.79238474,-0.8206288,-0.83369684,-0.83041984,-0.8091173,-0.77249575,-0.7279447,-0.67899036,-0.6217863,-0.5631632,-0.50581354,-0.44674838,-0.39153317,-0.33782881,-0.28758925,-0.23832698,-0.1940502,-0.14945309,-0.105523266,-0.068915516,-0.037626646,-0.0095485,0.007971828,0.01676553,0.01353272,-0.0033880004,-0.033413384,-0.065021165,-0.09205809,-0.11767692,-0.13943645,-0.15289181,-0.18071404,-0.20426457,-0.21721825,-0.22378425,-0.21953885,-0.21443628,-0.23845962,-0.29222974,-0.49537948,0.81339633,-1.7524561,1.9274259,1.5436754,-0.32084745,-0.82802,0.34857023,-0.95016176,-1.277825,-1.2459198,-1.2136525,-1.1791335,-1.1560925,-1.1254584,-1.0952913,-1.0723288,-1.0423485,-1.0086803,-0.9918946,-0.97765225,-0.964814,-0.9544711,-0.9383397,-0.9215001,-0.9069935,-0.89029366,-0.8640714,-0.84588355,-0.8200311,-0.7998135,-0.77815926,-0.7631645,-0.7428893,-0.7237784,-0.7092374,-0.68896997,-0.676185,-0.6733818,-0.668524,-0.6934354,-0.7244375,-0.77352905,-0.819086,-0.8590432,-0.88142663,-0.91478467,-0.9502302,-0.9659052,-0.97532046,-0.9844269,-1.019342,-1.0377564,-1.0523571,-1.0588651,-1.0833862,-1.0881474,-1.1159002,-1.1527975,-1.1868366,-1.2290392,-1.2619423,-1.3090097,-1.3296598,-1.2463223,-0.880381,1.1017658
710,SSI_ARCA04_20110410,0.243871,0.756129,0.0,-1.5641803,-1.5491225,-1.5304364,-1.5082458,-1.4875208,-1.4684597,-1.4529399,-1.4430966,-1.4359629,-1.4301888,-1.4199396,-1.3998828,-1.3566611,-1.2979563,-1.2556949,-1.2293205,-1.2222131,-1.2401432,-1.2671882,-1.2767142,-1.2780809,-1.2858943,-1.297848,-1.3000814,-1.3058525,-1.3225594,-1.3345251,-1.3472499,-1.3427337,-1.2844064,-1.1047378,-0.8799515,-0.6538213,-0.46107772,-0.3353064,-0.27197877,-0.24561132,-0.2188912,-0.20069332,-0.18544768,-0.16728298,-0.1514743,-0.13862054,-0.122301765,-0.10208373,-0.086493574,-0.06991374,-0.054096404,-0.040044945,-0.026442109,-0.02471492,-0.010614963,0.007633051,-0.0029093425,-0.0027911973,-0.012661412,-0.021275152,-0.006997918,0.0024658593,0.022377957,0.042522255,0.071365364,0.100190595,0.12913865,0.1570061,0.17756186,0.20148657,0.22146083,0.23613657,0.24749956,0.25115025,0.25038224,0.2304324,0.20697875,0.1633572,0.093742855,0.071019575,0.070400804,0.068299785,0.0685626,0.07887735,0.09824453,0.12800884,0.16131625,0.19363604,0.22098102,0.24611008,0.26406723,0.27610755,0.27803782,0.26647758,0.2365631,0.18944475,0.12172962,0.053373158,-0.011511746,-0.06158408,-0.2321534,-0.2966633,-0.5722278,-0.7523319,-0.84006625,-0.8925903,-0.9199058,-0.9409088,-0.9401895,-0.93397975,-0.9220589,-0.8911998,-0.85214853,-0.81180567,-0.7658629,-0.72015154,-0.674512,-0.63135666,-0.5875182,-0.54671824,-0.5067329,-0.4669179,-0.42867145,-0.39080125,-0.35363108,-0.3202685,-0.2904314,-0.2641079,-0.24769692,-0.24088107,-0.24102797,-0.24606907,-0.25862238,-0.2776445,-0.29757538,-0.31971356,-0.3390577,-0.3452583,-0.36411119,-0.38679576,-0.40197483,-0.4096878,-0.413789,-0.4339603,-0.41619408,-0.49647996,-0.48583928,-1.7524561,-0.5717961,0.42877254,-0.10405959,-0.98091537,-1.0969483,0.4173399,-1.1740725,-1.267465,-1.2056319,-1.1822214,-1.1729306,-1.1356897,-1.1062064,-1.0849776,-1.0617878,-1.0350224,-1.0123492,-0.9934086,-0.98860615,-0.99129546,-0.9865582,-0.982886,-0.9804921,-0.97074765,-0.95821095,-0.94944346,-0.9356515,-0.9188556,-0.90433896,-0.88537997,-0.87345856,-0.8584217,-0.8442613,-0.83002824,-0.81602347,-0.8039817,-0.8038742,-0.8071059,-0.8147894,-0.84890276,-0.8821328,-0.9195801,-0.94933736,-0.96334904,-0.98876697,-1.0160809,-1.0328926,-1.0379024,-1.0340332,-1.0553497,-1.0700349,-1.0786676,-1.0940219,-1.083553,-1.1022968,-1.1199067,-1.1447258,-1.1702629,-1.1919801,-1.2337486,-1.259606,-1.2731243,-1.3075347,-1.1281737,-0.8220267
734,SSI_BAPI04_20110507,0.85202,0.14798,0.0,-1.6649295,-1.6435876,-1.6229439,-1.6026297,-1.5828278,-1.5649679,-1.5503538,-1.5423964,-1.5335021,-1.5260991,-1.5105604,-1.4750124,-1.3976392,-1.2961545,-1.2326642,-1.1987702,-1.196557,-1.2351898,-1.2843845,-1.306731,-1.3158766,-1.332812,-1.3584448,-1.363746,-1.3787236,-1.4091088,-1.4318188,-1.4557546,-1.4506065,-1.3616831,-1.0718673,-0.6593028,-0.15952069,0.32085645,0.65367347,0.8310223,0.90389824,0.9563832,0.9880464,1.0163337,1.0459958,1.0732688,1.1015954,1.1218126,1.1438241,1.1650407,1.1903207,1.2145846,1.2329468,1.2523118,1.2584914,1.2772577,1.2981235,1.3054922,1.2716631,1.2409236,1.1764841,1.1622779,1.1661843,1.1967803,1.2409846,1.2341348,1.2844462,1.3418508,1.3883678,1.4363936,1.4673555,1.490851,1.5051316,1.508029,1.5022808,1.4955199,1.4766656,1.3655078,1.2107918,0.9989179,0.89660734,0.8581142,0.83101416,0.80616856,0.8108135,0.83719647,0.8877645,0.94272536,0.9921302,1.0347284,1.0674434,1.0866392,1.0898395,1.0727668,1.0282396,0.94988024,0.8328355,0.69235784,0.55134004,0.4832049,0.588382,0.10944847,-0.048820883,-0.38036695,-0.78671324,-0.95066756,-1.0311592,-1.0707235,-1.0957116,-1.1010113,-1.097186,-1.0756451,-1.0396389,-0.99352443,-0.9458426,-0.8886049,-0.83110726,-0.77213395,-0.7152078,-0.65993166,-0.6061042,-0.5551109,-0.5051693,-0.45657453,-0.41063693,-0.3666199,-0.3296596,-0.2973093,-0.2701312,-0.25063384,-0.2491336,-0.2582045,-0.2820377,-0.32137367,-0.35865417,-0.39490643,-0.42466232,-0.44660556,-0.45982814,-0.48820195,-0.51983577,-0.5396989,-0.5467375,-0.5495807,-0.57587975,-0.48981848,-0.4604308,1.2979131,-1.7524561,-1.7524561,-1.7524561,-1.7524561,0.45934469,-0.8470045,-1.7524561,-0.91697437,-1.3470341,-1.420813,-1.4136934,-1.4029737,-1.3824934,-1.3682306,-1.3521625,-1.3369559,-1.3139359,-1.2955339,-1.2797214,-1.2742027,-1.2679545,-1.2634825,-1.2479633,-1.2372692,-1.222354,-1.2078047,-1.1899893,-1.1746306,-1.152792,-1.1379315,-1.1254832,-1.1082995,-1.0935185,-1.0795084,-1.0641341,-1.0542558,-1.0406964,-1.0438901,-1.0450764,-1.0678918,-1.1066738,-1.1349623,-1.1689106,-1.2024215,-1.2217973,-1.2393789,-1.2569904,-1.2756809,-1.2777821,-1.2963933,-1.3103269,-1.3263781,-1.3276691,-1.3329754,-1.3638455,-1.3766559,-1.3950897,-1.4095439,-1.4337739,-1.4474256,-1.4566731,-1.4563813,-1.4486723,-1.4576749,-1.0634886,0.8259036
765,SSC_SALE08_20110510,0.589119,0.410881,0.0,-1.3234595,-1.3020338,-1.2787889,-1.2548192,-1.2340411,-1.2184391,-1.2090217,-1.2013918,-1.1939229,-1.1873356,-1.1773148,-1.153006,-1.1005567,-1.0288279,-0.979898,-0.9484055,-0.9400269,-0.9621375,-0.9902254,-1.0032407,-1.0039945,-1.0127667,-1.0265197,-1.0249122,-1.0289583,-1.0480764,-1.0632762,-1.0788529,-1.0734466,-1.0046995,-0.7876177,-0.51316637,-0.23256603,0.004427936,0.15595086,0.23425722,0.2623368,0.29872856,0.31860268,0.33794323,0.35744548,0.37668577,0.39427012,0.41090584,0.42885923,0.44724527,0.46619222,0.48446536,0.5005523,0.5153402,0.52645963,0.5401159,0.55219054,0.56229705,0.55155575,0.5471485,0.52815366,0.52786124,0.5401388,0.55866295,0.5812975,0.6144079,0.64538205,0.67973393,0.71175116,0.7377198,0.7672232,0.7839453,0.7991336,0.8113529,0.8165943,0.8200992,0.8156641,0.7887618,0.7176003,0.6314652,0.5907917,0.5763027,0.5657603,0.56017417,0.5691534,0.595309,0.63249874,0.671988,0.7078504,0.73935163,0.7640761,0.7842693,0.79388124,0.7944092,0.779169,0.74520373,0.6893083,0.61802495,0.53878576,0.47914636,0.4167313,0.3677939,0.09612224,-0.13181767,-0.3543957,-0.4790677,-0.54417616,-0.57764506,-0.59642583,-0.5998307,-0.59414136,-0.5760499,-0.5421169,-0.49900925,-0.4532314,-0.4020406,-0.34992942,-0.30029693,-0.2512413,-0.20459306,-0.15939295,-0.117802545,-0.07539037,-0.034991693,0.006209698,0.045939002,0.08157658,0.11128025,0.13707109,0.15550621,0.15636161,0.14857069,0.12633167,0.09227977,0.05789517,0.030470502,0.005748452,-0.013593954,-0.014239021,-0.03101834,-0.050224487,-0.05154652,-0.05299173,-0.05356411,-0.08679776,-0.076784976,-0.16778268,-0.11250576,1.5913643,1.3011782,-0.5483807,0.66713595,-0.77429533,-0.76738757,-0.9780204,-1.1305653,-1.0250335,-0.95863634,-0.93675977,-0.9157312,-0.86779666,-0.836409,-0.8085093,-0.7910321,-0.76459485,-0.73592097,-0.7178618,-0.71250516,-0.7136269,-0.71450067,-0.7110589,-0.70684755,-0.6939074,-0.68211895,-0.66815186,-0.65371203,-0.6387303,-0.62167645,-0.60603464,-0.5847272,-0.5690926,-0.5595394,-0.5444286,-0.52751184,-0.51794887,-0.5053031,-0.507937,-0.53676397,-0.57746863,-0.63089204,-0.67994744,-0.71942794,-0.7491327,-0.77730894,-0.8053938,-0.8186428,-0.8148383,-0.8371735,-0.8444563,-0.85861975,-0.8597609,-0.86997455,-0.8889662,-0.8820024,-0.9181911,-0.98400784,-0.98835725,-0.9930602,-1.0690427,-1.1057804,-1.105894,-1.11565,-1.1267506,-0.58516544
777,SSC_BAPI08_20110511,0.681135,0.318865,0.0,-1.6442358,-1.6273367,-1.6091753,-1.5901399,-1.5714337,-1.5541959,-1.5409676,-1.5322943,-1.5241652,-1.5169697,-1.5038592,-1.4731106,-1.4108714,-1.3283762,-1.272396,-1.2387638,-1.2318888,-1.256493,-1.2915825,-1.3080308,-1.3099637,-1.3225708,-1.3428507,-1.3451614,-1.3529519,-1.3780115,-1.401227,-1.4273076,-1.4231802,-1.336222,-1.0816401,-0.76418465,-0.43112785,-0.13946252,0.055543713,0.15963088,0.19610518,0.2473107,0.27643195,0.30338448,0.3303901,0.35588306,0.37883762,0.4009059,0.42393616,0.4455854,0.46781284,0.4886646,0.50880396,0.52738893,0.5404188,0.5587779,0.5784767,0.57510185,0.5661831,0.5431788,0.500564,0.49178967,0.50013185,0.51961493,0.54857326,0.5901915,0.63394475,0.67878807,0.7197086,0.7564884,0.78566855,0.8077469,0.82006925,0.82813543,0.82743824,0.8209932,0.8068683,0.748677,0.6299755,0.4767748,0.3999098,0.36708948,0.3499529,0.3366068,0.33719298,0.35853812,0.39434445,0.43695995,0.47488844,0.50728875,0.5330171,0.5507896,0.55461794,0.5412384,0.50478446,0.44569805,0.358547,0.25347647,0.14784499,0.09252822,0.124080025,0.17966896,-0.300463,-0.5909146,-0.8485452,-0.9719757,-1.040301,-1.0778382,-1.0968916,-1.1063529,-1.1077636,-1.0923064,-1.0635227,-1.0300325,-0.9948278,-0.95054305,-0.9056246,-0.859157,-0.8130407,-0.767617,-0.72455263,-0.68344355,-0.6418177,-0.60210544,-0.56515193,-0.5292485,-0.4988841,-0.4716436,-0.44836187,-0.4323537,-0.42700398,-0.43105116,-0.44606486,-0.47122723,-0.49516645,-0.52108026,-0.5479254,-0.5652862,-0.57546425,-0.59899116,-0.6248498,-0.6392546,-0.6441784,-0.64272815,-0.6769272,-0.7178485,-0.8303069,0.15076123,-1.7524561,-1.7524561,-1.7524561,-1.7524561,1.8106464,0.30759004,-1.7524561,-0.7131173,-1.1373404,-1.4058453,-1.4022357,-1.3955266,-1.3695107,-1.3497989,-1.3323878,-1.3200141,-1.3098226,-1.2836367,-1.26262,-1.2588662,-1.2543944,-1.2469057,-1.2355247,-1.2261174,-1.2153376,-1.2032561,-1.1909432,-1.1791952,-1.167332,-1.1549911,-1.1466712,-1.1323744,-1.1206751,-1.1137434,-1.1013149,-1.0869243,-1.0849856,-1.0784105,-1.080362,-1.0914581,-1.1212043,-1.1558354,-1.1856358,-1.2086949,-1.2237542,-1.2481923,-1.274342,-1.288367,-1.280422,-1.2878164,-1.3055519,-1.3161367,-1.3325318,-1.3301219,-1.3490887,-1.3539305,-1.3677481,-1.4024637,-1.418688,-1.4338609,-1.4552497,-1.4514545,-1.4531939,-1.4235492,-0.44851798,2.2321708
793,CHC_ADFA01_20110521,0.334992,0.665008,0.0,-1.627672,-1.6124991,-1.5949813,-1.5730923,-1.555057,-1.5430064,-1.5326924,-1.5245763,-1.517542,-1.5113279,-1.498865,-1.4785964,-1.4400259,-1.3868371,-1.3475224,-1.3214966,-1.311282,-1.3218286,-1.3440892,-1.3440777,-1.3398018,-1.3447963,-1.3525056,-1.3478267,-1.3461379,-1.3565305,-1.3639932,-1.372391,-1.3628047,-1.3039424,-1.1296984,-0.8987855,-0.645065,-0.4127598,-0.25380075,-0.16662951,-0.12506561,-0.08992586,-0.064739645,-0.042039156,-0.019731432,0.0017621295,0.020624476,0.039792646,0.060202565,0.07945604,0.09809647,0.113983564,0.13023889,0.14403781,0.15132228,0.16399841,0.1730776,0.18297096,0.16234834,0.16098435,0.14259939,0.14053798,0.14811014,0.16228524,0.18268055,0.25150105,0.28135875,0.31398275,0.34051695,0.36601156,0.38728705,0.4060192,0.42291948,0.43228114,0.4417199,0.44440183,0.4407565,0.4061543,0.3570103,0.27895823,0.24035755,0.22523962,0.21555544,0.21118489,0.21565875,0.2380145,0.27290887,0.31016797,0.345444,0.37314233,0.39848644,0.4187607,0.4318483,0.43403658,0.42317003,0.39630535,0.3539404,0.29417455,0.22545628,0.16802259,0.111255005,0.28531423,-0.34300232,-0.22787482,-0.51350266,-0.65121174,-0.7293954,-0.7764119,-0.7868932,-0.789045,-0.7976548,-0.7816714,-0.7478984,-0.712211,-0.68301266,-0.6475054,-0.61278087,-0.5808531,-0.550953,-0.5229639,-0.4956999,-0.47296506,-0.4465468,-0.42261705,-0.39647445,-0.36900714,-0.3491751,-0.32978466,-0.31549037,-0.31149364,-0.32019278,-0.3267928,-0.3359248,-0.3549323,-0.38181475,-0.41016015,-0.43427792,-0.44801304,-0.44531766,-0.45769638,-0.46919224,-0.47005853,-0.46755397,-0.47080094,-0.52343506,-0.5568902,-0.534374,-1.7524561,0.7556059,-1.7524561,1.4221772,-1.7524561,-0.057744183,1.4719726,1.7396446,2.973839,-1.192165,-1.2986833,-1.2761992,-1.227218,-1.1877247,-1.1558237,-1.1338779,-1.115149,-1.0991025,-1.0609407,-1.036391,-1.0352101,-1.0370113,-1.0379167,-1.0282593,-1.0225208,-1.0180331,-1.0134627,-1.0102773,-1.0032413,-0.9981376,-0.98540044,-0.97979975,-0.97450733,-0.96989816,-0.9537975,-0.94678944,-0.9340401,-0.9209105,-0.9180006,-0.9152039,-0.928928,-0.95615387,-0.986696,-1.022723,-1.0495533,-1.0703338,-1.0993426,-1.115088,-1.1196326,-1.1190058,-1.140765,-1.1531163,-1.1581413,-1.1607695,-1.1931301,-1.174397,-1.2199827,-1.2544011,-1.2940077,-1.2790825,-1.3118851,-1.3764064,-1.3466073,-1.3304441,-1.2209823,-0.24301201,-1.7524561
795,CHC_ADFA03_20110521,0.439277,0.560723,0.0,-1.6002798,-1.5794922,-1.5548224,-1.5231142,-1.4953343,-1.4737767,-1.4545097,-1.438269,-1.4229345,-1.4094703,-1.389906,-1.3601538,-1.3102487,-1.2460405,-1.1968646,-1.1630778,-1.1471041,-1.1531429,-1.1744289,-1.1675705,-1.162232,-1.1647912,-1.1709551,-1.1638155,-1.1601918,-1.1706953,-1.1797345,-1.1922013,-1.1831782,-1.1122526,-0.9201915,-0.678304,-0.41671774,-0.18216403,-0.025675977,0.060276188,0.10070127,0.1380235,0.16447157,0.18829286,0.2108703,0.23180574,0.25505733,0.2730575,0.29003397,0.3072044,0.32506993,0.3398602,0.35391444,0.3659272,0.37691808,0.38789263,0.39900646,0.3853306,0.411284,0.3933091,0.36830458,0.3556566,0.35385603,0.3586884,0.37235188,0.3837981,0.41586512,0.44422373,0.4682333,0.4917623,0.5132968,0.528783,0.547809,0.5590434,0.569282,0.5743752,0.5876844,0.54844075,0.48393807,0.39412054,0.33601785,0.3114822,0.295589,0.28683153,0.2864258,0.304188,0.33854178,0.37506843,0.4103283,0.43754286,0.46148697,0.47941303,0.49026114,0.49028474,0.4762085,0.44676054,0.39841843,0.33435446,0.2588574,0.21509197,0.21526703,0.40486556,-0.15363072,-0.2911564,-0.47486624,-0.67996156,-0.7629076,-0.8107597,-0.83434993,-0.84728396,-0.8496084,-0.83541614,-0.80797374,-0.77476573,-0.7427097,-0.7042067,-0.6653241,-0.6281541,-0.5937965,-0.56179667,-0.5303632,-0.50229466,-0.4724324,-0.4435359,-0.41160116,-0.37822106,-0.3517073,-0.32603732,-0.305649,-0.29382712,-0.29653755,-0.29921973,-0.3090632,-0.33019295,-0.35552046,-0.38258168,-0.40249953,-0.41642758,-0.416504,-0.43141928,-0.44600654,-0.4515159,-0.44916353,-0.44811353,-0.5274449,-0.5280267,-0.6171326,-1.7524561,0.1329976,-1.7524561,0.9032298,-1.7524561,-0.38833869,1.2619,2.6647012,2.5919518,-1.3109113,-1.3468847,-1.3294023,-1.2636539,-1.2302879,-1.197122,-1.1695842,-1.1476921,-1.132482,-1.1099693,-1.0860935,-1.0790379,-1.0783563,-1.0778267,-1.0750966,-1.07409,-1.0686026,-1.0635241,-1.056821,-1.0464644,-1.0362897,-1.0245996,-1.0162175,-1.0025953,-0.9932069,-0.980346,-0.9684249,-0.9571787,-0.94970614,-0.94531745,-0.9397559,-0.9498993,-0.98682934,-1.0208749,-1.0602819,-1.0806586,-1.1047342,-1.1289818,-1.1452203,-1.1587294,-1.1608886,-1.175089,-1.199141,-1.2162241,-1.2026333,-1.2122585,-1.2350839,-1.2547952,-1.2893761,-1.3597072,-1.3382955,-1.365217,-1.3850324,-1.4282116,-1.3987054,-1.3207867,-0.24326526,-1.7524561
803,CHC_ADFA11_20110521,0.357878,0.642122,0.0,-1.6328146,-1.6305943,-1.6237534,-1.6119499,-1.6040787,-1.593753,-1.5880897,-1.5835563,-1.5794219,-1.5754424,-1.5674428,-1.5519253,-1.5184486,-1.4692775,-1.4339585,-1.4117287,-1.4052105,-1.419457,-1.4444891,-1.4490873,-1.4474717,-1.4567647,-1.4663327,-1.4654802,-1.4677036,-1.479987,-1.4899882,-1.5007788,-1.4955931,-1.447868,-1.2886847,-1.0745398,-0.8433107,-0.6450858,-0.519181,-0.45320663,-0.41399595,-0.39585474,-0.37754738,-0.36065716,-0.3428983,-0.32737908,-0.31030574,-0.29648346,-0.28261185,-0.2709559,-0.25563428,-0.24358194,-0.23168129,-0.2210634,-0.2116057,-0.201633,-0.19144434,-0.18718351,-0.18340006,-0.19490807,-0.21155159,-0.22047946,-0.21808851,-0.21050535,-0.19374742,-0.16871756,-0.13991337,-0.120258,-0.09620801,-0.07145114,-0.05353793,-0.033612978,-0.021537619,-0.010330994,0.00085821864,0.0076815477,0.01129462,-0.012313287,-0.06214092,-0.12403059,-0.17003421,-0.18837571,-0.19433896,-0.20076601,-0.19766982,-0.17954147,-0.14868708,-0.114257604,-0.08316038,-0.056112237,-0.031526096,-0.010457903,0.000807852,0.0033510725,-0.0041087917,-0.023495138,-0.060048893,-0.11108883,-0.17211537,-0.21944244,-0.36665848,-0.11352138,-0.1386251,-0.6262328,-0.82700086,-0.9405429,-0.9860904,-1.0249907,-1.0365698,-1.0435364,-1.0447443,-1.0321956,-1.0058523,-0.9745086,-0.94803846,-0.91546714,-0.88189214,-0.8495744,-0.81863153,-0.7896423,-0.76282924,-0.7371194,-0.7095998,-0.6856174,-0.6591251,-0.6319634,-0.60819817,-0.5888766,-0.57326865,-0.5650421,-0.5692982,-0.5749336,-0.581488,-0.59825975,-0.6203274,-0.64506733,-0.66539407,-0.67607164,-0.675277,-0.68544555,-0.69588083,-0.6967473,-0.69446725,-0.69517577,-0.7358538,-0.71615213,-0.74766314,-0.28147748,4.8148513,0.86970687,1.0251018,-0.09926413,0.645437,1.0438209,-1.7524561,2.7016683,-1.2122855,-1.3432167,-1.3487775,-1.306647,-1.2810154,-1.2552663,-1.2366056,-1.2237917,-1.2023958,-1.1690807,-1.1577935,-1.1518795,-1.15269,-1.1513327,-1.149233,-1.1371533,-1.1379727,-1.1333454,-1.1258415,-1.1175342,-1.1125641,-1.1043952,-1.1000046,-1.0873423,-1.0754437,-1.061169,-1.0544181,-1.0386437,-1.0307659,-1.0285586,-1.0224689,-1.0404851,-1.0605726,-1.09434,-1.1240089,-1.1496781,-1.1705292,-1.1927466,-1.2066882,-1.2285717,-1.2240696,-1.2346487,-1.244667,-1.2536007,-1.2622421,-1.2460822,-1.2993503,-1.3059853,-1.3161063,-1.3683412,-1.3500727,-1.4303918,-1.4501096,-1.4269184,-1.4520547,-1.2032971,0.7662906,-0.20802943
811,SSC_ARCA09_20110606,0.392306,0.607694,0.0,-1.5442085,-1.5329639,-1.5148646,-1.4946104,-1.4747319,-1.4559305,-1.4399458,-1.4273455,-1.4167665,-1.4064537,-1.3961432,-1.3779726,-1.3477494,-1.3115377,-1.2847784,-1.265476,-1.2537949,-1.2532276,-1.2546009,-1.2565331,-1.2491728,-1.243746,-1.2435731,-1.2367098,-1.2320343,-1.2383794,-1.2406714,-1.2477813,-1.2398509,-1.1915592,-1.0769807,-0.96041626,-0.86190444,-0.7816076,-0.72574174,-0.6921406,-0.679846,-0.652311,-0.6348966,-0.6186758,-0.60239226,-0.5851586,-0.5722014,-0.55610967,-0.53690857,-0.5206068,-0.50451696,-0.48962075,-0.47429106,-0.45983317,-0.45476776,-0.44037962,-0.42652637,-0.41334084,-0.43693027,-0.42290768,-0.4159766,-0.39490023,-0.3817396,-0.35936493,-0.34276345,-0.3068646,-0.2884525,-0.2702157,-0.2500603,-0.22868581,-0.21333557,-0.19964848,-0.18639179,-0.17426279,-0.16829592,-0.16626479,-0.17128894,-0.16579735,-0.18187153,-0.20984288,-0.20770667,-0.1998468,-0.19355693,-0.1879396,-0.17500088,-0.15921709,-0.13562648,-0.10927575,-0.08215188,-0.058052227,-0.0385156,-0.019328617,-0.0020916741,0.011504033,0.016150964,0.010080563,-0.0040167063,-0.03150296,-0.063969895,-0.09365638,0.24199218,0.72219473,0.3704805,-0.064760916,-0.53978705,-0.6314362,-0.69854593,-0.7274438,-0.7496017,-0.744114,-0.7359213,-0.7271878,-0.6971029,-0.6611234,-0.6223977,-0.5810856,-0.5386736,-0.49909958,-0.4624915,-0.42753908,-0.39458916,-0.3611843,-0.33200535,-0.29762062,-0.26203728,-0.22633354,-0.19308914,-0.16333055,-0.1379604,-0.11990345,-0.11635453,-0.11824673,-0.12083658,-0.13689779,-0.14841783,-0.16678423,-0.18485707,-0.19810161,-0.1985493,-0.20618364,-0.22493427,-0.22735818,-0.23257913,-0.22153282,-0.22971372,-0.15930706,-0.50980043,5.0711813,4.108174,-1.7524561,3.0880373,-1.7524561,3.5559945,-1.7524561,-1.7524561,3.7961662,-0.46415523,-1.0082309,-1.0428861,-1.0013939,-0.9653539,-0.9238514,-0.8922259,-0.85540015,-0.8219906,-0.7931708,-0.7783949,-0.7683783,-0.77785885,-0.78615314,-0.791836,-0.7960928,-0.79124105,-0.7875915,-0.77510804,-0.7671339,-0.7499224,-0.7368526,-0.71740454,-0.699672,-0.68125486,-0.66818607,-0.64916354,-0.6313552,-0.61706245,-0.6148931,-0.6194781,-0.64515954,-0.6857034,-0.7404379,-0.7803533,-0.8064235,-0.8258179,-0.84041214,-0.8724838,-0.8960229,-0.8772086,-0.8999813,-0.92321324,-0.9280684,-0.9301233,-0.9375417,-0.96887815,-0.97167116,-0.97581524,-1.0195705,-1.0455434,-1.085438,-1.0924274,-1.126482,-1.2255365,-1.123594,0.69073933,-1.7524561
822,SSC_SALE08_20110606,0.413881,0.586119,0.0,-1.2769713,-1.263209,-1.2435769,-1.2226808,-1.2016561,-1.1863701,-1.1745569,-1.1646119,-1.15525,-1.145984,-1.1355561,-1.114508,-1.0709633,-1.0102749,-0.96668434,-0.9360983,-0.9234805,-0.9323099,-0.9416718,-0.9535616,-0.946852,-0.9451255,-0.95155764,-0.94613296,-0.94574153,-0.96095705,-0.97188246,-0.98534954,-0.9778502,-0.90538853,-0.71028554,-0.4896024,-0.29367182,-0.13577932,-0.030064179,0.027494783,0.033667553,0.086775206,0.10963825,0.12963215,0.15126711,0.17388873,0.19070625,0.21256664,0.23941588,0.26245388,0.28509057,0.3074671,0.327933,0.34860784,0.35168523,0.3694622,0.3887027,0.40290654,0.36706844,0.37788942,0.37900147,0.4070997,0.4280078,0.4638181,0.49686068,0.49566987,0.5213028,0.5649086,0.5894085,0.61788046,0.64080745,0.6637421,0.6813181,0.68869543,0.6948766,0.6911911,0.6629673,0.63542724,0.58609974,0.5177627,0.49867293,0.49453822,0.4896081,0.48607567,0.49855492,0.523576,0.56034386,0.6022895,0.64090073,0.67205673,0.69962347,0.71793824,0.73352545,0.73633754,0.7241685,0.6927182,0.64164275,0.5721864,0.4971138,0.44031665,0.6086897,0.099070966,0.41764888,-0.3838815,-0.30600753,-0.46217784,-0.513645,-0.52841854,-0.55018175,-0.5465466,-0.53413486,-0.52008456,-0.4844788,-0.43604168,-0.3873033,-0.3372692,-0.2872091,-0.23882551,-0.1919611,-0.14704695,-0.10439194,-0.06606133,-0.026533844,0.011014624,0.04844892,0.08974929,0.12272515,0.15281877,0.17512253,0.19228093,0.19891168,0.19299273,0.17723079,0.14629707,0.1137433,0.08506367,0.061640408,0.044666518,0.042056687,0.027190128,0.0037738716,-0.008175865,-0.013817157,-0.023014376,-0.09597944,-0.106489226,-0.052876037,1.2400796,-1.7524561,4.9446406,-1.7524561,-1.7524561,-1.7524561,0.67348474,3.7188702,1.6194274,-0.77597815,-0.9932419,-0.8924265,-0.8486333,-0.8077492,-0.77121156,-0.73652196,-0.7011713,-0.67498916,-0.6536148,-0.62719035,-0.61500657,-0.6089181,-0.6018978,-0.60667026,-0.59730136,-0.5890674,-0.5732364,-0.56142086,-0.5412906,-0.52803665,-0.50744337,-0.4858034,-0.4771753,-0.45864776,-0.44313273,-0.42815527,-0.413656,-0.40367466,-0.40629384,-0.40238872,-0.4176553,-0.45920843,-0.51233715,-0.5704416,-0.6019998,-0.63039196,-0.65946543,-0.6976872,-0.6929336,-0.7027876,-0.7111207,-0.7368931,-0.74229205,-0.7433806,-0.7626328,-0.81227565,-0.7881705,-0.8349014,-0.85263973,-0.8810005,-0.89657164,-0.9462925,-1.0273873,-1.0288252,-1.089091,0.71532685,1.619089
868,CHI_CECU12_20110609,0.825763,0.174237,0.0,-1.6081543,-1.6030898,-1.596451,-1.5877901,-1.5685598,-1.5557303,-1.5451226,-1.5395622,-1.5351233,-1.5323633,-1.5232335,-1.5024854,-1.4593803,-1.3990594,-1.3518597,-1.3219723,-1.3145063,-1.3310945,-1.3583108,-1.3661206,-1.36721,-1.3771354,-1.3920832,-1.3938473,-1.3980243,-1.4165423,-1.4364327,-1.4601914,-1.4601725,-1.396816,-1.2119485,-0.96755433,-0.6840636,-0.383765,-0.14820924,-0.013869276,0.03375286,0.07875757,0.09884531,0.11272113,0.12759621,0.14059407,0.150811,0.16070694,0.17439029,0.18483557,0.19565935,0.20590867,0.21262087,0.21692902,0.20996043,0.2112307,0.21469839,0.19203916,0.1784362,0.14441901,0.092079826,0.06434081,0.055603664,0.062968634,0.08390221,0.1442463,0.17997898,0.22042523,0.2557431,0.28113905,0.30741054,0.3267338,0.33829427,0.34381473,0.33852378,0.3289242,0.30359906,0.23978119,0.13621055,0.0051029185,-0.07863627,-0.115763225,-0.1338183,-0.15216085,-0.15537871,-0.13851735,-0.104010396,-0.062059116,-0.025386047,0.0042098756,0.025876157,0.04248159,0.047455493,0.040058266,0.0117166005,-0.038579755,-0.115417555,-0.21089414,-0.31295064,-0.39410362,-0.46028367,-0.5551003,-0.71328545,-0.90933394,-1.1058427,-1.2201452,-1.2699972,-1.2999477,-1.3134266,-1.3131214,-1.3149667,-1.306556,-1.2887348,-1.2662034,-1.2442352,-1.2174959,-1.1916847,-1.1654165,-1.1392095,-1.1165092,-1.0936143,-1.072562,-1.0489646,-1.0289907,-1.0088735,-0.98671573,-0.96781135,-0.95078903,-0.9385059,-0.9331286,-0.93514574,-0.93491507,-0.93497574,-0.9449682,-0.9608877,-0.98076415,-0.9999079,-1.0167937,-1.020259,-1.0320581,-1.0451269,-1.0545913,-1.0586313,-1.0619847,-1.0672673,-1.0955198,-1.1495726,-0.8080424,-0.6423223,-0.21058142,-0.7283369,-0.62237716,-1.3580654,-1.4769901,-0.77751976,-1.4485005,-1.5264157,-1.5271778,-1.5245827,-1.4968631,-1.4794154,-1.465703,-1.4523301,-1.4485989,-1.4452173,-1.4329327,-1.4142967,-1.4149616,-1.4103534,-1.4128565,-1.4064736,-1.4010473,-1.3985907,-1.392598,-1.3882655,-1.384123,-1.3774499,-1.3747511,-1.3664551,-1.3608017,-1.3569504,-1.3488617,-1.3396806,-1.3315927,-1.3319468,-1.3257325,-1.3233393,-1.3280227,-1.3402965,-1.3599879,-1.3800279,-1.3946149,-1.4048927,-1.4161049,-1.4317057,-1.4346409,-1.4381003,-1.440833,-1.4474397,-1.4634157,-1.4587251,-1.4777836,-1.489754,-1.4796168,-1.5223145,-1.5226445,-1.5451653,-1.5545996,-1.5669495,-1.5637234,-1.561287,-1.4697485,-1.0486342,-0.6068792
889,SSC_BAPI09_20120113,0.55332,0.44668,0.0,-1.5915545,-1.5736101,-1.554457,-1.5349357,-1.516248,-1.5001432,-1.4877901,-1.4755718,-1.4659599,-1.4570034,-1.4450557,-1.4213742,-1.3848425,-1.3450626,-1.316652,-1.2971259,-1.2905958,-1.2998953,-1.3094338,-1.3109937,-1.3083194,-1.3120341,-1.3172947,-1.3140013,-1.3142146,-1.322953,-1.3310255,-1.3402611,-1.33323,-1.2693394,-1.1190528,-0.92362374,-0.70978993,-0.51980305,-0.39018366,-0.31176743,-0.27158377,-0.22543618,-0.19431126,-0.16198783,-0.1323731,-0.10275053,-0.07406331,-0.045592632,-0.018968103,0.008933117,0.034674883,0.06285073,0.09089627,0.11901005,0.1492223,0.17383356,0.20092133,0.23789787,0.24802355,0.24936697,0.24214831,0.2560357,0.26958862,0.2819739,0.32071996,0.3573347,0.39380363,0.43030363,0.46436805,0.5033104,0.5359615,0.5662948,0.576607,0.5903364,0.5956369,0.60556954,0.6105468,0.5930695,0.5118005,0.42094314,0.36049998,0.33397838,0.31592402,0.30548587,0.3136796,0.34205273,0.3841003,0.43437433,0.47967526,0.5198264,0.55817914,0.59058625,0.60657597,0.611209,0.59485936,0.5568855,0.49509048,0.41626033,0.3301052,0.26784998,0.21736093,0.12876973,0.010963439,-0.24593188,-0.491564,-0.68146485,-0.77703947,-0.8298197,-0.85689265,-0.8713628,-0.8721771,-0.8569459,-0.82917494,-0.7936288,-0.7549495,-0.7113741,-0.66033006,-0.61480594,-0.5697562,-0.5234403,-0.4807782,-0.44064865,-0.39724877,-0.36121526,-0.3247744,-0.2838217,-0.25847375,-0.23794182,-0.21344706,-0.20340763,-0.2105278,-0.22502495,-0.25883132,-0.29573122,-0.33659175,-0.36725074,-0.39411202,-0.41018468,-0.3972135,-0.4044763,-0.41917273,-0.42106387,-0.48010567,-0.46248356,-0.43684554,-0.3885204,-0.3843498,-0.38498107,-0.44889534,-0.2623876,-0.36405918,-0.6439711,-0.85698944,-0.96245056,-1.0178685,-1.1689303,-1.1850436,-1.2064918,-1.2029299,-1.176959,-1.1533091,-1.1404516,-1.1263906,-1.103352,-1.0816988,-1.0233405,-1.0374627,-1.0411255,-1.0440409,-1.0377873,-1.0399708,-1.029714,-1.0286359,-1.0187228,-1.0104197,-1.0078586,-0.9966946,-0.9805259,-0.9778127,-0.96294975,-0.9504226,-0.9413089,-0.9300516,-0.9123606,-0.9015328,-0.8960821,-0.90361863,-0.92417544,-0.97561103,-1.0098931,-1.0526923,-1.0936171,-1.1110542,-1.1233712,-1.1601915,-1.1657009,-1.152614,-1.1692826,-1.1745217,-1.1830401,-1.1966265,-1.1819489,-1.1898867,-1.2091646,-1.1948054,-1.21116,-1.2535138,-1.242655,-1.2348895,-1.246182,-1.2448707,-1.0834134,-0.3921372,0.026821552
890,SSC_BAPI11_20120113,0.591246,0.408754,0.0,-1.6359029,-1.6162105,-1.5942819,-1.5719743,-1.5512991,-1.5337505,-1.5212634,-1.5101932,-1.5013832,-1.4927529,-1.4773972,-1.4449455,-1.3893752,-1.3256558,-1.281509,-1.2538168,-1.2476931,-1.2674596,-1.2920285,-1.3017144,-1.3021717,-1.311443,-1.3228054,-1.3219606,-1.3256147,-1.3423841,-1.35868,-1.3742505,-1.3667159,-1.2805859,-1.0562545,-0.760783,-0.43671152,-0.14694574,0.047247365,0.1588069,0.21876605,0.270423,0.30909356,0.34743363,0.38277394,0.41720948,0.4502268,0.48181638,0.5126529,0.5438528,0.57289416,0.6035194,0.6324134,0.65989697,0.6865312,0.71005136,0.7336893,0.7587992,0.7607164,0.7475935,0.71657234,0.7201172,0.7252104,0.7410276,0.78143305,0.83052844,0.8776966,0.9250281,0.9713142,1.0154961,1.0497336,1.0862297,1.1059507,1.1277248,1.1329757,1.144629,1.139913,1.1029252,0.9864564,0.841331,0.7595048,0.72740364,0.70825547,0.6922036,0.7023657,0.73754567,0.79508394,0.86487824,0.9258204,0.98000646,1.0244364,1.0556699,1.0756072,1.0766294,1.0483204,0.99769855,0.9115584,0.8010999,0.68388337,0.6094266,0.5126225,0.38674295,0.18084434,-0.1707362,-0.43314752,-0.6277844,-0.7413622,-0.7977578,-0.82946527,-0.84423983,-0.8375655,-0.81395113,-0.778945,-0.7324875,-0.68307894,-0.6286566,-0.5625504,-0.5045139,-0.445571,-0.38839838,-0.33328134,-0.28490567,-0.22711581,-0.1804941,-0.1326005,-0.08607802,-0.0535294,-0.026787195,0.007516191,0.022575567,0.018483954,-0.0013223859,-0.049714394,-0.105049044,-0.16383399,-0.21023072,-0.24549353,-0.269707,-0.25147885,-0.26441208,-0.28517914,-0.29553375,-0.33247113,-0.3142951,-0.30579916,-0.2783973,-0.27152336,-0.26273236,-0.2190478,-0.30523917,-0.45605814,-0.5778851,-0.8703516,-0.9722879,-1.1170262,-1.2346866,-1.256411,-1.2597394,-1.2462147,-1.2202681,-1.2172194,-1.1887836,-1.1633571,-1.135655,-1.1067395,-1.0739809,-1.073693,-1.0645578,-1.06183,-1.0507448,-1.0441213,-1.0383087,-1.0299863,-1.0216316,-1.0021589,-0.99330264,-0.97735804,-0.96248716,-0.95801485,-0.9476508,-0.92960644,-0.9157801,-0.90149176,-0.8856456,-0.8756685,-0.8857462,-0.8840857,-0.90514624,-0.95697457,-1.0042344,-1.0569428,-1.1247091,-1.1372883,-1.1575797,-1.1837374,-1.2057884,-1.1828586,-1.2025911,-1.2263262,-1.2195941,-1.2154231,-1.2353681,-1.2198725,-1.2612969,-1.2551013,-1.2679394,-1.2674639,-1.2968832,-1.2779026,-1.349721,-1.1908549,-1.0885472,-0.19125795,0.0803603
907,SSC_SALE09_20120126,0.674967,0.325033,0.0,-1.4154638,-1.4156072,-1.4027731,-1.3858707,-1.371319,-1.361315,-1.3557901,-1.3498788,-1.344937,-1.3423111,-1.335623,-1.3163489,-1.2686306,-1.1927216,-1.1427596,-1.1146668,-1.1136037,-1.1466895,-1.1810566,-1.2034116,-1.2077303,-1.2158954,-1.2323848,-1.2348653,-1.2397765,-1.2548293,-1.264891,-1.2744505,-1.2690108,-1.2221795,-1.0188651,-0.6957414,-0.32795566,-0.0033870654,0.2068987,0.3105424,0.32302558,0.38266432,0.40228906,0.41874713,0.43838003,0.4561252,0.4723928,0.48972663,0.50952244,0.52898145,0.5483622,0.56606203,0.5816577,0.5986874,0.6044463,0.6166357,0.62389386,0.64733034,0.6042495,0.60536945,0.584721,0.587995,0.60570204,0.63760597,0.6670813,0.74475545,0.7970923,0.8236384,0.859814,0.88884854,0.9052664,0.92940426,0.94555545,0.94782466,0.95172846,0.9439334,0.9104155,0.89491844,0.82734287,0.7258854,0.6752648,0.65689486,0.6430694,0.6351942,0.64434713,0.6669308,0.7007278,0.74453974,0.78180915,0.81340593,0.8348715,0.8513676,0.86285424,0.8640006,0.8411202,0.7944454,0.73428553,0.6357388,0.5472006,0.49426663,0.63166314,3.9402342,1.1806808,0.079349585,-0.5443399,-0.77268636,-0.7639345,-0.7968354,-0.8148285,-0.82365924,-0.81850016,-0.7975385,-0.7582143,-0.7089747,-0.6586032,-0.5984735,-0.5376199,-0.47914624,-0.4172194,-0.35936457,-0.30358818,-0.25590774,-0.2053087,-0.15853953,-0.10660655,-0.06586583,-0.021692924,0.014930363,0.042277787,0.06347137,0.07104552,0.06409201,0.04349044,0.002915536,-0.036245365,-0.06561399,-0.095253155,-0.12193237,-0.12920082,-0.15530765,-0.18026951,-0.19258723,-0.19480418,-0.20358035,-0.2731379,-0.5613208,-0.32257953,3.0332997,6.003995,2.519786,5.438699,0.7187357,-0.20198953,-1.7524561,-1.7524561,-0.54306895,-0.30452096,-1.1058793,-1.257641,-1.2396325,-1.1136929,-1.0760347,-1.0475091,-1.0369532,-1.0427855,-1.0030283,-0.96948487,-0.93622494,-0.93536514,-0.94441116,-0.93480235,-0.91619706,-0.90891564,-0.8991218,-0.8760353,-0.8486762,-0.8312294,-0.8061096,-0.7994584,-0.780476,-0.7527612,-0.73259735,-0.7113065,-0.69625664,-0.68386596,-0.69224995,-0.6980649,-0.7048803,-0.7479713,-0.7949064,-0.84531564,-0.87048995,-0.90349275,-0.948014,-0.9829174,-0.98642063,-0.9957255,-1.0124586,-1.0801716,-1.0569652,-1.0383804,-1.0823593,-1.081972,-1.1547322,-1.1839141,-1.2281333,-1.2804822,-1.2802411,-1.3959126,-1.2404258,-1.1688125,-0.15672703,3.2661622,3.2626193
954,SSC_BAPI12_20120223,0.715776,0.284224,0.0,-1.6442844,-1.6333371,-1.6193007,-1.6042709,-1.584945,-1.5716296,-1.5597395,-1.5534929,-1.5452843,-1.5393467,-1.5300844,-1.5072575,-1.4607881,-1.3930928,-1.3473115,-1.3215901,-1.3177608,-1.3392497,-1.3682436,-1.3819966,-1.3836958,-1.3915676,-1.4051898,-1.4052538,-1.4099113,-1.4239453,-1.4368736,-1.4504633,-1.445419,-1.3874943,-1.2007699,-0.9370399,-0.6390555,-0.37325418,-0.19706063,-0.10290549,-0.059625044,-0.024012476,0.00094633095,0.025732186,0.05050694,0.074643984,0.0980343,0.11924016,0.14070942,0.16162778,0.1853376,0.2071856,0.22885853,0.2508158,0.27063593,0.29150265,0.31041268,0.32097635,0.322112,0.3167584,0.28961396,0.29138812,0.30336392,0.32069144,0.3498178,0.41445673,0.45122877,0.49108523,0.52637035,0.567014,0.5924516,0.62001085,0.6389905,0.6584388,0.670266,0.6797269,0.6833561,0.6432257,0.56952834,0.44769892,0.38157704,0.36147317,0.34933332,0.3447842,0.35759273,0.38247874,0.42454198,0.4770471,0.5225493,0.5623494,0.59671855,0.6203238,0.63331836,0.6351954,0.61764234,0.5773493,0.51320374,0.42556006,0.33331463,0.29243544,0.23375098,0.94923425,0.13496867,-0.49133414,-0.6008351,-0.85531086,-0.8807165,-0.912809,-0.93891746,-0.94307303,-0.9419885,-0.924322,-0.8875945,-0.84848434,-0.80641437,-0.75790614,-0.7083477,-0.65446323,-0.6034824,-0.5539526,-0.50587803,-0.4611268,-0.41575775,-0.3745658,-0.3320412,-0.28945458,-0.25539345,-0.22634675,-0.20012376,-0.18630543,-0.18742226,-0.20127425,-0.2320986,-0.2729197,-0.3116063,-0.3428283,-0.37699088,-0.39480886,-0.39030427,-0.40449828,-0.42984134,-0.4305557,-0.43002024,-0.42939597,-0.47269127,-0.38739806,-0.36018398,2.721585,3.276975,-1.7524561,5.954177,5.770788,3.1631918,0.3968511,0.7934584,-0.32409638,-1.1862093,-1.2724706,-1.2695553,-1.280749,-1.2496234,-1.2473035,-1.2159784,-1.1956692,-1.1837811,-1.1645854,-1.1504718,-1.1496601,-1.1367314,-1.1412169,-1.1360856,-1.1196271,-1.1186249,-1.1062797,-1.089264,-1.087214,-1.0665399,-1.0534123,-1.0511699,-1.0341425,-1.020962,-1.0154393,-0.9927041,-0.99068815,-0.978632,-0.97158486,-0.9939331,-1.0167264,-1.0357535,-1.0832065,-1.1134872,-1.1637871,-1.1726617,-1.2099786,-1.2404228,-1.231098,-1.2303022,-1.2614701,-1.2633132,-1.2557905,-1.2500525,-1.2745169,-1.2676058,-1.3026078,-1.2900386,-1.3537627,-1.3588216,-1.3634919,-1.3389779,-1.3607804,-1.3134112,-1.0258498,1.212478,0.028002772
975,CHC_ADFA02_20120226,0.526392,0.473608,0.0,-1.5915956,-1.5871842,-1.5811706,-1.5766578,-1.5723778,-1.5650024,-1.5612978,-1.5577011,-1.5539391,-1.5525271,-1.5477178,-1.5393382,-1.5217816,-1.4960366,-1.4775195,-1.4650897,-1.4606645,-1.4652274,-1.4723005,-1.472909,-1.4710696,-1.469775,-1.4704107,-1.4661198,-1.4637305,-1.4667451,-1.4652117,-1.4663867,-1.4590151,-1.427968,-1.3331759,-1.1993035,-1.0491143,-0.91034627,-0.8153433,-0.7604234,-0.7423111,-0.7054236,-0.6861241,-0.66661936,-0.64702606,-0.6306131,-0.6143886,-0.59766024,-0.58122516,-0.5651496,-0.5490831,-0.5353693,-0.5206517,-0.50837314,-0.49920407,-0.49057373,-0.47980988,-0.46712524,-0.47076085,-0.46848768,-0.47474006,-0.47279257,-0.46833402,-0.45630026,-0.43583682,-0.38788572,-0.36187705,-0.33429813,-0.30945057,-0.29408887,-0.26580963,-0.25676548,-0.23760736,-0.22737664,-0.21732295,-0.21024954,-0.2174702,-0.23322406,-0.26417205,-0.3120153,-0.3404265,-0.35613304,-0.35736462,-0.36484635,-0.35993296,-0.34317026,-0.31174195,-0.2738635,-0.24476597,-0.21471523,-0.19368361,-0.17372781,-0.15673405,-0.14686593,-0.14892606,-0.16132115,-0.18994923,-0.2336152,-0.283776,-0.3266923,-0.39478174,-0.47789502,-0.5255479,-0.68230367,-0.814275,-0.9276912,-0.9912099,-1.0262165,-1.044571,-1.0491004,-1.0449694,-1.035042,-1.0141069,-0.9885531,-0.958528,-0.928124,-0.89538956,-0.8671633,-0.83888584,-0.81143785,-0.78620523,-0.7629172,-0.73932016,-0.7125609,-0.6855413,-0.65856725,-0.6366292,-0.616246,-0.6003778,-0.5952832,-0.6033064,-0.611535,-0.62365794,-0.6450192,-0.67329633,-0.7030339,-0.72506434,-0.7337904,-0.7249208,-0.7304274,-0.7358947,-0.72943515,-0.72043854,-0.715142,-0.6977496,-0.69090307,-0.69421136,-0.6868084,-0.70602643,-0.7317514,-0.8372151,-0.91075736,-0.9860178,-1.1035566,-1.1892403,-1.2875266,-1.2561975,-1.2612462,-1.2424873,-1.2235475,-1.2010165,-1.1683081,-1.1433496,-1.1288044,-1.1321012,-1.1160622,-1.102727,-1.103733,-1.1079818,-1.1236173,-1.1309922,-1.1341912,-1.1277434,-1.1265776,-1.128135,-1.1244732,-1.1202509,-1.110622,-1.1086996,-1.0941224,-1.0833673,-1.074927,-1.0661626,-1.0503201,-1.0407394,-1.0371466,-1.0494516,-1.0606241,-1.0843031,-1.1247323,-1.1652164,-1.1915197,-1.2087235,-1.2319882,-1.2576946,-1.2590065,-1.2416049,-1.2514174,-1.2762376,-1.2853402,-1.2733084,-1.2674414,-1.2904531,-1.2928957,-1.2942107,-1.3228002,-1.3489474,-1.350429,-1.4238495,-1.4583954,-1.4010651,-1.4072363,-1.144638,-0.8198436
980,CHC_ADFA08_20120226,0.507584,0.492416,0.0,-1.5463724,-1.5312301,-1.5229117,-1.5133647,-1.5055561,-1.4975528,-1.4880693,-1.479783,-1.4763907,-1.4711038,-1.4594532,-1.4433696,-1.4177412,-1.3803127,-1.3502606,-1.3270978,-1.315492,-1.3188326,-1.3254819,-1.3275659,-1.3240682,-1.3218217,-1.32503,-1.3193706,-1.3144803,-1.3208027,-1.3244423,-1.3286229,-1.3195668,-1.269789,-1.1274259,-0.95259565,-0.79613936,-0.66060513,-0.56725574,-0.5148306,-0.4972886,-0.45640555,-0.432866,-0.41187552,-0.38983494,-0.37055448,-0.35621062,-0.3349849,-0.3097724,-0.28980538,-0.27266648,-0.2543855,-0.23732877,-0.22303587,-0.2262777,-0.21051201,-0.19404249,-0.19049509,-0.21579431,-0.20287019,-0.19152334,-0.16659643,-0.15624125,-0.12943232,-0.10606538,-0.10649098,-0.09056158,-0.061065342,-0.045032874,-0.01651428,0.004231845,0.01842751,0.036180157,0.048792254,0.059491355,0.050482396,0.022036493,0.0042247167,0.0024951913,-0.027503313,-0.028208561,-0.020663273,-0.019593071,-0.020803973,-0.006003908,0.013733952,0.051725317,0.09228585,0.12821896,0.16179956,0.18841463,0.2107324,0.23128244,0.24478723,0.24771014,0.24029326,0.2149882,0.16956584,0.11582282,0.010702257,-0.22605413,-0.33015183,-0.31914034,-0.40407515,-0.4961843,-0.5792643,-0.6121442,-0.62717366,-0.6419706,-0.63175774,-0.60827744,-0.5996547,-0.5629181,-0.5134239,-0.4640476,-0.41971168,-0.37576678,-0.33431202,-0.29737216,-0.26427126,-0.23470059,-0.20267293,-0.17346346,-0.14028123,-0.10589605,-0.07135193,-0.040618844,-0.011529976,0.0063832346,0.018349448,0.013709528,0.007198566,-0.005729404,-0.027002335,-0.054479472,-0.086934485,-0.105410494,-0.11669705,-0.10080399,-0.10166186,-0.10874439,-0.09784312,-0.09527185,-0.09523247,-0.16817825,-0.18391366,-0.18844724,-0.30831376,-0.35072687,-0.34469947,-0.3524197,-0.43531597,-0.5321569,-0.6405652,-0.7848581,-0.86549056,-0.86602676,-0.8496704,-0.79045206,-0.73068553,-0.69216454,-0.6414144,-0.60300106,-0.57303715,-0.535235,-0.53353995,-0.5234117,-0.528637,-0.5323082,-0.5569409,-0.57414067,-0.5884753,-0.5830338,-0.58952606,-0.5877124,-0.5823862,-0.57269627,-0.57024163,-0.56748366,-0.5417956,-0.5336243,-0.5152807,-0.5082542,-0.4821583,-0.46256757,-0.4512095,-0.4641917,-0.46886876,-0.5226366,-0.58801687,-0.6373679,-0.6873274,-0.7050162,-0.75354004,-0.7767006,-0.76880205,-0.7674674,-0.7785623,-0.8062115,-0.7920994,-0.7769745,-0.7996785,-0.7901025,-0.80245465,-0.8623244,-0.8315403,-0.86785734,-0.90980226,-0.89812744,-0.94070095,-1.0074247,-0.93592465,-0.7701411,-0.62899864
991,CHC_ARGL06_20120226,0.524227,0.475773,0.0,-1.5795982,-1.5713172,-1.5643547,-1.5471652,-1.5174215,-1.4840977,-1.4651476,-1.4569902,-1.4521924,-1.4491467,-1.441792,-1.4235675,-1.3895115,-1.3463266,-1.3131844,-1.2872267,-1.2715802,-1.2692745,-1.2684433,-1.2601233,-1.2383987,-1.2237829,-1.2239046,-1.2130401,-1.2119343,-1.2339668,-1.2528751,-1.2862378,-1.2838833,-1.1657213,-0.87207043,-0.50126094,-0.12379336,0.22548853,0.46666878,0.60479105,0.6530805,0.73812807,0.7850723,0.8270009,0.8681241,0.90697956,0.933826,0.9661272,1.0040929,1.0351673,1.0652186,1.0939165,1.1194733,1.1366813,1.1249844,1.1381694,1.1505969,1.1340107,1.0744692,1.038101,0.96715677,0.9444271,0.93568313,0.96274906,1.0012718,1.0586594,1.1183953,1.1865602,1.2423373,1.3011094,1.3326392,1.3640306,1.3840926,1.3952515,1.3856853,1.3404363,1.2479448,1.1440823,1.0019842,0.79795027,0.687715,0.6315961,0.59891695,0.5703101,0.5624749,0.5807132,0.63761413,0.7071226,0.7629996,0.8089246,0.8411134,0.8624758,0.87317246,0.8574705,0.81655437,0.7377198,0.6236779,0.47686735,0.32340306,0.15017541,-0.11464067,-0.27866772,-0.3660597,-0.6054577,-0.80545956,-0.955122,-1.0270684,-1.0653901,-1.086519,-1.0889455,-1.0794488,-1.0703475,-1.0390732,-1.000553,-0.9605992,-0.9189764,-0.8786218,-0.8393971,-0.8022891,-0.7705761,-0.73941696,-0.7079565,-0.68084353,-0.64946383,-0.6201922,-0.59055716,-0.56839246,-0.54485476,-0.5358693,-0.54151297,-0.5571081,-0.55603,-0.55835176,-0.58013093,-0.61132735,-0.6474738,-0.6797094,-0.69449043,-0.6883896,-0.69894135,-0.71633,-0.7193619,-0.7192569,-0.7245533,-0.8069423,-0.8073585,-0.83784217,-0.87232506,-0.90375894,-0.9155566,-0.95344216,-1.0877767,-1.168746,-1.2358738,-1.3672037,-1.3805768,-1.38466,-1.372334,-1.367362,-1.3372139,-1.3164848,-1.2954489,-1.2765267,-1.2607219,-1.2514429,-1.2307292,-1.2288529,-1.2406436,-1.2450315,-1.2527311,-1.2564617,-1.2585733,-1.259989,-1.2564359,-1.2554727,-1.2548712,-1.2522683,-1.2516918,-1.2448953,-1.2361414,-1.2281117,-1.2127534,-1.2069802,-1.184109,-1.1790649,-1.1772479,-1.1771271,-1.1794207,-1.2051353,-1.2324971,-1.2647715,-1.2856543,-1.3050756,-1.3271582,-1.3398001,-1.3521786,-1.3412511,-1.3438939,-1.3666065,-1.3733824,-1.3586302,-1.379011,-1.3884411,-1.4004359,-1.405033,-1.40036,-1.4236941,-1.4658383,-1.4670764,-1.449765,-1.4858497,-1.4387816,-1.0582051,-0.834842
1049,Resid026,0.0,0.16568,0.83432,-1.3174597,-1.2845935,-1.2479633,-1.205225,-1.1602705,-1.1222656,-1.093838,-1.0680137,-1.0380051,-0.999874,-0.95435816,-0.9053025,-0.8536844,-0.7995464,-0.7437232,-0.68648654,-0.6284244,-0.5731739,-0.5247236,-0.4818539,-0.44159743,-0.41480473,-0.38270894,-0.35183656,-0.32295993,-0.2950683,-0.2736307,-0.2551693,-0.22144763,-0.15415344,-0.08233278,-0.022783695,0.0291889,0.07199419,0.11016143,0.14748634,0.20391667,0.21363707,0.23708244,0.2649049,0.29051122,0.31590393,0.34106103,0.36228022,0.38171238,0.4013703,0.4216261,0.44188818,0.46273294,0.48347017,0.5091447,0.531429,0.5522964,0.5775744,0.6102939,0.6287681,0.645351,0.6560647,0.67268753,0.6885117,0.68469185,0.6729378,0.69595104,0.7106188,0.73005587,0.7493583,0.77037114,0.78859544,0.8028205,0.8232364,0.8386098,0.86664164,0.8879793,0.8885858,0.8849045,0.89252144,0.9051673,0.91486526,0.93054783,0.9437654,0.9611261,0.9749186,0.99086136,1.0008912,1.0191188,1.03711,1.0619811,1.0785106,1.0788997,1.0856926,1.0956178,1.1091743,1.1184291,1.124589,1.1262878,1.0877696,0.87329054,1.1686454,1.0606292,1.1748931,1.1454463,0.9700638,0.9257975,0.91074383,0.9000975,0.88423634,0.8717279,0.8941998,0.9134931,0.9282663,0.94921017,0.97284526,0.99800897,1.0158633,1.0338938,1.051208,1.0702113,1.0897986,1.1097084,1.1201282,1.1425157,1.1623546,1.1727102,1.1851593,1.1949157,1.20317,1.2103956,1.212506,1.2102152,1.2067727,1.2098941,1.2066106,1.2036661,1.2020656,1.2024118,1.2020116,1.1947796,1.1923373,1.2109084,1.2106326,1.2064065,1.2322636,1.273535,0.09237011,-1.0386897,-0.94871616,0.028006395,-1.38251,0.074211136,1.617251,0.55690795,-1.1744138,0.34922698,0.36205235,0.42483997,0.49085945,0.5647041,0.5439442,0.5942858,0.67103326,0.8157263,0.923777,0.8852336,0.84790736,0.849733,0.8946593,0.9245434,0.89453495,0.91863024,0.9200908,0.93668205,0.9794801,0.9902682,0.9848498,0.99619365,1.0016463,0.9741719,0.91577256,0.9170272,0.8894158,0.8599033,0.8642591,0.9250361,0.90663576,0.9131533,0.8546093,0.8400051,0.89207596,0.8709295,0.83781254,0.8106153,0.8509616,0.9096428,0.77544427,0.68774515,0.85856897,0.83088464,0.55057013,0.5144581,0.6765217,0.63436264,0.68375367,0.8293318,0.6948991,0.9120443,0.27527294,0.36686698,-0.93043035,-0.5839602,-0.93561924
1061,Resid040,0.0,0.43787,0.56213,-1.221764,-1.1800888,-1.133288,-1.0809007,-1.026975,-0.98001254,-0.9411165,-0.9044189,-0.8651495,-0.81943655,-0.76874983,-0.71555895,-0.66062516,-0.6042959,-0.54713017,-0.48889843,-0.43116558,-0.37548807,-0.32356176,-0.27430627,-0.23268172,-0.19520652,-0.16640162,-0.118852645,-0.073071875,-0.034470614,0.0006421448,0.032592677,0.074664555,0.14122652,0.21151887,0.26874444,0.3189009,0.366626,0.40982348,0.45108294,0.495765,0.53151757,0.56533027,0.60020846,0.63421726,0.66648906,0.69813985,0.7284932,0.7578818,0.78627974,0.8145916,0.8416505,0.86847824,0.8961492,0.9238368,0.95062834,0.9755118,1.0009874,1.0201256,1.0464116,1.0711317,1.0978183,1.1216751,1.1490879,1.2070441,1.2745813,1.2983371,1.325937,1.3469306,1.3700643,1.3950335,1.4194509,1.4415963,1.4661747,1.4861467,1.505718,1.5350379,1.5735868,1.6007787,1.6182352,1.6314026,1.6417793,1.6532093,1.6676897,1.6837319,1.7030919,1.7260801,1.7487602,1.7680547,1.7889692,1.8136312,1.8389945,1.8549433,1.8700521,1.8864663,1.8944496,1.9027163,1.912993,1.9249103,1.9002819,1.778168,1.6088921,1.8723538,1.8563812,1.7518255,1.6820924,1.6305209,1.5930064,1.5651232,1.5648824,1.571604,1.580089,1.6070446,1.643233,1.6817678,1.7193518,1.7542536,1.7839264,1.8094754,1.8311273,1.8529625,1.8745606,1.8946668,1.9175599,1.9519924,1.9849912,2.009324,2.0382671,2.0598307,2.0732627,2.0795493,2.0813441,2.0733104,2.0720706,2.0691066,2.063506,2.0497751,2.049307,2.056474,2.057087,2.0542653,2.0660048,2.1395676,2.1218412,2.1021194,2.0875816,1.9882299,1.2923447,0.6163522,0.026334599,1.1773039,1.4379748,2.6285098,1.9275053,0.30156687,-0.6023823,0.96479225,1.0357885,1.253706,1.3400306,1.3985817,1.5073197,1.5975429,1.641112,1.6434036,1.7386421,1.7941991,1.8068248,1.7932191,1.7802774,1.747547,1.708847,1.6826326,1.7140788,1.7131479,1.7444001,1.7675046,1.810214,1.8222964,1.8215066,1.792144,1.819119,1.7749964,1.7466801,1.7887387,1.7891704,1.8219666,1.7969853,1.726753,1.6296864,1.6021047,1.5813484,1.5122292,1.542035,1.5244449,1.4854997,1.408215,1.4617298,1.429361,1.3649309,1.4414074,1.2787708,1.1551852,1.0996985,1.1417725,1.6714396,1.8996367,1.1167406,1.1839154,0.3263262,0.4428261,0.43042585,-0.8942889,-1.1851987
1072,Resid051,0.0,0.0414201,0.95858,-1.3571153,-1.32781,-1.2956167,-1.2569882,-1.2163751,-1.1814929,-1.1563222,-1.1340818,-1.1071965,-1.0720192,-1.0294379,-0.9825021,-0.932631,-0.8808064,-0.82690835,-0.7713242,-0.715275,-0.6635691,-0.6194976,-0.5836777,-0.54762375,-0.52225757,-0.4950414,-0.47055846,-0.44635502,-0.4224269,-0.40755218,-0.39574537,-0.36721778,-0.30115727,-0.22778237,-0.17306276,-0.12849218,-0.09246137,-0.060244165,-0.02925995,0.0068987035,0.023060068,0.04642023,0.0691074,0.08942547,0.11012965,0.13029942,0.14728734,0.16329233,0.18023807,0.1970556,0.21342906,0.22983244,0.24676333,0.26742953,0.28563255,0.3013439,0.3206919,0.3446589,0.36111933,0.37540194,0.384266,0.39748192,0.4120396,0.41696665,0.42420027,0.43800935,0.45597422,0.470362,0.48559773,0.50334334,0.5166563,0.5319018,0.5503836,0.5662516,0.57995456,0.5948147,0.6082781,0.6150702,0.6196229,0.6208646,0.63471717,0.64848536,0.66268736,0.6754036,0.68743736,0.70083696,0.7124867,0.7213905,0.7325581,0.7487738,0.7619177,0.7689396,0.778883,0.78971845,0.79632264,0.80488217,0.8079273,0.8081727,0.78489846,0.72033924,0.76175505,0.9105223,0.80120015,0.73175293,0.6414081,0.59505475,0.5815193,0.5715376,0.55821115,0.56094754,0.5793766,0.59629506,0.61924165,0.64390844,0.6697763,0.69272405,0.7143121,0.73585445,0.75567156,0.7713962,0.78674763,0.8011403,0.81286764,0.83045715,0.84609723,0.8558952,0.86861706,0.88071954,0.8903614,0.89674497,0.9020378,0.9019013,0.9018602,0.9041359,0.9034546,0.89648134,0.8911121,0.8936061,0.89040464,0.88315094,0.8803035,0.8770459,0.8822946,0.9182977,0.9380701,0.8576474,1.5185583,0.42472264,-0.12121707,-1.4480261,0.58938444,2.8133812,0.5997071,0.5193726,1.0005794,0.40247017,0.07909039,0.08433622,0.09212996,0.12422387,0.13618027,0.20076871,0.24955371,0.2787715,0.41516396,0.44750538,0.4551688,0.5006549,0.54497,0.55471843,0.5635666,0.5801114,0.6199393,0.6419436,0.67962056,0.70421886,0.7558116,0.75619346,0.7075146,0.6945384,0.6915529,0.6774865,0.6563164,0.64747685,0.62417036,0.65256286,0.6497727,0.6233998,0.6106321,0.61927414,0.6246457,0.5456433,0.56270117,0.5815132,0.5388131,0.5062651,0.59697473,0.5143305,0.51058096,0.4686694,0.38056317,0.25117293,0.46517834,0.7165632,0.83958346,0.97597945,0.5297579,0.47451288,0.66887903,0.2764455,0.9007881,0.025457682,-1.1104866
1073,Resid052,0.0,0.0591716,0.940828,-1.2650764,-1.2281394,-1.1871333,-1.1383411,-1.0872916,-1.0448436,-1.0142481,-0.9870211,-0.9544007,-0.9118431,-0.8610781,-0.8071285,-0.75072664,-0.6922564,-0.63126117,-0.5677564,-0.5034589,-0.44249234,-0.38956243,-0.34426883,-0.30396459,-0.27449405,-0.237618,-0.20779397,-0.17697288,-0.14488131,-0.11798765,-0.09280132,-0.058853302,-0.0025297818,0.0590335,0.1109313,0.15897566,0.19863485,0.23308933,0.26762328,0.30824026,0.32779956,0.35366064,0.37960026,0.40309164,0.42723325,0.45069402,0.4694886,0.4862956,0.5049691,0.52375364,0.5421827,0.5596939,0.5794037,0.6053428,0.62653255,0.6436198,0.6693998,0.7010012,0.71671003,0.72797275,0.73466766,0.74858797,0.7621271,0.7641953,0.7665451,0.78121316,0.79682213,0.8141606,0.8287632,0.848624,0.8688061,0.88541335,0.902903,0.9201887,0.94143754,0.97345555,0.9845635,0.98662794,0.99016505,0.9848419,0.9953415,1.0083672,1.0244018,1.039135,1.0511178,1.0617405,1.0723164,1.0822564,1.0965674,1.1131353,1.1231751,1.1322771,1.1445504,1.1586483,1.1707827,1.18101,1.191866,1.207615,1.2218304,1.1614912,1.2762241,1.3021694,1.2886571,1.1789922,1.1461076,1.102504,1.0804664,1.0833164,1.0679797,1.0646583,1.076589,1.0811771,1.0868343,1.1003786,1.116487,1.1304859,1.1453925,1.1578428,1.1680987,1.1809435,1.1931978,1.203632,1.210531,1.2274735,1.2410979,1.2500784,1.262649,1.271916,1.2829633,1.2888144,1.2939305,1.2943428,1.2949862,1.2955405,1.2966678,1.2914947,1.2880833,1.2914449,1.2888806,1.2853193,1.2981427,1.3413368,1.3343974,1.3314685,1.3931432,1.5131341,1.2795268,-1.4190248,-0.14310585,-0.9990461,-0.026073532,1.7190437,2.178241,2.7000668,2.1817005,1.1776875,1.0318967,0.96631795,0.88510925,0.81731766,0.8320385,0.88408464,0.9261093,1.0208443,1.1150446,1.0848643,1.1135976,1.1371679,1.1620839,1.1669163,1.1588836,1.1711982,1.1717131,1.1755688,1.2112924,1.2353078,1.2726032,1.2494578,1.1981646,1.1744635,1.1315082,1.0869919,1.0761108,1.0705843,1.0536349,1.0875278,1.1310707,1.0928377,1.1012118,1.0397776,1.0811493,1.0359257,1.0342152,1.0248622,0.9860526,0.9960193,1.0429757,1.056675,0.93262607,0.9283782,0.98026353,0.90939134,0.9179071,0.7665171,0.99889916,1.6073731,1.1877344,0.82327497,0.9105153,1.410375,2.2718883,1.4387944,-1.006435
1082,Resid063,0.207101,0.12426,0.668639,-1.3680795,-1.3411568,-1.3106369,-1.2761216,-1.2417105,-1.2132792,-1.1920911,-1.1738642,-1.1533295,-1.1263571,-1.0902319,-1.0402156,-0.96812046,-0.88580036,-0.8150773,-0.7573582,-0.71817195,-0.7022659,-0.69358695,-0.6777417,-0.65996313,-0.64746857,-0.6459155,-0.6288231,-0.61348623,-0.61016905,-0.60496676,-0.59579,-0.56668,-0.47572294,-0.2802833,-0.058611166,0.13529342,0.284528,0.38080227,0.43794158,0.47999406,0.49993128,0.52324015,0.5450055,0.56709856,0.58748126,0.6049897,0.6248839,0.6450254,0.6649444,0.68282837,0.6997473,0.716158,0.73144466,0.74466217,0.75926316,0.7750663,0.775146,0.7760636,0.77891916,0.78086513,0.79616326,0.8137301,0.83665216,0.8683359,0.90836555,0.93470246,0.96056986,0.9825252,1.0045767,1.0220909,1.0361296,1.0492382,1.0565466,1.0649273,1.063489,1.055554,1.0433716,1.0136614,0.9809149,0.97229064,0.9779911,0.9868633,0.9922901,1.0006645,1.016776,1.0341899,1.0493268,1.0632434,1.0798866,1.0932969,1.1073133,1.111065,1.1066962,1.0959324,1.0742855,1.0387934,0.99331117,0.95319694,0.90392506,0.7994066,0.7453215,0.71053654,0.5927014,0.45236817,0.3285477,0.26366454,0.24202748,0.23092858,0.22855026,0.23563828,0.24786438,0.27327555,0.31118232,0.34772906,0.38596702,0.42531815,0.46554598,0.5024475,0.53751856,0.5710887,0.6063747,0.63981485,0.667275,0.7009674,0.7320925,0.7589705,0.77985805,0.8019263,0.8137698,0.82314223,0.83003414,0.8294847,0.82297325,0.8142181,0.8055389,0.7904551,0.77623796,0.7643091,0.74808455,0.7260457,0.7097592,0.6670044,0.67576516,0.639519,0.5990784,0.6434174,-0.75641793,-1.6763865,-1.6913122,-1.7384382,-1.0902545,-1.0291231,-1.0018244,-1.4549732,-0.88379174,-0.42552277,-0.25060123,-0.049354,0.059042264,0.10607788,0.12517208,0.15251961,0.15995517,0.20434882,0.24979492,0.27309817,0.27064645,0.28307542,0.284341,0.28716436,0.30766016,0.32573792,0.31386986,0.3333997,0.37050644,0.37911084,0.3915417,0.40778285,0.40281352,0.40282893,0.3808032,0.35664314,0.36314592,0.3287314,0.34579876,0.3686631,0.3896016,0.3559901,0.3209401,0.307914,0.24510205,0.23103447,0.2285533,0.16944033,0.19150184,0.1974985,0.15100394,0.1394659,0.06677967,0.1477681,0.20754762,0.08681529,0.017477674,-0.046136964,-0.07620593,-0.016255086,-0.2630362,-1.1252133,-0.96691895,-0.41252762,0.47744253,-0.5691297,-1.5421873
1094,Resid075,0.0,0.112426,0.887574,-1.2079623,-1.1718267,-1.129844,-1.0764803,-1.0146348,-0.96311706,-0.92800426,-0.89851344,-0.8640007,-0.816502,-0.75680196,-0.69132316,-0.62146306,-0.5437153,-0.45379,-0.3481563,-0.23070668,-0.11210481,-0.006369913,0.08196222,0.1415092,0.19131638,0.21987131,0.26238024,0.30567634,0.34177294,0.37872472,0.41394863,0.45636663,0.51358145,0.56965685,0.62047803,0.67045057,0.7141312,0.7525505,0.78946114,0.8317003,0.85844046,0.88176566,0.90493804,0.9257861,0.9463681,0.9645606,0.9769889,0.9884671,1.0020462,1.015559,1.0291507,1.0444988,1.0640224,1.0865954,1.106231,1.1248051,1.1576554,1.1823874,1.2038283,1.2174255,1.2339873,1.2518783,1.2742343,1.3262823,1.389532,1.408897,1.4317403,1.454854,1.4792366,1.4966223,1.5171239,1.5362014,1.5561008,1.5842826,1.6173077,1.6625466,1.7002451,1.7158455,1.7226503,1.7221304,1.7285159,1.7411458,1.7512919,1.7620739,1.7773387,1.7887188,1.7995113,1.8099447,1.8239516,1.8424537,1.8628832,1.8675251,1.8733574,1.8788724,1.8870021,1.8926444,1.9089171,1.9328341,1.9462695,1.838078,1.9895138,2.0310173,2.0380135,1.940198,1.8857069,1.8597696,1.8582771,1.8647233,1.8557525,1.8579487,1.8707173,1.876137,1.8815385,1.8923934,1.9063494,1.918184,1.9314075,1.9434593,1.9529464,1.9630753,1.9797143,1.9907666,2.0017743,2.0185673,2.033281,2.045375,2.0573735,2.075394,2.082692,2.084385,2.0852342,2.0870323,2.0894737,2.087974,2.0908337,2.0900261,2.0887897,2.0917978,2.1004486,2.102769,2.1184583,2.1577,2.1680987,2.2315323,2.3088408,2.5336561,2.277843,-0.4964026,-0.7030164,-0.10366753,2.3065858,1.3214473,1.7535073,0.3648455,0.9036738,1.7993882,1.7448884,1.6521728,1.8237723,1.8408366,1.829085,1.8685642,1.91965,2.0221324,2.0952754,2.1003633,2.0780957,2.091781,2.1013372,2.1186767,2.1267233,2.1409068,2.1351483,2.1400995,2.1558719,2.1815846,2.1928523,2.1861808,2.146076,2.1106832,2.0414393,2.016693,1.9821887,1.9204904,1.8810091,1.9332772,1.979224,1.9943895,1.9709473,1.9722154,1.9735208,1.9532878,1.9597876,1.9703305,1.9044131,1.8579705,1.7834438,1.7895375,1.8308349,1.9122182,2.0555177,1.9211993,2.0859473,1.8782188,1.4615351,1.3091158,1.7934867,1.5703096,2.2784123,1.9707738,2.162562,1.4692161,-0.520692
1104,Resid088,0.0,0.0118343,0.988166,-1.0731108,-1.0441601,-1.0139956,-0.9820197,-0.9498243,-0.9225898,-0.90118384,-0.8813617,-0.85949135,-0.83366555,-0.8028248,-0.76820326,-0.7311725,-0.69496554,-0.6604065,-0.6268898,-0.5950463,-0.5661463,-0.5390754,-0.5129581,-0.4913421,-0.47187218,-0.4525113,-0.4272184,-0.40071377,-0.3795125,-0.36177668,-0.34707546,-0.31990847,-0.26577187,-0.20330292,-0.15462099,-0.120102115,-0.08229013,-0.04452266,-0.011465703,0.020247485,0.050952643,0.0798571,0.10755359,0.13596828,0.16119576,0.18475938,0.21543719,0.24677642,0.2745601,0.30161944,0.32758358,0.3530635,0.37606874,0.39185488,0.4134763,0.43984804,0.44259378,0.444751,0.47205272,0.5054915,0.5483405,0.57851064,0.60938805,0.647385,0.6846528,0.7072257,0.72883356,0.7517953,0.7718006,0.7912556,0.8123904,0.8301767,0.8428791,0.8551805,0.8528227,0.8326333,0.8393355,0.87181926,0.901841,0.94152987,0.96801406,0.98211646,1.0000309,1.0160602,1.0332043,1.0512966,1.0680624,1.0851715,1.1005331,1.1164676,1.128055,1.1415246,1.1474351,1.150195,1.1487427,1.1483577,1.1415362,1.1250246,1.0223244,0.88621664,0.82577884,0.8264515,0.76780766,0.8150653,0.8775669,0.95219964,1.0056993,1.0304133,1.0707086,1.0905988,1.1019845,1.1381258,1.1815165,1.2151294,1.2417318,1.2629316,1.2816546,1.2954448,1.309723,1.3223088,1.3341289,1.345114,1.356617,1.3710611,1.3819076,1.3892907,1.3982114,1.4058703,1.4167668,1.419319,1.4257466,1.430195,1.429717,1.4341449,1.4344122,1.4351989,1.4341989,1.430148,1.4288683,1.4252398,1.4202343,1.4184248,1.4028469,1.3621272,1.2779602,1.0928627,0.056162603,-1.206378,-1.173319,-0.4612953,2.190284,1.6947173,1.2264723,2.4194975,1.0339838,0.9289934,0.87839097,0.9307963,1.0276133,1.1124009,1.196691,1.2514478,1.3075545,1.3713791,1.3827811,1.456201,1.4648663,1.4508055,1.4821398,1.5158347,1.5398245,1.5278474,1.5513076,1.5696492,1.5960345,1.5989436,1.6134475,1.6041003,1.5708026,1.5481563,1.5299166,1.467194,1.4377074,1.4151847,1.4245948,1.457263,1.4875016,1.4694225,1.4482795,1.4655998,1.4365746,1.4381765,1.4409858,1.3864089,1.4025282,1.4811904,1.5213234,1.4256743,1.4013895,1.3464972,1.3804042,1.3107187,1.198658,1.380878,1.5083057,1.1683882,1.095484,1.3744465,0.9428665,1.3411673,0.10575172,-0.72216374,-1.6849883
1123,OPE3_002,0.0448718,0.384615,0.570513,-1.4972222,-1.4793227,-1.4594808,-1.4353229,-1.4099882,-1.3892099,-1.3748868,-1.3623346,-1.3464254,-1.3247458,-1.2979404,-1.2681781,-1.2357175,-1.2010487,-1.1670748,-1.1334958,-1.1013752,-1.0725151,-1.0469917,-1.0231473,-1.002119,-0.9830691,-0.9630353,-0.9420958,-0.9214402,-0.899713,-0.87797236,-0.8548782,-0.8270472,-0.7883583,-0.7408375,-0.6934001,-0.6438624,-0.6022323,-0.5698038,-0.53978795,-0.50882524,-0.48334023,-0.46039188,-0.43606365,-0.4131145,-0.39037836,-0.3653168,-0.3478922,-0.33244824,-0.31559026,-0.29791102,-0.28048065,-0.26300475,-0.24480161,-0.22005127,-0.20114347,-0.18547642,-0.16222213,-0.12603275,-0.11552133,-0.10996768,-0.11085569,-0.10402454,-0.096753046,-0.08920484,-0.081983835,-0.065709464,-0.05057717,-0.0354402,-0.02064107,-0.008433658,0.007425858,0.025607144,0.04206709,0.062021136,0.08699619,0.12848774,0.14125784,0.12796035,0.121971756,0.10589172,0.105857015,0.1126419,0.119999155,0.12816276,0.13834077,0.14606602,0.15666182,0.16889226,0.1799208,0.19275586,0.20172334,0.20888883,0.21947493,0.23080075,0.23931655,0.24407275,0.2477501,0.25103387,0.28202134,0.24690239,0.1068654,0.19453084,0.2339174,0.2463625,0.08105796,-0.092850514,-0.14741775,-0.1670301,-0.20474684,-0.21886714,-0.19212762,-0.1712789,-0.15736346,-0.13933478,-0.109486915,-0.07868967,-0.049239594,-0.019053295,0.005432931,0.028046945,0.0499792,0.07018906,0.08867827,0.1051617,0.122051805,0.13823386,0.14725462,0.15626754,0.16263956,0.16388354,0.16378807,0.16135141,0.16029815,0.16116513,0.15656215,0.14868066,0.14128482,0.13746257,0.12715168,0.11768977,0.111256056,0.12696388,0.13901295,0.20713103,0.4055616,0.3825201,-0.9793289,-1.3807305,-0.19935517,-0.18895838,-1.7246559,-1.7524529,-1.7524561,-1.7511069,-1.1969602,0.87792236,-0.07221739,-0.6032231,-0.6867128,-0.75061715,-0.7147964,-0.6682385,-0.6432843,-0.5908423,-0.560448,-0.5054949,-0.49250835,-0.47246993,-0.44999486,-0.4287481,-0.4007271,-0.38203737,-0.3530781,-0.3280689,-0.31358495,-0.2895317,-0.26200652,-0.24647982,-0.2603492,-0.25789738,-0.23960952,-0.2433384,-0.24308506,-0.23391038,-0.24117346,-0.21774973,-0.2105632,-0.21709006,-0.2363773,-0.24865611,-0.26335183,-0.28308675,-0.30948165,-0.31851587,-0.34073162,-0.3606333,-0.410451,-0.39616734,-0.38699454,-0.42282775,-0.42725477,-0.537756,-0.44721463,-0.38364372,-0.41667005,-0.4333817,-0.45280254,-0.5677281,-0.5299436,-0.5069194,-0.4804974,-0.16950192,-0.44236296
1133,OPE3_012,0.0512821,0.423077,0.525641,-1.4910533,-1.471779,-1.4512553,-1.4276034,-1.4022871,-1.3817112,-1.3673455,-1.35434,-1.337904,-1.315966,-1.2891207,-1.2591356,-1.2261068,-1.1909091,-1.1561804,-1.1215603,-1.0880387,-1.057453,-1.030179,-1.0044588,-0.98173517,-0.96155,-0.9411813,-0.91957253,-0.8971494,-0.8744562,-0.85137683,-0.82725894,-0.79846936,-0.75892764,-0.71109325,-0.66217923,-0.6107969,-0.5663474,-0.5310525,-0.49835205,-0.46457127,-0.43787333,-0.41349602,-0.38711247,-0.36209968,-0.33645722,-0.31014764,-0.28963396,-0.27070862,-0.25019434,-0.229313,-0.20853825,-0.18730703,-0.16531272,-0.13930558,-0.11687421,-0.09708353,-0.07025006,-0.040068783,-0.02517745,-0.015772104,-0.009742955,0.0029120303,0.01755071,0.035089854,0.055003587,0.075367235,0.09381975,0.11251791,0.12897225,0.14361887,0.15937859,0.17526042,0.19159345,0.2109694,0.23328169,0.2751979,0.3016164,0.30098373,0.29422852,0.2785333,0.2721343,0.27650252,0.28413418,0.29371575,0.3033457,0.31420922,0.32383987,0.33396345,0.34618276,0.35755208,0.36780208,0.37223083,0.38083428,0.38731253,0.38867652,0.39249688,0.39924344,0.40297106,0.40195367,0.19763476,0.2593155,0.38680583,0.52767617,0.4233958,0.11176673,0.04648883,-0.0066136825,-0.032743894,-0.054419056,-0.06964099,-0.04584937,-0.027778285,-0.014794455,0.004007825,0.035204027,0.066435285,0.09802811,0.12741731,0.1545337,0.1792104,0.20042783,0.22109881,0.24000275,0.25673944,0.2771158,0.29204115,0.30711022,0.3145619,0.3205395,0.32343343,0.32213864,0.32374802,0.32437205,0.32412595,0.31969064,0.31267813,0.30608863,0.29990417,0.2908751,0.28341246,0.2835209,0.28762898,0.30928123,0.36160243,0.42988387,1.1763355,-0.6341793,2.1342273,0.09808946,-1.5464327,-1.7491735,-1.11343,-0.8885823,-1.6682888,-0.9822851,1.7659659,0.08592972,-0.421207,-0.48138493,-0.5320251,-0.58346623,-0.5604277,-0.5264234,-0.47881332,-0.4007597,-0.36971238,-0.3612453,-0.3503908,-0.32782853,-0.2892898,-0.28352836,-0.2836547,-0.25948283,-0.23123278,-0.20975137,-0.19353835,-0.17735034,-0.15854818,-0.1467139,-0.15002161,-0.15171736,-0.15001029,-0.15158625,-0.1411183,-0.14124802,-0.12139446,-0.11857662,-0.1382252,-0.17291726,-0.21182668,-0.21489577,-0.21790901,-0.23690376,-0.2694318,-0.26669857,-0.28138903,-0.3390334,-0.3382655,-0.3669373,-0.36013734,-0.3682937,-0.36189246,-0.2911086,-0.42353347,-0.43041793,-0.43210316,-0.49826312,-0.36806944,-0.6237486,-0.45019984,-0.35733506,1.0204539,-0.6533893
1144,OPE3_023,0.0641026,0.128205,0.807692,-1.4465337,-1.4259539,-1.4034381,-1.377247,-1.3498373,-1.3278073,-1.3126284,-1.2989298,-1.2821913,-1.2597028,-1.2321173,-1.2014354,-1.167458,-1.1311401,-1.0954998,-1.0597813,-1.0248858,-0.9920947,-0.96240187,-0.93486565,-0.9098162,-0.88717085,-0.8651164,-0.8399679,-0.8142889,-0.7880018,-0.760634,-0.7323593,-0.70007795,-0.65876776,-0.6109202,-0.5604265,-0.50650674,-0.4583825,-0.4194913,-0.3846348,-0.3476648,-0.3215367,-0.2988985,-0.27446985,-0.25119245,-0.22873946,-0.20499751,-0.1863093,-0.16910893,-0.15142545,-0.13342857,-0.11577304,-0.09785212,-0.08041675,-0.05989826,-0.0420949,-0.025417248,-0.005225972,0.023917703,0.034852978,0.04275095,0.047469515,0.058761917,0.06967686,0.07549625,0.077577986,0.09380479,0.10988249,0.123191535,0.13675149,0.1504866,0.16310665,0.17863323,0.1936101,0.20796283,0.23117049,0.2690015,0.27796724,0.2619163,0.25952092,0.24750774,0.2489867,0.25524992,0.26298746,0.270258,0.27905333,0.2894555,0.29642013,0.3071745,0.3196093,0.33276236,0.3387021,0.3409159,0.34578428,0.3524385,0.35747424,0.36004585,0.36350515,0.37201604,0.4149057,0.395916,0.077214085,0.29761535,0.39622706,0.242727,0.15039791,0.043907277,0.0140351,-0.014041527,-0.059382327,-0.06002739,-0.030039756,-0.017415738,0.0016571893,0.02347831,0.05649717,0.08846792,0.12004742,0.1485888,0.17443223,0.1986886,0.22192992,0.24187042,0.2577568,0.2746449,0.2880901,0.29915372,0.31148523,0.32078844,0.32611465,0.33243677,0.33345348,0.33550832,0.3370338,0.33850297,0.33598208,0.33273336,0.32861826,0.3202913,0.30880937,0.29975647,0.29728115,0.28506857,0.33066753,0.3618511,0.40385288,0.3158186,-0.55014104,-0.2693453,0.2151226,-0.2513662,-1.6483889,-1.7213265,-1.661022,-1.750766,-1.4140828,1.2675494,-0.32732558,-0.81151736,-0.7939453,-0.68268466,-0.6169594,-0.56101954,-0.52391726,-0.45471787,-0.36514643,-0.35027087,-0.31922007,-0.3096657,-0.28484282,-0.23786715,-0.20567039,-0.17845584,-0.14182344,-0.121843204,-0.10226977,-0.07793745,-0.059587296,-0.03170045,-0.0366109,-0.03735483,-0.026021179,-0.016674029,-0.027277073,-0.046181254,-0.045925565,-0.027919218,-0.0029646172,-0.019264812,-0.03320876,-0.027682694,-0.066428155,-0.08227961,-0.08769816,-0.10507347,-0.14203975,-0.16729818,-0.23519807,-0.25130987,-0.24290065,-0.26122043,-0.2915854,-0.30691472,-0.39700103,-0.40437558,-0.3016364,-0.52166,-0.6922054,-0.683309,-0.63120717,-1.0282218,-1.2299585,-0.69431883,-0.79581225
1150,OPE3_029,0.0448718,0.833333,0.121795,-1.3328063,-1.3011186,-1.2643722,-1.2218165,-1.1787488,-1.1415318,-1.1104457,-1.0813987,-1.0509422,-1.0162216,-0.9776892,-0.9372546,-0.8941118,-0.8490692,-0.8049868,-0.7605485,-0.7162212,-0.6732615,-0.6341618,-0.5963009,-0.5620584,-0.52880347,-0.49423695,-0.45765713,-0.42134246,-0.38515776,-0.34962767,-0.315158,-0.275098,-0.22090483,-0.1638708,-0.108864516,-0.047241874,0.004321827,0.04417255,0.0838987,0.1301655,0.16163982,0.18910259,0.22086345,0.25130075,0.2826573,0.31642815,0.33965147,0.36054766,0.38353375,0.40751714,0.4310644,0.45532823,0.48076463,0.51365834,0.5396351,0.5607891,0.60182536,0.6499789,0.6610735,0.6650832,0.6600246,0.66863203,0.679809,0.6935054,0.7076167,0.72960436,0.7503904,0.77170706,0.79102165,0.81107366,0.8285498,0.84582305,0.8654866,0.8940364,0.94128144,1.0168421,1.0385888,1.0278646,1.0133721,0.97777796,0.9712256,0.97548956,0.9849599,0.99435216,1.0073664,1.0216497,1.0368791,1.0553308,1.075359,1.0983,1.1129689,1.1219121,1.1368552,1.1514485,1.1640041,1.1734588,1.1957597,1.2278776,1.2720165,1.1540215,1.1081933,1.1274676,1.391735,1.1528587,1.0680889,0.9234699,0.83577967,0.80286145,0.7317246,0.70986557,0.72771937,0.73202896,0.7273305,0.7376999,0.76551116,0.79941875,0.83177394,0.8632062,0.8943099,0.9232037,0.9517388,0.9749345,0.99904877,1.0322963,1.0644848,1.089417,1.1133176,1.1322201,1.141064,1.1439263,1.141529,1.1425351,1.1434672,1.1424443,1.1385202,1.1325632,1.1275703,1.1296751,1.1214459,1.1208651,1.1246299,1.1112286,1.1522478,1.2422799,1.4466026,1.3799254,-1.0313783,0.6934776,0.070134714,-1.2639354,-1.7451777,-1.2480359,-1.2809575,-0.72447795,-1.1298084,0.30331603,-1.0385362,-0.27173194,0.06742509,0.16252854,0.20374419,0.23975992,0.29228118,0.34959787,0.39474294,0.42799798,0.42019898,0.40805772,0.4120985,0.41284943,0.40497053,0.39023566,0.3898893,0.4064212,0.4308961,0.45079383,0.47662663,0.50034523,0.51689863,0.52946013,0.5562507,0.57115245,0.5803117,0.59829247,0.5899587,0.61348915,0.59912586,0.5652232,0.4905741,0.40986508,0.4049766,0.40225774,0.38393387,0.35021046,0.32701567,0.271166,0.24670911,0.24277397,0.24681498,0.22469272,0.24642257,0.2303506,0.23563337,0.24153478,0.10096666,0.027576234,-0.2185169,-0.19576465,-0.5314307,-0.30394134,0.07428067,1.9454241,1.1148118
1222,SF_069,0.0769231,0.134615,0.788462,-1.3232341,-1.284791,-1.2383702,-1.1796944,-1.116498,-1.0690211,-1.0443085,-1.0256767,-0.9964551,-0.94760305,-0.8814461,-0.80372965,-0.71390945,-0.6155168,-0.5211536,-0.4326753,-0.35421267,-0.29178253,-0.24364388,-0.19861557,-0.16417919,-0.1379743,-0.114799365,-0.08585949,-0.061376538,-0.0421268,-0.02656189,-0.010644295,0.02057481,0.09104363,0.20138806,0.321157,0.45354727,0.56043124,0.6255084,0.67351043,0.72098637,0.742526,0.7580312,0.7791548,0.7970217,0.81522334,0.8364416,0.8400955,0.8394713,0.84261507,0.84908557,0.8566794,0.8658302,0.8787607,0.906413,0.92303073,0.93278617,0.96733063,1.0184683,1.0150106,1.0035189,0.98290366,0.98311025,0.9839234,0.97439855,0.967401,0.9825809,0.99879235,1.0134441,1.0296972,1.0466397,1.061575,1.078453,1.09958,1.1302338,1.1729486,1.2593536,1.2901812,1.2714694,1.2530462,1.2159722,1.2004908,1.2018903,1.2095649,1.218505,1.2277993,1.2339524,1.2401782,1.2497488,1.2622014,1.279411,1.2934738,1.2954754,1.3009262,1.3100997,1.3207284,1.3338618,1.3500121,1.3631241,1.3428605,1.240509,1.0405786,1.1409332,1.1309669,1.078388,1.0483755,1.1875346,1.1577668,1.1400465,1.0798948,1.0565928,1.0719573,1.0683429,1.0570765,1.0523361,1.0640441,1.0838336,1.10267,1.1219109,1.1391394,1.1572134,1.1775963,1.1952183,1.210387,1.2294849,1.2430937,1.2539479,1.2651119,1.274711,1.282129,1.2853974,1.2853059,1.285274,1.2851464,1.2881233,1.2831203,1.279037,1.2770667,1.2782482,1.2717115,1.2715937,1.2706369,1.2227194,1.2444909,1.3344386,1.063768,-0.33829007,-0.6045603,0.45459738,-1.1432571,-0.76551676,0.27934012,-1.5034069,-1.751465,-1.4845682,-0.5848575,-1.4628738,-1.3178034,0.110384285,0.3952202,0.5384053,0.6185529,0.6539878,0.68270147,0.7122607,0.8280795,0.82410073,0.7803652,0.76587415,0.78461796,0.79625046,0.7940336,0.7868285,0.7947044,0.79536766,0.8062319,0.8229683,0.83852357,0.835394,0.8093289,0.77739835,0.76327074,0.7574303,0.7250954,0.6875364,0.6669948,0.72732276,0.7498882,0.75788254,0.76167136,0.7464581,0.7092223,0.71326244,0.67730117,0.63358295,0.6104389,0.5694311,0.5439288,0.5462571,0.4864952,0.42125425,0.39920768,0.39688358,0.365876,0.35561875,0.10324765,0.20111519,-0.03393645,-0.1946407,-0.38951218,-0.10043927,0.32869563,-0.26260835,-1.0180212
1237,SF_086,0.224359,0.634615,0.141026,-1.4823581,-1.4588174,-1.4324123,-1.4058762,-1.3824022,-1.3604903,-1.3427632,-1.3278103,-1.3121333,-1.2941115,-1.2687552,-1.231134,-1.1731795,-1.1060101,-1.05662,-1.0228904,-1.0072504,-1.0143383,-1.0244821,-1.0225267,-1.0137123,-1.0084257,-1.0021594,-0.98893434,-0.9815689,-0.9783282,-0.9777917,-0.9758139,-0.955152,-0.88628024,-0.7372839,-0.5364888,-0.2990089,-0.06415816,0.11048361,0.21608108,0.27588785,0.30850413,0.33281565,0.35557806,0.3779163,0.39839223,0.41923863,0.43725142,0.45503795,0.47290534,0.49000335,0.5079554,0.52504635,0.5415259,0.5585222,0.57443154,0.5879092,0.5952415,0.60621977,0.6037346,0.59289634,0.5941572,0.6049523,0.62288374,0.66298205,0.7130042,0.7408486,0.76635206,0.7912187,0.8150373,0.8337963,0.8501245,0.8623781,0.87579834,0.8861224,0.90057963,0.9296473,0.9282254,0.8778922,0.8226876,0.7934989,0.79783714,0.80672085,0.81808174,0.83205557,0.8496537,0.8706083,0.89640284,0.92150104,0.9459822,0.96540344,0.9822934,0.99260116,1.0001372,0.99828005,0.98639053,0.96361893,0.934146,0.90055555,0.91007054,0.8108537,0.6271412,0.8398871,0.6042399,0.5287938,0.55101377,0.1835521,0.036962766,-0.022323268,-0.059239756,-0.08123547,-0.061773513,-0.028200965,0.014197769,0.056695953,0.10985596,0.1700695,0.22769064,0.2801453,0.3326752,0.38077304,0.42638695,0.46921468,0.5110851,0.5537032,0.5976757,0.63392746,0.6621206,0.6853161,0.70216143,0.7078308,0.7058624,0.70002246,0.6882544,0.67387646,0.6600258,0.63859576,0.61910474,0.60977066,0.5866525,0.556347,0.53485394,0.51769024,0.5309258,0.5189479,0.32175204,-0.1340706,-1.1970875,-1.4627472,-1.682244,-1.7523038,-1.7524561,-1.7524015,-1.7101216,-1.6204159,-1.0946454,0.44602782,-0.15133116,-0.89654267,-0.51025456,-0.5032118,-0.46592742,-0.4063102,-0.32720286,-0.26999635,-0.2679082,-0.26891246,-0.25867414,-0.27701637,-0.2744777,-0.27310297,-0.27714407,-0.28305158,-0.2703751,-0.25312075,-0.2220532,-0.20188858,-0.17112522,-0.16276379,-0.13633652,-0.118592866,-0.11120569,-0.09593678,-0.075088985,-0.07095905,-0.06783386,-0.06889109,-0.07042009,-0.11305313,-0.15471096,-0.219996,-0.27404648,-0.26317465,-0.32056162,-0.35119513,-0.37520328,-0.42632863,-0.4197472,-0.434133,-0.4773348,-0.46833098,-0.5059475,-0.66438776,-0.67966473,-0.5501402,-0.33086047,-0.69461894,-0.7978615,-1.1771348,-0.745086,-1.0177394,-1.4587446,-1.2148466,1.0285821
1246,SF_095,0.358974,0.608974,0.0320513,-1.4455403,-1.4225763,-1.3956912,-1.3682575,-1.3439207,-1.3219541,-1.301673,-1.282224,-1.2623628,-1.2390808,-1.2094359,-1.169335,-1.1092439,-1.0395957,-0.98577255,-0.946915,-0.9250563,-0.92364603,-0.9254202,-0.9149102,-0.899119,-0.88795716,-0.8784832,-0.8593945,-0.8409341,-0.83106387,-0.8219585,-0.8125342,-0.7844703,-0.70903605,-0.560626,-0.3658857,-0.13484305,0.09342886,0.2633191,0.3694512,0.43582875,0.4707867,0.49858344,0.5265758,0.5540659,0.58050966,0.60840434,0.6303186,0.6514316,0.6721726,0.6932177,0.71506417,0.73735726,0.7611104,0.7874453,0.80960727,0.828708,0.84897083,0.86922634,0.87282777,0.8676649,0.8675882,0.8785868,0.8963537,0.91102386,0.9270243,0.95458126,0.98212725,1.0073631,1.0320077,1.0549601,1.078243,1.0985317,1.1221954,1.145874,1.169198,1.2044626,1.2281375,1.2101357,1.1819078,1.1533271,1.1479691,1.1567729,1.1685771,1.1836296,1.2030517,1.2278258,1.2531822,1.2778901,1.306163,1.3294088,1.3497133,1.3663669,1.3801469,1.3882507,1.3900459,1.3849337,1.3758463,1.3629868,1.272717,0.9271131,1.0415204,0.9435207,0.9425188,0.95572066,0.9392369,0.6583771,0.58897734,0.54869056,0.5105587,0.5107997,0.545408,0.5726464,0.60127515,0.6443682,0.699717,0.7590184,0.8177405,0.872501,0.9253567,0.97753394,1.022844,1.0669268,1.1155891,1.1664919,1.2147601,1.2584323,1.2968476,1.3269205,1.3464965,1.3539754,1.3506593,1.3420904,1.332047,1.3188722,1.3002424,1.2766947,1.262062,1.2631314,1.2555486,1.2390772,1.2329093,1.1919072,1.2159956,1.2848994,1.1884185,0.58316445,-1.4209367,-0.8313621,-0.9935535,-1.607571,-1.2306341,-0.64602315,-0.820037,-0.9234259,-1.5919722,0.6859696,1.3839285,-0.22134422,0.016977046,0.09081867,0.12567644,0.16384497,0.19167012,0.2043445,0.27564546,0.30577755,0.29028568,0.25028035,0.22751021,0.2104066,0.19932221,0.20402418,0.20531654,0.22744757,0.25437278,0.27218175,0.30837837,0.33210817,0.34677103,0.37058637,0.38987902,0.40968534,0.44880325,0.47541246,0.47008646,0.47562373,0.44966635,0.3931235,0.3081185,0.22731715,0.17686234,0.15277122,0.12546435,0.10393876,0.039280098,0.04273611,-0.018132556,0.0038782274,-0.0036436897,-0.06483372,-0.0024309184,-0.025500452,-0.15063116,-0.021944642,-0.1133981,-0.25003764,-0.15094867,-0.62474775,-0.73109525,-1.175844,-0.6012368,-1.4538852,-1.4188712
1247,SF_096,0.173077,0.794872,0.0320513,-1.4919404,-1.4709336,-1.4489433,-1.4265485,-1.4057862,-1.3849049,-1.3661915,-1.3486958,-1.330686,-1.3103708,-1.2835927,-1.2474699,-1.1970468,-1.1402174,-1.0955911,-1.0620112,-1.0402786,-1.0341705,-1.0315484,-1.0213836,-1.0073776,-0.99673,-0.98425305,-0.967371,-0.9544165,-0.94510883,-0.93919516,-0.9337515,-0.9101816,-0.8393703,-0.70784587,-0.55150723,-0.37829328,-0.21467035,-0.09355027,-0.016270978,0.037687883,0.06758799,0.09177821,0.11746213,0.14274943,0.16627577,0.1926986,0.21287818,0.23121233,0.24885863,0.26732972,0.2867065,0.30676407,0.3263374,0.35155833,0.37138033,0.387848,0.3961004,0.42623854,0.42514005,0.42595714,0.42749968,0.43656242,0.45193648,0.45525786,0.46420467,0.48809877,0.51085323,0.5317022,0.55406195,0.5766486,0.59830743,0.6209102,0.6399053,0.6559761,0.67689,0.7056478,0.69291127,0.6643309,0.6373136,0.61886185,0.6271573,0.6391658,0.6529176,0.66725636,0.6881775,0.7101493,0.73418546,0.75881463,0.7838469,0.8063492,0.8240446,0.8370691,0.850673,0.86300147,0.87254006,0.8658552,0.84352165,0.82212436,0.834608,0.8567214,0.7481977,0.59407336,0.788436,0.73602533,0.41063097,0.22483107,0.16899066,0.12252847,0.08769162,0.08365575,0.11563222,0.14176944,0.17338774,0.20923987,0.25452703,0.30461386,0.35296696,0.3970273,0.44207305,0.48314437,0.5210095,0.5587604,0.59686977,0.6354471,0.67579764,0.7075987,0.738844,0.76197803,0.7772981,0.7840257,0.7811068,0.7735612,0.7632672,0.7508462,0.73544943,0.713157,0.6962441,0.69242984,0.6834447,0.666906,0.6603179,0.6778826,0.6912217,0.6806983,0.54374135,1.2381363,-0.602717,0.355662,-0.5601785,-1.5168347,-0.016607536,0.52206993,-0.9153314,-1.290293,-1.6448509,-0.018221369,-0.27008995,-0.5426786,-0.5186878,-0.3138349,-0.23796122,-0.20295866,-0.13981321,-0.07591402,-0.03649977,-0.03915681,-0.07476973,-0.079975486,-0.08611097,-0.11616358,-0.119912215,-0.11553021,-0.10318466,-0.092953585,-0.07551307,-0.045528475,-0.016627869,-0.00706815,0.0007227781,0.010404849,0.03783349,0.066440195,0.08620434,0.08296955,0.08115133,0.10182173,0.08065771,0.01469863,-0.026217503,-0.075614974,-0.11024569,-0.12294286,-0.179586,-0.24486506,-0.29372707,-0.2772538,-0.27502823,-0.33708254,-0.33985808,-0.31532723,-0.30231896,-0.35623506,-0.41875237,-0.35079288,-0.35133782,-0.3744202,-0.7528083,-0.82248235,-0.74529034,-0.9830018,-1.4911131,-1.1023326,-1.2591776
1253,SF_102,0.237179,0.628205,0.134615,-1.4633023,-1.4420375,-1.4162937,-1.3885161,-1.3624598,-1.3397593,-1.3217708,-1.3052808,-1.2877052,-1.2657715,-1.2354326,-1.1935288,-1.1337599,-1.0657779,-1.0114915,-0.97048074,-0.945347,-0.9409249,-0.9416391,-0.93292797,-0.92005295,-0.912,-0.9037829,-0.88834846,-0.87576264,-0.8710179,-0.8700591,-0.8703177,-0.84648365,-0.7617415,-0.60326695,-0.41676787,-0.2129296,-0.018129636,0.1250406,0.21456401,0.27543676,0.30841765,0.33406183,0.3613035,0.38785523,0.41188583,0.43846208,0.46021342,0.4808308,0.500126,0.5197905,0.54041713,0.56132734,0.58165205,0.60574996,0.6259347,0.6441174,0.6517446,0.67334825,0.6796736,0.6820382,0.69242936,0.7071495,0.7249774,0.75258106,0.7847958,0.8104751,0.8362422,0.86025363,0.8832194,0.9067982,0.9263652,0.9416949,0.95970744,0.9748483,0.9957185,1.0104283,1.0194677,1.0012637,0.98211765,0.9788612,0.98705614,0.99913245,1.0110925,1.028105,1.0482624,1.0699838,1.0952971,1.1199547,1.1432601,1.1659948,1.1849117,1.1991483,1.209543,1.2110449,1.2074527,1.1945001,1.1780839,1.1576142,1.0708407,0.9015998,0.8806022,0.5602518,0.53687626,0.5983137,0.58217865,0.5083438,0.39785117,0.40051043,0.3827863,0.3796575,0.4009108,0.43124342,0.4772953,0.5278797,0.58154666,0.6371899,0.69167256,0.74103,0.7863171,0.83122706,0.8719569,0.9103594,0.9501205,0.9931378,1.0326437,1.0663865,1.0952884,1.1206466,1.1345477,1.1392579,1.1349301,1.1277453,1.1206372,1.1078522,1.0939416,1.0773773,1.0623497,1.055521,1.0442876,1.0225245,1.0044584,0.96244335,0.9721974,0.9320691,0.84640646,0.5838598,-1.0332245,-0.45157176,-0.7804875,-1.139238,-0.089064024,1.2900225,-0.5453817,-1.4150907,-1.2703059,1.6357608,0.31267345,-0.3580922,-0.31688157,-0.033659607,-0.019163027,0.05061655,0.093836814,0.11875004,0.17639011,0.18550646,0.17986213,0.15895462,0.13723049,0.14292355,0.1455224,0.14764528,0.1605223,0.1684676,0.19286314,0.22098078,0.23504557,0.25335562,0.26236764,0.26441967,0.29238215,0.30607626,0.31920803,0.32661998,0.34344265,0.36882904,0.3345968,0.3044977,0.24850477,0.1851422,0.14406446,0.112321705,0.055312097,0.02817666,0.0069086365,-0.028206225,-0.02498849,-0.098349705,-0.091547176,-0.09660604,-0.09945251,-0.10849664,-0.035616424,-0.070062615,-0.27424586,-0.23141392,-0.19852628,-0.42201698,-1.1194818,-1.0890757,-0.8287885,-0.99480605,-0.8629687
1267,SF_121,0.237179,0.621795,0.141026,-1.4864424,-1.4605108,-1.4330883,-1.4032742,-1.372313,-1.3406502,-1.3109255,-1.282621,-1.2534544,-1.220187,-1.1781142,-1.1232502,-1.0536637,-0.98292863,-0.9268032,-0.8816206,-0.84764045,-0.8303349,-0.81883454,-0.80038846,-0.7808381,-0.76542795,-0.7519056,-0.7289908,-0.7155024,-0.71580094,-0.71774656,-0.72285944,-0.6937965,-0.5729327,-0.36822757,-0.17310318,0.006931424,0.15155622,0.25032988,0.32084638,0.37699592,0.41373968,0.44652075,0.48121056,0.51388085,0.5472275,0.58379716,0.60494107,0.6224408,0.6427604,0.66485417,0.6872144,0.70962507,0.7342626,0.7706962,0.7945457,0.8087383,0.84082896,0.88444316,0.86576355,0.8359739,0.80756575,0.80736476,0.8109554,0.81120384,0.8197222,0.84763485,0.87196016,0.89468545,0.9172981,0.9381615,0.95794564,0.97586936,0.99137527,1.0154809,1.0551407,1.1218647,1.1131341,1.0557852,0.9809696,0.9128106,0.895165,0.89595664,0.8982317,0.9043659,0.9161341,0.9317146,0.9491108,0.9687283,0.98854494,1.0071684,1.0183758,1.0270337,1.0347894,1.0351369,1.0307052,1.0186164,1.004656,0.99350446,0.9912937,0.9031856,0.84083384,0.840677,0.8729937,0.71310586,0.70555645,0.5278124,0.43824285,0.4047737,0.32604524,0.28589734,0.30610615,0.31251803,0.30676618,0.3219645,0.35380158,0.3873831,0.42087328,0.45244482,0.48349705,0.51321214,0.5410624,0.5697146,0.6002667,0.6300295,0.6593178,0.6861572,0.7097639,0.72942203,0.74218804,0.75071204,0.75081676,0.7434742,0.7329671,0.72380036,0.7095313,0.6949858,0.6815595,0.6832145,0.6715329,0.6579309,0.6568785,0.6510923,0.66467446,0.7225238,0.67073643,1.1687816,-0.55349916,0.65553576,-1.3720465,-1.4386369,-1.5838978,-1.7515262,-1.5432034,-1.0479847,-1.7185953,-0.99191165,0.51443124,-0.49004424,-0.30837828,-0.19663104,-0.109565444,-0.10424248,-0.09582705,-0.034014978,0.009104199,0.017358476,0.0073896316,-0.002126849,-0.013238817,-0.019284327,-0.018377379,-0.021251312,-0.020089258,-0.007565155,-0.0037970098,0.030160706,0.044800203,0.06769889,0.075278535,0.08427148,0.08853944,0.1034878,0.104273215,0.11954586,0.123544805,0.13752346,0.13250187,0.09025179,0.038695913,0.003460804,-0.052139938,-0.07876248,-0.111989,-0.1675527,-0.13429685,-0.16483103,-0.20020825,-0.23204823,-0.23766358,-0.25900242,-0.2881469,-0.3602034,-0.41833344,-0.47760147,-0.7047349,-0.53092974,-0.7861389,-0.95983905,-0.44418025,-0.582531,-1.4809984,-0.66203785,-1.0163213
1270,SF_124,0.0,0.833333,0.166667,-1.4676037,-1.4444494,-1.4181317,-1.3866348,-1.3517057,-1.316074,-1.2816155,-1.2465023,-1.2095153,-1.1688008,-1.1228548,-1.073218,-1.0216621,-0.9702812,-0.9218339,-0.8756343,-0.8318986,-0.7926128,-0.75729775,-0.7209973,-0.6893555,-0.6608791,-0.6302675,-0.5967202,-0.566526,-0.53942573,-0.519183,-0.50290173,-0.46520966,-0.37858075,-0.27500063,-0.19687973,-0.12527713,-0.07601078,-0.042939797,-0.007097716,0.03430222,0.06710688,0.09911186,0.13436358,0.16716917,0.20288783,0.24005722,0.26186046,0.2794198,0.29995653,0.32268015,0.3460311,0.3704576,0.39873627,0.4386703,0.46670243,0.48695168,0.53249896,0.5846783,0.58767295,0.58004826,0.56054837,0.56281126,0.56465435,0.57410973,0.5936842,0.61361766,0.63328755,0.65328175,0.6708605,0.6908903,0.7093133,0.7287779,0.7506445,0.7799924,0.8210843,0.899325,0.91852975,0.8969032,0.86149,0.8143595,0.79891366,0.7993942,0.80440116,0.8112784,0.8215291,0.8325153,0.8456684,0.86009234,0.8789451,0.8947705,0.9089033,0.92197526,0.93524164,0.95064586,0.9638188,0.9738629,0.98836213,1.0035616,0.9698911,0.9494677,0.9537915,0.4881773,0.51932603,0.65082794,0.7899603,0.79543287,0.74705946,0.6739391,0.61041224,0.58654684,0.58796954,0.5870732,0.5730727,0.57216096,0.5865737,0.6092233,0.6314972,0.6503916,0.67081636,0.6898353,0.70879835,0.72836167,0.7487714,0.7750018,0.79982847,0.821911,0.8414539,0.85690254,0.8690174,0.87166315,0.869386,0.86310196,0.8531869,0.8477616,0.8421298,0.8334801,0.82627946,0.82940614,0.8273389,0.8224642,0.83171713,0.84721047,0.88394344,0.86282784,0.8583902,2.2553754,2.7946036,0.3490587,-1.6770917,-1.7141262,-1.5447387,-1.4252157,-1.6594155,-1.3496511,0.17833804,2.3189824,1.4176825,1.05783,0.22370104,0.15394203,0.18875001,0.21111126,0.2708229,0.31703794,0.3698172,0.34960514,0.321462,0.3027212,0.28095582,0.25174272,0.23634014,0.23558429,0.23204273,0.23510142,0.25042805,0.2609417,0.2880892,0.29756722,0.318239,0.3162594,0.31210715,0.32462353,0.33197215,0.33933502,0.35776407,0.3656806,0.3542718,0.30839568,0.25885692,0.22287391,0.16865598,0.16304775,0.13344587,0.087467365,0.06796919,0.03459612,0.013151055,0.02581317,0.073681526,0.07195177,0.055010483,0.03687617,-0.028747637,0.00482561,0.021639988,-0.17678532,-0.04898075,-0.11953195,-0.61197686,-0.4555291,-0.7502176,-0.0031275197,-1.0810165
1286,COP_20160316_5-10-E,0.492675,0.507325,0.0,-1.5609968,-1.5442029,-1.5255023,-1.5091723,-1.4973749,-1.4871683,-1.4788114,-1.4721531,-1.4651127,-1.4555334,-1.4373386,-1.4005858,-1.3395267,-1.2752204,-1.2329222,-1.2084337,-1.2036761,-1.2205255,-1.2396616,-1.2468818,-1.245567,-1.2476056,-1.252431,-1.2474021,-1.2523897,-1.2703048,-1.2838777,-1.2978023,-1.2842414,-1.1856141,-0.95769745,-0.69733596,-0.45908678,-0.26131508,-0.12786277,-0.050111953,0.00022962957,0.02869014,0.054052584,0.08124294,0.108439036,0.13513847,0.16129707,0.18599364,0.21047065,0.236012,0.2606944,0.28510737,0.30836204,0.32999277,0.3510598,0.3711001,0.38859823,0.39594918,0.39581758,0.38807866,0.38045892,0.3902735,0.4081414,0.4336185,0.4742408,0.52287555,0.563877,0.6026329,0.63938385,0.6724283,0.7022895,0.7290689,0.75266546,0.77308697,0.7910581,0.81172407,0.8360945,0.818892,0.7517049,0.6733307,0.63272494,0.6320273,0.64222634,0.6552511,0.6761975,0.7063848,0.7439788,0.78600883,0.82841706,0.8695814,0.9063394,0.93521714,0.95377046,0.9621089,0.9560011,0.9298624,0.88082916,0.8125271,0.7464845,0.9553179,0.5742212,0.3610532,0.39300758,0.57073593,1.4020209,0.32218748,-1.093957,-0.85529256,-0.8008019,-0.7189599,-0.67553085,-0.66051096,-0.597351,-0.51632136,-0.4432191,-0.37050143,-0.29782605,-0.22822084,-0.16186817,-0.09698583,-0.034538627,0.024284525,0.08415065,0.14327857,0.20393817,0.2662878,0.3229431,0.37223294,0.41351366,0.44394326,0.4623134,0.47084463,0.46676576,0.44971848,0.42553785,0.39541793,0.35815367,0.32526487,0.30005306,0.26093072,0.21152963,0.16972852,0.13972744,0.108237915,0.1353944,0.24341553,0.29146805,0.5624052,1.3380075,1.2955925,1.0222865,0.7167958,-0.036042728,-0.3640337,-0.23081909,-0.39784673,-0.81684595,-0.8974222,-0.9156259,-0.9025766,-0.869268,-0.83454657,-0.7971743,-0.7582959,-0.7184351,-0.6749705,-0.6583341,-0.6558063,-0.65922034,-0.66538274,-0.6701949,-0.67083865,-0.6656876,-0.6533024,-0.6358611,-0.6125172,-0.581811,-0.54920524,-0.5193342,-0.4927269,-0.47125903,-0.4528487,-0.437636,-0.42244866,-0.41056144,-0.40201783,-0.40294254,-0.41852358,-0.45738918,-0.51267904,-0.5675657,-0.61409163,-0.6382376,-0.65227574,-0.6820101,-0.7173277,-0.73677427,-0.75133175,-0.76644546,-0.77887136,-0.7897152,-0.7931556,-0.8039563,-0.82101,-0.83954424,-0.8464167,-0.8791971,-0.9232044,-0.9334046,-0.95354444,-0.97035545,-0.98132217,-0.8869457,-0.5283711
1288,COP_20160316_5-30-E,0.54359,0.45641,0.0,-1.5900308,-1.5774835,-1.562231,-1.547316,-1.5356742,-1.5258994,-1.5183753,-1.5126357,-1.5064911,-1.4981707,-1.4828048,-1.4524051,-1.4019203,-1.3485688,-1.3131669,-1.2927178,-1.2895231,-1.3046683,-1.3223604,-1.330131,-1.330997,-1.3345978,-1.3402165,-1.3378346,-1.3423698,-1.3558546,-1.3662106,-1.3765703,-1.365939,-1.2917322,-1.1192768,-0.92200726,-0.7384772,-0.5792487,-0.46735087,-0.40166023,-0.35937262,-0.33799103,-0.3190775,-0.29852653,-0.27794152,-0.25773203,-0.23765855,-0.21815816,-0.19864209,-0.17852385,-0.15898757,-0.13952772,-0.12044977,-0.10299944,-0.08576892,-0.0686728,-0.053497266,-0.04542038,-0.042380974,-0.040396575,-0.03855171,-0.025092961,-0.00786046,0.011902759,0.041646276,0.07833933,0.10856945,0.13802432,0.16579185,0.19162232,0.21587822,0.23793504,0.25819924,0.27729625,0.29444447,0.3129046,0.33314076,0.3278054,0.29242656,0.24832505,0.22842312,0.23314565,0.2446886,0.257338,0.27588597,0.30165848,0.33238468,0.36529893,0.39835718,0.43039805,0.45997995,0.48536074,0.5023966,0.5124867,0.5131923,0.5010073,0.47301915,0.43137664,0.3940231,0.6326123,0.16749345,-0.058909394,-0.046656758,0.05503876,0.53856957,-0.5611823,-0.95167834,-0.7975761,-0.7677338,-0.71396625,-0.6798489,-0.6614947,-0.6072978,-0.53925943,-0.47458357,-0.41014412,-0.34663793,-0.2850216,-0.22554427,-0.16729794,-0.111785315,-0.05993332,-0.008512654,0.041958526,0.093308255,0.14321162,0.18850274,0.23032466,0.26714742,0.29486096,0.31293896,0.32151857,0.32146645,0.31246218,0.29901767,0.28159317,0.25871038,0.23830782,0.22281034,0.19799924,0.16843113,0.14778072,0.14231542,0.16085534,0.1748888,0.1493678,0.180144,0.40599865,1.0469562,1.0874453,0.74492395,0.5864085,-0.12703611,-0.42166477,-0.36509338,-0.52711684,-0.86158776,-0.9219831,-0.9257786,-0.9060897,-0.86508,-0.8305635,-0.79412854,-0.75675344,-0.71780723,-0.6615787,-0.6318798,-0.62102026,-0.61721814,-0.61332494,-0.6050916,-0.5948757,-0.58263075,-0.5664111,-0.54492444,-0.5197533,-0.49074996,-0.4604178,-0.4339652,-0.41358018,-0.39863974,-0.38517973,-0.37198776,-0.36244312,-0.35280663,-0.34574723,-0.34210214,-0.35060462,-0.382206,-0.43022695,-0.47908187,-0.5204917,-0.54560715,-0.564451,-0.593647,-0.6254772,-0.6398388,-0.65219945,-0.6673302,-0.6850297,-0.69518983,-0.70436984,-0.7161027,-0.73357874,-0.7458586,-0.7621505,-0.7990096,-0.82441217,-0.8445102,-0.89408726,-0.9038922,-0.898475,-0.80020237,-0.5635747
1320,COP_20160501_5-20-E,0.0696146,0.930385,0.0,-1.5160793,-1.4911542,-1.4620593,-1.4336936,-1.410773,-1.3915381,-1.3744762,-1.3584822,-1.3435252,-1.3275613,-1.3073078,-1.2784877,-1.2412244,-1.2042731,-1.1738625,-1.1478529,-1.1271479,-1.1102074,-1.0951998,-1.0769215,-1.0524918,-1.0275899,-1.000646,-0.9677212,-0.94303745,-0.93276906,-0.92617047,-0.92735714,-0.901593,-0.791341,-0.6064801,-0.4424596,-0.31181523,-0.20509334,-0.12517698,-0.06566611,-0.016500726,0.027071867,0.068459645,0.10921124,0.14941232,0.18799289,0.2257863,0.26248473,0.29810968,0.3337856,0.36779204,0.40074205,0.43198663,0.46082953,0.48859683,0.515336,0.5396725,0.55545515,0.56251067,0.571637,0.57757413,0.59002763,0.61029977,0.63828284,0.6895859,0.7519472,0.79105157,0.82845,0.8625635,0.89319944,0.92132086,0.9472682,0.97217077,0.9949164,1.0158149,1.0406567,1.07958,1.0730909,1.0152797,0.9484181,0.9030608,0.89314127,0.89514893,0.9000435,0.9134536,0.93842655,0.9733922,1.0151103,1.0566401,1.0955509,1.129152,1.1569542,1.1784889,1.1948785,1.201615,1.1946249,1.1706413,1.1311778,1.0970207,0.94986665,0.46007273,0.5647518,0.5687304,0.58374876,0.65430874,0.990507,-0.6270761,-0.37692288,-0.2972713,-0.1961774,-0.14891636,-0.13920975,-0.08223952,-0.009034317,0.054618534,0.11675268,0.17795789,0.23362525,0.28313455,0.32921332,0.37296563,0.41459766,0.4571038,0.50451195,0.55853415,0.6167175,0.671335,0.7181072,0.7567789,0.78310555,0.7942276,0.79221785,0.7770562,0.7480488,0.715946,0.6834164,0.64823484,0.6277799,0.6260838,0.6109902,0.58694375,0.57245964,0.57078457,0.5754522,0.610537,0.6588831,0.7444974,1.2827687,4.2277336,4.9530706,3.0933871,2.4955177,1.4763578,0.69890034,1.3413761,1.0826342,-0.20815203,-0.41393903,-0.47655195,-0.45367596,-0.40682742,-0.35857996,-0.3051284,-0.25144532,-0.20187385,-0.16518675,-0.16343619,-0.18007481,-0.20802289,-0.24321325,-0.2795127,-0.30548763,-0.3192988,-0.32199314,-0.31630102,-0.2999668,-0.27500403,-0.24486332,-0.21430914,-0.18716727,-0.16345571,-0.14402577,-0.12600073,-0.10832673,-0.09485268,-0.0843721,-0.08522927,-0.11000133,-0.16799349,-0.24598154,-0.3202359,-0.37819362,-0.4064537,-0.42142087,-0.45752567,-0.50018334,-0.5127256,-0.51661944,-0.5274235,-0.53349763,-0.52517253,-0.52659976,-0.52722543,-0.5398658,-0.5507925,-0.5672315,-0.58471787,-0.6296284,-0.65322626,-0.66729844,-0.70928115,-0.7146026,-0.48062208,0.3089449
1326,COP_20160526_2-20-E,0.288364,0.711636,0.0,-1.5462021,-1.5342809,-1.5158405,-1.4911857,-1.4666669,-1.4466268,-1.4323168,-1.4210395,-1.4109876,-1.3993486,-1.3785422,-1.3361722,-1.2607963,-1.172885,-1.1092906,-1.069948,-1.0598252,-1.078705,-1.1027184,-1.1119525,-1.1071697,-1.1133941,-1.1238676,-1.1190223,-1.1218023,-1.143211,-1.1656832,-1.1863123,-1.170589,-1.0496565,-0.7491336,-0.39162222,-0.05254147,0.23272917,0.4198545,0.5234077,0.5792625,0.62042946,0.6563704,0.68940246,0.72310597,0.7542325,0.78255725,0.8127237,0.8437091,0.8741833,0.90357006,0.93094194,0.9563066,0.976406,0.99049765,1.0090344,1.0257059,1.0098789,0.9887896,0.9609022,0.9357701,0.938327,0.95770305,0.9895712,1.0298004,1.0818975,1.1330856,1.1850538,1.234109,1.2750124,1.3072016,1.3313596,1.3465208,1.3527954,1.3517245,1.3494391,1.3496629,1.2877601,1.153676,1.0088044,0.93115574,0.90667856,0.89489627,0.88698745,0.892079,0.91521376,0.9505267,0.9923165,1.0324618,1.0687968,1.0980699,1.1190573,1.126854,1.1166595,1.0855805,1.0295782,0.94732636,0.84009904,0.71770775,0.54593575,0.9666812,0.9709879,0.97666216,1.0109577,1.1697681,2.368373,-0.08263042,-1.9365187,-1.582275,-1.1615798,-1.0142181,-1.0286778,-0.9230028,-0.79031295,-0.6994475,-0.6272957,-0.55969036,-0.49677384,-0.43892765,-0.38414973,-0.3333705,-0.28731954,-0.23914863,-0.19029385,-0.14277911,-0.09431232,-0.047978092,-0.010534914,0.018418161,0.03985727,0.045826234,0.03990635,0.024080371,-0.0042360523,-0.03951954,-0.08049516,-0.124685474,-0.1650997,-0.19873312,-0.24166194,-0.30063817,-0.3745753,-0.4799,-0.73422706,-0.83029795,-0.09788916,0.009327986,0.7806847,2.9000478,3.1046777,2.5222332,1.9604867,1.085077,0.086155035,1.0515232,0.8532397,-0.7856664,-1.0592257,-1.1523881,-1.1566643,-1.1426492,-1.1201763,-1.0889157,-1.052802,-1.0131407,-0.98738265,-0.9741332,-0.9635126,-0.957603,-0.9558717,-0.95669985,-0.9532713,-0.9456213,-0.93355757,-0.91923136,-0.9007953,-0.8793722,-0.85833335,-0.8382419,-0.8195476,-0.8048066,-0.79116136,-0.7786391,-0.7667099,-0.7554228,-0.7489209,-0.7493084,-0.7640698,-0.79367834,-0.8355056,-0.876519,-0.91313326,-0.93883497,-0.9603612,-0.98693603,-1.014531,-1.0278449,-1.0374905,-1.0507538,-1.0636468,-1.0759286,-1.0860144,-1.0867885,-1.1015074,-1.1134658,-1.1252737,-1.1470132,-1.1670396,-1.1595182,-1.1333688,-1.1958159,-1.1055833,-0.8839166,-0.18185715
1334,COP_20160526_5-40-W,0.00490173,0.995098,0.0,-1.5668993,-1.5366374,-1.4989506,-1.4589635,-1.422147,-1.3887442,-1.3570784,-1.3264753,-1.2969933,-1.2679652,-1.2397032,-1.2114985,-1.1828429,-1.1541114,-1.1243657,-1.0928258,-1.0602546,-1.0261829,-0.9923637,-0.9571559,-0.9185617,-0.8761736,-0.82809484,-0.7750557,-0.71866214,-0.6615539,-0.6055976,-0.55298555,-0.49842042,-0.4334252,-0.36581102,-0.3031745,-0.24277012,-0.18297528,-0.1242386,-0.06738605,-0.0119011225,0.044315238,0.098247804,0.15084232,0.20242578,0.25203115,0.30096644,0.34876865,0.39522722,0.44056767,0.4845495,0.52729166,0.569041,0.607587,0.64474213,0.68148637,0.71712863,0.73901063,0.76263547,0.79209864,0.82064515,0.84925056,0.87500954,0.9056754,0.9512884,1.0016543,1.0384532,1.0754062,1.111103,1.1438664,1.1754688,1.20596,1.2364789,1.2667506,1.2968705,1.3330125,1.3947303,1.4146718,1.3826731,1.345645,1.3097854,1.301031,1.3057997,1.3129109,1.3261242,1.3504318,1.3856868,1.4289446,1.4728352,1.5145892,1.5524416,1.5865175,1.6152464,1.6405891,1.661197,1.6756076,1.6768786,1.6646576,1.6642169,1.8019476,0.8000274,0.80854154,0.8157759,0.8142721,0.8198145,1.0584781,0.58396494,0.23783244,0.2655053,0.3354943,0.3635963,0.37306264,0.42607704,0.49216524,0.5516831,0.6145815,0.67602783,0.73024476,0.7756658,0.8168877,0.85508186,0.8908859,0.92874354,0.97532296,1.0344208,1.0994956,1.160859,1.2128191,1.2566235,1.2840589,1.2918638,1.282758,1.258185,1.2202864,1.1825416,1.1448412,1.1046003,1.0896313,1.1014477,1.094735,1.0725604,1.0648668,1.0796379,1.1266071,1.2223625,1.2072965,1.3589123,1.9517717,3.5276551,4.595526,4.5522685,5.1105833,2.9747243,2.0338275,2.1657436,2.2630274,0.4691628,0.058320187,-0.083591945,-0.061355036,0.006072037,0.073271,0.14644898,0.22090459,0.28717628,0.34610167,0.35525134,0.3285818,0.28071204,0.22231603,0.16252539,0.11565232,0.08619476,0.073839754,0.075114116,0.08651823,0.10928404,0.14169139,0.17687729,0.21270406,0.24302475,0.2668076,0.28730366,0.30517128,0.3216546,0.3312441,0.32707644,0.2877989,0.2068855,0.10346758,0.0156785,-0.045898803,-0.07140569,-0.08230847,-0.11932815,-0.16875425,-0.18372528,-0.18690446,-0.1928102,-0.19516948,-0.17894864,-0.17188282,-0.17793465,-0.18767433,-0.18962531,-0.19975892,-0.23017122,-0.2784951,-0.32855728,-0.33915004,-0.41127908,-0.33502498,0.12659812,1.0230424
1343,QUE_T3.01.H,0.0,0.95,0.05,-1.276618,-1.251674,-1.2236233,-1.1918784,-1.1595174,-1.1306655,-1.1054002,-1.0811418,-1.0552981,-1.0261482,-0.9950704,-0.96379304,-0.9319484,-0.8995238,-0.86716145,-0.8347019,-0.80157214,-0.76932627,-0.7392317,-0.7091307,-0.6787361,-0.6467667,-0.6130303,-0.57804096,-0.54239464,-0.505469,-0.46735638,-0.42853683,-0.3876042,-0.34205657,-0.29476994,-0.24549085,-0.19575144,-0.14498076,-0.09512028,-0.047749862,0.0034271483,0.04531871,0.08677322,0.1302792,0.17375585,0.21607174,0.2575633,0.29976583,0.34118724,0.38151348,0.4206288,0.45937228,0.4988342,0.5368109,0.5718987,0.60680616,0.6415098,0.6609751,0.6819321,0.71619046,0.75848365,0.7980723,0.8338181,0.86805403,0.902168,0.9381606,0.9698116,1.0030713,1.0360931,1.070614,1.1036074,1.1345165,1.1639436,1.191821,1.2159086,1.2294185,1.2293148,1.2560749,1.2841984,1.30364,1.337603,1.3644375,1.3834959,1.4032183,1.4235249,1.4466285,1.4736598,1.5039293,1.5364282,1.5687841,1.5987648,1.6274029,1.6518996,1.6759391,1.6979108,1.7134839,1.7210677,1.7161996,1.7000753,1.648264,1.6371161,1.7129864,1.3147825,1.3631297,1.2968801,1.2950643,1.2463363,1.2223839,1.2022704,1.2123748,1.2289789,1.2371771,1.2626995,1.301989,1.3450158,1.3879179,1.4302363,1.4671913,1.49528,1.5193952,1.541834,1.565388,1.5884496,1.6172622,1.6569687,1.7010765,1.7399446,1.7697681,1.7882521,1.7928419,1.7808925,1.7612988,1.7488137,1.7428468,1.7359631,1.7296404,1.7145563,1.7152177,1.726746,1.7309798,1.7238562,1.714617,1.7088386,1.6981748,1.6708741,1.6478366,1.521922,3.2949438,4.4996796,2.0330114,0.7915889,2.2713857,5.35503,1.8494223,2.38676,3.597453,2.7015922,0.7636603,0.97877055,1.0499085,1.1338954,1.2074522,1.267371,1.3130277,1.3561581,1.3892972,1.3237915,1.2391763,1.1562517,1.0738956,0.9933799,0.934419,0.89775604,0.8710337,0.86211264,0.87118703,0.89172727,0.91142654,0.9321215,0.94804597,0.9815717,1.0064845,1.0297688,1.0446869,1.0689557,1.0838107,1.0896535,1.0682728,0.9901716,0.8956993,0.8123395,0.74956864,0.72938955,0.7311072,0.712788,0.67268866,0.63968843,0.62976277,0.60577613,0.57920855,0.59834296,0.59911025,0.577666,0.62424326,0.64060014,0.64825726,0.44698864,0.48357326,0.49582973,0.31349966,0.1716366,-0.14740606,-0.6968517,-0.59162736
1360,QUE_T3.03.E,0.0,0.58,0.42,-1.4048104,-1.3882383,-1.3683176,-1.3449174,-1.3220402,-1.302294,-1.2855628,-1.2695292,-1.2517763,-1.2306613,-1.2071706,-1.1826692,-1.1574947,-1.1323389,-1.1073666,-1.0819358,-1.0568804,-1.0331148,-1.0124722,-0.99160665,-0.97119725,-0.95023763,-0.9278497,-0.90352166,-0.87744266,-0.8505011,-0.82566833,-0.8025742,-0.77108866,-0.7239426,-0.6718953,-0.62520176,-0.58166647,-0.5426961,-0.50766766,-0.47244984,-0.43141437,-0.40113926,-0.3703066,-0.3374163,-0.30535254,-0.27278802,-0.24031477,-0.2124042,-0.18631501,-0.16067818,-0.13603431,-0.110466436,-0.08297691,-0.054343212,-0.023760526,0.003322559,0.023929037,0.053330973,0.07315531,0.09290719,0.10843518,0.12216294,0.13896248,0.15463933,0.13215655,0.10360524,0.12411227,0.14319164,0.16140354,0.17722625,0.19377068,0.21111384,0.23184267,0.25199187,0.2776232,0.29794562,0.3255715,0.34465495,0.3509053,0.35102287,0.34721136,0.3493352,0.3589773,0.37067333,0.38268512,0.39773083,0.4132949,0.4291778,0.44673738,0.46395716,0.4820924,0.4987823,0.50864226,0.5162407,0.52566665,0.53939646,0.54967177,0.5526145,0.54823995,0.55415004,0.6548215,0.4279012,1.349044,1.1136894,0.5078813,0.13483381,0.039984412,-0.0006982375,-0.023626838,-0.04231284,-0.042176817,-0.024726022,0.0016374401,0.033311013,0.06560102,0.10398889,0.14340724,0.18030736,0.21355924,0.24447756,0.2740784,0.3006558,0.32579026,0.3492534,0.37577215,0.40137708,0.4222618,0.4419141,0.4564842,0.46391556,0.46538192,0.4637293,0.46157297,0.45832077,0.45655176,0.45107454,0.44098252,0.43233022,0.4241173,0.4122815,0.39645025,0.38543412,0.38141018,0.38303825,0.39192474,0.43485063,0.34940204,-0.24678636,0.31222612,3.221962,1.3738288,3.2583213,1.8166659,0.04752304,0.9345246,-0.3275073,0.40625083,-0.57060146,-0.6558707,-0.6175984,-0.57736355,-0.53251487,-0.490577,-0.43960813,-0.39024806,-0.35720184,-0.329914,-0.30911377,-0.2992202,-0.2896786,-0.28362316,-0.27757204,-0.26955125,-0.2553877,-0.23723494,-0.21653871,-0.19704123,-0.17961532,-0.15633824,-0.13833377,-0.12792377,-0.116032355,-0.105067626,-0.093491256,-0.09743411,-0.09214036,-0.078022406,-0.087916344,-0.12246852,-0.15563709,-0.18396729,-0.21669751,-0.24500997,-0.25370118,-0.27992326,-0.3051534,-0.3456313,-0.36933398,-0.3844602,-0.399501,-0.44084018,-0.42092866,-0.4823613,-0.49305186,-0.5313389,-0.51189774,-0.5763333,-0.7081774,-0.71713763,-0.9003145,-1.0408399,-0.9474114,-1.1915487,-1.027288
1363,QUE_T3.03.H,0.0,0.58,0.42,-1.3694685,-1.3504335,-1.3282458,-1.3025889,-1.2767866,-1.2540337,-1.2345017,-1.2157542,-1.1955651,-1.1727556,-1.1480546,-1.1228237,-1.0974311,-1.071674,-1.0459728,-1.0195526,-0.9930056,-0.9671844,-0.9437666,-0.9199374,-0.8958993,-0.87133867,-0.845458,-0.81764215,-0.7883342,-0.758143,-0.72894317,-0.7005941,-0.6656106,-0.6193324,-0.5717359,-0.52843857,-0.48620903,-0.44639182,-0.4094292,-0.37227663,-0.3297899,-0.29543626,-0.2625324,-0.2269646,-0.19207971,-0.15736954,-0.12218969,-0.09123119,-0.061499592,-0.0328403,-0.004269708,0.02431304,0.05342598,0.08256077,0.11297939,0.1405471,0.16522369,0.18910563,0.2112667,0.232491,0.2545469,0.2759077,0.29544902,0.31617036,0.3218738,0.3265515,0.3503998,0.37431887,0.39894196,0.41864544,0.43874255,0.46021718,0.48470095,0.5083239,0.5318934,0.55536747,0.58389693,0.612669,0.61950344,0.6258833,0.628866,0.63621044,0.64834374,0.66238284,0.6789388,0.6966384,0.71476454,0.73431003,0.75481147,0.77593833,0.797782,0.81857276,0.833586,0.8482559,0.86217433,0.8747265,0.8826912,0.88450277,0.87904656,0.8464034,0.77438176,0.32042125,-0.032569654,0.2985049,0.4839631,0.4431811,0.41824228,0.38167286,0.35644352,0.34247482,0.34055528,0.3535884,0.3776036,0.40628308,0.43622375,0.47375304,0.5124771,0.5480556,0.57911855,0.6081732,0.63648665,0.6626273,0.6875729,0.7122649,0.74248886,0.7743156,0.8007818,0.82341635,0.8410758,0.8500387,0.8510184,0.8470302,0.84327275,0.83950984,0.83690083,0.8318109,0.8220227,0.81598926,0.81213707,0.8022311,0.7887756,0.78028363,0.77935743,0.7760748,0.78850895,0.79481167,0.89088774,1.4301106,-0.6131175,-0.28942126,1.2782047,3.2935069,3.5940685,2.693426,2.3457716,4.644022,0.63832885,-0.38059905,-0.15903713,-0.17115338,-0.14103931,-0.077841274,-0.02672491,0.025412925,0.09002426,0.13062137,0.1435699,0.14124404,0.13272507,0.115051545,0.09404751,0.08766965,0.08409561,0.089147925,0.0950414,0.107087314,0.13321227,0.15690899,0.17602281,0.1954053,0.20828442,0.2309592,0.24768536,0.25288397,0.261964,0.26564273,0.2817023,0.27066046,0.23719205,0.18791763,0.12930587,0.08821784,0.07204222,0.06312359,0.051129684,0.017737921,-0.035557058,-0.028213937,-0.06492335,-0.074753135,-0.08996794,-0.08642276,-0.10953471,-0.14955816,-0.08378944,-0.0888975,-0.22814313,-0.20188986,-0.38423806,-0.6183034,-0.6709566,-0.40496117,-1.2429621,-1.6486866
1365,QUE_T3.03.J,0.0,0.58,0.42,-1.385586,-1.366848,-1.3458699,-1.3215418,-1.2973219,-1.2761176,-1.2579914,-1.2404068,-1.2218128,-1.2005048,-1.1774807,-1.1541413,-1.1306934,-1.1069101,-1.0832624,-1.0591245,-1.0348275,-1.011309,-0.9895103,-0.9675872,-0.9451565,-0.9217822,-0.89700454,-0.87027746,-0.84246415,-0.8134998,-0.7846898,-0.75632423,-0.72297186,-0.6800669,-0.63507444,-0.59306073,-0.55211985,-0.5133829,-0.47731376,-0.44111094,-0.39990383,-0.3660688,-0.3339306,-0.2992424,-0.26516828,-0.23103166,-0.19659436,-0.16541545,-0.13606341,-0.107763,-0.079692096,-0.051580414,-0.022564232,0.0069162324,0.036717944,0.06435226,0.09004845,0.10958356,0.131757,0.15398714,0.1778318,0.20276245,0.22243662,0.24157546,0.26834664,0.301583,0.324703,0.34657753,0.37167785,0.39417943,0.41595137,0.43816945,0.45994934,0.47921813,0.5047155,0.5292825,0.5565029,0.58538854,0.5933173,0.60128826,0.6100212,0.6198353,0.6344489,0.65083027,0.66857356,0.68674695,0.7063062,0.7262944,0.7477176,0.77027833,0.79319924,0.8142429,0.8297256,0.8454407,0.8592271,0.8692605,0.876517,0.8768828,0.87430906,0.87411463,0.8977177,0.9215789,1.3001012,0.9991226,0.6614094,0.5336395,0.44228783,0.38652653,0.3544333,0.3453229,0.34586212,0.36114645,0.38707927,0.4185702,0.4523768,0.49216595,0.53287125,0.57105124,0.60487515,0.6364303,0.66709954,0.6961182,0.72199535,0.7483225,0.78045213,0.81282,0.8402309,0.8640027,0.8820344,0.8911502,0.8936912,0.8903836,0.887187,0.88396895,0.88312286,0.8775631,0.86786354,0.86236227,0.85896045,0.84794176,0.8338361,0.822173,0.82245064,0.8210189,0.829293,0.8541098,0.8655301,0.4365596,1.4260455,0.81537336,-0.6383016,0.67583174,0.13676165,0.62772197,-0.710882,1.084761,-1.3119009,-0.6805592,-0.33023104,-0.19460692,-0.1343021,-0.091195896,-0.046483453,0.012082606,0.06377345,0.12760732,0.14418307,0.14618534,0.1381386,0.12206302,0.11192741,0.10292757,0.101436794,0.104700804,0.112764016,0.13278818,0.14908919,0.17309944,0.19283848,0.2109673,0.2268822,0.24431302,0.26190415,0.27249634,0.28200918,0.29116517,0.30664653,0.2926301,0.24289013,0.1911412,0.146526,0.100729086,0.07904294,0.07933065,0.052363373,0.017306942,-0.026036723,-0.056985766,-0.055738755,-0.07575603,-0.08206283,-0.09823004,-0.14839493,-0.1632006,-0.16459462,-0.2062007,-0.3586911,-0.3927465,-0.48505795,-0.5666432,-0.741905,-0.9771101,-0.9197654,-1.5554407
1369,QUE_T3.04.D,0.0,0.5,0.5,-1.2307743,-1.2022783,-1.1701633,-1.132753,-1.094947,-1.0630074,-1.0373946,-1.0132357,-0.9863768,-0.9544677,-0.9193578,-0.8840685,-0.8490229,-0.813706,-0.7780442,-0.74159265,-0.7045628,-0.6683069,-0.63587034,-0.60375005,-0.57328874,-0.5430527,-0.51086843,-0.47703716,-0.44321793,-0.40652135,-0.36935866,-0.33200967,-0.2923335,-0.24596108,-0.20359765,-0.16253684,-0.11500843,-0.07355988,-0.03965884,-0.002021792,0.049425986,0.08361438,0.114092365,0.1533603,0.19122009,0.23025805,0.27261204,0.30463886,0.33379048,0.3648273,0.39676508,0.4283593,0.46151268,0.49814007,0.5408916,0.5765088,0.60619265,0.65559816,0.7167626,0.74120784,0.7528952,0.7569358,0.77170473,0.7887492,0.78964645,0.78904766,0.8144483,0.8397564,0.86361265,0.8868444,0.90998214,0.93353945,0.95834345,0.9811374,1.0112531,1.0463265,1.0977619,1.1389099,1.1441826,1.1557286,1.150188,1.1491059,1.1604658,1.1746849,1.1884961,1.2040427,1.2204299,1.2371969,1.2559162,1.2777516,1.3020622,1.3246261,1.3377804,1.35397,1.3729434,1.3964267,1.4175451,1.438424,1.4521216,1.4577321,1.3608202,0.77202374,0.79307187,1.1131217,1.286176,1.2859604,1.2993447,1.2594885,1.2344491,1.2115576,1.199817,1.2084532,1.2138579,1.2152892,1.2198462,1.2387205,1.2600167,1.2805392,1.2979171,1.3133241,1.3307325,1.3478836,1.3645368,1.3820298,1.4081087,1.4346792,1.4560633,1.475164,1.4889212,1.4928722,1.4894181,1.4817615,1.476134,1.4735551,1.4735843,1.4724106,1.4660686,1.466848,1.4766169,1.4787654,1.4769952,1.4822327,1.4945667,1.5053426,1.530259,1.5560334,1.5691969,2.16695,1.9896065,2.6216633,0.003043848,1.625379,3.0666819,5.325486,3.5270104,-0.3818802,1.0234091,1.0522251,0.9029002,0.9694629,1.0014294,1.0147554,1.04349,1.0839084,1.1513276,1.2120457,1.1842611,1.1315815,1.0872766,1.0590502,1.0286744,0.99586505,0.96941173,0.9600606,0.9492798,0.95446324,0.9702281,0.9880665,1.0007046,1.0055944,1.0107709,1.017402,1.0289738,1.0347053,1.0374075,1.0409421,1.0633113,1.0592229,1.01661,0.9554325,0.9013778,0.8662976,0.8402103,0.8510521,0.83190155,0.7895941,0.7638508,0.75613457,0.7585131,0.7347845,0.7606215,0.7999958,0.73391086,0.7535078,0.75754577,0.7619107,0.7263996,0.72187006,0.57923377,0.47523132,0.3072023,0.2572417,-0.16189353,2.311927
1370,QUE_T3.04.E,0.0,0.48,0.52,-1.2243679,-1.1952934,-1.1626614,-1.1248409,-1.0865141,-1.0542414,-1.0280532,-1.0033385,-0.976083,-0.94382983,-0.90859145,-0.87310004,-0.8378887,-0.8022238,-0.76636446,-0.72959524,-0.69212353,-0.65520555,-0.62194556,-0.58937114,-0.55834097,-0.5274068,-0.49479425,-0.46061543,-0.426311,-0.3898104,-0.35317215,-0.31623873,-0.27651584,-0.23054682,-0.18761835,-0.14609385,-0.09881563,-0.056924645,-0.022292182,0.015621706,0.06594214,0.10111496,0.13217197,0.17102717,0.20881146,0.24719664,0.28866202,0.32050914,0.3495855,0.3799445,0.41119516,0.44256806,0.4747211,0.50918543,0.5494163,0.5829649,0.61195874,0.65469253,0.70548725,0.7296256,0.74647003,0.7568233,0.77116907,0.7878531,0.794513,0.79810244,0.8213295,0.8452563,0.86997634,0.8942187,0.91857344,0.9414448,0.96498597,0.9898914,1.0200466,1.0549954,1.1059842,1.1505743,1.15822,1.1653067,1.1572208,1.1547993,1.1647415,1.1792572,1.193528,1.2091249,1.2251239,1.2421317,1.2616167,1.2832643,1.3077357,1.3308743,1.3442081,1.3607547,1.3809156,1.4046878,1.4264543,1.4494557,1.4642689,1.4682118,1.3346446,1.2320533,1.1633196,1.6541073,1.5892122,1.3892587,1.326486,1.2755616,1.2451792,1.2163085,1.203621,1.2102187,1.2175416,1.2150233,1.2187235,1.2369382,1.2595286,1.2803748,1.2968504,1.3140523,1.3314662,1.3496038,1.3662852,1.3834218,1.410469,1.438387,1.4595765,1.478886,1.4928302,1.4969265,1.4925747,1.4842116,1.4777616,1.4756687,1.47571,1.4733459,1.4687833,1.4703223,1.477823,1.4802065,1.4813663,1.4867678,1.4969046,1.5151876,1.540391,1.5964975,1.5905212,0.97000957,-0.08677953,1.1236659,-1.2261088,1.3722346,2.1531692,1.812945,4.509821,1.7385745,0.25065476,0.38425946,0.80133337,0.923889,0.96173424,1.0091852,1.0330131,1.0722355,1.1257788,1.1961806,1.1762031,1.1206372,1.0730656,1.0337654,1.0026419,0.9732503,0.94497985,0.9315678,0.92947674,0.9345695,0.95275706,0.969957,0.98126715,0.98330563,0.98995405,0.99574417,1.0091455,1.012076,1.0166799,1.0125947,1.0353674,1.0380255,0.99897933,0.9428041,0.8772754,0.8304032,0.8227645,0.8221269,0.80079323,0.78963476,0.7514814,0.71903086,0.70757675,0.720184,0.70848334,0.7271636,0.6832084,0.6874668,0.7217626,0.63853264,0.6148667,0.6282946,0.5325819,0.5129401,0.60545176,-0.029034527,-0.7014432,-1.3964299
1392,QUE_T3.06.G,0.0,0.0,1.0,-1.2404385,-1.2081982,-1.172301,-1.1309737,-1.088598,-1.0547848,-1.0310154,-1.0096332,-0.983815,-0.9506432,-0.91183305,-0.8714479,-0.831673,-0.7921648,-0.7526095,-0.7126079,-0.67262256,-0.6352674,-0.60318744,-0.5728723,-0.54681706,-0.52260256,-0.49769938,-0.47145605,-0.44493926,-0.4171659,-0.3923133,-0.36837855,-0.33580282,-0.28781408,-0.23628825,-0.19158445,-0.14369366,-0.10496736,-0.0752672,-0.0427811,-0.0011244253,0.027589556,0.05344187,0.084637955,0.11392677,0.14503953,0.17827599,0.20004557,0.21867748,0.23932473,0.26132712,0.28326568,0.30643314,0.332053,0.36396977,0.38865477,0.4087133,0.44663244,0.4835985,0.49626797,0.5008774,0.5019373,0.509841,0.5177704,0.5226355,0.52665037,0.5438914,0.559904,0.5758404,0.5913332,0.6067575,0.62478524,0.6403358,0.6584916,0.6831105,0.7167119,0.77851903,0.8158322,0.810035,0.8073715,0.7820267,0.77147543,0.77527666,0.7844838,0.79347175,0.8029542,0.81143427,0.81803006,0.82650405,0.8374253,0.85127926,0.86300147,0.8688005,0.8772025,0.8902539,0.9054915,0.9233245,0.94673645,0.9707731,1.0130451,1.2372662,1.4421151,1.9918656,1.5069509,1.5483629,1.1439319,0.99458754,0.9533776,0.93441826,0.8857445,0.8658218,0.879722,0.880608,0.8670443,0.8584972,0.8644253,0.8754143,0.8861837,0.89834595,0.9114848,0.9237878,0.9375982,0.9501343,0.958375,0.96902865,0.9768288,0.9831778,0.9897138,0.9958737,1.0002971,1.0029229,1.0047207,1.0061938,1.0075928,1.0089141,1.0113032,1.0104709,1.0094402,1.0087066,1.0093417,1.0117706,1.0218042,1.0403214,1.0652503,1.1146288,1.2370833,1.257543,0.77468956,2.2099628,0.2628629,1.7924446,0.9558691,0.4577783,-0.78910106,0.37046298,1.1425141,0.48365295,0.41687387,0.49115136,0.44515815,0.50884324,0.47349268,0.4887873,0.53473216,0.5987538,0.6661976,0.68210995,0.6833309,0.69236463,0.7040389,0.7223962,0.7376324,0.74499804,0.7546467,0.7681517,0.78023547,0.7954046,0.80167013,0.79915816,0.79391813,0.78357744,0.7730563,0.7647142,0.75198466,0.74488986,0.7362735,0.75919396,0.77231055,0.77406013,0.7502803,0.7379998,0.7146832,0.7038248,0.68818873,0.67353314,0.6492751,0.6428425,0.63643575,0.61200523,0.60480833,0.58595973,0.55006254,0.5594099,0.55536634,0.5650977,0.48024765,0.33704832,0.38511276,0.2834648,0.041222308,0.24185312,0.40006566,0.48341432,1.9327806
1425,QUE_T3.10.H,0.0,0.23,0.77,-1.2446413,-1.2124588,-1.1768938,-1.135063,-1.0919563,-1.0576028,-1.0332328,-1.0110047,-0.9840949,-0.94933254,-0.9092402,-0.86845934,-0.8286627,-0.78907585,-0.7494607,-0.7093077,-0.66907585,-0.63069814,-0.5962993,-0.56352246,-0.53377855,-0.5046808,-0.47467005,-0.44364515,-0.41223815,-0.37878665,-0.34544164,-0.31110916,-0.2734379,-0.22940123,-0.18521757,-0.14210834,-0.09515394,-0.052650496,-0.016320644,0.021425199,0.06730285,0.10104473,0.1325811,0.16842341,0.20265096,0.23754963,0.2729902,0.3010987,0.32676068,0.35328645,0.38042644,0.40690827,0.4340067,0.46235266,0.4937973,0.5199956,0.54362357,0.57335967,0.60065675,0.6226339,0.6408308,0.6554563,0.67204785,0.6893368,0.7060281,0.7238967,0.7466752,0.7682146,0.7874427,0.80777913,0.8272396,0.8469601,0.86857146,0.88907456,0.91098297,0.938456,0.9778595,1.002346,1.0109614,1.0214607,1.0225682,1.0296754,1.0410715,1.0546485,1.0693423,1.0852832,1.0995889,1.1142237,1.1301401,1.147299,1.1657033,1.1825798,1.193841,1.2056646,1.2213367,1.2384483,1.2541877,1.2697793,1.281666,1.2895803,1.2763132,1.1296973,1.0217471,1.1319854,1.3193917,1.2565562,1.2310925,1.2225544,1.2177204,1.2063422,1.2062356,1.2178898,1.2246231,1.2269489,1.2336689,1.2466551,1.2608382,1.2748384,1.2879558,1.3009496,1.313972,1.325928,1.3386906,1.3512442,1.3659248,1.3805683,1.3923485,1.4027219,1.4107523,1.4167842,1.4156669,1.4112709,1.4093708,1.4095879,1.4108725,1.4119127,1.408645,1.4100951,1.4146261,1.4172513,1.4203495,1.4277595,1.4379318,1.4479413,1.4795958,1.5241481,1.4660674,2.0967526,3.1505406,2.8290198,3.3793678,1.4869517,0.22185372,3.112036,2.3717399,-0.5680594,1.2617009,1.2836081,1.1216571,1.0642582,1.0611415,1.0806118,1.1045398,1.1280532,1.1638288,1.2118765,1.2103498,1.1807827,1.1558692,1.1406689,1.130162,1.1210055,1.108423,1.1032903,1.1038743,1.1115259,1.1227692,1.1233556,1.1191288,1.1025062,1.092589,1.0762223,1.0690979,1.0608573,1.0423949,1.0339141,1.0815593,1.1009618,1.0796926,1.0395598,1.0038893,0.9713698,0.9523088,0.9425251,0.93551207,0.91627413,0.90707636,0.87294626,0.8527367,0.85461164,0.85119796,0.8753131,0.84110034,0.79712456,0.79446226,0.71507937,0.69920045,0.685791,0.67577636,0.46414787,0.4828721,0.41814902,-0.3132248,-0.56946594
1426,QUE_T3.10.I,0.0,0.2,0.8,-1.2424675,-1.2099983,-1.1739405,-1.131666,-1.0879053,-1.0533578,-1.0288281,-1.0064574,-0.97937924,-0.9442536,-0.90373564,-0.8625471,-0.8223101,-0.78216195,-0.7420236,-0.7014242,-0.66097033,-0.6221592,-0.58768344,-0.5546448,-0.5246149,-0.49526158,-0.46491775,-0.4335196,-0.40181285,-0.36782697,-0.3338619,-0.29902995,-0.26059744,-0.21501182,-0.1693063,-0.12476295,-0.07630059,-0.032722857,0.0046712384,0.04353286,0.09035906,0.12501292,0.15736276,0.19390436,0.2288181,0.26468658,0.30128545,0.33013535,0.3562381,0.38309225,0.41090348,0.4385357,0.4662822,0.49538684,0.5281134,0.5553626,0.57935625,0.6111019,0.6391852,0.6595399,0.6788939,0.6940703,0.710602,0.72843903,0.74347043,0.7579994,0.78283423,0.8033845,0.8249893,0.8468526,0.8687332,0.8887628,0.9107441,0.93495136,0.9594286,0.9867196,1.0256196,1.0584655,1.0691729,1.0798033,1.0821226,1.0881722,1.1022149,1.1165875,1.1319824,1.1489937,1.1649065,1.180601,1.1983378,1.2172058,1.2366802,1.2550716,1.2681934,1.2820857,1.2987727,1.3166618,1.3331585,1.3494918,1.3610095,1.3406113,0.9319443,0.36995485,0.44926274,0.79845345,1.0671589,1.2651223,1.3053241,1.3008108,1.3024223,1.2865758,1.282273,1.293539,1.3018026,1.3061244,1.3121876,1.3271208,1.3423359,1.3579243,1.3730762,1.3869237,1.4015929,1.4148452,1.429143,1.4436775,1.4606022,1.4780446,1.4927633,1.5045356,1.5143135,1.5195327,1.5184437,1.5145013,1.5128938,1.5122006,1.5139743,1.5149151,1.5119117,1.5144049,1.5193478,1.5219359,1.5248765,1.5327963,1.5446625,1.5541168,1.5774051,1.5920902,1.538108,2.332911,1.4957145,4.330651,3.7145743,2.386645,1.8553967,2.0368285,0.9250957,0.54220414,1.2463651,1.4340553,1.1112089,1.1109402,1.1445329,1.1770705,1.1966926,1.2296553,1.2778076,1.3149703,1.302473,1.2753704,1.2443899,1.2187513,1.2086427,1.1978103,1.1741041,1.1707138,1.169834,1.1748248,1.1886419,1.195772,1.1918151,1.1788867,1.1700588,1.1584042,1.1581541,1.1533154,1.1429911,1.1343981,1.1733851,1.1798592,1.1561135,1.1145874,1.0542494,1.0211577,1.0074484,1.0037769,0.9855021,0.9625859,0.9587847,0.9327757,0.9074774,0.9043063,0.9032148,0.89331377,0.895865,0.9314876,0.8866588,0.8602936,0.8582497,0.84167266,0.7412279,0.7580784,0.5809018,0.5355366,0.7212395,-0.6790184
1432,QUE_T3.71.E,0.0,0.45,0.55,-1.3960354,-1.3760937,-1.3528767,-1.3261071,-1.2996576,-1.276259,-1.255787,-1.2355589,-1.2137519,-1.1891083,-1.1626335,-1.1359996,-1.1092556,-1.08249,-1.0555671,-1.0278103,-0.9997637,-0.9720955,-0.94668275,-0.9201472,-0.894518,-0.867956,-0.8390768,-0.80879277,-0.77754647,-0.74388564,-0.7103993,-0.67581385,-0.6385183,-0.5963487,-0.5542137,-0.51303804,-0.46529427,-0.42312878,-0.38703534,-0.34889287,-0.30337936,-0.2691066,-0.23454225,-0.19623268,-0.15953763,-0.12112522,-0.08108822,-0.050719857,-0.02352108,0.005677168,0.035480984,0.06520592,0.09646043,0.12990221,0.16916022,0.20032428,0.22558248,0.27077687,0.3110255,0.32899526,0.3386694,0.34496838,0.3588422,0.37271276,0.3777354,0.37574995,0.40346116,0.42655897,0.45061433,0.47236848,0.4943005,0.51709193,0.5397342,0.5653417,0.5940303,0.6279204,0.6791106,0.7129794,0.71270806,0.70894563,0.6939086,0.69278604,0.70146704,0.7138481,0.7265092,0.74224085,0.7578713,0.7738517,0.7924796,0.81380886,0.8342848,0.85344535,0.86809516,0.88208866,0.8993138,0.9185008,0.9339006,0.94714665,0.95289147,0.976636,0.943466,0.70207965,0.60353035,0.83099264,0.8131771,0.66405016,0.5765205,0.51595044,0.49551073,0.46682116,0.45633534,0.47111878,0.48971328,0.5052786,0.5243241,0.5561081,0.58854425,0.61896825,0.6471588,0.6737203,0.69846797,0.7208499,0.7438664,0.76795304,0.7951982,0.82271755,0.84751123,0.8680786,0.8827225,0.8898741,0.8877545,0.8807394,0.87669885,0.8760711,0.8738381,0.8702891,0.8612264,0.85963124,0.8599075,0.8526547,0.84316707,0.8405777,0.8444579,0.8545885,0.88711506,0.91148007,0.9043259,1.293814,1.8628966,-0.58233654,0.66394174,4.8820066,5.2566648,3.1557748,1.3271124,0.08080285,-0.34175834,0.066611275,-0.031007122,-0.074303694,-0.025039557,0.010207473,0.051791344,0.09899676,0.14794771,0.18872677,0.20485471,0.20387226,0.19826743,0.18464673,0.17170554,0.16121364,0.16474316,0.1672547,0.17804928,0.19769458,0.21571764,0.23493735,0.2506239,0.26524705,0.28050777,0.28781828,0.30512968,0.31380934,0.32251117,0.3254799,0.3378551,0.32554275,0.2860273,0.24564031,0.19143184,0.15366916,0.14173193,0.14011377,0.10969808,0.07459608,0.058168504,0.031957075,0.021239975,-0.011172735,-0.017243136,-0.037852302,-0.029685086,-0.04162559,-0.09745631,-0.15186182,-0.101085395,-0.22956823,-0.35246843,-0.2564302,-0.502477,-1.0280354,-1.3615966,-1.5116779
1435,QUE_T3.71.H,0.0,0.4,0.6,-1.4066055,-1.3869163,-1.3647856,-1.3392519,-1.3139855,-1.2918354,-1.2727545,-1.2542169,-1.2341611,-1.2112912,-1.1867487,-1.1620046,-1.1374756,-1.1125838,-1.0878186,-1.0619206,-1.035456,-1.009312,-0.984998,-0.95994985,-0.9360575,-0.9106296,-0.88320214,-0.8546263,-0.8251015,-0.79349864,-0.76171404,-0.72856694,-0.69315636,-0.6544249,-0.6160521,-0.5779164,-0.53390783,-0.4947987,-0.46076164,-0.42446497,-0.3820793,-0.34851727,-0.31443185,-0.2775886,-0.24219634,-0.20521055,-0.16689758,-0.13745347,-0.111082636,-0.0831023,-0.054608602,-0.02613769,0.0035947254,0.034982342,0.070685595,0.09986994,0.124056764,0.16123456,0.19276533,0.21207489,0.22394177,0.23503155,0.24754396,0.26332867,0.28589338,0.3110409,0.33557492,0.3594779,0.3812475,0.404472,0.42723277,0.45291787,0.47454116,0.49714184,0.5248516,0.5595137,0.6131703,0.64220256,0.64532083,0.64432585,0.6284502,0.6274728,0.63802546,0.651061,0.66414344,0.6799104,0.69616723,0.7126167,0.73170644,0.7520627,0.7732393,0.7925572,0.80818343,0.82319504,0.84241056,0.8605607,0.8734885,0.8858249,0.89308006,0.9190622,0.87371427,0.78487647,0.7065334,0.7085525,0.7238053,0.64600843,0.5577484,0.4998289,0.47763047,0.45100886,0.44194987,0.45933092,0.47747925,0.49034643,0.509802,0.5397828,0.5709276,0.60147643,0.62936896,0.65555257,0.6819143,0.70457786,0.7265912,0.74951726,0.7753732,0.8026027,0.826451,0.84624636,0.8606697,0.868374,0.867114,0.8604782,0.8570851,0.855608,0.8532451,0.84999543,0.84072846,0.83753586,0.8376597,0.8322248,0.82387143,0.82166696,0.8278811,0.8425533,0.87279314,0.94072825,1.0953614,1.3843422,4.9586473,3.330134,0.88334584,3.235822,2.5564778,2.3136413,3.1453702,0.08453325,-0.29648077,-0.0053445846,-0.10332759,-0.08225016,-0.041668713,-0.015120728,0.02765488,0.071918696,0.1128956,0.17227267,0.1878156,0.18746667,0.18244672,0.17463335,0.17024364,0.15741931,0.15900639,0.16507772,0.17619705,0.19469725,0.21430364,0.22575498,0.23851116,0.25453147,0.2696978,0.28004056,0.2900765,0.2975401,0.30497214,0.30548632,0.31560078,0.31067327,0.27559802,0.22225386,0.17204034,0.14183033,0.12851882,0.11767972,0.100572616,0.06135001,0.043419156,0.006159098,-0.018980024,-0.000539425,-0.036913566,-0.04644793,-0.07000196,-0.06736631,-0.061823178,-0.11753821,-0.22125563,-0.22498569,-0.23101553,-0.20664757,-0.515163,-0.6448204,-0.47630084,-1.0697802
1437,QUE_T3.71.J,0.0,0.36,0.64,-1.3936106,-1.3742528,-1.3519814,-1.326296,-1.3005962,-1.2786565,-1.2599736,-1.2418529,-1.222017,-1.1990982,-1.1742731,-1.1491685,-1.124002,-1.0987029,-1.0732318,-1.0469737,-1.0200714,-0.9933631,-0.96932614,-0.9443938,-0.9206175,-0.8956106,-0.86849606,-0.84043556,-0.8110224,-0.77949274,-0.7480717,-0.7150009,-0.6797176,-0.64056647,-0.60137534,-0.56218344,-0.5176974,-0.477506,-0.4420026,-0.40484384,-0.36227626,-0.32907975,-0.29470542,-0.25831062,-0.2233736,-0.18701792,-0.1495051,-0.120270975,-0.09354151,-0.06531063,-0.037242997,-0.008841499,0.02000395,0.050697185,0.085876904,0.113993384,0.1363905,0.1790711,0.20437454,0.22138722,0.23484129,0.24408491,0.2586099,0.2725349,0.24501254,0.20678511,0.22963004,0.25073025,0.27099094,0.28975865,0.3074262,0.32567692,0.3472275,0.37281817,0.40324333,0.43583763,0.48872116,0.5183089,0.51560545,0.5131776,0.49874493,0.49914247,0.5095269,0.52185374,0.53591734,0.5506926,0.5658529,0.5816703,0.59891576,0.61742145,0.63571495,0.65348816,0.6661081,0.67709196,0.6924233,0.71448153,0.7375835,0.75759625,0.7670654,0.78193206,0.8097024,0.86841744,0.89363956,0.8642867,0.58649755,0.46564904,0.39445522,0.3467187,0.31853747,0.28914467,0.282066,0.30187,0.32222185,0.33777097,0.35909134,0.39047965,0.42242727,0.4534157,0.4822511,0.5087977,0.53435117,0.55619276,0.578462,0.6002143,0.6241615,0.6472401,0.66779953,0.6846259,0.697017,0.70475453,0.7041125,0.6992631,0.695815,0.6933308,0.6916616,0.688297,0.67843467,0.67494804,0.6726597,0.66426545,0.65513164,0.6523495,0.6557024,0.66754824,0.71111405,0.7816287,0.85073143,2.485872,4.9205685,4.879789,2.434481,1.0957971,1.4372935,1.9937513,1.1102666,1.0446486,-0.10333798,-0.06293767,-0.32784268,-0.26224598,-0.254685,-0.22158507,-0.17928846,-0.13625284,-0.08445834,-0.04721371,-0.02168229,-0.009332661,-0.005360244,-0.0027180428,-0.0032852807,0.00033094705,0.010113868,0.02077277,0.032552708,0.055714913,0.079686835,0.09677397,0.11016318,0.12419618,0.13167953,0.1380449,0.14538333,0.1559859,0.15532309,0.15403178,0.16860805,0.15849665,0.14574689,0.09980321,0.05961745,0.025899295,0.012716921,0.00687428,-0.025917877,-0.055571996,-0.07471761,-0.11506043,-0.12547801,-0.14325029,-0.15113378,-0.1679159,-0.19952415,-0.20108457,-0.2351144,-0.31380698,-0.35085753,-0.33316424,-0.3664243,-0.4633233,-0.54214424,-0.45716104,-0.24650449,-0.8515079
1440,Plant2-11,1.0,0.0,0.0,-1.3985709,-1.4421612,-1.4496766,-1.4414423,-1.4489578,-1.4484351,-1.4451021,-1.4435335,-1.4447099,-1.4416384,-1.4311165,-1.3920355,-1.2819815,-1.147747,-1.0743558,-1.0340985,-1.0397842,-1.1039606,-1.1765023,-1.2069566,-1.2166288,-1.2473446,-1.293941,-1.3093643,-1.3255719,-1.3732793,-1.4049101,-1.4409848,-1.4385014,-1.348772,-0.9283577,-0.22575018,0.6108303,1.4744668,2.1706698,2.578994,2.7773397,2.8175316,2.850012,2.864455,2.8819041,2.8953013,2.8930142,2.9040582,2.921377,2.9405906,2.9524195,2.9631374,2.9681695,2.9688885,2.9528773,2.9459498,2.927324,2.9077184,2.8117807,2.740938,2.6155913,2.551938,2.5523298,2.5810852,2.635263,2.6858454,2.7462316,2.8183813,2.871186,2.9185667,2.943728,2.9551644,2.946799,2.9271936,2.8809237,2.8345883,2.719568,2.561414,2.3122895,2.0555837,1.9692528,1.9427849,1.9238981,1.9033116,1.9108275,1.9322629,1.971867,2.0068307,2.0403564,2.06604,2.0796988,2.076562,2.0525122,1.9989885,1.908344,1.7822784,1.612296,1.4151268,1.248085,1.1273131,0.8115939,0.45417973,0.09650414,-0.26110613,-0.6185203,-0.9164636,-1.0122054,-1.0494565,-1.0726566,-1.0699118,-1.0586711,-1.0171069,-0.94567627,-0.8642467,-0.77713144,-0.68446124,-0.5857133,-0.48774946,-0.39115816,-0.2963312,-0.20771298,-0.12582591,-0.048578985,0.02134854,0.084021874,0.14519192,0.19335699,0.23792756,0.27393675,0.30001262,0.31151468,0.31275642,0.3010583,0.28190985,0.25609553,0.2243994,0.18237765,0.13584653,0.07964313,0.019257216,-0.042631753,-0.09229999,-0.12386523,-0.13157693,-0.14503965,-0.21124204,-0.30521932,-0.42461875,-0.5441489,-0.66341764,-0.7829479,-0.9025434,-1.0218775,-1.1414077,-1.2608073,-1.3802067,-1.4996716,-1.5897276,-1.5592079,-1.5550908,-1.5133303,-1.4988874,-1.4747069,-1.4551663,-1.4303977,-1.399355,-1.3600128,-1.333022,-1.3043323,-1.2725053,-1.2397636,-1.2025126,-1.1617324,-1.1257232,-1.0896484,-1.0529202,-1.0151463,-0.98724055,-0.96371365,-0.94208187,-0.9277043,-0.9116928,-0.89934117,-0.8850942,-0.87052065,-0.866142,-0.8618287,-0.8695403,-0.89104134,-0.9258744,-0.95711297,-0.9946254,-1.0264522,-1.0559918,-1.0892564,-1.1091889,-1.1458519,-1.1688559,-1.2047999,-1.2267585,-1.2612647,-1.2949214,-1.307273,-1.3432171,-1.3638686,-1.38916,-1.4077202,-1.4579765,-1.4857514,-1.5211072,-1.5301913,-1.5115004,-1.5057493,-1.3441973
1442,Plant4-3,1.0,0.0,0.0,-1.5605804,-1.5414973,-1.5208459,-1.4983646,-1.4811114,-1.4669951,-1.4599371,-1.4578458,-1.4552317,-1.451572,-1.4366715,-1.3948457,-1.2889743,-1.1538247,-1.0803683,-1.0380197,-1.0429864,-1.1020653,-1.1702938,-1.2029701,-1.211858,-1.2411361,-1.2832233,-1.2973394,-1.311717,-1.3564183,-1.3849121,-1.4168043,-1.4162815,-1.3365511,-0.96116483,-0.3648863,0.3058944,0.9327579,1.3755882,1.6077214,1.7039204,1.7339826,1.7554184,1.767182,1.7802526,1.793323,1.7988127,1.8050867,1.8168501,1.8307049,1.8382858,1.8458668,1.8510948,1.8539705,1.8440369,1.8419456,1.8320119,1.8273066,1.7439164,1.7083646,1.6330781,1.6032772,1.6006633,1.6155634,1.646933,1.6746426,1.7148999,1.7462692,1.7739786,1.8011656,1.8074393,1.8165885,1.8152815,1.8043023,1.7823439,1.7611696,1.7190825,1.67229,1.4778001,1.3018705,1.2278912,1.1993972,1.1889409,1.1761318,1.1792686,1.2022729,1.2302438,1.2537707,1.276252,1.2966422,1.3063143,1.3023936,1.2903684,1.2495883,1.1920779,1.1029365,0.9871314,0.84701526,0.72206056,0.64572865,0.3832722,0.09990242,-0.18320572,-0.46605232,-0.7496833,-1.0605011,-1.0892564,-1.1344805,-1.1572232,-1.1496423,-1.1402314,-1.0957917,-1.0348827,-0.9710985,-0.90365446,-0.828368,-0.746285,-0.6665546,-0.5852558,-0.503957,-0.43285316,-0.36436346,-0.29247552,-0.23653354,-0.18425126,-0.13458315,-0.091188885,-0.05772841,-0.027927514,-0.009105835,0.0003048873,-0.0007407745,-0.010935627,-0.025313359,-0.044919167,-0.07079895,-0.10582803,-0.15052927,-0.19706039,-0.25221825,-0.30972847,-0.34972444,-0.37664977,-0.37821838,-0.38579932,-0.32855025,-0.43363753,-0.5423844,-0.6516541,-0.76040125,-0.869671,-0.9786794,-1.0876878,-1.1966962,-1.305966,-1.4149745,-1.5242442,-1.6431862,-1.5754808,-1.5386218,-1.5009786,-1.4965346,-1.4790201,-1.4688251,-1.4549702,-1.4298749,-1.3851736,-1.370796,-1.3483146,-1.3294929,-1.2918499,-1.2625718,-1.2322482,-1.203493,-1.1744761,-1.1504264,-1.1206255,-1.0973599,-1.0688663,-1.0573641,-1.0406338,-1.0314844,-1.0171069,-1.0071731,-0.99253404,-0.98835164,-0.9927956,-0.9975011,-1.016584,-1.0390654,-1.0720032,-1.0976214,-1.1255924,-1.144414,-1.1744761,-1.2050614,-1.2275426,-1.2542067,-1.2714598,-1.3208663,-1.3226963,-1.3370739,-1.3741943,-1.3862191,-1.4144516,-1.4068706,-1.4531404,-1.4800657,-1.5375762,-1.5833231,-1.5702525,-1.5218915,-1.6413563,-1.3624307
1458,pr_b_080,0.42291,0.57709,0.0,-1.6518129,-1.6238577,-1.5926718,-1.5648701,-1.5369697,-1.5095866,-1.4837532,-1.4623536,-1.4401401,-1.4168041,-1.3853855,-1.3370485,-1.2640821,-1.1873406,-1.1346151,-1.0961716,-1.0724729,-1.0719852,-1.0770527,-1.0703349,-1.0537449,-1.0429196,-1.0346552,-1.0154252,-1.0039971,-1.0063792,-1.0032027,-1.0050039,-0.9805877,-0.87755567,-0.6435601,-0.38992795,-0.1506231,0.04972725,0.19247901,0.28391892,0.34604043,0.40055344,0.4487088,0.49428767,0.5405562,0.5844682,0.6263912,0.66691417,0.7130086,0.7493354,0.7880775,0.8241187,0.8587384,0.8914437,0.91262764,0.9412144,0.9718632,0.972921,0.9537595,0.95265585,0.9483253,0.97283614,0.9944814,1.0302606,1.0711011,1.1321584,1.183791,1.2310183,1.2816037,1.3232027,1.3602574,1.3915644,1.4168439,1.4342048,1.4418737,1.4388101,1.4208392,1.3813006,1.3016646,1.2140281,1.1893854,1.1900942,1.1974884,1.2099677,1.2249937,1.2524897,1.2918347,1.3412108,1.3887985,1.4351811,1.472301,1.5043579,1.5264534,1.5328112,1.521413,1.4823829,1.4121032,1.311772,1.201985,1.1045629,1.0000919,2.479908,5.9182878,3.3493073,2.9037335,-0.2747598,-0.34814999,-0.31737602,-0.35088965,-0.32660666,-0.31314054,-0.2895184,-0.23578389,-0.1640746,-0.093482494,-0.023952177,0.04723837,0.112743095,0.17115046,0.22263294,0.27283266,0.31737286,0.36144185,0.40843028,0.46399197,0.5195607,0.5705331,0.6110629,0.6426396,0.66170925,0.6582591,0.6435637,0.6234194,0.5914405,0.55828714,0.52337873,0.48132533,0.4528543,0.4313888,0.39172867,0.34999216,0.31098554,0.28549373,0.27060673,0.25561875,0.03161304,-0.853136,-0.75448626,4.2510204,-1.7524561,3.1049755,-1.7524561,-1.7524561,-1.7524561,-1.7524561,-1.7524561,5.29437,-1.236287,-1.0185217,-0.8302234,-0.7247904,-0.6442274,-0.59411365,-0.54303235,-0.5088621,-0.47867262,-0.4684019,-0.48605207,-0.50699395,-0.5294497,-0.56253207,-0.57986706,-0.5790025,-0.5798785,-0.5693313,-0.5453672,-0.5243841,-0.49169114,-0.46286112,-0.43631876,-0.41479224,-0.39319023,-0.37510464,-0.36270618,-0.34814346,-0.34357738,-0.34062365,-0.37849697,-0.43955356,-0.5175602,-0.56805307,-0.6073972,-0.61875063,-0.6240514,-0.65797627,-0.6943717,-0.72279036,-0.72733855,-0.74875253,-0.7497915,-0.7611806,-0.76029676,-0.7780561,-0.8105242,-0.80523646,-0.8760906,-0.8468698,-0.92026997,-0.9880541,-1.1018541,-1.1335573,-1.1989305,0.054835077,1.6576804
1468,sn_c_000,0.100219,0.899781,0.0,-1.5556668,-1.5297844,-1.5015249,-1.4731953,-1.4462082,-1.4219023,-1.4042013,-1.3867841,-1.3669995,-1.3444904,-1.3164883,-1.281326,-1.2348373,-1.1879236,-1.1503851,-1.1182982,-1.0925347,-1.076722,-1.0639049,-1.0421562,-1.0204421,-1.0128978,-0.9886693,-0.96095634,-0.93811136,-0.9195428,-0.89697766,-0.8759226,-0.8444557,-0.7758773,-0.65775853,-0.5358851,-0.42466316,-0.33341396,-0.26274613,-0.20759752,-0.16241121,-0.11695882,-0.074832015,-0.034019068,0.005558438,0.04540145,0.0835591,0.12207926,0.1603928,0.19272618,0.22766493,0.26152974,0.29589215,0.32954472,0.35904998,0.39064747,0.4238109,0.44420832,0.4572917,0.48524877,0.51457053,0.5454676,0.5764661,0.6067793,0.6400028,0.7102056,0.75123835,0.7863199,0.82541025,0.86620927,0.900808,0.9391487,0.97583014,1.0085891,1.047509,1.0846986,1.1168318,1.1069213,1.1213356,1.1070015,1.1214982,1.1587646,1.1891377,1.2167856,1.2513527,1.2828991,1.3263727,1.3729757,1.4226638,1.4702982,1.5178269,1.5568523,1.5944866,1.632136,1.6626542,1.6785289,1.6803769,1.6667191,1.6399873,1.6789671,2.0588853,-1.7524561,-1.7524561,0.8573536,0.77978253,0.5338823,0.56490767,0.5759035,0.5403725,0.54233456,0.5900613,0.6251333,0.6796715,0.738969,0.8221826,0.89531344,0.9705997,1.0329177,1.0874963,1.1345419,1.1775779,1.2212629,1.2624681,1.3126345,1.374655,1.4381542,1.4883919,1.5365729,1.5672176,1.581053,1.5738454,1.5475674,1.520476,1.4847963,1.453463,1.4178166,1.3763144,1.3610808,1.3646331,1.3479967,1.3252959,1.3125187,1.3073881,1.3214864,1.5655301,1.2802261,1.7441101,3.190266,-1.7524561,-1.7524561,-1.7524561,-1.7524561,1.6351947,-1.7524561,0.94507474,-1.7524561,0.9927238,0.45323315,0.25530508,0.3762784,0.5259656,0.6145984,0.6808724,0.709069,0.7667737,0.8096601,0.7862683,0.7087336,0.631375,0.5565824,0.4964692,0.45632714,0.43235546,0.42464036,0.4367482,0.44360578,0.48027897,0.5107205,0.5377193,0.54244655,0.5579431,0.5855636,0.59617543,0.61344635,0.5947651,0.6114415,0.6437173,0.5973966,0.4962453,0.37920082,0.28613225,0.22726877,0.21254748,0.20160542,0.14239827,0.11123268,0.06778735,0.052973617,0.029805802,0.077850856,0.0552428,0.030632703,0.023746269,0.08462498,0.020835057,-0.04856438,-0.07568626,-0.13639133,-0.22197899,-0.29876,-0.54564184,-0.5838288,-0.73687977,-1.7524561
1473,sa_c_040,0.13354,0.86646,0.0,-1.5948619,-1.5680407,-1.5407492,-1.5132565,-1.4887948,-1.4659706,-1.4440873,-1.4244087,-1.4057189,-1.3874613,-1.3628482,-1.3290645,-1.2791564,-1.2274148,-1.1906748,-1.1636077,-1.1467048,-1.1440665,-1.145338,-1.138244,-1.1174594,-1.100635,-1.0892932,-1.0688729,-1.0503666,-1.0400846,-1.0243543,-1.0118539,-0.98315394,-0.9058809,-0.7567696,-0.6040956,-0.47230002,-0.36370286,-0.28123102,-0.22453004,-0.19202736,-0.1430861,-0.1066228,-0.07336788,-0.03823934,-0.0052671065,0.026073532,0.059888445,0.094980754,0.12911329,0.16029395,0.18925275,0.21973412,0.24651793,0.26656616,0.2936468,0.3199106,0.33566234,0.34079576,0.35890552,0.37323514,0.39864162,0.41993278,0.4479705,0.48000458,0.4992009,0.5360737,0.5652057,0.5978386,0.62494814,0.65750253,0.6812746,0.708732,0.730977,0.75705516,0.7836305,0.81158173,0.8193842,0.8008692,0.7603595,0.7397431,0.74804294,0.76247936,0.77142334,0.7874137,0.81117976,0.8384144,0.87900096,0.91796255,0.9536833,0.98921406,1.0157843,1.03935,1.0614909,1.0708189,1.0648824,1.0476038,1.0085757,0.96433765,0.9314063,1.5901068,4.0358377,-1.7524561,-1.7524561,-1.7524561,-0.15619977,-0.16618018,-0.12734625,-0.1276668,-0.13467921,-0.15042034,-0.12517534,-0.08124505,-0.03177968,0.0077399774,0.06497559,0.1218397,0.17736472,0.22327124,0.26520196,0.30549428,0.34298104,0.38386843,0.42819476,0.48440856,0.5451448,0.6007617,0.6451334,0.68014294,0.6981585,0.69714767,0.68482596,0.66617143,0.63995135,0.61530656,0.5942832,0.55760956,0.5507892,0.55174506,0.5361478,0.5092443,0.49465087,0.49031723,0.49140263,0.28086725,-0.45089,1.877482,-1.7524561,-1.7524561,5.2001066,-1.7524561,-1.7524561,-1.7524561,-1.7524561,-1.7524561,-1.7524561,0.7250788,-0.31442717,-0.63431215,-0.68481815,-0.590049,-0.5553403,-0.49915007,-0.45617616,-0.42195213,-0.4125547,-0.41398075,-0.4429508,-0.4761079,-0.51626384,-0.55739653,-0.5842716,-0.5944145,-0.5918831,-0.5783232,-0.5656052,-0.54172444,-0.51209813,-0.4824389,-0.45321926,-0.42069623,-0.40079874,-0.38823816,-0.36852533,-0.3521716,-0.35191593,-0.36298746,-0.41015756,-0.4762431,-0.5531493,-0.6058722,-0.6402914,-0.64978343,-0.6510855,-0.69371796,-0.72732943,-0.74692833,-0.7633789,-0.77675474,-0.7793439,-0.7821329,-0.7900312,-0.7985638,-0.8320383,-0.8199042,-0.90929544,-0.95906115,-0.9321434,-1.0233532,-1.0593414,-1.28876,-0.91508913,1.6770676,4.941201
1489,CHC_ARGL02_20110807,0.610848,0.389152,0.0,-1.5347836,-1.5317708,-1.5280334,-1.5224276,-1.5064898,-1.4799534,-1.4583611,-1.4477139,-1.4405724,-1.436721,-1.4281926,-1.4115278,-1.3822687,-1.3463405,-1.3169591,-1.2948368,-1.2804388,-1.2777649,-1.2803018,-1.2738248,-1.2607856,-1.2536328,-1.2501038,-1.2399275,-1.2366395,-1.2457644,-1.2491363,-1.2604164,-1.2504853,-1.173832,-0.99662966,-0.7947373,-0.6078816,-0.45122516,-0.34219855,-0.27463675,-0.24162231,-0.19666635,-0.16699949,-0.14041083,-0.11499043,-0.09160116,-0.07144074,-0.050207775,-0.02937377,-0.009816694,0.008377799,0.025751233,0.0405832,0.053064417,0.05587022,0.06500001,0.07648383,0.069803305,0.059092045,0.048242312,0.023520963,0.019238519,0.021355083,0.036711868,0.05714528,0.11374774,0.14838944,0.1794065,0.2129032,0.23413639,0.25864282,0.27438784,0.2917422,0.30274853,0.30768728,0.30044922,0.2796624,0.24171616,0.18078579,0.10644575,0.06130759,0.047135063,0.038831238,0.032333363,0.035851195,0.05263776,0.08966503,0.13175572,0.16853046,0.19979502,0.22136852,0.24237642,0.25495568,0.25879616,0.24696106,0.21995616,0.17393091,0.11065446,0.036430586,-0.04088014,-0.09716358,-0.21113206,-0.35120425,-0.5353682,-0.6601123,-0.7514387,-0.7858673,-0.8265148,-0.84100723,-0.8368268,-0.8312783,-0.8175538,-0.7864629,-0.74942297,-0.7169131,-0.680923,-0.6487013,-0.61896855,-0.5911965,-0.56721264,-0.5442028,-0.52423465,-0.5021992,-0.47977543,-0.457971,-0.43069416,-0.4104252,-0.39401445,-0.3856337,-0.3895912,-0.39967665,-0.4039689,-0.40967634,-0.42825052,-0.45637238,-0.48581836,-0.50836223,-0.52046895,-0.5117621,-0.5185354,-0.52615595,-0.5245168,-0.51801103,-0.5240417,-0.6688492,-0.74792504,-0.95412403,-1.0788066,-1.7524561,0.85855216,-0.30281937,-0.19477075,-1.1183026,-1.2037798,-1.1513735,-1.3754784,-1.3321779,-1.2155263,-1.1488975,-1.0913247,-1.0286814,-0.9965843,-0.9720897,-0.9615424,-0.96489346,-0.9390528,-0.93148124,-0.94453937,-0.96587425,-0.98616844,-0.99926555,-1.0046202,-1.0082829,-1.0131216,-1.0095003,-1.0096416,-1.0140235,-1.0035764,-0.9951192,-0.990798,-0.98067325,-0.9650253,-0.95516,-0.9440217,-0.9386181,-0.9220656,-0.9174457,-0.9335471,-0.96467674,-0.9989174,-1.0333614,-1.0512713,-1.0804175,-1.0973697,-1.1152707,-1.1260055,-1.1089276,-1.1267753,-1.1411284,-1.1412082,-1.1511525,-1.1653793,-1.158122,-1.1635998,-1.1979967,-1.2733289,-1.2453225,-1.2859766,-1.3283273,-1.3441063,-1.431322,-1.3849003,-1.0338185,0.5241526
1499,CHC_CEME03_20110807,0.482554,0.517446,0.0,-1.595704,-1.5875027,-1.5789015,-1.5648102,-1.5492562,-1.5320992,-1.5219275,-1.5146052,-1.5099937,-1.5005698,-1.4920684,-1.4732931,-1.4399878,-1.3960463,-1.3649756,-1.3449486,-1.3364439,-1.3449216,-1.357409,-1.3557421,-1.3507514,-1.3489773,-1.3494456,-1.3416162,-1.3373775,-1.341955,-1.3433816,-1.3482292,-1.3378901,-1.2860928,-1.1467874,-0.9555017,-0.7349908,-0.5123327,-0.34180835,-0.24125527,-0.19563891,-0.15358807,-0.12721583,-0.104173884,-0.08123021,-0.06080755,-0.04303422,-0.023254056,-0.0020532273,0.017341414,0.03592283,0.053065583,0.06783106,0.0811539,0.08519491,0.09469024,0.106313005,0.10154851,0.09262673,0.08803764,0.06692691,0.06533914,0.07295922,0.087822504,0.10716152,0.14320122,0.17349736,0.20839638,0.23262727,0.257047,0.28075904,0.30074114,0.31786576,0.32780516,0.33423197,0.32781124,0.31173623,0.2666073,0.21844049,0.14149553,0.100197025,0.08983495,0.0869831,0.08256323,0.08721577,0.104903325,0.14149775,0.18358353,0.21750046,0.24679442,0.26942948,0.28994983,0.30118427,0.30344924,0.29168308,0.26167956,0.21170095,0.14119683,0.062045563,-0.013136097,-0.11577409,-0.4089885,-0.33863854,-0.54867834,-0.7266724,-0.85215926,-0.9050669,-0.9325303,-0.9491355,-0.9485984,-0.9395699,-0.9302225,-0.9031178,-0.8695977,-0.834475,-0.8004838,-0.76713365,-0.7360828,-0.70815843,-0.6821702,-0.65615326,-0.6336815,-0.6096152,-0.5851028,-0.56057125,-0.5354152,-0.5130973,-0.49507552,-0.4849787,-0.48496926,-0.4948979,-0.50138223,-0.5046647,-0.51850766,-0.5426328,-0.5750385,-0.5986881,-0.6121934,-0.61153233,-0.6179482,-0.6240616,-0.62784946,-0.62571245,-0.6276698,-0.62935203,-0.66610634,-0.72999513,-0.6895762,0.18657058,-0.5571712,-0.6802662,-0.8355415,-1.1655812,-1.1470695,-1.251539,-1.2684988,-1.288603,-1.2433736,-1.1908733,-1.1783215,-1.1258763,-1.1003938,-1.074551,-1.0539492,-1.044928,-1.0358883,-1.0305133,-1.0323814,-1.039461,-1.0531679,-1.0562254,-1.0634822,-1.0639635,-1.0622762,-1.0633682,-1.0606191,-1.060601,-1.0550904,-1.0462934,-1.0402122,-1.0306743,-1.0229852,-1.0098039,-0.9997742,-0.9883984,-0.98507,-0.98417974,-0.9920181,-1.0192587,-1.0545543,-1.0810418,-1.1053821,-1.1224222,-1.1433749,-1.1605182,-1.1710933,-1.1674969,-1.1779743,-1.1911825,-1.2043266,-1.1958132,-1.21835,-1.2280678,-1.2379507,-1.2474478,-1.294844,-1.3122957,-1.3134235,-1.3986013,-1.4027478,-1.3979317,-1.4137728,-1.0869895,-0.18816268
1522,SSC_BAPI05_20110907,0.882805,0.117195,0.0,-1.6527938,-1.6406254,-1.625042,-1.6027236,-1.580048,-1.5572215,-1.5370991,-1.521761,-1.5094517,-1.4979722,-1.4794185,-1.4395262,-1.3652682,-1.2694983,-1.2040967,-1.1622831,-1.1501733,-1.1727383,-1.2067835,-1.2275392,-1.2292895,-1.2430228,-1.2673819,-1.2712768,-1.2840377,-1.3185886,-1.3494871,-1.3881695,-1.3877138,-1.2763427,-0.9726915,-0.5888109,-0.17370151,0.2115703,0.4878952,0.64485174,0.6945083,0.7816334,0.8247946,0.8613787,0.8995307,0.936314,0.962093,0.9872924,1.018602,1.0481039,1.0770882,1.1024183,1.1276858,1.1501896,1.1540954,1.1721671,1.1861624,1.2075901,1.1023439,1.0661838,0.97312367,0.9529882,0.96573436,1.0085497,1.0654522,1.1456828,1.2147849,1.292931,1.3579175,1.4172349,1.4554194,1.4810276,1.4891089,1.482623,1.4511005,1.4110755,1.344834,1.2486796,1.0016346,0.72854626,0.6173696,0.5566574,0.5190231,0.48614603,0.48158008,0.51330495,0.56816506,0.63108236,0.6848454,0.72922176,0.7595801,0.7789465,0.7727826,0.74030006,0.67949295,0.58176637,0.453372,0.3049759,0.15639995,0.05664056,0.46052077,1.755234,-1.7524561,1.8860327,0.00092424446,-1.1170887,-1.2035867,-1.2094045,-1.231366,-1.2349305,-1.230519,-1.2160244,-1.1862321,-1.1453755,-1.1056789,-1.060187,-1.0135175,-0.965297,-0.91836023,-0.8729654,-0.8272197,-0.7851905,-0.74170387,-0.7026029,-0.66547304,-0.63016856,-0.60409766,-0.58269215,-0.559854,-0.5392441,-0.53962976,-0.5517994,-0.5753039,-0.6121852,-0.6472205,-0.67576796,-0.6995635,-0.7168907,-0.7283275,-0.74916995,-0.7780266,-0.79300475,-0.7985412,-0.80362517,-0.88605255,-0.9121862,2.7617273,-1.7524561,-1.7524561,-1.7524561,-1.7524561,0.96584046,3.7076561,-1.7524561,-1.7524561,0.2420387,2.2579374,-0.24172702,-1.4905199,-1.5068208,-1.515957,-1.4848093,-1.4703743,-1.4537437,-1.4355787,-1.4235442,-1.4134423,-1.3982558,-1.3915195,-1.3817737,-1.3766577,-1.3645345,-1.3500885,-1.3363163,-1.3235035,-1.3134652,-1.3005173,-1.2901677,-1.2784295,-1.2695636,-1.2631241,-1.2483552,-1.2357013,-1.2316211,-1.2227874,-1.2228571,-1.2295078,-1.2448162,-1.2720829,-1.2972696,-1.3320326,-1.3495255,-1.3587284,-1.3876727,-1.403335,-1.4148593,-1.4145062,-1.4133936,-1.4294628,-1.4407811,-1.4478993,-1.4577696,-1.4632654,-1.4805759,-1.4929742,-1.5024822,-1.5594298,-1.5278332,-1.4712154,-1.4143586,-1.505338,-0.95450133,-1.7524561,-1.7524561
1538,CHI_ADFA10_20110908,0.321646,0.678354,0.0,-1.6175272,-1.611858,-1.6087785,-1.597295,-1.5892954,-1.5816094,-1.5727862,-1.5658846,-1.5608582,-1.5534428,-1.5451764,-1.5315484,-1.5067191,-1.4758489,-1.4532726,-1.435381,-1.4240961,-1.4213511,-1.4230083,-1.4199375,-1.4111713,-1.404229,-1.3994544,-1.3882558,-1.3802592,-1.379549,-1.3748293,-1.3711957,-1.3579104,-1.3140547,-1.2056317,-1.0706025,-0.93013406,-0.8072946,-0.72101057,-0.6653874,-0.63838506,-0.6025423,-0.57686085,-0.555321,-0.5328263,-0.5120958,-0.49236298,-0.4733999,-0.45381394,-0.43737587,-0.41957858,-0.40379503,-0.38761216,-0.37354666,-0.36171332,-0.3509829,-0.33789438,-0.32744044,-0.3232148,-0.32372814,-0.32868302,-0.3273534,-0.32620034,-0.31253344,-0.29338467,-0.22455004,-0.2008207,-0.17967702,-0.16099441,-0.13264386,-0.11192858,-0.098874055,-0.08082213,-0.065643325,-0.054865927,-0.046765085,-0.04415257,-0.061410427,-0.08948133,-0.13659747,-0.17238614,-0.18559925,-0.18794708,-0.19341122,-0.18909593,-0.1681245,-0.13546953,-0.10098548,-0.06496577,-0.036598396,-0.015924139,0.003590051,0.020115083,0.029176628,0.027171314,0.017395055,-0.007352704,-0.04659073,-0.09421509,-0.13424613,-0.06878335,-0.23066297,-0.33647126,-0.43887472,-0.55942965,-0.66754204,-0.74661046,-0.78794515,-0.80636406,-0.80737907,-0.8057499,-0.79106927,-0.7672006,-0.742332,-0.71893704,-0.6905755,-0.66363394,-0.63969165,-0.61905366,-0.59734964,-0.57771355,-0.55846053,-0.53635824,-0.5176158,-0.49470788,-0.46879655,-0.45025206,-0.43231642,-0.42303857,-0.4201874,-0.4348477,-0.4481777,-0.4564822,-0.48002666,-0.50648785,-0.53003347,-0.5503237,-0.5523746,-0.54282945,-0.5447147,-0.54276943,-0.5332812,-0.52699566,-0.516014,-0.6095333,-0.64813536,-0.6712478,-1.0874425,-0.76527286,-0.79208815,-0.8301698,-0.6993499,-1.0703202,-1.1013345,-1.1116894,-1.187934,-1.1888297,-1.1093822,-1.035616,-1.00229,-0.97697943,-0.92863363,-0.89975405,-0.8928089,-0.9026587,-0.88039154,-0.8953724,-0.90554893,-0.93564934,-0.9583944,-0.9656438,-0.9799263,-0.9781402,-0.9832549,-0.98558474,-0.9777368,-0.9777187,-0.970722,-0.9727264,-0.96005464,-0.9515167,-0.9366265,-0.92686874,-0.91054195,-0.8932583,-0.88755846,-0.8882521,-0.91119117,-0.93407667,-0.98240584,-1.0247668,-1.0536555,-1.0760281,-1.0820129,-1.109394,-1.0980808,-1.105893,-1.1058373,-1.1161661,-1.1222138,-1.1208118,-1.1265659,-1.1439078,-1.1660092,-1.1959195,-1.2418295,-1.2040577,-1.2689887,-1.2623087,-1.2950447,-1.3806947,-1.3895699,-0.2569852,0.6470646
1542,CHI_CECU02_20110908,0.402854,0.597146,0.0,-1.5338316,-1.5308945,-1.5224946,-1.514476,-1.5017785,-1.4864749,-1.47739,-1.4696687,-1.4647973,-1.4573572,-1.4493512,-1.4362551,-1.4121035,-1.3776983,-1.3525631,-1.3330954,-1.3237623,-1.3296502,-1.3343505,-1.3386406,-1.3342589,-1.3314731,-1.3324755,-1.3295805,-1.332783,-1.3442744,-1.3465163,-1.3542382,-1.3505398,-1.3048457,-1.1600991,-0.971703,-0.7860748,-0.6211757,-0.5058099,-0.44077462,-0.42323303,-0.38699618,-0.37048098,-0.35607636,-0.34326595,-0.33104885,-0.3211991,-0.30915537,-0.29441002,-0.28170618,-0.270441,-0.2599028,-0.2488695,-0.24132,-0.24269241,-0.23565896,-0.22806856,-0.21708748,-0.24334823,-0.24183734,-0.2543348,-0.25759473,-0.2572487,-0.24277256,-0.22372057,-0.15968488,-0.1389433,-0.114600234,-0.094009295,-0.071109675,-0.05538724,-0.041162126,-0.024102224,-0.014548816,-0.014668831,-0.013999691,-0.030911297,-0.05324251,-0.09325824,-0.15089457,-0.18977313,-0.19986385,-0.20364848,-0.20718735,-0.20390768,-0.18910083,-0.15755452,-0.12391911,-0.09131544,-0.06718961,-0.046551116,-0.03143845,-0.018456025,-0.013558195,-0.018317195,-0.039711777,-0.07568357,-0.12845513,-0.18778324,-0.23606038,-0.30963543,-0.53235185,-0.5043077,-0.6392813,-0.78890127,-0.8982377,-0.95827305,-0.9893487,-1.0029575,-1.0000916,-0.99556553,-0.98365307,-0.96221584,-0.93457216,-0.9035861,-0.8741975,-0.84342474,-0.81472504,-0.7872381,-0.7644772,-0.73952705,-0.71816355,-0.69595313,-0.6739586,-0.6491473,-0.6237666,-0.60316736,-0.5861372,-0.57663643,-0.57570004,-0.5841081,-0.5903753,-0.58927894,-0.5999923,-0.6182376,-0.6418504,-0.66433066,-0.680491,-0.6733208,-0.6749484,-0.6810567,-0.6783501,-0.6751805,-0.67634475,-0.75105864,-0.77227503,-0.8769666,-0.8677431,0.12550372,-1.1002364,-1.2204177,-1.0772115,-1.3006318,-1.3644044,-1.2971555,-1.3498822,-1.3473239,-1.2959985,-1.2224029,-1.2138865,-1.1527193,-1.1174663,-1.1010935,-1.0915903,-1.0893816,-1.0919515,-1.067094,-1.0646132,-1.0817754,-1.0898496,-1.1018113,-1.1017808,-1.0998268,-1.0973971,-1.1002966,-1.0991184,-1.0985458,-1.0873388,-1.084335,-1.0757958,-1.0718213,-1.062283,-1.0523665,-1.0366688,-1.0208989,-1.0204366,-1.016814,-1.0256035,-1.0571611,-1.0943924,-1.1172252,-1.1414486,-1.157388,-1.1737521,-1.1900955,-1.193723,-1.2008346,-1.1914959,-1.209381,-1.2154481,-1.2314584,-1.2121717,-1.2336383,-1.2546753,-1.2918345,-1.3476334,-1.3520204,-1.3864769,-1.3875247,-1.4240829,-1.4365013,-1.1829251,-0.6818609,-0.15397978
1556,CHC_ADFA05_20110909,0.260922,0.739078,0.0,-1.6747757,-1.6564711,-1.6582327,-1.6446255,-1.6348538,-1.6272789,-1.6176059,-1.6072227,-1.6021935,-1.5937301,-1.5832357,-1.5635152,-1.5208436,-1.4722657,-1.4365832,-1.4098123,-1.397409,-1.4029466,-1.4153551,-1.4146734,-1.4081063,-1.4045795,-1.4035087,-1.3929116,-1.3888932,-1.3956734,-1.3953884,-1.397471,-1.3814415,-1.3127226,-1.1277181,-0.89678293,-0.66934407,-0.47487992,-0.3406955,-0.25892133,-0.21435845,-0.16142668,-0.12352447,-0.08850158,-0.054651488,-0.023398377,0.006017814,0.03504568,0.064746894,0.091609344,0.117087595,0.14128412,0.16292937,0.18062453,0.1890084,0.20329826,0.2221821,0.21854496,0.21981873,0.21365461,0.19864863,0.19895609,0.2037179,0.21505271,0.2388178,0.26115182,0.29555815,0.33126023,0.3663037,0.3929669,0.41309693,0.43103632,0.4534905,0.46873346,0.47637188,0.47716466,0.4482325,0.40733808,0.34444952,0.24907015,0.1883347,0.16803007,0.15302643,0.13576974,0.13308711,0.15209132,0.19721559,0.24907178,0.29271567,0.32661343,0.3536763,0.37211165,0.3878337,0.39155945,0.3809521,0.34473068,0.29226062,0.2095458,0.11397211,0.033792123,-0.11712219,0.37656236,0.091971025,-0.3730936,-0.8562997,-0.8628861,-0.9714274,-1.0006119,-1.0258119,-1.0357026,-1.0350624,-1.0201697,-0.98477143,-0.9523776,-0.9201667,-0.8845483,-0.84949225,-0.81939787,-0.79155207,-0.7653874,-0.7392122,-0.7182879,-0.6932878,-0.66426253,-0.63878435,-0.60992527,-0.5845772,-0.5669696,-0.55440027,-0.5528718,-0.570728,-0.58583087,-0.6003807,-0.6257712,-0.65985984,-0.6934678,-0.7227061,-0.7264461,-0.72132987,-0.7337053,-0.73702866,-0.7368637,-0.73178273,-0.73380965,-0.8894722,-1.0748888,-1.1215876,1.6098504,-1.7524561,-1.7524561,-1.7524561,-1.7524561,-1.7524561,-0.44025412,0.28625122,0.99514705,-1.3652451,-1.4820405,-1.4526983,-1.4343177,-1.3575261,-1.3226725,-1.2984451,-1.2762854,-1.2743621,-1.2661915,-1.2483861,-1.2489138,-1.2636992,-1.2769765,-1.2854958,-1.2805475,-1.2751402,-1.2830316,-1.2800453,-1.2850018,-1.2737093,-1.272671,-1.2659079,-1.2582928,-1.2426616,-1.2331803,-1.2245889,-1.2096254,-1.1980237,-1.1876669,-1.1940475,-1.2074904,-1.233275,-1.2661988,-1.3075,-1.3143727,-1.3385371,-1.3714073,-1.3769368,-1.3884451,-1.3935767,-1.3931266,-1.410608,-1.4133097,-1.4239165,-1.4444624,-1.4462779,-1.4585705,-1.5043261,-1.5483168,-1.5208699,-1.5251113,-1.5871601,-1.5942152,-1.5719513,-1.4449342,0.28196222,-1.7524561
1561,CHC_ADFA10_20110909,0.214484,0.785516,0.0,-1.6024159,-1.606727,-1.5987368,-1.5771408,-1.5654234,-1.552763,-1.5338055,-1.5218287,-1.5110133,-1.4964676,-1.4813123,-1.4553506,-1.4083854,-1.3537301,-1.3123858,-1.2793013,-1.2608862,-1.2593993,-1.2633111,-1.2568561,-1.2401947,-1.2244734,-1.2143892,-1.1927142,-1.1721729,-1.1664683,-1.1578573,-1.1474726,-1.121598,-1.0396491,-0.8415844,-0.59786355,-0.35161465,-0.13463491,0.0190062,0.115397684,0.1672311,0.23359533,0.28073403,0.3229106,0.36417684,0.4017349,0.43851164,0.4754821,0.51007,0.542681,0.5745757,0.602907,0.6287344,0.6531668,0.66464615,0.6867881,0.70632,0.71228546,0.7196042,0.71997696,0.70213294,0.7109145,0.711015,0.727481,0.7519641,0.8297474,0.87339777,0.90759075,0.9385824,0.9695531,1.0006549,1.0224359,1.0482465,1.0622882,1.0739211,1.0729395,1.0690855,1.0386236,0.98064286,0.88538903,0.8268268,0.79054606,0.7703613,0.7577131,0.7551651,0.782497,0.8258667,0.88185,0.9284759,0.965316,0.99185205,1.0189126,1.035423,1.0422153,1.0358503,1.0101904,0.9594557,0.8855793,0.7933304,0.7027612,0.51783305,0.51887894,0.2422114,0.19420749,-0.22276582,-0.3483018,-0.44591692,-0.53073364,-0.56817144,-0.5761787,-0.5771841,-0.5540609,-0.5223096,-0.47957653,-0.4424469,-0.3982616,-0.3560538,-0.31841826,-0.28354028,-0.251116,-0.22430474,-0.19553654,-0.16591829,-0.13577406,-0.105848484,-0.07060788,-0.043800585,-0.02063733,-0.0080349315,-0.009041445,-0.030485343,-0.050568756,-0.07205332,-0.10614998,-0.14912741,-0.19275855,-0.22721688,-0.23866904,-0.22809276,-0.23939952,-0.24058565,-0.22964266,-0.22316886,-0.21835388,-0.3217058,-0.62018335,-0.30211353,0.46228698,-1.7524561,-1.7524561,-1.7524561,-1.7524561,-0.11943134,0.71980935,2.8487425,-1.7524561,-1.3732389,-1.2352754,-1.1053125,-1.0481036,-0.9578777,-0.91812843,-0.8818596,-0.8655533,-0.85906476,-0.84871274,-0.8357292,-0.8469674,-0.8664564,-0.8971175,-0.9135993,-0.911185,-0.9237188,-0.9259599,-0.93488497,-0.92645603,-0.9249028,-0.92197984,-0.9137546,-0.8959756,-0.8793834,-0.86576945,-0.8495745,-0.8238271,-0.813742,-0.802964,-0.79342276,-0.8148431,-0.85468835,-0.9147681,-0.9645142,-0.9955058,-1.0334969,-1.0552404,-1.087154,-1.0827358,-1.0906309,-1.0983475,-1.1105746,-1.1182046,-1.1277027,-1.1205037,-1.1612332,-1.1654165,-1.1998265,-1.2968136,-1.2986888,-1.3188492,-1.3406322,-1.3137203,-1.3821266,-1.4104568,1.0282418,1.1243073
1585,SSI_BAPI03_20110927,0.635722,0.364278,0.0,-1.6508793,-1.6346544,-1.6223594,-1.6026183,-1.5839568,-1.5679619,-1.552313,-1.5430591,-1.5350941,-1.5246754,-1.5114341,-1.4769942,-1.4102353,-1.3291888,-1.2750427,-1.2428471,-1.2332674,-1.2557921,-1.2900666,-1.3078474,-1.3142136,-1.3255346,-1.347136,-1.350311,-1.3650174,-1.3988369,-1.4237319,-1.4533472,-1.4513229,-1.3561792,-1.0734318,-0.7149993,-0.3546045,-0.056394104,0.1398082,0.25171492,0.3009433,0.35581905,0.3916875,0.42351827,0.45439872,0.48502907,0.511955,0.5358351,0.56019896,0.58490425,0.61089855,0.63470083,0.6576692,0.6759617,0.6887249,0.7048242,0.718917,0.71512514,0.69093376,0.6644711,0.59806037,0.57984096,0.58864564,0.6151252,0.6523523,0.74086004,0.7889109,0.85010576,0.8941032,0.9433216,0.980465,1.0091273,1.0284566,1.0401686,1.0338902,1.0263402,1.0089484,0.8976219,0.7444832,0.54900634,0.43776864,0.40656427,0.39136335,0.37185618,0.3760393,0.40554452,0.45851335,0.51751214,0.56987566,0.61376023,0.6447634,0.66396487,0.66761255,0.6485104,0.60497195,0.53249145,0.42586294,0.2980828,0.16512728,0.08470947,0.18700963,-0.20733097,0.4034268,0.017246759,-0.96803117,-1.1103412,-1.1506736,-1.1814325,-1.1958126,-1.2000787,-1.1972617,-1.1747111,-1.1417071,-1.1064787,-1.0616786,-1.0139755,-0.968057,-0.9184422,-0.87173617,-0.82666403,-0.78216916,-0.7419536,-0.70279586,-0.6632782,-0.6251828,-0.59347045,-0.56403404,-0.5408674,-0.5198041,-0.5081076,-0.5144296,-0.53270626,-0.558412,-0.60031796,-0.6405279,-0.6785617,-0.70732677,-0.7229354,-0.72396845,-0.74389607,-0.7718708,-0.7800376,-0.7855152,-0.7843303,-0.6704833,-0.8186247,-0.5068409,-1.7524561,-1.7524561,-1.7524561,-1.7524561,3.0981934,-1.7524561,2.8842099,-1.7524561,-1.7524561,-0.0074223527,-1.2564607,-1.4009688,-1.4181292,-1.4326131,-1.4047015,-1.3835034,-1.3689371,-1.3520929,-1.3278008,-1.3271981,-1.3217881,-1.3157074,-1.3052961,-1.3053286,-1.2919394,-1.278753,-1.2659576,-1.2556143,-1.247022,-1.2368203,-1.2256628,-1.2165495,-1.2101997,-1.1928791,-1.1822048,-1.1747204,-1.1683621,-1.1614041,-1.164563,-1.1641451,-1.1827165,-1.2122921,-1.241029,-1.2757995,-1.3039924,-1.3117489,-1.342422,-1.3713998,-1.372271,-1.3607296,-1.3830686,-1.3956916,-1.4004238,-1.3894488,-1.4167248,-1.4245857,-1.454842,-1.4670416,-1.5062001,-1.4724808,-1.5069586,-1.4680339,-1.4210293,-1.4428321,-0.8943348,-1.7524561,-1.7524561
1597,SSC_BAPI01_20110930,0.411616,0.588384,0.0,-1.609788,-1.6062276,-1.5824506,-1.5506365,-1.517615,-1.4858501,-1.4634829,-1.4480116,-1.4336476,-1.4190158,-1.3958821,-1.347132,-1.2659467,-1.1729374,-1.1093765,-1.070987,-1.0553889,-1.0649465,-1.0886445,-1.0987222,-1.0948834,-1.1004043,-1.1168863,-1.1162422,-1.1234031,-1.1537857,-1.1843494,-1.2264562,-1.225657,-1.0960121,-0.8096081,-0.50861466,-0.22705294,0.011626385,0.17262149,0.26316297,0.2988966,0.35643324,0.39345607,0.42538616,0.45901212,0.49098518,0.51369035,0.5399186,0.57604045,0.6046253,0.63089633,0.6588551,0.6811617,0.7051921,0.7061667,0.7272865,0.74920547,0.7527033,0.6958344,0.68550915,0.64314675,0.6438549,0.6602464,0.6902301,0.7257466,0.84756124,0.9006446,0.9581172,1.0046808,1.0522237,1.0803493,1.1097028,1.1312537,1.1341915,1.1261797,1.1024891,1.0592675,0.96779156,0.85238266,0.68831915,0.6265038,0.60004723,0.58548224,0.5684191,0.5775734,0.6033478,0.65148777,0.7118279,0.7626025,0.8040429,0.83622235,0.8586115,0.8737257,0.86334413,0.8264449,0.7637807,0.66727084,0.5468386,0.42343086,0.326379,-0.010168675,0.335793,-0.20329638,0.33463702,-0.5833733,-0.84728366,-0.9034656,-0.93099475,-0.9472245,-0.9417382,-0.94295686,-0.9274054,-0.89009154,-0.8456997,-0.8049163,-0.7532634,-0.70373136,-0.6544154,-0.6077743,-0.56220365,-0.5181295,-0.4779093,-0.434991,-0.39270714,-0.35419142,-0.3155973,-0.28540024,-0.25797042,-0.23406126,-0.2192932,-0.22214961,-0.23338334,-0.25497672,-0.29407275,-0.32712772,-0.36298966,-0.3959077,-0.41106042,-0.4126434,-0.43087614,-0.46207887,-0.47335923,-0.48406675,-0.48789823,-0.5086397,-0.5736798,-0.35197294,-1.7524561,-1.7524561,-1.7524561,1.6615916,1.6722972,-1.7524561,0.97216606,2.445752,4.400933,-0.23590565,-1.0987704,-1.3413149,-1.3590646,-1.2770647,-1.2625958,-1.2376742,-1.2229242,-1.2072096,-1.1685649,-1.1460111,-1.1429312,-1.1431253,-1.1370317,-1.1283827,-1.1102123,-1.1044297,-1.0936038,-1.078025,-1.0667956,-1.051032,-1.037562,-1.0300926,-1.0173701,-1.0002712,-0.9857958,-0.97504675,-0.97197324,-0.9535496,-0.9503257,-0.9543657,-0.98630464,-1.0275683,-1.0630819,-1.0996665,-1.125528,-1.1393054,-1.1755989,-1.204243,-1.2035714,-1.2086636,-1.202954,-1.2349609,-1.2419565,-1.236139,-1.294939,-1.2726151,-1.2973047,-1.3087775,-1.3763216,-1.3779756,-1.3827329,-1.3439071,-1.3664814,-1.3448961,-1.0902648,2.218452,-1.7524561
1621,CHC_ARGL01_20111006,0.627039,0.372961,0.0,-1.5748038,-1.5742052,-1.5719916,-1.5645175,-1.5466468,-1.5186459,-1.4967511,-1.4862415,-1.479267,-1.4793289,-1.4728065,-1.4484547,-1.4045311,-1.3482645,-1.2951874,-1.2487261,-1.2243216,-1.2268323,-1.2416763,-1.2417741,-1.2338991,-1.2339144,-1.244521,-1.2397336,-1.2463555,-1.2770691,-1.3008358,-1.3413522,-1.3436391,-1.2205639,-0.87072486,-0.4574414,-0.12845035,0.10120541,0.23833564,0.31574523,0.3467416,0.40307084,0.43640628,0.46586034,0.49518,0.5202506,0.5379474,0.5589158,0.58409,0.60160494,0.61767083,0.63267076,0.64412814,0.64932257,0.6333948,0.636694,0.63923734,0.61522615,0.5675539,0.5342453,0.4725849,0.44636017,0.4334635,0.44466338,0.46725962,0.5236669,0.5685876,0.60822695,0.6535573,0.6877685,0.7132542,0.736324,0.749776,0.75071275,0.74072075,0.7061034,0.6425297,0.5456387,0.43388864,0.2705831,0.18051338,0.13622935,0.103819564,0.07573499,0.06285376,0.07048214,0.11344367,0.16655484,0.20854713,0.24026944,0.2612703,0.27637514,0.27961263,0.2649589,0.22787014,0.16755165,0.07763431,-0.039004423,-0.16045661,-0.2687886,-0.26133528,-0.36236095,-0.7633599,-1.0108312,-1.1286246,-1.2446889,-1.2821923,-1.3147101,-1.3319105,-1.3321182,-1.3289226,-1.323917,-1.302917,-1.2740853,-1.2465352,-1.2143602,-1.1850042,-1.1560357,-1.1277577,-1.1010103,-1.0762826,-1.0534871,-1.029133,-1.0066307,-0.9845868,-0.962282,-0.94378215,-0.9268577,-0.91576916,-0.91647273,-0.92501485,-0.9214167,-0.9231573,-0.9383738,-0.9631933,-0.98959875,-1.013946,-1.028845,-1.0247738,-1.0375861,-1.0503168,-1.058292,-1.0628477,-1.0660423,-1.0990697,-1.1266247,-1.1089451,-0.40803248,3.7122386,0.22410023,0.35234222,-0.061721507,-0.98496133,-0.89940155,0.2634432,-1.3170896,-1.5076083,-1.561027,-1.5681896,-1.5747633,-1.5487725,-1.534296,-1.523982,-1.5123184,-1.4969445,-1.4826773,-1.4763502,-1.4684536,-1.4683938,-1.4627649,-1.4642423,-1.4591135,-1.4547504,-1.4564385,-1.4476309,-1.4432052,-1.4441127,-1.4391619,-1.433051,-1.4257869,-1.4149328,-1.4099936,-1.4009479,-1.3924713,-1.3867944,-1.3860283,-1.3819797,-1.3871641,-1.4030428,-1.4249356,-1.4280127,-1.4615139,-1.467711,-1.4838076,-1.5009067,-1.5111918,-1.5001724,-1.4966983,-1.5263447,-1.5314091,-1.5367815,-1.5490756,-1.5528241,-1.5647743,-1.5654789,-1.5444845,-1.6213127,-1.5699569,-1.543281,-1.589742,-1.5357851,-1.3843524,-0.91272026,-0.5250406
1633,CHC_CEME04_20111006,0.566474,0.433526,0.0,-1.5869187,-1.5846748,-1.5784487,-1.5690639,-1.5554609,-1.5434335,-1.536084,-1.5313616,-1.526338,-1.5242885,-1.5179834,-1.4996384,-1.4617416,-1.4043727,-1.3553742,-1.31907,-1.3081954,-1.3301502,-1.3605795,-1.3743087,-1.3762494,-1.3849396,-1.3971206,-1.3949401,-1.4012119,-1.4191828,-1.4261056,-1.4354731,-1.4269669,-1.3567159,-1.0941458,-0.722736,-0.35218084,-0.045096796,0.1491641,0.25272855,0.30219838,0.34239417,0.36854553,0.3926813,0.4145474,0.43419996,0.45130894,0.47086614,0.49123457,0.50707257,0.5221391,0.5366122,0.5505026,0.55966675,0.55969995,0.5666891,0.570692,0.57835263,0.54322106,0.5390564,0.50565296,0.4843506,0.47779804,0.48672262,0.5061919,0.61674744,0.6548372,0.68070763,0.71629375,0.7469844,0.77020025,0.7944281,0.8070109,0.81456167,0.81592894,0.80152315,0.7747571,0.72846097,0.6591072,0.5472478,0.4703924,0.43010682,0.40641326,0.391056,0.386735,0.40189782,0.44216046,0.48457778,0.52207434,0.55296975,0.57482135,0.596124,0.6043507,0.6008082,0.5796963,0.53854316,0.46927497,0.37042955,0.25857505,0.16005696,0.17140591,-0.103037186,-0.37337512,-0.50541085,-0.766445,-0.9552259,-1.0396689,-1.0845871,-1.1091765,-1.1151431,-1.1165512,-1.1065675,-1.0831143,-1.0516299,-1.0175872,-0.9795423,-0.9421905,-0.907306,-0.8748744,-0.8422711,-0.81299746,-0.78567046,-0.7561618,-0.7284659,-0.70135874,-0.67141396,-0.6466313,-0.6246453,-0.6101518,-0.6103871,-0.6217852,-0.62200063,-0.6170745,-0.6264368,-0.64595044,-0.67269605,-0.6977272,-0.71574676,-0.7180587,-0.73152447,-0.74298036,-0.7511874,-0.75506634,-0.75826645,-0.72135156,-0.7431148,-0.7077196,-0.46726757,4.5150247,0.32807276,0.7801156,0.33317745,-0.71599543,-0.80744404,0.85337037,-1.1660535,-1.3879459,-1.441428,-1.4298168,-1.4003204,-1.3780537,-1.3584969,-1.339824,-1.3282979,-1.314059,-1.2949804,-1.2782834,-1.2719159,-1.2755564,-1.2712722,-1.2707975,-1.2714881,-1.2665583,-1.2636853,-1.2584257,-1.2533294,-1.2541958,-1.2489699,-1.2413102,-1.2346233,-1.2211455,-1.2150109,-1.2079401,-1.1906148,-1.1781701,-1.1663437,-1.1617898,-1.1722332,-1.188456,-1.2214664,-1.2352068,-1.2609842,-1.2664789,-1.2933328,-1.3117683,-1.3216957,-1.3081493,-1.3107009,-1.336382,-1.3242433,-1.3597786,-1.3615202,-1.3836292,-1.3864542,-1.3879547,-1.3548554,-1.409785,-1.4527465,-1.4429822,-1.4158851,-1.4462647,-1.3716716,-0.5285246,-0.4641163
1634,CHC_CEME06_20111006,0.591671,0.408329,0.0,-1.6113565,-1.6071093,-1.6016622,-1.5938478,-1.5828878,-1.572901,-1.566533,-1.5618918,-1.5571392,-1.5553639,-1.5507655,-1.5369647,-1.5108149,-1.4736695,-1.4406422,-1.4147984,-1.4033036,-1.4120927,-1.4258341,-1.4299804,-1.427232,-1.4264458,-1.4279886,-1.4202144,-1.4188247,-1.4267597,-1.425854,-1.4300027,-1.4196651,-1.3562117,-1.1583215,-0.89648914,-0.6497747,-0.43973935,-0.29855362,-0.22022505,-0.18651204,-0.14706098,-0.12330828,-0.10261065,-0.081464626,-0.06265055,-0.048767246,-0.029914364,-0.007073409,0.008882049,0.023708874,0.038198326,0.051779542,0.06197124,0.0560094,0.06481467,0.07551751,0.0697444,0.046058435,0.042404696,0.024918724,0.022210965,0.01953838,0.033662178,0.05256507,0.08672262,0.11821634,0.1448009,0.17266333,0.19768582,0.21588756,0.23519094,0.2508649,0.25690186,0.25939003,0.24846014,0.20962785,0.16488713,0.12255009,0.037002265,-0.009579235,-0.032572575,-0.046862897,-0.057658292,-0.057583153,-0.04359573,-0.009148372,0.031058423,0.0647712,0.09203296,0.11225871,0.13007435,0.14072636,0.13992983,0.12379114,0.08987842,0.034482766,-0.047719948,-0.13611238,-0.2254079,-0.2265204,-0.3982907,-0.68047166,-0.80079806,-0.9690899,-1.0814604,-1.1226131,-1.1498423,-1.1666894,-1.1665155,-1.1603193,-1.155887,-1.1340927,-1.1072764,-1.0757998,-1.0457537,-1.0169922,-0.9887844,-0.9633049,-0.9385133,-0.9162938,-0.8956474,-0.8728054,-0.8502289,-0.8285603,-0.8043135,-0.7847754,-0.7660249,-0.7552006,-0.75489783,-0.76246333,-0.76643765,-0.7632676,-0.77081347,-0.7868551,-0.8066365,-0.82782143,-0.8411477,-0.8415006,-0.84787047,-0.8580439,-0.8626422,-0.8694282,-0.8697815,-0.9005311,-0.89800197,-0.8521682,-0.43624735,4.738325,0.47947684,1.4895841,0.21734153,-0.74420923,-0.36632964,0.3480231,-0.9983864,-1.410158,-1.4109234,-1.4164729,-1.3938488,-1.3460829,-1.33584,-1.3141305,-1.3030722,-1.2972256,-1.2834426,-1.2706826,-1.2662382,-1.267425,-1.2707345,-1.2799289,-1.2759475,-1.2757427,-1.278772,-1.2733928,-1.2730833,-1.2730705,-1.2667271,-1.2671849,-1.2616922,-1.2466621,-1.2441009,-1.2402873,-1.2281059,-1.2235595,-1.209808,-1.2071043,-1.217888,-1.2312927,-1.2559841,-1.2779717,-1.2942395,-1.2975416,-1.3089154,-1.3361162,-1.3323073,-1.3306172,-1.3562849,-1.3539542,-1.3511276,-1.3543948,-1.3648001,-1.3847097,-1.3850338,-1.3987994,-1.4082819,-1.4080776,-1.4338139,-1.4571868,-1.4559575,-1.3594078,-1.2491837,-0.4605223,-0.37039718
1663,SSC_BAPI04_20111107,0.469109,0.530891,0.0,-1.4915946,-1.4749652,-1.4455798,-1.3943655,-1.3467463,-1.307308,-1.2775732,-1.256534,-1.2363703,-1.2189358,-1.1985159,-1.1584693,-1.0815189,-0.98818046,-0.9236841,-0.8818323,-0.8644094,-0.88406384,-0.90944093,-0.9273107,-0.9230363,-0.9271731,-0.9456939,-0.9454563,-0.9493884,-0.9774412,-1.0027841,-1.0369225,-1.030125,-0.9177834,-0.6102983,-0.2434791,0.12012689,0.4339873,0.64682853,0.75947654,0.79532444,0.86246485,0.9022344,0.9320589,0.966612,0.9982501,1.0196413,1.0502205,1.0843129,1.1183043,1.1467893,1.1754309,1.2038127,1.2300496,1.2329217,1.2569107,1.282611,1.3100345,1.2448597,1.2515999,1.2255684,1.2288073,1.2468889,1.2880707,1.328292,1.4761356,1.534185,1.5840241,1.624678,1.6774968,1.71194,1.7481948,1.766962,1.7780355,1.7766273,1.7703124,1.7139454,1.6596532,1.5411837,1.3827685,1.3001659,1.2690545,1.2371418,1.214409,1.2225425,1.2584108,1.3173724,1.3946958,1.452008,1.5063703,1.5393442,1.5720953,1.5948998,1.588221,1.5609629,1.4960659,1.3911077,1.2698593,1.1364095,1.0373477,1.10009,0.9113179,0.58162147,0.2058126,-0.20778637,-0.36803955,-0.44707265,-0.5058556,-0.5391249,-0.5519677,-0.5496735,-0.5311733,-0.4874143,-0.4365749,-0.38245723,-0.3189875,-0.25794226,-0.19480827,-0.13597098,-0.080746405,-0.02467998,0.023484152,0.07468804,0.12733994,0.1704264,0.21803288,0.25363,0.28363636,0.30913565,0.32679105,0.32090646,0.29778013,0.25855777,0.20400842,0.14780374,0.102129884,0.06504162,0.047446147,0.05157118,0.033946965,0.00614227,-0.0031514762,-0.002425426,-0.0008838109,0.025595693,0.03244029,-0.11029325,2.4415672,-1.7524561,-1.7524561,3.8491366,-1.7524561,0.7995898,-0.45407653,1.9381274,2.5719357,-1.034174,-1.0874668,-1.0314654,-0.95520884,-0.9000069,-0.8443533,-0.82132906,-0.8002843,-0.8171705,-0.744503,-0.70671093,-0.70950073,-0.7089027,-0.7235057,-0.7141324,-0.699412,-0.7035252,-0.6905909,-0.67323405,-0.6623263,-0.64055645,-0.62621915,-0.60792756,-0.58899754,-0.57772046,-0.5510342,-0.53073335,-0.5227842,-0.507656,-0.5054156,-0.52218336,-0.549598,-0.6362954,-0.68035597,-0.7358367,-0.7653882,-0.7880621,-0.8150328,-0.8468168,-0.8530888,-0.86870486,-0.88190323,-0.91738284,-0.9198102,-0.9250505,-0.9177112,-0.9290677,-0.9782472,-0.9246161,-1.091827,-1.0576186,-1.079506,-1.1734592,-1.1952906,-1.2800759,-1.1994098,0.44994473,-1.7524561
1665,SSC_BAPI06_20111107,0.467403,0.532597,0.0,-1.625294,-1.6183814,-1.6047057,-1.5832747,-1.5594425,-1.5393348,-1.5241699,-1.5123982,-1.5035563,-1.4903712,-1.4767925,-1.4548262,-1.41232,-1.3518647,-1.3093715,-1.281455,-1.2716956,-1.2842476,-1.3090996,-1.310912,-1.3065091,-1.312911,-1.3230246,-1.320301,-1.3220254,-1.3355829,-1.3446869,-1.3578372,-1.3526869,-1.2905422,-1.0999565,-0.8553547,-0.5994033,-0.376711,-0.22576304,-0.14162092,-0.101528056,-0.05630786,-0.023298228,0.0050561745,0.035868958,0.06407729,0.08771055,0.11814284,0.14962453,0.1773674,0.20394553,0.23148157,0.2559602,0.28020814,0.29261234,0.31487978,0.34301168,0.3435303,0.34856695,0.3532112,0.34369132,0.35516346,0.36873627,0.40195903,0.42771238,0.5168491,0.5561497,0.60389984,0.6471497,0.685159,0.72568697,0.75402546,0.7862952,0.80869627,0.81747663,0.8221071,0.8191344,0.79277337,0.720834,0.6171543,0.5712319,0.55064005,0.5400619,0.5339959,0.54965657,0.58993137,0.64805067,0.7189374,0.77264285,0.8245071,0.8685154,0.90395033,0.9354707,0.9432718,0.9273389,0.8879483,0.819172,0.71460164,0.6099625,0.52220243,0.40435934,0.2916041,0.8816018,-0.27052328,-0.5270353,-0.671212,-0.7391097,-0.7787018,-0.8171864,-0.8156776,-0.81185675,-0.7924352,-0.75450844,-0.70403236,-0.65454876,-0.5964526,-0.5390227,-0.4807533,-0.42565075,-0.37069565,-0.3189189,-0.27047583,-0.22238882,-0.17597233,-0.12782514,-0.083122164,-0.04658185,-0.016593512,0.00876145,0.030188752,0.022807067,0.00083659956,-0.036341656,-0.091896825,-0.14197348,-0.18534052,-0.22268015,-0.23829228,-0.22472134,-0.23526141,-0.26151362,-0.26035097,-0.2561453,-0.25182196,-0.3590197,-0.35961372,-0.20131081,-1.7524561,1.2841008,-1.7524561,-1.7524561,-1.7524561,3.1260428,-0.09150242,-1.7524561,-0.41256803,-0.7830411,-1.1872127,-1.2442061,-1.2227978,-1.1575058,-1.1465685,-1.1162456,-1.0944905,-1.0891849,-1.0490003,-1.0298306,-1.0242372,-1.0205973,-1.0269442,-1.0297215,-1.0186453,-1.0037547,-1.0025514,-0.98300636,-0.9691896,-0.9589266,-0.9504111,-0.9390974,-0.9328047,-0.91804874,-0.8964374,-0.88284993,-0.86533964,-0.8574871,-0.85615706,-0.8651385,-0.90347,-0.94497836,-0.9989466,-1.0488476,-1.0977149,-1.1172342,-1.1279845,-1.163759,-1.1720593,-1.1578369,-1.1523025,-1.182973,-1.1914132,-1.2060454,-1.1908803,-1.2290361,-1.2455454,-1.2446787,-1.3144776,-1.3006148,-1.3537116,-1.350132,-1.3019263,-1.3218788,-0.90908086,2.305219,0.9752923
1671,SSC_BAPI12_20111107,0.486231,0.513769,0.0,-1.6230255,-1.6114001,-1.5902658,-1.5733407,-1.5487525,-1.5326947,-1.516139,-1.5027494,-1.4938762,-1.4799906,-1.4712219,-1.452483,-1.4239395,-1.3891379,-1.3605381,-1.3419602,-1.3303639,-1.3309969,-1.3317226,-1.3329237,-1.3253798,-1.3188752,-1.3202412,-1.313476,-1.3056341,-1.3102748,-1.3120912,-1.3190836,-1.3118889,-1.2597814,-1.1421759,-1.0078927,-0.88569427,-0.78191984,-0.7119605,-0.6691144,-0.65270096,-0.6130695,-0.5876353,-0.56318235,-0.5408114,-0.51742417,-0.49709475,-0.4739101,-0.44854522,-0.4265758,-0.4058838,-0.3836027,-0.36107737,-0.33824962,-0.32605425,-0.3035335,-0.28339294,-0.25432897,-0.2586501,-0.25234666,-0.23882493,-0.21658194,-0.20503631,-0.16929263,-0.14924578,-0.086673774,-0.06419204,-0.033128712,-0.0023056446,0.017776133,0.04784043,0.072540045,0.096040435,0.11068987,0.12900648,0.14145252,0.13883825,0.12762088,0.11290214,0.07709734,0.06972945,0.05976142,0.060975242,0.06894964,0.07788135,0.10730433,0.15123159,0.196971,0.23999669,0.27560598,0.30139485,0.331755,0.35868,0.37940416,0.38317475,0.37706837,0.355098,0.31146488,0.26660568,0.2317826,0.5081629,0.4527496,0.56188476,-0.1199641,-0.29522943,-0.500496,-0.5617006,-0.60072243,-0.6141043,-0.615196,-0.6106495,-0.5929709,-0.5546196,-0.51283926,-0.4716234,-0.42251432,-0.37669966,-0.3324771,-0.28892392,-0.2502426,-0.21248227,-0.1759631,-0.14251466,-0.1062513,-0.0710426,-0.03620224,-0.0066518956,0.011616218,0.03245443,0.04551153,0.037181526,0.008520601,-0.028303334,-0.079417124,-0.12706287,-0.16641542,-0.19212843,-0.20369908,-0.18215282,-0.18541636,-0.19747734,-0.18527228,-0.16984443,-0.16203411,-0.16368254,-0.24877846,-0.3098784,-1.7524561,1.5661104,-1.7524561,1.0657554,-1.7524561,2.7004166,4.3718033,0.9565826,0.29027912,-0.8487896,-1.0170465,-0.98291874,-0.97421813,-0.89243186,-0.8648178,-0.83853257,-0.812275,-0.8372869,-0.7811146,-0.73504966,-0.7446637,-0.75837135,-0.76672804,-0.7754148,-0.75763047,-0.7467623,-0.7539169,-0.7443419,-0.72771716,-0.73188114,-0.72051674,-0.71893156,-0.7058514,-0.69682014,-0.68646026,-0.66918486,-0.65550107,-0.6387403,-0.6345922,-0.65726846,-0.6810928,-0.72993845,-0.80777854,-0.87434053,-0.91220975,-0.9536169,-0.98341197,-1.0032268,-1.0168308,-0.99808675,-0.9946567,-1.0285491,-1.0452765,-1.014609,-1.0351431,-1.038402,-1.0784768,-1.0429127,-1.1149863,-1.1961265,-1.0983249,-1.1738409,-1.2036704,-0.94999695,-0.89551723,1.3346546,-1.7524561
1681,SSI_BAPI10_20111108,0.617182,0.382818,0.0,-1.5954893,-1.5775794,-1.5407923,-1.4867607,-1.4286327,-1.3767407,-1.3342239,-1.3047198,-1.2764376,-1.2538078,-1.2253834,-1.1801953,-1.1051121,-1.0145456,-0.94480497,-0.8915528,-0.86585814,-0.8719023,-0.8862862,-0.89866996,-0.8891239,-0.8870933,-0.8980274,-0.8902143,-0.8940817,-0.919248,-0.9382107,-0.96941257,-0.9635274,-0.8415606,-0.52671987,-0.14660148,0.23910597,0.5752748,0.80011475,0.923816,0.9747959,1.0482856,1.0936054,1.1361032,1.1785831,1.2174133,1.2507962,1.2864149,1.3240556,1.3567724,1.3906692,1.4229256,1.4525005,1.4822277,1.4957283,1.5192709,1.5451839,1.571518,1.5292238,1.5193473,1.4820821,1.4792445,1.4883152,1.5176643,1.5558711,1.6362715,1.6966894,1.7541537,1.7911196,1.8534087,1.8903925,1.9163234,1.952733,1.9563094,1.9545377,1.9531997,1.9123869,1.8449132,1.7141758,1.5282702,1.4240427,1.3705869,1.3362261,1.3067199,1.3136207,1.3475459,1.4034168,1.4798313,1.5421791,1.592692,1.6341387,1.6638184,1.678969,1.6726836,1.6391708,1.5721072,1.4690574,1.328744,1.1847671,1.0762386,0.96746016,0.5782846,0.53867286,0.1312385,-0.16935468,-0.37224263,-0.47529373,-0.5308997,-0.5654625,-0.5702282,-0.56489694,-0.54848737,-0.5056864,-0.4535169,-0.3973905,-0.33438122,-0.2722161,-0.20801973,-0.14945053,-0.09536546,-0.039214537,0.013779294,0.06676424,0.12233846,0.17225374,0.21951279,0.26277757,0.29937783,0.32453308,0.34605166,0.34189168,0.32829645,0.28854796,0.23820873,0.18476464,0.13257211,0.09775477,0.08415451,0.09335827,0.074566625,0.048986826,0.03941776,0.042416964,0.04261072,-0.002884685,0.09922557,0.011214805,-0.08399885,0.19239874,-1.7524561,1.7467949,0.58963853,-0.75839907,-0.81271493,-0.45969224,-0.83612096,-1.170304,-1.1054648,-1.0477202,-1.0219927,-0.9852516,-0.9447458,-0.9132754,-0.88299924,-0.86132026,-0.82818913,-0.80888957,-0.8070255,-0.8027154,-0.81330335,-0.8067122,-0.79990625,-0.7905406,-0.7807259,-0.7668591,-0.7567543,-0.7386526,-0.7241528,-0.70741,-0.6904398,-0.65851957,-0.64292544,-0.63376725,-0.61204547,-0.6074152,-0.5871024,-0.61053383,-0.63486546,-0.69646174,-0.7622872,-0.7996965,-0.8550158,-0.8654485,-0.9080269,-0.9290208,-0.9264508,-0.93973434,-0.9422744,-0.97775143,-0.9860172,-0.99676347,-1.0050489,-1.0106293,-1.0240465,-1.0311238,-1.052282,-1.0835792,-1.2067688,-1.2492676,-1.1972805,-1.2083305,-0.96802163,-0.4978346,-1.7524561
1688,CHI_ADFA04_20111117,0.184584,0.815417,0.0,-1.5669537,-1.56558,-1.5699941,-1.5522205,-1.5454922,-1.5340315,-1.5314732,-1.5190876,-1.5144807,-1.507305,-1.4964017,-1.4786829,-1.439727,-1.3990762,-1.3596219,-1.3322117,-1.3150699,-1.3199552,-1.3313853,-1.3429328,-1.3413379,-1.3401415,-1.3499053,-1.3434584,-1.3441007,-1.3541573,-1.3653389,-1.3787028,-1.3733517,-1.3119,-1.1290542,-0.90803355,-0.6981861,-0.5301515,-0.42281547,-0.36257938,-0.36562788,-0.3007861,-0.27800605,-0.25595132,-0.23885624,-0.21721275,-0.20075363,-0.18038402,-0.16323508,-0.14365393,-0.12619413,-0.11079516,-0.09616828,-0.08336851,-0.074549444,-0.06488163,-0.05031365,-0.035121758,-0.038725715,-0.03532299,-0.046348363,-0.04667814,-0.044295605,-0.010397254,0.0068138633,0.08357161,0.11578064,0.1323779,0.1627819,0.18808228,0.20561302,0.22904691,0.24502352,0.254312,0.27082384,0.25407922,0.25662678,0.26625112,0.22576852,0.17679502,0.13517773,0.120789245,0.10816745,0.103573225,0.1057772,0.1271705,0.16790223,0.21438147,0.24967664,0.28555775,0.3073694,0.33661196,0.3608225,0.374723,0.37771624,0.36048993,0.33418128,0.28328672,0.2111351,0.12215137,-0.13690959,0.13733274,-0.15979192,-0.21297647,-0.4557238,-0.6169934,-0.7114308,-0.77009195,-0.79753995,-0.7988383,-0.79724735,-0.78903466,-0.7514219,-0.70960355,-0.6753181,-0.63101053,-0.59161824,-0.5525144,-0.51531017,-0.4823954,-0.4491372,-0.4223331,-0.38668498,-0.3520705,-0.3210253,-0.28358328,-0.24993595,-0.22468103,-0.20700014,-0.19522382,-0.20242824,-0.21339996,-0.22187664,-0.24975213,-0.28050873,-0.31395364,-0.34495702,-0.35470793,-0.33877632,-0.3463902,-0.35699475,-0.35211295,-0.3473065,-0.34336284,-0.34190908,-0.37068418,-0.619122,0.87695736,1.0651765,2.1861322,4.3343997,4.8273516,-0.50542134,-0.05665143,1.2539403,-0.94182616,-1.0540037,-1.2236439,-1.119015,-1.1189297,-1.0481876,-0.99077976,-0.9627868,-0.94018406,-0.93138987,-0.8980162,-0.88139784,-0.88425565,-0.8916561,-0.9191249,-0.9216231,-0.91695946,-0.92068756,-0.9153607,-0.9089751,-0.9067599,-0.90289074,-0.89140487,-0.88356787,-0.8660975,-0.8555142,-0.837334,-0.81651294,-0.7994297,-0.77590495,-0.76395714,-0.76118714,-0.7877364,-0.83109593,-0.88512295,-0.9445052,-0.97912663,-1.0095444,-1.0262647,-1.0585217,-1.061975,-1.0636915,-1.0583297,-1.0890808,-1.085589,-1.0888875,-1.1148665,-1.0915346,-1.1610979,-1.161484,-1.1661409,-1.1999949,-1.3248626,-1.2250266,-1.3442398,-1.2396222,-0.8673603,0.021287538,-0.4158919
1689,CHI_ADFA05_20111117,0.247561,0.752439,0.0,-1.5015086,-1.4972242,-1.4976691,-1.4749804,-1.4682164,-1.4558536,-1.4515445,-1.4383787,-1.4322536,-1.4238014,-1.4115404,-1.392447,-1.3494964,-1.3047284,-1.2628509,-1.2339137,-1.2172605,-1.2219075,-1.2379297,-1.2443542,-1.2434977,-1.2416694,-1.2512133,-1.2451671,-1.2447673,-1.2555839,-1.2654637,-1.278503,-1.2722206,-1.211113,-1.025975,-0.80499744,-0.5988863,-0.43250257,-0.32509202,-0.2662081,-0.26354337,-0.20972052,-0.18727209,-0.16808523,-0.15221916,-0.13311924,-0.11856727,-0.09742558,-0.08016935,-0.05975721,-0.043994106,-0.027561743,-0.014367215,-0.002055214,0.0051647373,0.0128722275,0.029549645,0.03616461,0.043295283,0.040755685,0.037573826,0.042598564,0.04252401,0.07932352,0.09370908,0.12385775,0.15433526,0.17246911,0.20303473,0.21660438,0.2409374,0.2623211,0.2804905,0.2954927,0.30874625,0.30721027,0.3123687,0.3121387,0.28484678,0.24359807,0.21569522,0.2081006,0.20353454,0.20197003,0.21089414,0.23312299,0.27660373,0.32638368,0.36555392,0.40497518,0.43229678,0.4613631,0.48906496,0.5090564,0.518085,0.5083578,0.48781666,0.44930807,0.3884769,0.33182326,0.09813608,0.23381129,0.2962911,0.0789969,-0.18188345,-0.39421135,-0.49029619,-0.5471187,-0.58059555,-0.58008695,-0.57110804,-0.55966246,-0.5216484,-0.47760263,-0.43777016,-0.38839933,-0.3430112,-0.301267,-0.25837463,-0.22054303,-0.18267436,-0.14994414,-0.1114061,-0.07116647,-0.03217233,0.012611864,0.04955453,0.078908436,0.10130918,0.11716659,0.10990457,0.09951492,0.087193914,0.055312097,0.018387662,-0.017295724,-0.051780242,-0.053177886,-0.035156462,-0.035979155,-0.043156806,-0.02813973,-0.017799856,-0.010818416,-0.017136443,0.010482678,-0.29624963,1.0481907,1.8335003,2.4203436,5.9431024,3.5046818,-0.16256197,0.47599956,2.4962525,-0.9070908,-0.8194473,-0.8940448,-0.8909385,-0.83330846,-0.77468735,-0.7032791,-0.67191786,-0.61895967,-0.61208004,-0.5961998,-0.591523,-0.5920319,-0.60634935,-0.6383501,-0.6474149,-0.65871596,-0.65688396,-0.6552761,-0.6549092,-0.64635,-0.6341342,-0.62916833,-0.60870105,-0.60030895,-0.58412963,-0.5637593,-0.546594,-0.51571834,-0.49503696,-0.48236772,-0.48737714,-0.5064482,-0.562475,-0.6489782,-0.69835943,-0.7552899,-0.78467536,-0.8039953,-0.83407104,-0.8342357,-0.8401887,-0.845454,-0.8544189,-0.8788755,-0.8640215,-0.8985836,-0.9141271,-0.92939806,-0.92888796,-0.9069454,-0.9611162,-0.991349,-1.0607338,-1.2075493,-1.1097264,-0.75746644,-0.09916375,-0.35306057
1698,CHI_CECU07_20111117,0.404502,0.595498,0.0,-1.5295907,-1.5436196,-1.5170964,-1.5135193,-1.4883912,-1.4721794,-1.4623078,-1.4558545,-1.4501489,-1.4415503,-1.4356972,-1.4149593,-1.3797115,-1.3287512,-1.2905436,-1.2642815,-1.2575214,-1.273059,-1.2973948,-1.3056911,-1.3089876,-1.3112727,-1.3238167,-1.3207849,-1.3234652,-1.3399006,-1.3503978,-1.3643816,-1.3606552,-1.2983626,-1.0888981,-0.7688508,-0.37484744,0.049881853,0.38460442,0.5777756,0.62236977,0.73059416,0.7720135,0.8036334,0.8363366,0.8635229,0.88776946,0.91413,0.9421453,0.9661997,0.9886113,1.0106392,1.0310158,1.0466,1.0459448,1.0582227,1.0613657,1.0568609,1.0319018,1.0017679,0.9212542,0.8921433,0.8737715,0.9049282,0.93739676,0.9990422,1.0695807,1.1246681,1.1896499,1.2384105,1.285075,1.3229718,1.3401654,1.3680835,1.3555844,1.3492017,1.3226207,1.2377981,1.0796332,0.8789412,0.7314206,0.6714397,0.64651793,0.62738657,0.6203224,0.64919937,0.7087065,0.7830072,0.8399373,0.89081484,0.9281382,0.95665413,0.9765392,0.9705266,0.9353908,0.8621893,0.74350506,0.5919956,0.43819353,0.33044758,0.3983081,0.72669315,-0.1055367,-0.4614498,-0.71174324,-0.90632695,-1.0023516,-1.0477257,-1.06282,-1.0742397,-1.0738224,-1.0593361,-1.0320159,-1.003331,-0.9718015,-0.9318853,-0.89346296,-0.8564231,-0.81988966,-0.7841839,-0.7537864,-0.720364,-0.68666023,-0.6568237,-0.62284017,-0.58952457,-0.56112355,-0.53486526,-0.5193551,-0.5133045,-0.52696586,-0.5280444,-0.5303577,-0.5419265,-0.56318635,-0.59331816,-0.6217913,-0.64404446,-0.6468865,-0.6626179,-0.67373514,-0.6830174,-0.68321633,-0.6810017,-0.66933376,-0.60234535,-0.56147796,0.8776795,-1.7524561,-1.7524561,2.0781767,4.8133297,-0.38398132,-0.6152148,0.9641266,-0.88602257,-1.1539478,-1.2127442,-1.2983843,-1.3002219,-1.2616614,-1.2437581,-1.2260069,-1.2187469,-1.2023386,-1.1597505,-1.1851616,-1.1821892,-1.1722969,-1.1758118,-1.1674247,-1.1708543,-1.1749445,-1.1690288,-1.1666622,-1.1653744,-1.1627307,-1.1510074,-1.1442006,-1.1378137,-1.1308049,-1.1179554,-1.1046172,-1.0941528,-1.0857433,-1.0684215,-1.0694495,-1.07394,-1.1020168,-1.1207488,-1.1808107,-1.1908536,-1.2021525,-1.2263534,-1.2391722,-1.243136,-1.2368546,-1.2147422,-1.2369521,-1.2733104,-1.2743988,-1.2774591,-1.2936279,-1.3261496,-1.229782,-1.3359712,-1.3080447,-1.3166218,-1.368559,-1.3172891,-1.268169,-1.0420659,0.7486894,-1.7524561
1701,SSI_BAPI03_20111210,0.609537,0.390463,0.0,-1.5514758,-1.5172278,-1.4719788,-1.4206814,-1.3761075,-1.341568,-1.314512,-1.2937725,-1.2772623,-1.2598026,-1.2349995,-1.1907382,-1.1211541,-1.0488212,-0.9961266,-0.9579638,-0.9423148,-0.9522188,-0.9670727,-0.9714019,-0.9654498,-0.9695591,-0.9814623,-0.9763891,-0.98511297,-1.0090034,-1.0298142,-1.0570139,-1.0476559,-0.9136481,-0.6254767,-0.31316835,-0.019181957,0.22175182,0.3764831,0.4655738,0.50096595,0.56866705,0.6087133,0.64746124,0.6859504,0.7218755,0.75496036,0.7868451,0.8209408,0.85229594,0.88401055,0.9148356,0.9501137,0.98276365,1.0011421,1.0311177,1.0703795,1.0920346,1.0774099,1.0771542,1.047633,1.0530118,1.0671077,1.0982711,1.1208001,1.1681547,1.2233785,1.2639616,1.3173413,1.3558136,1.3910245,1.4222808,1.4484464,1.4581827,1.455576,1.450243,1.4170704,1.3648226,1.246739,1.0895214,1.0019985,0.96069884,0.93029684,0.9078247,0.90623283,0.9321432,0.9842174,1.0498683,1.1063125,1.1564078,1.1930178,1.2218832,1.2348689,1.2340586,1.2026461,1.146702,1.0613189,0.9381442,0.8052947,0.7109594,0.58352464,0.37073433,0.352241,-0.073859625,-0.3340125,-0.52969104,-0.646113,-0.7022354,-0.73118603,-0.74271154,-0.74106896,-0.7268713,-0.6934576,-0.6500396,-0.60637456,-0.54887825,-0.49627838,-0.44620883,-0.3952896,-0.34628338,-0.30119607,-0.25663075,-0.21171415,-0.17034775,-0.13009433,-0.08479198,-0.052316863,-0.023616672,0.0016647852,0.0118476,0.0043675196,-0.007432169,-0.04074914,-0.08299234,-0.13214663,-0.17687835,-0.20597622,-0.22429481,-0.21001676,-0.22749455,-0.2550897,-0.25901106,-0.27752155,-0.27098054,-0.285802,-0.26911792,-0.29287377,-0.055006627,4.045779,-0.06664692,1.2192837,-0.06769165,-0.6657865,-0.79224193,-0.96294576,-0.87960243,-1.1751316,-1.1564964,-1.130032,-1.1187571,-1.0774449,-1.0642536,-1.0401937,-1.0231946,-1.0068269,-0.95456165,-0.93489057,-0.94041765,-0.94467235,-0.93716276,-0.93142635,-0.93009734,-0.9215543,-0.91380656,-0.90840733,-0.8949929,-0.87722296,-0.8705374,-0.8522341,-0.8392527,-0.8223271,-0.80820954,-0.7934276,-0.78174424,-0.76332563,-0.76125675,-0.76361454,-0.7972431,-0.8362438,-0.8830584,-0.9381974,-0.97294503,-0.983198,-1.0154016,-1.041561,-1.0617259,-1.0440825,-1.0525295,-1.0625658,-1.0692167,-1.0858399,-1.0876017,-1.0825775,-1.091761,-1.1217995,-1.1278135,-1.1598138,-1.1565893,-1.1474429,-1.1064391,-1.0236471,-0.76916677,-0.93075037,1.6361494
1706,CHI_ADFA04_20111216,0.572955,0.427045,0.0,-1.5603356,-1.5559988,-1.5507202,-1.541947,-1.5351871,-1.5280632,-1.5216614,-1.5164514,-1.5106899,-1.505746,-1.4979428,-1.4798484,-1.4461519,-1.4053047,-1.3716618,-1.3447477,-1.3348247,-1.3450499,-1.3631241,-1.3690048,-1.3669033,-1.3726531,-1.3816407,-1.3806473,-1.3778964,-1.3879557,-1.4003968,-1.4120562,-1.4051101,-1.3451723,-1.1750561,-0.956152,-0.73164225,-0.53584665,-0.40764976,-0.33772877,-0.30460194,-0.2730741,-0.25072676,-0.23125534,-0.2127577,-0.19496065,-0.1781665,-0.16411854,-0.14542797,-0.13028294,-0.11564204,-0.10190412,-0.09094488,-0.08039501,-0.07643919,-0.066416934,-0.058092777,-0.057706203,-0.06154248,-0.06993395,-0.0773466,-0.074825704,-0.079420045,-0.06370813,-0.05753559,-0.034130786,-0.010013719,0.015427018,0.03924691,0.060854524,0.08097989,0.0993783,0.119647525,0.13327654,0.1471284,0.14752759,0.15160765,0.1394423,0.09918315,0.043826763,0.002148468,-0.017199313,-0.027070582,-0.033314053,-0.029768525,-0.009441807,0.027909517,0.074652165,0.11241297,0.14566182,0.17214131,0.20008601,0.2188551,0.22946434,0.2309363,0.21694608,0.18371056,0.13357115,0.07562257,0.010422963,0.01630522,-0.09326455,-0.18050614,-0.42870474,-0.54447126,-0.72538453,-0.81763816,-0.85924715,-0.8846519,-0.8935987,-0.8900366,-0.87417954,-0.84853286,-0.8159096,-0.7828052,-0.74271154,-0.704659,-0.66881,-0.6330758,-0.60077083,-0.570401,-0.5399269,-0.5095493,-0.47699007,-0.44659775,-0.4127632,-0.38441217,-0.35987395,-0.34043747,-0.33604437,-0.34332392,-0.35566244,-0.36197835,-0.38811582,-0.4163419,-0.44818762,-0.47787982,-0.4850619,-0.47263598,-0.47228926,-0.48554632,-0.48095477,-0.49291524,-0.48441276,-0.4839666,-0.47604173,-0.47344255,-0.78855115,-0.16691522,0.3340179,-0.85007596,-0.17463674,-0.9084608,-1.0650442,-1.070505,-1.0648166,-1.1720489,-1.1731951,-1.157607,-1.1411101,-1.1140585,-1.0840241,-1.0610244,-1.039737,-1.0236953,-1.0037954,-0.9809939,-0.98950994,-0.99778295,-1.0056443,-1.0078562,-1.0126207,-1.0106871,-1.0109347,-1.0114509,-1.0050527,-0.9971157,-0.9955012,-0.9893805,-0.9789099,-0.96295214,-0.9479339,-0.9355115,-0.9162399,-0.9053014,-0.89548564,-0.8910856,-0.90389764,-0.9391073,-0.98551244,-1.0294309,-1.0616457,-1.0860196,-1.105958,-1.1317027,-1.1452546,-1.1372757,-1.1353325,-1.1583487,-1.1557162,-1.1567345,-1.164297,-1.1744505,-1.1776956,-1.1929765,-1.1910855,-1.2051145,-1.2150502,-1.2708516,-1.31187,-1.2912836,-0.96382916,-0.61120886,0.4267789
