orig_index,Spectra,gv_fraction,npv_fraction,soil_fraction,400,410,420,430,440,450,460,470,480,490,500,510,520,530,540,550,560,570,580,590,600,610,620,630,640,650,660,670,680,690,700,710,720,730,740,750,760,770,780,790,800,810,820,830,840,850,860,870,880,890,900,910,920,930,940,950,960,970,980,990,1000,1010,1020,1030,1040,1050,1060,1070,1080,1090,1100,1110,1120,1130,1140,1150,1160,1170,1180,1190,1200,1210,1220,1230,1240,1250,1260,1270,1280,1290,1300,1310,1320,1330,1340,1350,1360,1370,1380,1390,1400,1410,1420,1430,1440,1450,1460,1470,1480,1490,1500,1510,1520,1530,1540,1550,1560,1570,1580,1590,1600,1610,1620,1630,1640,1650,1660,1670,1680,1690,1700,1710,1720,1730,1740,1750,1760,1770,1780,1790,1800,1810,1820,1830,1840,1850,1860,1870,1880,1890,1900,1910,1920,1930,1940,1950,1960,1970,1980,1990,2000,2010,2020,2030,2040,2050,2060,2070,2080,2090,2100,2110,2120,2130,2140,2150,2160,2170,2180,2190,2200,2210,2220,2230,2240,2250,2260,2270,2280,2290,2300,2310,2320,2330,2340,2350,2360,2370,2380,2390,2400,2410,2420,2430,2440,2450,2460,2470,2480,2490
127,Res041,0.11920500,0.00662252,0.87417197,-1.47103214,-1.45221341,-1.42853558,-1.39775646,-1.36363673,-1.33532631,-1.31910348,-1.30880558,-1.29361451,-1.26721537,-1.22691274,-1.17155898,-1.09833038,-1.01432347,-0.93780971,-0.86817533,-0.80779696,-0.76612568,-0.73719901,-0.71073449,-0.69104385,-0.68199313,-0.68095052,-0.67135376,-0.66129166,-0.65989494,-0.66828394,-0.68506294,-0.66952538,-0.56442994,-0.37551138,-0.18975516,-0.02976350,0.09013505,0.16262065,0.20897929,0.25417063,0.26721990,0.27728856,0.29332429,0.30687070,0.32143727,0.33606929,0.34250429,0.34693983,0.35165069,0.35828388,0.36510289,0.37371242,0.38447684,0.40288696,0.41503525,0.42157283,0.44277567,0.46514472,0.46033573,0.45632884,0.44535708,0.44931185,0.45786506,0.46182966,0.46377701,0.48038280,0.49565029,0.51024354,0.52524012,0.53434938,0.54472959,0.55523247,0.56522328,0.57965314,0.60084659,0.63100463,0.64105809,0.61796588,0.58783400,0.56396514,0.55855829,0.55780691,0.55977875,0.56453121,0.57364255,0.58007479,0.58506536,0.59112316,0.60043061,0.61228484,0.61929923,0.61477864,0.61004722,0.60433090,0.59337294,0.57770556,0.56101751,0.53253549,0.50688308,0.19051042,0.13551092,0.38342488,0.45112482,0.14835814,0.00978958,-0.19854815,-0.31134933,-0.36244747,-0.39986029,-0.39994711,-0.36967772,-0.33876035,-0.29498956,-0.24873257,-0.19471936,-0.13769935,-0.08280081,-0.03140328,0.01778993,0.06035028,0.10367361,0.13987306,0.16743259,0.19514403,0.22005317,0.23821670,0.25238246,0.26855960,0.28080019,0.28791252,0.29220316,0.29412526,0.29480094,0.29235318,0.28383949,0.27409080,0.26284865,0.24414991,0.21798685,0.19104914,0.16480196,0.12211434,0.15346737,0.22998299,0.32192808,0.20958930,-1.02398622,-1.30340350,-1.73368084,-1.72794056,-1.59266031,-1.39588404,-1.74110544,-1.75171912,-1.68437362,-1.31572580,-0.54957831,-0.72560990,-1.06174338,-0.98188287,-1.03095531,-0.98797977,-0.93809509,-0.88253081,-0.80807084,-0.78796393,-0.75975603,-0.71892953,-0.66524446,-0.62249410,-0.58221108,-0.55274242,-0.50831860,-0.47603607,-0.44332314,-0.40038112,-0.36470336,-0.34535685,-0.33761850,-0.32405913,-0.31974012,-0.30419880,-0.30063072,-0.30833718,-0.30410346,-0.28324351,-0.28053564,-0.29545581,-0.29280847,-0.29392391,-0.30556828,-0.34554440,-0.35648671,-0.37495184,-0.42726007,-0.37028727,-0.42116699,-0.50985461,-0.58445513,-0.59329814,-0.57092613,-0.68731660,-0.68656331,-0.49823850,-0.75442278,-0.54758120,-0.66055018,-0.82109493,-0.38430542,-0.44931185,-1.09217119,0.31099889,-0.59096599
1022,SSI_BAPI12_20120302,0.58332902,0.41667101,0.00000000,-1.59585917,-1.57464910,-1.55577266,-1.53910172,-1.51922286,-1.49762535,-1.47882783,-1.46971142,-1.46081853,-1.45092309,-1.43696058,-1.40927565,-1.36103034,-1.29635870,-1.24787295,-1.21492267,-1.20278049,-1.21398628,-1.23440838,-1.24610043,-1.24544346,-1.25082338,-1.26468694,-1.26474333,-1.27162671,-1.29305851,-1.31100321,-1.33510065,-1.33225667,-1.24478078,-1.00968850,-0.73540521,-0.47275674,-0.25465116,-0.11288475,-0.03375882,-0.02428675,0.04673903,0.07752331,0.10550762,0.13504675,0.16371644,0.19020249,0.21600679,0.24470243,0.26972654,0.29698738,0.32322615,0.34981552,0.37594235,0.39413837,0.41982463,0.44898561,0.46768224,0.46408808,0.47014213,0.46281713,0.47292224,0.48940554,0.51944578,0.55862188,0.59943449,0.63986468,0.68242764,0.71832371,0.75822175,0.78813624,0.82663667,0.84873694,0.86364478,0.87555933,0.88753301,0.87831724,0.82830542,0.76833808,0.66214263,0.60680342,0.58641326,0.56918436,0.55954456,0.56910515,0.60050559,0.65083432,0.70395952,0.75919241,0.80275494,0.84071475,0.86993158,0.88835150,0.89431769,0.88209438,0.84577459,0.78078318,0.68865651,0.59280080,0.51143551,0.54800981,0.11958923,0.09745328,-0.17432393,-0.46549800,-0.61967379,-0.71747720,-0.76040894,-0.78800184,-0.79137868,-0.79180670,-0.77289993,-0.73716372,-0.69398999,-0.64740729,-0.59361786,-0.53882664,-0.48488799,-0.43563974,-0.38604230,-0.33946979,-0.29561919,-0.25180179,-0.20662469,-0.16062012,-0.12031084,-0.08011082,-0.05003775,-0.02295291,-0.00725653,-0.00949323,-0.02320498,-0.05472734,-0.09866477,-0.14917803,-0.18847331,-0.22283480,-0.23406245,-0.22807501,-0.23668841,-0.25449318,-0.26025999,-0.25083652,-0.24843831,-0.26829210,-0.16817816,-0.17320640,0.83490312,-1.75245631,-0.16579281,0.27114642,1.00030303,-0.68326962,-0.89081722,-0.57132560,-0.81064761,-1.11367905,-1.16759515,-1.14294982,-1.12548542,-1.08022141,-1.04748476,-1.02821481,-1.00001979,-0.95933247,-0.94344568,-0.93522698,-0.94398493,-0.94225627,-0.93651569,-0.94228721,-0.93247181,-0.92293262,-0.90855527,-0.90684092,-0.88535392,-0.86909550,-0.85509074,-0.84185439,-0.82798719,-0.81843621,-0.79444510,-0.77654296,-0.75537777,-0.74764550,-0.74187297,-0.75965422,-0.78371322,-0.83857960,-0.88926494,-0.94767946,-0.99532735,-1.01866567,-1.03187251,-1.06301773,-1.08040178,-1.07743752,-1.09194469,-1.08729923,-1.09784079,-1.10798192,-1.11448252,-1.12156606,-1.15852475,-1.18562651,-1.23055708,-1.18675029,-1.26749110,-1.28487241,-1.30957425,-1.33028758,-1.33089387,-1.05694962,-0.43716756
555,QUE_T1.14.I,0.00000000,0.50000000,0.50000000,-1.21423995,-1.18242931,-1.14830995,-1.10955274,-1.07089305,-1.03919065,-1.01441014,-0.99204946,-0.96656537,-0.93521786,-0.89948469,-0.86229831,-0.82535774,-0.78822643,-0.75183547,-0.71550888,-0.67946315,-0.64562565,-0.61522353,-0.58609027,-0.55824018,-0.53060353,-0.50200796,-0.47139874,-0.44066527,-0.40900445,-0.37718889,-0.34569505,-0.31001854,-0.26476994,-0.21669614,-0.17044605,-0.12388710,-0.08127310,-0.04225816,-0.00446966,0.03799301,0.06805228,0.09755682,0.12973781,0.16048609,0.19138500,0.22253644,0.24913935,0.27431002,0.29976514,0.32485986,0.34978279,0.37535477,0.40114433,0.42800152,0.45244840,0.47405225,0.49832687,0.51641911,0.53669029,0.55373150,0.57183874,0.58858848,0.60885710,0.62649685,0.64643925,0.66658217,0.68620151,0.70962888,0.72706854,0.74967277,0.77116495,0.79139829,0.81399804,0.83548808,0.85777932,0.88706791,0.90830135,0.92055082,0.93013382,0.94065869,0.95184875,0.96616685,0.98144603,0.99664229,1.01355052,1.03108716,1.04894853,1.06825721,1.08841610,1.10917640,1.12788403,1.14156365,1.15624785,1.17092729,1.18669522,1.20308101,1.21892488,1.22729349,1.23325002,1.30949974,1.39315450,1.44809854,1.35327327,1.24899387,1.17435992,1.13271344,1.11103237,1.10566545,1.10319555,1.10838783,1.12053585,1.13166022,1.14517879,1.15906179,1.17738187,1.19781387,1.21639669,1.23196435,1.24677372,1.26146567,1.27673972,1.29060864,1.30696869,1.32839310,1.34883261,1.36677742,1.38355374,1.39630508,1.40219808,1.40156400,1.39892721,1.39731967,1.39759851,1.39769566,1.39779460,1.39399338,1.39538610,1.40297985,1.40745604,1.40851152,1.41026843,1.41728449,1.42687166,1.43972874,1.46778429,1.49038637,2.00989199,3.14599586,1.56112278,0.90204769,2.02591753,1.64465892,1.92426431,2.14963460,1.66105878,0.95519561,0.97739756,1.00728583,1.03781033,1.09566486,1.12510884,1.14480531,1.17527938,1.20589995,1.23647308,1.21541440,1.17351735,1.12960732,1.09430766,1.06848836,1.03815675,1.02049923,1.00679243,1.00344586,1.01001775,1.02349758,1.03887546,1.04153121,1.03589249,1.04403782,1.04480088,1.04572928,1.04661882,1.04424465,1.04734874,1.07367063,1.06997788,1.03864384,0.99231869,0.95234841,0.91845089,0.90237725,0.91041487,0.89918393,0.86661232,0.84969592,0.84680152,0.83563042,0.80897027,0.82294667,0.81219631,0.81852120,0.81250995,0.77556449,0.73100042,0.72360903,0.72819018,0.58822036,0.53297651,0.50440544,0.38965374,0.41689518,1.78907192
350,COP_20151212_2-50-E,0.06412730,0.93587297,0.00000000,-0.99507749,-0.95572937,-0.91268444,-0.86893910,-0.83180869,-0.79823554,-0.76514363,-0.73113471,-0.69815648,-0.66335660,-0.63040537,-0.59690869,-0.56402910,-0.53275740,-0.49992317,-0.46463779,-0.43225420,-0.39697886,-0.36524898,-0.32724461,-0.29790837,-0.26167235,-0.22121219,-0.18146686,-0.14323582,-0.10457788,-0.06591994,-0.02799857,0.01080276,0.05383207,0.09658537,0.14054734,0.18645585,0.22984393,0.27036041,0.30947855,0.35655180,0.38870296,0.42423397,0.46201265,0.49970862,0.53702968,0.57499510,0.60914320,0.64294982,0.67776656,0.71087480,0.74489766,0.77770627,0.81002665,0.84453821,0.87509847,0.90224338,0.94311112,0.96235603,0.99243319,1.02110052,1.04700959,1.07716870,1.10583031,1.15072179,1.20405352,1.24247921,1.27818775,1.31083941,1.34251332,1.37605703,1.41112220,1.45113456,1.49679494,1.54869127,1.62126195,1.71054912,1.72305667,1.72762775,1.72815645,1.72005081,1.74646676,1.77688837,1.80437756,1.83771980,1.87053025,1.91402364,1.96185970,2.01190567,2.06347013,2.11508822,2.14958549,2.18525505,2.23178029,2.28387690,2.33648586,2.38420296,2.43333030,2.51887512,2.74634790,0.81125557,0.86436391,0.83538294,0.73899597,0.42321798,0.88650328,3.18266177,2.30489588,2.10737467,1.95473337,1.91807652,1.94778490,1.94441068,1.94817007,1.97919166,2.02694750,2.07682872,2.12113833,2.15632820,2.18839121,2.22129750,2.25590682,2.28908706,2.32897592,2.38708472,2.44827485,2.50248289,2.55281067,2.59799099,2.62674737,2.64093804,2.64478493,2.63177800,2.60682273,2.58405805,2.56251240,2.53964233,2.54111624,2.57714415,2.59477305,2.60300016,2.64191675,2.73556924,2.94360113,3.12287784,2.82265306,2.88133883,3.47698975,4.60749054,5.65383577,5.02635717,4.87674952,4.29944515,3.17312002,3.25791073,2.56179953,1.72719395,1.42388356,1.43444693,1.54438353,1.61391628,1.71377420,1.84469402,1.99422264,2.13060737,2.09741211,2.01045108,1.99676955,1.95852673,1.87493682,1.74076211,1.64668167,1.59999061,1.58438861,1.58129370,1.59426725,1.62691343,1.67522585,1.72860837,1.76838756,1.79407489,1.81695008,1.83608723,1.85233116,1.86151528,1.86132705,1.86007416,1.82701278,1.73661518,1.60476482,1.47627556,1.37873888,1.34108007,1.32642984,1.27126384,1.20233762,1.18277287,1.19149578,1.18457770,1.17095888,1.18659139,1.20285451,1.21527255,1.22154677,1.20784938,1.17381370,1.15069091,1.06257033,0.92075980,0.86073661,0.75265527,0.78317016,1.17120147,1.60119331
439,QUE_T1.03.C,0.00000000,0.71969998,0.28000000,-1.32604444,-1.30423069,-1.27935874,-1.25076795,-1.22195482,-1.19722974,-1.17621148,-1.15587819,-1.13365197,-1.10758507,-1.07913625,-1.05081427,-1.02251220,-0.99420655,-0.96556365,-0.93643177,-0.90735048,-0.87958187,-0.85412145,-0.82768339,-0.80210316,-0.77516967,-0.74650329,-0.71616554,-0.68467706,-0.65066534,-0.61588472,-0.58050925,-0.54268545,-0.49918881,-0.45639917,-0.41506001,-0.36801317,-0.32829565,-0.29493311,-0.25805143,-0.21265559,-0.17888965,-0.14639080,-0.10924958,-0.07333306,-0.03496026,0.00602050,0.03641972,0.06366735,0.09363115,0.12419245,0.15471075,0.18761253,0.22461702,0.26754993,0.30175737,0.33016506,0.38625523,0.44246855,0.46636802,0.47412238,0.47489858,0.48752668,0.50311226,0.50299728,0.50309122,0.52772599,0.55228198,0.57875609,0.60179478,0.62531376,0.65059924,0.67509073,0.70314944,0.73874986,0.78060764,0.84788597,0.89270663,0.89394045,0.90135521,0.88799554,0.88610429,0.89781529,0.91234118,0.92830986,0.94605225,0.96274239,0.98176974,1.00408995,1.02767396,1.05267310,1.07612967,1.09384441,1.11574984,1.14116776,1.16922021,1.19756293,1.23054802,1.25598633,1.29917681,1.30328012,1.12398422,1.27136207,1.49562562,1.45150852,1.29974627,1.16647768,1.08019710,1.04993856,1.00768876,0.98605078,0.99773371,0.99818063,0.99038464,0.99135202,1.00969064,1.03335607,1.05654740,1.07677817,1.09551060,1.11488998,1.13370669,1.15154028,1.17350352,1.20256376,1.23288965,1.25936353,1.28103733,1.29627049,1.30333436,1.29935324,1.28953373,1.28279042,1.28062451,1.27990675,1.28046215,1.27313852,1.27600574,1.28855205,1.29119778,1.29294646,1.30205715,1.32114434,1.34954381,1.40703297,1.51882088,1.62645137,1.86504436,5.15802717,2.21386385,4.13423014,0.64170009,-0.85696763,1.49814916,0.87799233,0.73442441,1.22538257,0.72275478,0.78066003,0.79010183,0.79170889,0.80465180,0.82264495,0.86339939,0.91236436,0.94059181,0.91853666,0.86958945,0.82048327,0.76982152,0.73480237,0.69836426,0.67073345,0.65757573,0.65582567,0.65446401,0.67374194,0.69343138,0.70778364,0.70547330,0.72794175,0.74612325,0.75324309,0.76352602,0.77285963,0.77447957,0.79138190,0.77573651,0.73971933,0.66779536,0.60220098,0.56114018,0.53865731,0.54097462,0.52103859,0.48949203,0.46274024,0.44324148,0.42051899,0.38669181,0.42124984,0.43663210,0.44584137,0.39383429,0.42452893,0.42786434,0.39005435,0.28360131,0.23077740,0.19895402,0.12756374,-0.05985772,-0.52658099,-0.59695703
857,CHI_CECU01_20110609,0.52268600,0.47731400,0.00000000,-1.56768227,-1.56755567,-1.56247187,-1.55147839,-1.53445399,-1.51971304,-1.51007152,-1.50459182,-1.50022042,-1.49602962,-1.48770916,-1.46789896,-1.42676723,-1.37033439,-1.32741904,-1.29946017,-1.29260647,-1.30894339,-1.33373761,-1.34302437,-1.34482682,-1.35430050,-1.36845422,-1.37060213,-1.37571084,-1.39582419,-1.41385090,-1.43577945,-1.43564129,-1.37015879,-1.18684304,-0.96717072,-0.73863477,-0.52259946,-0.36803269,-0.28404948,-0.26229370,-0.22394074,-0.21025167,-0.19900882,-0.18692936,-0.17646877,-0.16660194,-0.15928137,-0.14917545,-0.14009742,-0.12983432,-0.12076543,-0.11371971,-0.11059617,-0.11196167,-0.10970639,-0.10535990,-0.11907388,-0.12341359,-0.14585617,-0.18401781,-0.20370600,-0.20707718,-0.19807242,-0.18051587,-0.19559570,-0.16437413,-0.13860840,-0.10922423,-0.08453747,-0.06464126,-0.04685344,-0.03688845,-0.02950209,-0.02749934,-0.02594078,-0.04082756,-0.08094508,-0.15721682,-0.25235474,-0.31583104,-0.33577409,-0.34882817,-0.35636190,-0.35469663,-0.33907083,-0.30909956,-0.27433690,-0.24369894,-0.21801724,-0.19875395,-0.18298243,-0.17493230,-0.17836565,-0.19609725,-0.23280703,-0.28638750,-0.35865691,-0.43551153,-0.48927104,-0.54461735,-0.69362384,-0.77304298,-0.87540138,-1.04818583,-1.14372838,-1.19235611,-1.21428442,-1.22650158,-1.22813284,-1.22589862,-1.21693170,-1.20006192,-1.18005145,-1.15882683,-1.13288629,-1.10803378,-1.08353341,-1.05930901,-1.03605402,-1.01368880,-0.99147403,-0.97138572,-0.94947541,-0.92778856,-0.90632159,-0.88687181,-0.87014753,-0.85522509,-0.85059327,-0.85005510,-0.84990972,-0.84693080,-0.85382843,-0.86729747,-0.88418353,-0.90319711,-0.91505563,-0.91642904,-0.92368114,-0.93321097,-0.94046205,-0.94040877,-0.94142866,-0.95188576,-0.97668207,-1.00692475,-0.94736499,3.60098004,0.46460906,-0.58489931,-0.82744396,-1.21627641,-1.22735608,-0.87103063,-1.39598334,-1.35728538,-1.37737978,-1.36395407,-1.35129583,-1.33173811,-1.31574059,-1.30313778,-1.29844391,-1.28257465,-1.26848102,-1.26303470,-1.25954783,-1.26113725,-1.26817930,-1.26242661,-1.25922847,-1.25247717,-1.25247681,-1.25023377,-1.24581254,-1.24061453,-1.23866391,-1.23258173,-1.22662497,-1.22086918,-1.21088350,-1.20748341,-1.19704378,-1.19176435,-1.18605423,-1.18457067,-1.19140279,-1.21158862,-1.22791910,-1.24889803,-1.26447916,-1.28033626,-1.29272544,-1.30915141,-1.32114065,-1.30820370,-1.31946790,-1.33585930,-1.33486164,-1.33987439,-1.33956468,-1.36310077,-1.36145735,-1.37256420,-1.41478980,-1.41674745,-1.41941941,-1.45190704,-1.43228734,-1.45543277,-1.31990623,-1.17762887,-0.70448178
7,Resop066,0.02366860,0.21893500,0.75739598,-1.41640389,-1.39037192,-1.36055517,-1.32660139,-1.29173112,-1.26185620,-1.23896635,-1.21836019,-1.19440234,-1.16428721,-1.12791276,-1.08658838,-1.03935647,-0.98871732,-0.93865806,-0.89011872,-0.84514284,-0.80763566,-0.77539927,-0.74601763,-0.71778929,-0.69368172,-0.67357713,-0.64757830,-0.62160802,-0.60057384,-0.58295745,-0.56788725,-0.53834647,-0.47601491,-0.39342353,-0.31636241,-0.25352159,-0.19033186,-0.13624257,-0.09720227,-0.06268234,-0.03794323,-0.01339892,0.00909345,0.03120520,0.04860225,0.06286850,0.08737576,0.11232089,0.13251206,0.15093397,0.16899103,0.18604498,0.19936921,0.20443872,0.21730205,0.23760575,0.22614975,0.21771224,0.23822582,0.26847008,0.30723926,0.33357292,0.35967055,0.38851693,0.41828370,0.43580896,0.45634776,0.47446033,0.48958784,0.50563645,0.52127975,0.53414512,0.54402584,0.55077660,0.53395325,0.49990284,0.50836861,0.53098941,0.55452150,0.59590435,0.62210226,0.63728583,0.65096170,0.66577256,0.68247062,0.70262241,0.72176242,0.73828900,0.75274336,0.76789939,0.77993757,0.78616601,0.79470843,0.79491550,0.78764963,0.77583981,0.75363314,0.72181827,0.63413948,0.52888525,0.47436708,0.36837357,0.22378404,0.20528887,0.14109331,0.17112489,0.17443261,0.17070700,0.20153205,0.22671068,0.24067099,0.29958379,0.36727577,0.42998207,0.48482487,0.53218001,0.57512128,0.61101669,0.64198923,0.67132151,0.69896048,0.72472578,0.74822325,0.76977617,0.79175961,0.81244522,0.82888716,0.84094805,0.85370606,0.86398739,0.86782670,0.86702132,0.86616123,0.86553741,0.86244720,0.85188401,0.84339952,0.83561057,0.81833959,0.79820979,0.78110081,0.76158404,0.73510545,0.69753551,0.63972563,0.50849086,0.70519567,0.36692613,-0.38740805,-1.00365901,1.00274825,0.25759485,-0.30901191,-1.02605772,-0.33368394,-0.46129853,-0.46677038,-0.34949464,-0.33693442,-0.18156095,-0.11764351,-0.07340972,-0.01787161,0.03065070,0.12622815,0.15562016,0.18894941,0.23786122,0.24951237,0.30363041,0.32652885,0.36527631,0.38575646,0.40317327,0.45702040,0.48150629,0.52159339,0.54515612,0.54295307,0.53109413,0.50612420,0.49146205,0.47543284,0.45233291,0.48302734,0.50301063,0.51980287,0.46066153,0.45487580,0.39904249,0.37094402,0.39940757,0.37783220,0.37983799,0.27080050,0.30527180,0.27365842,0.22412294,0.20713210,0.20359054,0.23286943,0.22023267,0.10782670,0.06493422,0.00957316,-0.28021917,-0.37444678,-0.10732128,0.52956468,-0.25847867,-1.17716646,-1.42074907,-1.56201661
1681,SSI_BAPI10_20111108,0.61718202,0.38281801,0.00000000,-1.59548938,-1.57757962,-1.54079258,-1.48676085,-1.42863297,-1.37674081,-1.33422410,-1.30472004,-1.27643776,-1.25380790,-1.22538352,-1.18019545,-1.10511220,-1.01454568,-0.94480509,-0.89155287,-0.86585820,-0.87190241,-0.88628632,-0.89867008,-0.88912404,-0.88709342,-0.89802754,-0.89021444,-0.89408177,-0.91924810,-0.93821084,-0.96941268,-0.96352750,-0.84156072,-0.52671993,-0.14660150,0.23910600,0.57527488,0.80011487,0.92381614,0.97479600,1.04828572,1.09360552,1.13610327,1.17858326,1.21741343,1.25079632,1.28641498,1.32405579,1.35677254,1.39066935,1.42292571,1.45250058,1.48222792,1.49572849,1.51927102,1.54518402,1.57151818,1.52922404,1.51934755,1.48208225,1.47924471,1.48831534,1.51766443,1.55587137,1.63627160,1.69668961,1.75415397,1.79111981,1.85340893,1.89039266,1.91632366,1.95273328,1.95630956,1.95453799,1.95319998,1.91238713,1.84491348,1.71417606,1.52827048,1.42404294,1.37058699,1.33622622,1.30672002,1.31362092,1.34754598,1.40341687,1.47983158,1.54217935,1.59269226,1.63413894,1.66381848,1.67896914,1.67268372,1.63917089,1.57210743,1.46905756,1.32874417,1.18476725,1.07623875,0.96746027,0.57828468,0.53867298,0.13123852,-0.16935469,-0.37224269,-0.47529379,-0.53089976,-0.56546259,-0.57022828,-0.56489700,-0.54848742,-0.50568646,-0.45351696,-0.39739057,-0.33438125,-0.27221614,-0.20801976,-0.14945054,-0.09536546,-0.03921454,0.01377930,0.06676425,0.12233847,0.17225376,0.21951282,0.26277760,0.29937786,0.32453313,0.34605169,0.34189171,0.32829648,0.28854799,0.23820876,0.18476465,0.13257213,0.09775478,0.08415452,0.09335829,0.07456663,0.04898683,0.03941776,0.04241697,0.04261072,-0.00288469,0.09922558,0.01121481,-0.08399886,0.19239876,-1.75245631,1.74679506,0.58963859,-0.75839913,-0.81271505,-0.45969230,-0.83612108,-1.17030406,-1.10546494,-1.04772031,-1.02199280,-0.98525172,-0.94474590,-0.91327548,-0.88299936,-0.86132038,-0.82818919,-0.80888969,-0.80702561,-0.80271548,-0.81330341,-0.80671227,-0.79990637,-0.79054070,-0.78072602,-0.76685923,-0.75675434,-0.73865265,-0.72415292,-0.70741004,-0.69043988,-0.65851963,-0.64292550,-0.63376731,-0.61204553,-0.60741532,-0.58710247,-0.61053395,-0.63486558,-0.69646180,-0.76228732,-0.79969662,-0.85501587,-0.86544853,-0.90802699,-0.92902088,-0.92645091,-0.93973446,-0.94227451,-0.97775149,-0.98601735,-0.99676359,-1.00504887,-1.01062942,-1.02404666,-1.03112388,-1.05228209,-1.08357930,-1.20676887,-1.24926770,-1.19728065,-1.20833063,-0.96802175,-0.49783465,-1.75245631
1584,SSI_BAPI02_20110927,0.79917598,0.20082401,0.00000000,-1.66822851,-1.65533412,-1.64447439,-1.62677968,-1.60582256,-1.58676517,-1.56799042,-1.55595541,-1.54070115,-1.53150833,-1.50955224,-1.46466589,-1.37618971,-1.26610518,-1.19476485,-1.15262282,-1.14366710,-1.17588484,-1.22370827,-1.25042796,-1.25836694,-1.27632666,-1.30587351,-1.31267047,-1.33377874,-1.37816894,-1.40942419,-1.45077670,-1.44975185,-1.32690775,-0.98416442,-0.54046935,-0.05905945,0.36930868,0.66075104,0.82558376,0.89344895,0.96579289,1.00752544,1.04590058,1.08314192,1.11869514,1.14773977,1.17265475,1.20165610,1.23049772,1.26072586,1.28750181,1.30998838,1.33003569,1.34235907,1.35830152,1.36469543,1.38958776,1.29294014,1.25768876,1.15477467,1.12327302,1.13707113,1.18268573,1.24166441,1.25556791,1.33949733,1.41218865,1.48516059,1.53465009,1.58450806,1.62025297,1.63220489,1.63739491,1.62804306,1.60369384,1.58540785,1.43615305,1.19106293,0.91602159,0.77991658,0.73800033,0.70790309,0.68182510,0.68162131,0.71667039,0.77825528,0.85036248,0.91185158,0.96217632,1.00246048,1.01991987,1.01890576,0.99075723,0.92797518,0.82825309,0.68398374,0.52154762,0.35079879,0.25670090,0.50144774,-0.42810705,0.55703562,0.48565692,-0.57215458,-1.17420053,-1.22302783,-1.21541822,-1.23581302,-1.23619342,-1.22672713,-1.20956433,-1.17582095,-1.13238633,-1.08767736,-1.03497374,-0.98254734,-0.93149889,-0.87834507,-0.82710254,-0.77699029,-0.73149508,-0.68453413,-0.64121830,-0.60100096,-0.56021643,-0.52987039,-0.50097734,-0.47756273,-0.45989388,-0.45992953,-0.47227588,-0.50104535,-0.54018593,-0.57786399,-0.61948109,-0.65409100,-0.67449939,-0.68079650,-0.70779872,-0.74178451,-0.75912440,-0.76680911,-0.77275366,-0.81225348,-0.76884890,-0.52172023,1.66538870,-1.75245631,-1.75245631,-1.75245631,-1.75245631,2.95866728,2.84870577,2.35026073,2.28877711,-0.02052491,-1.25162911,-1.49358451,-1.48564613,-1.49860561,-1.49069655,-1.47412527,-1.46087694,-1.44929790,-1.40721953,-1.40146518,-1.39339447,-1.38264644,-1.37300277,-1.35808587,-1.34990156,-1.33456206,-1.31728351,-1.30739105,-1.29703844,-1.28342640,-1.26877713,-1.25653481,-1.24062502,-1.23272371,-1.22507131,-1.21085250,-1.19873381,-1.19985008,-1.18802619,-1.20202804,-1.22214639,-1.24702549,-1.27133143,-1.30191910,-1.32457769,-1.34827149,-1.36425841,-1.38993073,-1.40024722,-1.40573561,-1.40823364,-1.42982423,-1.43396926,-1.43854380,-1.44394732,-1.47461712,-1.46928024,-1.49663723,-1.48599017,-1.51558471,-1.45275354,-1.46815848,-1.50991774,-1.36051297,-1.25747824,0.13036896,-1.75245631
618,QUE_T2.09.E,0.00000000,0.41670001,0.58300000,-1.54303706,-1.52979040,-1.51373875,-1.49559188,-1.47736418,-1.46096957,-1.44631565,-1.43190074,-1.41634250,-1.39911163,-1.38056540,-1.36172223,-1.34224010,-1.32257080,-1.30244303,-1.28161335,-1.26011503,-1.23900676,-1.21847403,-1.19758701,-1.17576742,-1.15260673,-1.12779152,-1.10187912,-1.07463455,-1.04712665,-1.01757562,-0.98684448,-0.95427859,-0.91945261,-0.88173628,-0.84255362,-0.80800921,-0.76828700,-0.72529954,-0.68627888,-0.65153188,-0.61341393,-0.57698029,-0.54325712,-0.50983673,-0.47931540,-0.45155159,-0.41749537,-0.38334379,-0.35273013,-0.32417470,-0.29667094,-0.26906362,-0.24630585,-0.23038697,-0.21135658,-0.18979102,-0.20028119,-0.20966561,-0.18641366,-0.15390594,-0.11311145,-0.08523617,-0.05663157,-0.04090983,-0.02600599,0.00195027,0.02740796,0.05024109,0.07105967,0.09410548,0.11369342,0.13224281,0.15156372,0.16190815,0.15922645,0.12961662,0.12239877,0.13198841,0.13179992,0.15833668,0.18523011,0.20293893,0.21778165,0.23536088,0.25648960,0.28073731,0.30636096,0.33115837,0.35312989,0.37045366,0.38721231,0.40161318,0.40724397,0.40380219,0.39069846,0.36594522,0.32216391,0.27130207,0.19558938,0.14294425,-0.12191357,-0.29281700,-0.45343760,-0.54334140,-0.64491433,-0.67771447,-0.68634069,-0.69011664,-0.67358834,-0.65596557,-0.63399941,-0.58014405,-0.51049304,-0.44182256,-0.37664339,-0.31355941,-0.25450230,-0.20088337,-0.15043391,-0.10475960,-0.06485324,-0.02625140,0.00983107,0.04443479,0.07859036,0.10807047,0.13313866,0.15129261,0.16333325,0.16838710,0.16920885,0.16886026,0.16578557,0.16029665,0.14897749,0.13117740,0.11000766,0.08898246,0.06206041,0.02733282,-0.00896105,-0.04172341,-0.06896040,-0.10999434,-0.17046008,-0.25920787,-0.57095772,1.14936614,4.29297924,3.01305199,-0.00354763,-0.69722897,-1.47721922,-1.07103419,-1.06853187,-1.33604014,-1.34551454,-1.29484713,-1.24546671,-1.18280900,-1.12237906,-1.07729614,-1.03479493,-0.99478489,-0.95546734,-0.92208725,-0.87784368,-0.84999532,-0.82758915,-0.80492425,-0.78586036,-0.76244003,-0.73647451,-0.71614963,-0.68948984,-0.65997583,-0.63032067,-0.60487252,-0.59084284,-0.57274950,-0.56099308,-0.55552346,-0.54050624,-0.53340292,-0.52561468,-0.52702403,-0.52830446,-0.55434400,-0.58806074,-0.63036352,-0.65009564,-0.66085005,-0.67148441,-0.71166503,-0.74402004,-0.76917225,-0.80850190,-0.84321582,-0.87389582,-0.86951756,-0.91231638,-0.93239939,-0.94675326,-0.99578708,-1.06366122,-1.11563039,-1.14607620,-1.24208951,-1.27385139,-1.35182226,-1.43285096,-1.55346203,-1.62277174
1200,SF_041,0.01282050,0.89102602,0.09615380,-1.57425976,-1.56162834,-1.54688323,-1.52760017,-1.50539565,-1.47906923,-1.44842017,-1.41498220,-1.37940478,-1.34299099,-1.30749273,-1.27215981,-1.23582792,-1.20016098,-1.16803789,-1.13780105,-1.10901260,-1.08204293,-1.05640519,-1.02989221,-1.00187850,-0.97515941,-0.95036781,-0.92082274,-0.89355260,-0.86793584,-0.84221905,-0.81793737,-0.78795624,-0.74057662,-0.67951900,-0.61873305,-0.55763602,-0.50299680,-0.46210369,-0.42573071,-0.38199288,-0.34770948,-0.32156885,-0.28784835,-0.25417355,-0.22279167,-0.18524005,-0.15610103,-0.13004819,-0.10450928,-0.07667128,-0.05064718,-0.02522174,-0.00196628,0.02836387,0.05189442,0.07520317,0.09203917,0.13910879,0.15296078,0.15826586,0.15639307,0.16134991,0.17214729,0.17504157,0.17748475,0.19594884,0.21702370,0.23518021,0.25258532,0.27053756,0.29148445,0.31079647,0.32897776,0.34962666,0.37260833,0.41092783,0.42823106,0.40279955,0.37789553,0.33861285,0.32206506,0.31836036,0.31876469,0.32305789,0.33375454,0.35307100,0.37650326,0.40323636,0.43027961,0.45909375,0.48318508,0.49461025,0.51010424,0.52633417,0.53844273,0.53976583,0.53196591,0.51390684,0.48452291,0.37120065,0.45252225,0.41536757,0.67027092,0.55699146,0.38123026,0.00185258,-0.10360631,-0.17585689,-0.23265441,-0.25153217,-0.23748831,-0.22558427,-0.21132678,-0.20048253,-0.17015296,-0.13068812,-0.09715284,-0.06737052,-0.03914700,-0.01191024,0.01696583,0.04479238,0.07524431,0.12082887,0.16739811,0.20856492,0.24555503,0.27667481,0.29587722,0.29902986,0.29599547,0.28584200,0.26712012,0.25427395,0.23864301,0.21737218,0.20753655,0.21471758,0.21299367,0.20216274,0.19208510,0.15002853,0.18910074,0.11860270,-0.20225565,-1.18825710,0.23196049,-1.10808563,-1.21439445,-1.37041366,-1.75117707,-1.75245631,-1.75245631,-1.75245631,-1.75245631,-1.75112116,-1.28197956,-0.25800177,-0.46707398,-0.41854745,-0.58062190,-0.54514700,-0.48934221,-0.39295551,-0.35303152,-0.38326842,-0.41392905,-0.43510628,-0.46753335,-0.51498103,-0.54419786,-0.56623924,-0.57997435,-0.57784861,-0.56283641,-0.55335486,-0.52468520,-0.50296640,-0.47896948,-0.45570049,-0.42831951,-0.40713668,-0.37983704,-0.37454331,-0.36571756,-0.35428354,-0.39335284,-0.44315347,-0.50964367,-0.53926718,-0.60775757,-0.61128008,-0.63774788,-0.69054788,-0.73518538,-0.74285853,-0.73486954,-0.77986962,-0.81156904,-0.81800574,-0.64823675,-0.63589835,-0.74665779,-0.77652413,-0.44457588,-0.56314319,-0.75595105,-0.91876590,-0.99871182,-0.50244474,0.07816977,-0.80359030,-0.63014561
245,FSP_014,0.00000000,0.94871801,0.05128210,-1.51804233,-1.48306131,-1.43890190,-1.38921261,-1.33784080,-1.28575146,-1.23278844,-1.17980492,-1.12751484,-1.07610345,-1.02646518,-0.97869140,-0.93157893,-0.88545126,-0.84057879,-0.79556572,-0.75042754,-0.70644093,-0.66322172,-0.61954713,-0.57611215,-0.53381485,-0.49099880,-0.44555107,-0.40069115,-0.35771301,-0.31539422,-0.27379280,-0.22586964,-0.16275808,-0.09386159,-0.02979342,0.03121175,0.08494379,0.13214850,0.17895240,0.23052755,0.27350953,0.31386429,0.35786879,0.40072668,0.44333169,0.48596403,0.52504712,0.56212276,0.59924561,0.63676208,0.67307019,0.70961040,0.74627191,0.78316247,0.81740636,0.85010213,0.87461162,0.89891660,0.92711651,0.95779711,0.98819327,1.01216948,1.03804195,1.07652926,1.12026572,1.15414202,1.18653393,1.21815288,1.24930775,1.27866387,1.30956531,1.33845985,1.36581731,1.39349413,1.41605270,1.44261193,1.46094751,1.46290886,1.45643926,1.45475996,1.46095359,1.47045195,1.48216903,1.49704409,1.51704741,1.54322684,1.57484162,1.60832882,1.64108598,1.67296445,1.70208800,1.72275591,1.74451160,1.76448274,1.77494657,1.77662456,1.76459610,1.73518300,1.67439461,1.52627373,1.51940501,1.51456976,1.57534528,1.40021384,1.23971081,1.01337099,0.90906399,0.87362671,0.84573835,0.84269553,0.85521430,0.87951410,0.91182888,0.95317715,1.00411177,1.05792940,1.10488462,1.14127147,1.17533529,1.20829952,1.23942029,1.27142346,1.31260204,1.36698771,1.42466128,1.47692871,1.52138293,1.55148256,1.56697857,1.56259310,1.54805291,1.52835035,1.50145698,1.47574401,1.45376575,1.42665493,1.42121005,1.42982936,1.42441154,1.40768325,1.38895524,1.34720731,1.34521747,1.28647733,1.21980977,1.24362445,-0.00540874,-1.05654430,-0.43614540,-1.24713957,-1.12865222,-1.40985703,-0.42282382,-0.59690726,-1.05712974,0.72151190,-0.14333013,-0.08779015,0.11977679,0.33947343,0.46148118,0.51697767,0.58664882,0.65163928,0.71036834,0.67856354,0.61245733,0.53910720,0.46142089,0.40172395,0.34900847,0.30140820,0.28227824,0.28319675,0.28936112,0.31549987,0.33696514,0.37699199,0.41282588,0.44302201,0.47766674,0.50215334,0.53631169,0.56422901,0.56886369,0.56638092,0.52524620,0.42699653,0.31699708,0.22731274,0.16345210,0.14891906,0.13216989,0.08785956,0.05940255,0.01819297,-0.02160750,-0.02741065,-0.04841655,-0.04757715,0.01263232,-0.01375534,-0.09613312,-0.11311636,-0.17512558,-0.29776475,-0.35906568,-0.35788935,-0.67995030,-0.93108773,-0.99503893,-1.32438028,-1.39451253
314,FSP_088,0.25000000,0.00000000,0.75000000,-1.55033875,-1.53226328,-1.51059723,-1.48540032,-1.46045947,-1.44136226,-1.43066800,-1.42334139,-1.41281891,-1.39589441,-1.36970925,-1.33222187,-1.27721930,-1.20982397,-1.15322888,-1.10926521,-1.08190465,-1.07629788,-1.07694089,-1.06876302,-1.05985892,-1.05755579,-1.05665541,-1.05058479,-1.04468989,-1.04300761,-1.04155266,-1.03657067,-1.01993346,-0.97636300,-0.87345415,-0.70490187,-0.45957309,-0.16924590,0.07917570,0.23528305,0.32246238,0.35471079,0.36972353,0.38330054,0.39388102,0.40107211,0.41276419,0.41629988,0.41913328,0.42309201,0.42922762,0.43477145,0.43914762,0.44055393,0.45102549,0.45606285,0.45830983,0.45466265,0.47968304,0.45896870,0.43480325,0.41501141,0.41388673,0.41835874,0.41892201,0.42373663,0.44378534,0.46324226,0.47980785,0.49376604,0.50935233,0.52618879,0.54148555,0.55066371,0.55824745,0.56908220,0.58824956,0.56147981,0.50966930,0.45678365,0.41740000,0.40734422,0.40955707,0.41066352,0.41721210,0.42450461,0.43474925,0.44487563,0.45684510,0.46601042,0.47337472,0.47766885,0.47519913,0.47108775,0.46091884,0.44253609,0.41284037,0.37663415,0.34082946,0.33820245,0.43429211,0.38950604,0.26181048,0.21524018,0.11849682,0.00044372,-0.25825173,-0.34702140,-0.37921712,-0.41371238,-0.42653027,-0.40254188,-0.38737860,-0.37315688,-0.34907100,-0.31442803,-0.27717066,-0.23888537,-0.20159796,-0.16543311,-0.13029511,-0.09881914,-0.07093556,-0.04549401,-0.01998525,0.00215793,0.01972045,0.03492789,0.04831699,0.05963522,0.06588640,0.06797002,0.06756521,0.06416155,0.05754892,0.04818447,0.03801848,0.02468162,0.00803213,-0.01030575,-0.02558915,-0.03953649,-0.05104906,-0.02462132,0.01184141,0.18470015,0.85129851,-0.42416993,-1.73301148,-1.75245440,-1.75245631,-1.75245631,-1.75245631,-1.75245631,-1.75245631,-1.75203741,-1.50382614,-0.28597498,-0.47882342,-0.63021398,-0.66812319,-0.71249473,-0.70090806,-0.68862319,-0.66088474,-0.62506217,-0.59603244,-0.60591257,-0.59916186,-0.57931191,-0.56275648,-0.54836953,-0.53415084,-0.52072740,-0.49987829,-0.47983450,-0.45941848,-0.44379058,-0.44337818,-0.44682136,-0.44373530,-0.44315067,-0.44956172,-0.45697975,-0.45522216,-0.45418423,-0.43469363,-0.42057920,-0.43008831,-0.45120919,-0.45894578,-0.45795634,-0.46245193,-0.50061065,-0.52029932,-0.54175150,-0.56770563,-0.54330575,-0.57200933,-0.60765159,-0.60774404,-0.59886277,-0.66202545,-0.60953838,-0.60760659,-0.68128592,-0.70074332,-0.69147974,-0.70662051,-0.74663091,-0.49009982,-0.51008612,0.35720456,-0.60819858
1157,OPE3_041,0.35256401,0.07051280,0.57692301,-1.56065655,-1.54858959,-1.53592384,-1.52088535,-1.50525951,-1.49131751,-1.48210192,-1.47464156,-1.46495748,-1.45060313,-1.42941165,-1.40094817,-1.36516821,-1.32712698,-1.29449022,-1.26611364,-1.24354815,-1.22917914,-1.22032225,-1.21038878,-1.20146644,-1.19718719,-1.19326615,-1.18444300,-1.17637229,-1.17196167,-1.17261517,-1.17680311,-1.15886092,-1.08663321,-0.98022240,-0.88792092,-0.80521309,-0.74582142,-0.71007222,-0.68215990,-0.64660144,-0.63391429,-0.62217563,-0.60413700,-0.58739275,-0.56914043,-0.54702681,-0.53718114,-0.53025872,-0.52079010,-0.50913113,-0.49714974,-0.48331258,-0.46786231,-0.44204527,-0.42482904,-0.41363209,-0.38529205,-0.33945495,-0.34017283,-0.34740868,-0.36138594,-0.36292636,-0.36120141,-0.36548012,-0.37113905,-0.35814458,-0.34760863,-0.33545870,-0.32415977,-0.31331363,-0.30242956,-0.29063174,-0.27605650,-0.25659606,-0.21987952,-0.16707405,-0.15623869,-0.17729567,-0.19807288,-0.23540880,-0.24551868,-0.24448751,-0.24165227,-0.23634227,-0.23086821,-0.22571714,-0.22025569,-0.21147870,-0.20198396,-0.18835588,-0.18292551,-0.18192297,-0.17764485,-0.17359483,-0.16991679,-0.16910484,-0.16148244,-0.14862609,-0.09785049,-0.09605961,-0.21837611,-0.12059247,-0.22376020,-0.25238070,-0.44849560,-0.57239097,-0.64274985,-0.66745681,-0.71927077,-0.73217744,-0.71301031,-0.69875890,-0.68110830,-0.66250372,-0.63015097,-0.59611392,-0.56136096,-0.52750850,-0.49532881,-0.46603474,-0.43765277,-0.41383636,-0.39273477,-0.37352172,-0.35899931,-0.34574378,-0.33349511,-0.32117912,-0.31443876,-0.30792010,-0.30546883,-0.30612114,-0.30699724,-0.30709109,-0.31173325,-0.31612682,-0.32464215,-0.33617869,-0.35074398,-0.36314771,-0.36597103,-0.35140097,-0.34017622,-0.29867846,0.06437494,0.15379423,-0.65380186,0.67724514,-0.93595004,-1.11816061,-1.66547036,-1.75146341,-1.75245631,-1.75183666,-1.34030604,1.50362027,0.19150758,-0.96591175,-1.17623830,-1.20730174,-1.21741974,-1.18313003,-1.14492071,-1.08744204,-1.05589223,-1.04226899,-1.03690755,-1.01269531,-0.97501206,-0.92357659,-0.90323269,-0.90111870,-0.87600362,-0.85290414,-0.82483077,-0.81057250,-0.77717555,-0.75826883,-0.75215441,-0.74444550,-0.73824716,-0.73907393,-0.72637677,-0.73458171,-0.73588693,-0.73109275,-0.71625096,-0.71201652,-0.71381140,-0.75405502,-0.76211870,-0.77604944,-0.78364474,-0.81382632,-0.81830156,-0.83454525,-0.87814987,-0.88342506,-0.90761745,-0.94180363,-0.97474772,-0.98670638,-0.93801969,-0.98117167,-0.93332541,-0.97497582,-1.12349236,-1.36372650,-1.33580053,-1.22792614,-0.56266099,-0.05849969,0.84568995
1391,QUE_T3.06.F,0.00000000,0.00000000,1.00000000,-1.23731434,-1.20548999,-1.17013586,-1.12892556,-1.08648241,-1.05291593,-1.02927351,-1.00774622,-0.98192400,-0.94872504,-0.90967774,-0.86931992,-0.82951075,-0.78984052,-0.75024015,-0.70998597,-0.66979003,-0.63230109,-0.60025275,-0.56980896,-0.54354638,-0.51918924,-0.49416280,-0.46777865,-0.44098899,-0.41275251,-0.38734028,-0.36276382,-0.33000568,-0.28198129,-0.23055257,-0.18571694,-0.13759734,-0.09862761,-0.06855349,-0.03589596,0.00666627,0.03505106,0.06080943,0.09214832,0.12165695,0.15298486,0.18637744,0.20857450,0.22780706,0.24891733,0.27100500,0.29351875,0.31688207,0.34346628,0.37685665,0.40257120,0.42276388,0.46483460,0.50486958,0.51840037,0.52271879,0.52031589,0.53007275,0.53850985,0.53530622,0.53397590,0.54870725,0.56315792,0.58053845,0.59573233,0.61106694,0.62795037,0.64615506,0.66365248,0.68725652,0.71969306,0.77889472,0.81665307,0.81032211,0.81071711,0.79114115,0.77929604,0.78392792,0.79287279,0.80148399,0.81198734,0.82130432,0.82781017,0.83623415,0.84797877,0.86170095,0.87368631,0.87898844,0.88730514,0.90006137,0.91501939,0.93289590,0.95528299,0.97690743,1.01635695,1.15679026,1.20182478,1.70607781,1.75235057,1.26350367,1.08611083,0.99452007,0.94645607,0.92775476,0.88628590,0.86727488,0.88126141,0.88421303,0.87346566,0.86601281,0.87311792,0.88390756,0.89600676,0.90860963,0.92176968,0.93427557,0.94792712,0.95976245,0.96915007,0.98114920,0.98886174,0.99463248,1.00166416,1.00793636,1.01216733,1.01483452,1.01657176,1.01736248,1.01770604,1.02076864,1.02229118,1.02088130,1.01994967,1.02006567,1.01995814,1.02126253,1.03132653,1.04810524,1.07436430,1.11827350,1.23088527,1.43806231,3.17060328,3.94192290,3.53751421,2.08213878,0.87940449,0.51788920,0.19188656,-0.56255537,1.90985012,0.66315699,0.65657377,0.46196195,0.49767151,0.49014363,0.47500515,0.49545935,0.53195703,0.58743459,0.66424519,0.69263440,0.69196641,0.69753647,0.71262610,0.73396492,0.74125981,0.75652939,0.76122040,0.77072340,0.78756618,0.79957449,0.80946738,0.81066799,0.79930758,0.78140420,0.77767545,0.77562010,0.76729757,0.74582714,0.72927630,0.75922185,0.78045321,0.76925963,0.75423920,0.73720521,0.71037090,0.70257521,0.68100476,0.67200184,0.66120893,0.65336812,0.62209499,0.62606335,0.61728549,0.59248364,0.57118499,0.53508866,0.50221014,0.46808121,0.42201060,0.43257332,0.43202013,0.41398910,0.14027868,0.36389807,0.36983430,-0.35193571,0.18766126
543,QUE_T1.13.G,0.00000000,0.34090000,0.65899998,-1.16954792,-1.13818991,-1.10491526,-1.06681848,-1.02826989,-0.99613720,-0.97145450,-0.94921190,-0.92385072,-0.89224917,-0.85528934,-0.81621778,-0.77612293,-0.73540872,-0.69491565,-0.65441900,-0.61465210,-0.57924354,-0.54812425,-0.51886547,-0.49188894,-0.46655500,-0.44112912,-0.41283265,-0.38510531,-0.35857859,-0.33411774,-0.31098405,-0.27748066,-0.22097147,-0.15130733,-0.09153597,-0.03509722,0.01164111,0.05025756,0.08912585,0.13192752,0.16483830,0.19581258,0.22992152,0.26216057,0.29627806,0.33215916,0.35856786,0.38200223,0.40732598,0.43333665,0.45964298,0.48699331,0.51717681,0.55242056,0.58149368,0.60540742,0.64021903,0.67477006,0.69136858,0.70479506,0.71399242,0.72601074,0.74252003,0.78363925,0.83186430,0.85578877,0.88070607,0.90477151,0.92724645,0.95023817,0.97191358,0.99642980,1.01963747,1.04637432,1.08295119,1.13963079,1.17087448,1.17619085,1.18016922,1.17580497,1.17818403,1.19030964,1.20571899,1.22013068,1.23683929,1.25286913,1.27068865,1.29105687,1.31296504,1.33558798,1.35572219,1.37226462,1.39357471,1.41420400,1.43417048,1.45260692,1.47514546,1.49489272,1.53449857,1.58876085,1.82574582,1.91336894,1.92784214,1.71552718,1.55189812,1.45943737,1.41013777,1.39250219,1.36585927,1.35507274,1.36926508,1.37345517,1.37073565,1.37329578,1.38949263,1.41058087,1.42990577,1.44700825,1.46428335,1.48129272,1.49797761,1.51492548,1.53477883,1.56030941,1.58572292,1.60674930,1.62665892,1.64247692,1.65087438,1.65174997,1.64871132,1.64570200,1.64618039,1.64606261,1.64498627,1.64182413,1.64482534,1.65562403,1.66189289,1.66563785,1.67636764,1.69531953,1.71987975,1.76614821,1.83448958,1.91804123,2.77990770,2.52952051,0.32956067,1.94791019,0.36518282,1.80700147,2.22648883,2.33993316,1.26887035,1.42846119,1.36269784,1.30273449,1.33613813,1.34414864,1.35215700,1.36758673,1.39893329,1.43711185,1.47126853,1.43990564,1.39103448,1.33553207,1.28719437,1.25653529,1.22560811,1.20504642,1.19489992,1.18661940,1.19558334,1.21229982,1.22825754,1.23103201,1.22728336,1.23473299,1.24164975,1.25160801,1.26042581,1.25583947,1.26537740,1.29161119,1.28878844,1.25551796,1.20093501,1.13703001,1.09262836,1.06930757,1.06366980,1.03754807,1.00944662,0.99574387,0.98771256,0.97518212,0.96377426,0.96834117,0.97584963,0.96345007,0.95274925,1.03052270,0.98271632,0.92239630,0.84907144,0.81980526,0.76221323,0.64941007,0.52079248,0.22548810,0.11863682
752,SSC_ARCA06_20110510,0.52844602,0.47155401,0.00000000,-1.55085731,-1.53902042,-1.52377892,-1.50691056,-1.48922193,-1.47131312,-1.45469987,-1.44307458,-1.43339217,-1.42471755,-1.41231072,-1.39008737,-1.34936845,-1.29807961,-1.26210439,-1.23799169,-1.22700298,-1.23327410,-1.24701405,-1.25056601,-1.24657941,-1.24889433,-1.25583863,-1.25241673,-1.25421858,-1.26758373,-1.27668774,-1.28992891,-1.28397417,-1.22336364,-1.07300198,-0.91153616,-0.76801777,-0.65201312,-0.57508123,-0.53238404,-0.51372689,-0.48675925,-0.46857539,-0.45256886,-0.43442193,-0.41756022,-0.40378746,-0.38685414,-0.36832973,-0.35165700,-0.33550510,-0.32021677,-0.30539802,-0.29038304,-0.28600210,-0.27124012,-0.25501448,-0.25622317,-0.26165891,-0.26045057,-0.25838670,-0.24289437,-0.23022127,-0.21205144,-0.19472426,-0.17425919,-0.15258391,-0.13434583,-0.11280996,-0.09312702,-0.07564466,-0.05934833,-0.04811167,-0.03732282,-0.03223708,-0.03125639,-0.05019949,-0.06542527,-0.08514876,-0.12067661,-0.12723631,-0.12248981,-0.11851645,-0.11536311,-0.10423770,-0.08603783,-0.06170410,-0.03443509,-0.00860392,0.01350491,0.03283294,0.04870520,0.06081095,0.06578310,0.06194448,0.04640119,0.01733546,-0.02721795,-0.07512078,-0.13773312,-0.28487557,-0.17465931,-0.44170439,-0.61881030,-0.67616570,-0.75464737,-0.78904086,-0.80733955,-0.81558603,-0.80862820,-0.80159414,-0.78996325,-0.75679141,-0.71726096,-0.67930353,-0.63719374,-0.59622085,-0.55754244,-0.52165347,-0.48754877,-0.45382312,-0.42335624,-0.39170849,-0.35986665,-0.32769641,-0.29511786,-0.26668772,-0.24105698,-0.22032581,-0.20702681,-0.20483416,-0.20911977,-0.21566743,-0.22991906,-0.24658597,-0.26446226,-0.28814238,-0.30350700,-0.30357653,-0.31184590,-0.32694009,-0.33881292,-0.34587792,-0.35036278,-0.39548016,-0.39957923,-0.46832100,-0.24510150,0.65319258,0.65921342,-0.32422158,0.20282733,-0.93194288,-0.80058146,-0.22617126,-1.07728422,-1.12687647,-1.11368406,-1.07316935,-1.03482413,-0.99108642,-0.95269424,-0.92155528,-0.89849770,-0.87113976,-0.84364599,-0.83410114,-0.83130717,-0.83447391,-0.83852983,-0.84118652,-0.84249258,-0.83895761,-0.83061546,-0.82224262,-0.81434196,-0.79556131,-0.78169626,-0.77100211,-0.76064497,-0.74615842,-0.73437661,-0.72098941,-0.71420079,-0.70503104,-0.69040424,-0.69978702,-0.71465266,-0.74447334,-0.78939033,-0.82185096,-0.85517794,-0.87459362,-0.88818330,-0.92082709,-0.93320835,-0.92666209,-0.94442779,-0.95422417,-0.96463931,-0.97640276,-0.97314715,-1.00241089,-1.00429606,-1.02563727,-1.05384290,-1.05934596,-1.10915399,-1.13215995,-1.22539866,-1.19321227,-1.18380475,-0.84426284,-0.23564731
443,QUE_T1.03.G,0.00000000,0.40149999,0.59799999,-1.33410525,-1.30927110,-1.28161085,-1.24959517,-1.21701801,-1.18990839,-1.16779923,-1.14702225,-1.12412632,-1.09650803,-1.06601167,-1.03540468,-1.00486231,-0.97426939,-0.94345009,-0.91188467,-0.87998897,-0.84925359,-0.82133907,-0.79354024,-0.76738453,-0.74066359,-0.71225047,-0.68268400,-0.65238166,-0.62023830,-0.58838934,-0.55580276,-0.51974320,-0.47760713,-0.43548885,-0.39508352,-0.35031569,-0.31181586,-0.27920073,-0.24392706,-0.20152669,-0.16955557,-0.13836475,-0.10374140,-0.07069787,-0.03634482,0.00008437,0.02698598,0.05121757,0.07703530,0.10341138,0.12992431,0.15752567,0.18718961,0.22235087,0.25069734,0.27288505,0.31274968,0.34587803,0.36745223,0.37604752,0.38296726,0.39502063,0.40806267,0.40244287,0.39516836,0.41584554,0.43853131,0.45949036,0.47844502,0.49588728,0.51590681,0.53836864,0.56356829,0.59371042,0.63221157,0.69322431,0.73025066,0.73099577,0.73576480,0.72159553,0.71932822,0.72983581,0.74153697,0.75478256,0.76974648,0.78378230,0.79904228,0.81663042,0.83594525,0.85743880,0.87777174,0.89047861,0.90609413,0.92656118,0.95181811,0.97893751,1.01100850,1.03587496,1.07549000,1.13489115,1.33979046,1.40924048,1.34269261,1.25351381,1.10571182,0.97415352,0.90588099,0.88077360,0.84466016,0.82581586,0.84100294,0.84083021,0.83328414,0.83191663,0.84605432,0.86494309,0.88316715,0.90015060,0.91508693,0.93164295,0.94807625,0.96363568,0.98092276,1.00282598,1.02608538,1.04543805,1.06084132,1.07251191,1.07836092,1.07593095,1.07057738,1.06645381,1.06526172,1.06604135,1.06602705,1.05979824,1.06302071,1.07253337,1.07407427,1.07552636,1.08518112,1.10217905,1.12469220,1.17971933,1.26933444,1.37870741,1.42610574,1.70185077,3.72342420,1.00515270,0.04757996,1.25148416,2.35539937,1.42689383,1.62799418,0.80018449,0.52526563,0.51051420,0.53029197,0.55295837,0.56580782,0.59264237,0.63152558,0.67758405,0.70710891,0.69510949,0.67416447,0.64466435,0.61850786,0.59270871,0.57133508,0.55387664,0.54913354,0.55311543,0.55939454,0.56856942,0.58716792,0.59626174,0.60529405,0.60756814,0.61089468,0.61813343,0.61824936,0.61478472,0.61695433,0.63121265,0.63300151,0.59861386,0.55899346,0.51080233,0.46653631,0.46072206,0.46095976,0.43692076,0.41831714,0.38761547,0.35952961,0.35324582,0.36251912,0.34958366,0.32186076,0.30194014,0.30505702,0.25849539,0.27689543,0.25575948,0.14928062,0.01349369,-0.29603511,-0.10322172,-0.27848589,-0.41839436,-1.22125804
1314,COP_20160501_2-20-E,0.37444699,0.62555301,0.00000000,-1.60555613,-1.59518552,-1.57777202,-1.55589998,-1.53624046,-1.52070653,-1.51010287,-1.50235069,-1.49572134,-1.48703766,-1.46763003,-1.42436540,-1.34721410,-1.26023996,-1.19989049,-1.16425252,-1.15715408,-1.17891300,-1.20674157,-1.21983469,-1.22135186,-1.23073125,-1.24551189,-1.24585664,-1.25602162,-1.28677309,-1.31656790,-1.34638691,-1.33622491,-1.21038735,-0.90834171,-0.55636156,-0.21804038,0.07617006,0.27425066,0.38436466,0.44364229,0.48166171,0.51347631,0.54370940,0.57438743,0.60189831,0.62732774,0.65332067,0.67944908,0.70590174,0.73073888,0.75411767,0.77567828,0.79222518,0.80477285,0.81974101,0.83038366,0.81639481,0.78806680,0.75135928,0.71146148,0.70378119,0.71806943,0.74620086,0.79488820,0.85686553,0.90751022,0.95770061,1.00332832,1.04083908,1.06937909,1.08931184,1.09987223,1.10176444,1.09607458,1.08933532,1.07661855,0.99312407,0.84742814,0.68550032,0.60038406,0.57622421,0.56319737,0.55273610,0.55575532,0.57519704,0.60690880,0.64398706,0.68017572,0.71237439,0.73636335,0.75006098,0.75220138,0.73556054,0.69645667,0.62966865,0.53547990,0.41659415,0.28830004,0.50859720,0.94842124,0.74455667,0.75554472,0.81980878,1.08871877,2.59553790,-1.01659286,-2.01883674,-1.75654578,-1.43084836,-1.30501938,-1.31915843,-1.22868991,-1.11110139,-1.02867842,-0.96428692,-0.90423608,-0.84831369,-0.79550046,-0.74538589,-0.69875389,-0.65717596,-0.61408275,-0.57041615,-0.52975082,-0.48863029,-0.44895321,-0.41725430,-0.39282823,-0.37540174,-0.36833069,-0.37121618,-0.38281032,-0.40493551,-0.43346065,-0.46778625,-0.50738758,-0.54724449,-0.58537048,-0.63041645,-0.68832511,-0.76139802,-0.86914724,-1.10855806,-1.16232979,-0.51909554,-0.44388792,-0.01746120,1.37720621,2.00405383,2.36486912,1.23352301,0.11844610,-0.51549113,0.06083525,-0.09030964,-1.12558866,-1.33525193,-1.38444221,-1.38520873,-1.37629950,-1.36202550,-1.34118688,-1.31745446,-1.29247642,-1.26779330,-1.25305927,-1.24154007,-1.23239672,-1.22461843,-1.21771538,-1.20849395,-1.19705391,-1.18268895,-1.16742337,-1.15058851,-1.13229620,-1.11374819,-1.09622526,-1.08079350,-1.06737006,-1.05635667,-1.04655313,-1.03637719,-1.02768052,-1.02187657,-1.02265847,-1.03179061,-1.05234885,-1.08041179,-1.10897195,-1.13511491,-1.15525591,-1.17391098,-1.19528151,-1.21677339,-1.22554660,-1.23778677,-1.25121117,-1.26650608,-1.27703869,-1.28379774,-1.29000378,-1.30075276,-1.30955696,-1.32117820,-1.33641231,-1.35557294,-1.34842491,-1.35930765,-1.37768793,-1.28547919,-1.05018687,-0.70086873
148,Res064,0.64900702,0.16225199,0.18874200,-1.61484623,-1.59764874,-1.58100462,-1.56800151,-1.55863786,-1.54876816,-1.54144990,-1.53718281,-1.53229845,-1.52426374,-1.50364637,-1.45302188,-1.35082221,-1.22480249,-1.13910067,-1.09233642,-1.08698130,-1.13522732,-1.19595659,-1.23146307,-1.24849296,-1.27112424,-1.29928851,-1.31108594,-1.32953513,-1.36481416,-1.39777422,-1.42913771,-1.42080867,-1.29243720,-0.93811202,-0.47486058,-0.01681485,0.36173591,0.59759909,0.72024673,0.78823745,0.81279880,0.83074802,0.85133243,0.87278366,0.89395797,0.91520125,0.93375647,0.95075935,0.96829414,0.98478216,1.00116289,1.01980293,1.04173565,1.06126273,1.07866061,1.08932590,1.09556413,1.09493709,1.07262731,1.03468060,1.02476203,1.03139126,1.04870212,1.07835841,1.11173213,1.14062691,1.17290854,1.20255542,1.22688723,1.24697661,1.26035357,1.26584136,1.26744509,1.26835752,1.26723266,1.25801587,1.21291387,1.14528799,1.04341006,0.98089540,0.96766126,0.96408069,0.95841134,0.96084297,0.97245413,0.98932850,1.01081967,1.03071368,1.04948533,1.06629980,1.07505989,1.06878734,1.05508506,1.02756894,0.97664028,0.90291297,0.81629831,0.72831756,0.66520458,0.58838022,0.63437086,0.74133575,0.61786234,0.53727436,-0.18904242,-0.60834211,-0.75309312,-0.80777258,-0.86296111,-0.87414604,-0.84094965,-0.79870927,-0.74322617,-0.67866671,-0.60552675,-0.52898717,-0.45122322,-0.37499413,-0.30214849,-0.23506522,-0.17061795,-0.11202431,-0.05887306,-0.00842314,0.03476604,0.07440946,0.10817038,0.13631421,0.15724288,0.17190260,0.17804837,0.17394215,0.16149516,0.14437369,0.12469659,0.09833838,0.06489087,0.02999185,-0.00740751,-0.05509135,-0.09011717,-0.10518707,-0.10343838,-0.07505032,0.24707538,-0.16746204,-1.38582432,-1.08304465,0.07837848,-1.34895003,-1.17042387,-0.96084994,-1.01772213,-1.73838699,-1.72829628,-1.07527661,-0.34626451,-1.26276326,-1.31381166,-1.36587095,-1.38534617,-1.35747969,-1.32916057,-1.28996074,-1.27338123,-1.20954847,-1.19437754,-1.17207050,-1.14639902,-1.11421359,-1.09536994,-1.05613077,-1.01582313,-0.98054528,-0.93775851,-0.91062593,-0.88387209,-0.86239868,-0.84572166,-0.81983364,-0.80683047,-0.79634076,-0.77782857,-0.76098585,-0.75564748,-0.75311279,-0.74546593,-0.77061474,-0.82916445,-0.85286158,-0.87723458,-0.89179987,-0.93239653,-0.97857267,-0.97076762,-0.99629545,-1.02407026,-1.03478205,-0.98504496,-0.96658677,-1.08412278,-1.21683216,-1.13497579,-1.01427758,-1.09996450,-1.30898440,-1.28629935,-1.06788909,-1.23570633,-0.80103064,0.13068122,-0.22220597,-1.40050972
1097,Resid078,0.00000000,0.12426000,0.87573999,-1.24727249,-1.21346939,-1.17484438,-1.12596190,-1.06944370,-1.02170873,-0.98905855,-0.96212083,-0.93043894,-0.88660425,-0.83124346,-0.77015829,-0.70440078,-0.63058555,-0.54446572,-0.44348195,-0.33078560,-0.21791814,-0.11856589,-0.03886279,0.02247262,0.06690449,0.10512175,0.13997123,0.17516695,0.20965405,0.24454887,0.27968279,0.31981292,0.36975321,0.42253882,0.47492170,0.52261686,0.56739712,0.60936314,0.64663392,0.68895006,0.70817679,0.73090112,0.75125432,0.76944286,0.78550315,0.79880202,0.81158906,0.82439131,0.83710682,0.84911746,0.86099184,0.87447673,0.88996023,0.90557969,0.92103070,0.94026136,0.95469379,0.97173268,0.99194592,1.01268315,1.03590012,1.05687952,1.07946718,1.09927142,1.12566769,1.14621091,1.16561389,1.18553782,1.20990217,1.23221612,1.25104594,1.26958907,1.28263128,1.30117178,1.31433654,1.32452512,1.34056151,1.35781121,1.36802101,1.38327515,1.40690804,1.42581773,1.44180489,1.45328760,1.46968281,1.48297536,1.49517250,1.51038456,1.52499878,1.54090738,1.56057918,1.56528139,1.57194424,1.57787907,1.58327615,1.58602238,1.58667159,1.58293164,1.56301618,1.40155983,1.41016364,1.37397647,1.46887708,1.44124794,1.39437854,1.39906883,1.42244828,1.42711139,1.43316472,1.44886446,1.45409036,1.47025001,1.49818087,1.52102423,1.53955865,1.55657160,1.57131457,1.58274770,1.59247744,1.59962928,1.61393642,1.62705553,1.63665283,1.65264857,1.66766715,1.68030417,1.69058669,1.70477438,1.71177757,1.71284664,1.71593034,1.71415734,1.71289432,1.71184421,1.71215880,1.70418561,1.70221698,1.70690286,1.70976663,1.70550430,1.70055342,1.67736375,1.62335014,1.63297105,1.64850283,1.42340958,1.06959879,0.06525150,-0.56742716,-1.26611507,-0.89896649,0.03460617,0.55161285,-0.42369723,0.34370399,0.65355486,0.88963860,1.05897319,1.21429300,1.29268897,1.32364678,1.37219846,1.40446579,1.45236993,1.53219509,1.55793321,1.56433833,1.57125902,1.58791316,1.60330713,1.59586263,1.59824681,1.61066389,1.61191547,1.61488879,1.62921095,1.65840769,1.66414857,1.59690666,1.56362832,1.49490833,1.48416245,1.45237255,1.40051389,1.37804520,1.41543388,1.44750130,1.45698309,1.43285012,1.42641568,1.44351017,1.41352391,1.39881945,1.37357068,1.32979047,1.25164330,1.26216185,1.21563137,1.18738306,1.31517577,1.00833476,1.10338855,1.12928963,0.94326627,0.65582800,0.52102149,0.50745994,0.03228849,-0.06784217,-0.27207625,-0.09677269,-1.60014069,-1.53316319
1714,CHI_ADFA12_20111216,0.60878003,0.39122000,0.00000000,-1.62465096,-1.62206650,-1.61496472,-1.60714698,-1.60103226,-1.59486842,-1.58996117,-1.58491540,-1.58032799,-1.57632291,-1.56888378,-1.55491495,-1.52903652,-1.49666595,-1.46826327,-1.44620049,-1.43700385,-1.44396091,-1.45665812,-1.46130538,-1.45970643,-1.46340632,-1.47009170,-1.46752346,-1.46796036,-1.47645974,-1.48624861,-1.49458420,-1.48912859,-1.44253790,-1.30382097,-1.12768388,-0.95530939,-0.81126779,-0.71923417,-0.66850495,-0.64229703,-0.61953706,-0.60188174,-0.58641452,-0.57162511,-0.55780703,-0.54558361,-0.53294635,-0.51854336,-0.50603414,-0.49398538,-0.48345947,-0.47362456,-0.46503443,-0.46379560,-0.45696303,-0.44621122,-0.45031393,-0.46033141,-0.46190575,-0.46959358,-0.46642798,-0.45971403,-0.45364434,-0.43501595,-0.41268447,-0.39396647,-0.37097207,-0.35153991,-0.33141080,-0.31476948,-0.29814583,-0.28294832,-0.26752397,-0.26084426,-0.25608236,-0.25850931,-0.26779988,-0.29886100,-0.34682238,-0.37581974,-0.38544726,-0.38926706,-0.39219239,-0.38663384,-0.37031776,-0.33764854,-0.30090815,-0.26620895,-0.23879726,-0.21321605,-0.19554275,-0.17903642,-0.16784078,-0.16745327,-0.17996311,-0.20453255,-0.24882278,-0.29470697,-0.33013621,-0.30095139,-0.49805632,-0.55912799,-0.75436997,-0.85404760,-0.96971202,-1.02203703,-1.05366838,-1.07123721,-1.07708490,-1.07379568,-1.05957782,-1.03616738,-1.01083469,-0.97865772,-0.94434792,-0.91189474,-0.88147277,-0.84997493,-0.82254255,-0.79568845,-0.76909417,-0.74374551,-0.71572274,-0.68713266,-0.66106379,-0.63471842,-0.61318803,-0.59488451,-0.58974421,-0.59485590,-0.60303026,-0.61067510,-0.63185769,-0.65623957,-0.68057072,-0.70297825,-0.71088243,-0.70067143,-0.70334578,-0.70970601,-0.70935446,-0.73132670,-0.72740638,-0.72045159,-0.72258675,-0.74314779,-0.80808270,-0.15303008,-0.04585955,-0.99045873,-0.48777395,-1.03012025,-1.08442342,-1.14629710,-1.26436877,-1.33099270,-1.31371772,-1.29797351,-1.26866889,-1.24964178,-1.22718620,-1.20512199,-1.17783558,-1.16694820,-1.14755356,-1.14812160,-1.14376700,-1.14475477,-1.14904881,-1.15499508,-1.15981019,-1.15676105,-1.15619481,-1.15542114,-1.14690125,-1.14365339,-1.13516819,-1.12883949,-1.12270415,-1.10726428,-1.09561610,-1.08541930,-1.07476163,-1.06316853,-1.05921042,-1.05906892,-1.07391489,-1.09759367,-1.13739359,-1.17686558,-1.19305515,-1.21642995,-1.22868180,-1.25215185,-1.26901960,-1.25428200,-1.25450599,-1.26648903,-1.27207160,-1.26513684,-1.27664351,-1.28744757,-1.27757502,-1.29443479,-1.29378879,-1.32721436,-1.37179077,-1.33871496,-1.30330229,-1.26501131,-1.15045106,-0.24433349,-0.08054121
75,Resop141,0.00000000,0.99408299,0.00591716,-1.38432717,-1.33713329,-1.28779793,-1.23793471,-1.19034135,-1.14587796,-1.10316122,-1.06152058,-1.02117133,-0.98115730,-0.94180661,-0.90259260,-0.86158127,-0.82016748,-0.78132391,-0.74141324,-0.69723964,-0.65295279,-0.61176211,-0.57198644,-0.53475523,-0.49815917,-0.46299264,-0.42478895,-0.38657543,-0.34846264,-0.31101280,-0.27448776,-0.23683646,-0.19618046,-0.15654476,-0.11748002,-0.07674525,-0.04278800,-0.01158829,0.02204398,0.06382920,0.08975105,0.12019772,0.15249509,0.18393192,0.21712373,0.24999173,0.27641538,0.30052543,0.32659617,0.35235396,0.37742740,0.40253896,0.42952773,0.46079102,0.48784429,0.50961995,0.54277289,0.57804161,0.59577650,0.60839456,0.61517107,0.63009477,0.64064693,0.67043877,0.70252216,0.72532523,0.74546254,0.76759040,0.78720534,0.80896068,0.83238357,0.85270435,0.87356335,0.90063441,0.93518031,0.98556930,1.01324964,1.01946080,1.02703536,1.02074277,1.02028930,1.03477013,1.04869890,1.06756306,1.08521760,1.10852504,1.13484490,1.16179824,1.18808329,1.22191930,1.24620998,1.26667714,1.29023349,1.31426430,1.33863747,1.36990452,1.39890289,1.42141056,1.45744407,1.49535239,1.57251060,1.61590993,1.57641137,1.48069382,1.37438524,1.28044605,1.20740271,1.17234111,1.14932740,1.15062189,1.17607069,1.18694782,1.19646537,1.21885240,1.25557709,1.29096854,1.32467258,1.35746789,1.38797927,1.41653252,1.44509876,1.47462308,1.50927210,1.55489528,1.59832931,1.63538837,1.67400241,1.70527995,1.72793996,1.73254287,1.72374606,1.69835174,1.66971385,1.64888716,1.62444913,1.59812593,1.59428644,1.62541234,1.65090525,1.66370475,1.69889235,1.75794053,1.81284237,1.92725122,1.95530200,2.31006384,2.59558272,-1.00700128,0.80648607,1.66096199,2.26469493,2.69457936,1.82216716,1.41492999,1.35333729,0.94657904,0.88500559,0.83134824,0.96882212,1.02960849,1.06928754,1.14941692,1.22565997,1.35180271,1.31533873,1.25794601,1.16041553,1.07218492,1.00929916,0.95248586,0.91706419,0.90000546,0.88446081,0.89346111,0.89059806,0.92327017,0.95275789,0.97188294,0.98165828,0.95956171,0.97115535,0.97910416,1.01621628,1.05521917,1.07993340,1.08919382,1.03318572,0.96038371,0.82748133,0.70034647,0.64067340,0.59018779,0.60789394,0.59100467,0.54732782,0.57597250,0.53027773,0.57941496,0.69510901,0.66542429,0.59007144,0.49553695,0.57603961,0.74114174,0.73768461,0.33437809,0.17786747,0.16632487,-0.08026975,0.73214424,2.68540955,-0.47477973,1.08794272
259,FSP_028,0.82051301,0.00000000,0.17948700,-1.56499720,-1.54963100,-1.53235555,-1.51440477,-1.49659991,-1.48144841,-1.47205472,-1.46562719,-1.45702767,-1.44256175,-1.41710770,-1.36638272,-1.26278698,-1.12737381,-1.03239763,-0.97896868,-0.97413641,-1.02604604,-1.08350468,-1.11040437,-1.11976206,-1.13822937,-1.16222894,-1.16583705,-1.17481756,-1.19421768,-1.20830321,-1.21419191,-1.19607699,-1.10085475,-0.78831536,-0.28021368,0.34210137,0.95707166,1.39971554,1.64847672,1.78175867,1.81802487,1.83206463,1.85148752,1.86887252,1.88398385,1.90049803,1.90936649,1.91833317,1.92909837,1.94156265,1.95230687,1.96191955,1.97157669,1.98349845,1.99288857,1.99452329,1.99396682,1.98358655,1.93859482,1.87972713,1.85302162,1.85072482,1.86421049,1.88947141,1.92505503,1.95995426,1.99428046,2.02335119,2.04931283,2.06511140,2.07343578,2.07279468,2.06918120,2.06837010,2.06545734,2.07757711,2.04770422,1.93450725,1.80219555,1.71297145,1.67832124,1.66417563,1.65422714,1.65429604,1.66623700,1.68359566,1.70111620,1.71868277,1.73635650,1.75209403,1.75737369,1.74225366,1.71460462,1.67168343,1.61243761,1.53610361,1.45200837,1.36208332,1.32681763,1.38146853,1.28650868,1.12678981,1.08015358,0.97835910,0.49282861,-0.00103538,-0.18226443,-0.23715982,-0.30089015,-0.32387206,-0.28570983,-0.24183410,-0.19127469,-0.13399313,-0.05970498,0.01843756,0.09811787,0.17785905,0.25192437,0.32349610,0.39150879,0.45370299,0.50837660,0.56010926,0.60502666,0.64210796,0.67551422,0.70472568,0.72878546,0.74210584,0.74738836,0.74049830,0.72615707,0.71124458,0.69231045,0.66626382,0.63551450,0.59888333,0.55397248,0.50992799,0.46784607,0.39449269,0.36964640,0.39075923,0.42839020,2.01328516,1.02344847,-1.02942586,-0.47959879,-1.29693532,-1.58216965,-1.23489118,-1.13121915,-0.86695963,-0.69903344,-0.96288300,-1.52381682,-1.11043429,-1.00932038,-0.94523299,-0.88290596,-0.85435539,-0.82685781,-0.80790359,-0.75603288,-0.70180625,-0.68553340,-0.66610175,-0.63218832,-0.58370501,-0.54981709,-0.51666099,-0.49246413,-0.45231387,-0.41676557,-0.38739637,-0.35787266,-0.33276519,-0.31438363,-0.30533680,-0.30476746,-0.29467252,-0.28967395,-0.29489478,-0.28309673,-0.26072812,-0.24879239,-0.25696290,-0.28898564,-0.32548296,-0.35542876,-0.38384044,-0.42624652,-0.46143618,-0.48769927,-0.52651173,-0.55515069,-0.57355362,-0.62550765,-0.64996523,-0.65076482,-0.77475947,-0.84080279,-0.86973751,-0.92310745,-1.05189419,-0.98073089,-1.19628680,-1.31567740,-1.25924242,-1.09127259,-1.10385251,-0.91260058
1032,Resid009,0.17159800,0.30769199,0.52070999,-1.36055243,-1.32611001,-1.28528869,-1.24167871,-1.20001960,-1.16375124,-1.13397157,-1.10728443,-1.07843947,-1.04468942,-1.00292063,-0.95029283,-0.88044101,-0.79770488,-0.71818113,-0.64892823,-0.59938318,-0.57454276,-0.55850428,-0.53609353,-0.50914842,-0.48828346,-0.46784946,-0.44358352,-0.42037469,-0.40440789,-0.39511228,-0.38435158,-0.34821209,-0.24702419,-0.06536088,0.13385957,0.31887686,0.47847167,0.59129310,0.66496783,0.73738801,0.76222724,0.79114771,0.82484007,0.85755801,0.88831061,0.91856915,0.94918805,0.97906911,1.00725639,1.03519905,1.06312037,1.09137166,1.11711311,1.14203393,1.16754627,1.19460237,1.21895814,1.23776782,1.25801921,1.27631855,1.29795814,1.32297993,1.35135794,1.38302743,1.41311109,1.44567394,1.47257102,1.50151193,1.52766490,1.55216038,1.57326031,1.59313977,1.61231935,1.62707663,1.64998114,1.65430403,1.65595829,1.64276290,1.63066542,1.63728964,1.63675261,1.63922048,1.64578259,1.65540838,1.67259324,1.69279957,1.71207857,1.73957479,1.76793551,1.79814780,1.81726480,1.81931734,1.82302678,1.81972611,1.80952990,1.79380548,1.76642025,1.72684729,1.63104475,1.57328558,1.50812054,1.22274804,1.30037761,1.11885738,0.89805835,0.80710447,0.75794667,0.72757643,0.71465945,0.70939934,0.73205942,0.77555978,0.82757246,0.88141072,0.94548947,1.00698197,1.06260097,1.11231601,1.16054428,1.20695400,1.25027585,1.29349828,1.32860112,1.37785172,1.42659998,1.46398771,1.49698615,1.52496541,1.53971267,1.54759693,1.54785776,1.53848004,1.52948105,1.52348042,1.51099598,1.49513626,1.48357558,1.47085834,1.45343196,1.42366481,1.40573025,1.40973878,1.36879206,1.38851583,1.33521891,1.16878223,0.27479455,-1.30596900,-1.06618607,-1.02242661,-1.61131477,-1.05279422,0.47692445,-0.46308088,-0.87773907,-0.48683229,0.02687508,0.06092511,0.06597521,0.13247092,0.17628589,0.25956163,0.33418503,0.45389909,0.60529268,0.57908332,0.51310611,0.50728184,0.54157597,0.51081288,0.52053398,0.54603463,0.58377218,0.58612061,0.61396158,0.65052748,0.69844186,0.72479165,0.75183535,0.72845590,0.71935111,0.75844920,0.78179425,0.76318365,0.75833976,0.77411026,0.72791928,0.75464118,0.63291085,0.53830320,0.55964512,0.52719986,0.53880709,0.45947772,0.50964850,0.50337988,0.39645103,0.42542899,0.32636315,0.19881904,0.21208450,0.01759734,0.07215406,0.15066426,0.07504915,-0.26311287,0.17108177,-0.06831440,-0.72306949,-0.28641191,0.21849076,0.11902328,-0.62352651
732,SSI_BAPI02_20110507,0.69274700,0.30725300,0.00000000,-1.64895821,-1.63078153,-1.61400068,-1.59695554,-1.57828307,-1.56145489,-1.54727566,-1.53906071,-1.53016913,-1.52323198,-1.50995815,-1.48144495,-1.42055607,-1.33873713,-1.28556454,-1.25632024,-1.25207186,-1.28141475,-1.31926012,-1.33485866,-1.33797050,-1.34962773,-1.36731589,-1.36914337,-1.37808239,-1.39944232,-1.41586769,-1.43419588,-1.42869139,-1.35586309,-1.11906147,-0.77322251,-0.35929859,0.03233045,0.30013326,0.44206867,0.50305569,0.54750872,0.57745570,0.60390997,0.63234335,0.65846270,0.68334216,0.70570403,0.73019713,0.75288337,0.77818143,0.80282623,0.82422072,0.84622681,0.85676897,0.87954307,0.90319902,0.91287243,0.88705438,0.87193292,0.82978064,0.82861906,0.83833903,0.86867511,0.90752614,0.95569992,0.99872214,1.05167222,1.09424078,1.13795650,1.16739738,1.18953347,1.20512676,1.21209776,1.21054459,1.20129776,1.17841518,1.10222375,0.98081779,0.80969828,0.73268765,0.70403010,0.68489546,0.66857624,0.67439681,0.69795156,0.74292129,0.79194492,0.83589756,0.87415045,0.90364170,0.92402369,0.92868382,0.91396672,0.87518096,0.80524129,0.70130843,0.57549548,0.45049566,0.37151501,0.44372270,-0.02629674,-0.08370660,-0.46338308,-0.78392541,-0.94816744,-1.02937472,-1.06316853,-1.08556843,-1.08938551,-1.08661985,-1.06803691,-1.03116286,-0.98623580,-0.93918401,-0.88333571,-0.82571065,-0.76660281,-0.70879531,-0.65209371,-0.59671992,-0.54471588,-0.49418464,-0.44484875,-0.39858872,-0.35351542,-0.31608954,-0.28218871,-0.25417683,-0.23385105,-0.22948411,-0.23406595,-0.25190520,-0.28324679,-0.31569666,-0.34959185,-0.38007930,-0.40352091,-0.41554976,-0.44412038,-0.47743511,-0.49629080,-0.50429207,-0.50919610,-0.55368209,-0.47472620,-0.44460088,0.55030519,-1.75245631,-1.75245631,-1.75245631,-1.75245631,0.61874157,-0.77872032,-1.75245631,-0.85255462,-1.31558609,-1.41170442,-1.41915238,-1.38517714,-1.38361192,-1.36571741,-1.34620929,-1.32533681,-1.30040967,-1.28743351,-1.27736735,-1.26374817,-1.25397515,-1.24502409,-1.23586214,-1.22243905,-1.20755208,-1.18991935,-1.17529190,-1.15583348,-1.13563907,-1.12461030,-1.10554802,-1.09035492,-1.08082664,-1.06575656,-1.04768014,-1.03761613,-1.02480996,-1.02549350,-1.02614474,-1.05072796,-1.08541179,-1.11504138,-1.14778149,-1.17380154,-1.20588326,-1.22286117,-1.24909067,-1.26783633,-1.26464093,-1.27967191,-1.30192530,-1.32106781,-1.31414163,-1.33728528,-1.33601153,-1.35851765,-1.36011600,-1.37921488,-1.41284859,-1.44654989,-1.44931901,-1.45310175,-1.43550146,-1.53969479,-0.64495897,0.97664523
710,SSI_ARCA04_20110410,0.24387100,0.75612903,0.00000000,-1.56418037,-1.54912269,-1.53043652,-1.50824606,-1.48752093,-1.46845996,-1.45293999,-1.44309676,-1.43596303,-1.43018889,-1.41993988,-1.39988291,-1.35666132,-1.29795647,-1.25569499,-1.22932065,-1.22221339,-1.24014342,-1.26718831,-1.27671432,-1.27808106,-1.28589451,-1.29784822,-1.30008149,-1.30585277,-1.32255948,-1.33452523,-1.34724998,-1.34273398,-1.28440666,-1.10473788,-0.87995160,-0.65382141,-0.46107778,-0.33530644,-0.27197880,-0.24561135,-0.21889123,-0.20069335,-0.18544769,-0.16728300,-0.15147433,-0.13862056,-0.12230178,-0.10208374,-0.08649358,-0.06991374,-0.05409641,-0.04004495,-0.02644211,-0.02471492,-0.01061496,0.00763305,-0.00290934,-0.00279120,-0.01266141,-0.02127515,-0.00699792,0.00246586,0.02237796,0.04252226,0.07136538,0.10019061,0.12913866,0.15700611,0.17756188,0.20148660,0.22146086,0.23613660,0.24749959,0.25115028,0.25038227,0.23043244,0.20697878,0.16335721,0.09374287,0.07101959,0.07040081,0.06829979,0.06856261,0.07887736,0.09824454,0.12800886,0.16131626,0.19363607,0.22098105,0.24611011,0.26406726,0.27610758,0.27803788,0.26647761,0.23656313,0.18944478,0.12172963,0.05337317,-0.01151175,-0.06158409,-0.23215343,-0.29666334,-0.57222784,-0.75233203,-0.84006637,-0.89259034,-0.91990590,-0.94090891,-0.94018960,-0.93397987,-0.92205900,-0.89119989,-0.85214865,-0.81180573,-0.76586300,-0.72015160,-0.67451215,-0.63135672,-0.58751827,-0.54671830,-0.50673294,-0.46691796,-0.42867148,-0.39080131,-0.35363111,-0.32026857,-0.29043144,-0.26410794,-0.24769695,-0.24088110,-0.24102800,-0.24606910,-0.25862241,-0.27764452,-0.29757541,-0.31971359,-0.33905774,-0.34525833,-0.36411121,-0.38679582,-0.40197486,-0.40968785,-0.41378903,-0.43396035,-0.41619414,-0.49648002,-0.48583934,-1.75245631,-0.57179618,0.42877257,-0.10405961,-0.98091549,-1.09694850,0.41733995,-1.17407262,-1.26746523,-1.20563197,-1.18222153,-1.17293072,-1.13568985,-1.10620654,-1.08497775,-1.06178796,-1.03502250,-1.01234937,-0.99340874,-0.98860627,-0.99129558,-0.98655832,-0.98288614,-0.98049223,-0.97074777,-0.95821106,-0.94944358,-0.93565160,-0.91885573,-0.90433908,-0.88538009,-0.87345868,-0.85842180,-0.84426141,-0.83002836,-0.81602359,-0.80398178,-0.80387431,-0.80710602,-0.81478953,-0.84890282,-0.88213295,-0.91958022,-0.94933748,-0.96334910,-0.98876709,-1.01608098,-1.03289270,-1.03790247,-1.03403330,-1.05534983,-1.07003510,-1.07866776,-1.09402204,-1.08355308,-1.10229707,-1.11990690,-1.14472592,-1.17026305,-1.19198024,-1.23374867,-1.25960612,-1.27312446,-1.30753481,-1.12817383,-0.82202685
1680,SSI_BAPI09_20111108,0.40688601,0.59311402,0.00000000,-1.62321901,-1.61873531,-1.60764217,-1.59176600,-1.57079864,-1.55037522,-1.53368604,-1.52008629,-1.50995338,-1.49785197,-1.48277617,-1.45290089,-1.39969349,-1.33622360,-1.29084015,-1.25955033,-1.24478388,-1.25303733,-1.26040184,-1.27689695,-1.27134609,-1.26888955,-1.27677250,-1.27076781,-1.27319646,-1.29695761,-1.31583679,-1.34535789,-1.34272504,-1.23631704,-0.98973083,-0.73294741,-0.49927062,-0.31684411,-0.20004584,-0.13438182,-0.12019339,-0.05857027,-0.02935823,-0.00029554,0.02840781,0.05583271,0.08213682,0.10649999,0.13142772,0.15587141,0.18059580,0.20417461,0.22725736,0.25072819,0.27187258,0.29472241,0.31537879,0.34987816,0.32450438,0.33769995,0.32892612,0.33146337,0.34656239,0.36972585,0.40442178,0.46804661,0.49948376,0.52996504,0.57231343,0.60068953,0.62289548,0.65049428,0.66258788,0.67927033,0.69031918,0.68916553,0.68954414,0.66400701,0.59518450,0.49321145,0.43143791,0.39679667,0.38050407,0.36638439,0.37175807,0.39005271,0.43384781,0.48296517,0.52763742,0.56401962,0.59103715,0.61965919,0.63208419,0.63092983,0.61578387,0.58090633,0.52504361,0.44159117,0.35276297,0.28452662,0.19279924,0.17135254,-0.00976247,-0.40485159,-0.53101313,-0.75724596,-0.85158944,-0.90312445,-0.93217170,-0.93993515,-0.93992233,-0.92307180,-0.89012176,-0.85053968,-0.80707794,-0.75831574,-0.70600039,-0.65612704,-0.60771459,-0.56432074,-0.51769781,-0.47912621,-0.43627673,-0.39878142,-0.36056638,-0.32095662,-0.29138839,-0.26930237,-0.24919732,-0.23296677,-0.23489146,-0.24993984,-0.27577382,-0.31968299,-0.36498439,-0.39963087,-0.43458262,-0.44711348,-0.43981910,-0.45059019,-0.46927071,-0.47825432,-0.46711418,-0.46350378,-0.40591118,-0.41422972,-0.50683224,-0.08941695,2.05477357,1.70904255,-0.22418919,-0.72341985,-0.61014032,-1.08836818,-0.07800640,-1.09745145,-1.24796736,-1.28433764,-1.28121972,-1.26776052,-1.21487892,-1.19969547,-1.18167531,-1.15753210,-1.15551901,-1.10882747,-1.08624709,-1.08611977,-1.08407247,-1.08666265,-1.06555402,-1.07293844,-1.04543245,-1.03853583,-1.03293896,-1.01783812,-1.00344777,-0.99826217,-0.99210948,-0.96812171,-0.94889539,-0.93030035,-0.92292023,-0.91104412,-0.90328377,-0.88118261,-0.89383626,-0.92248750,-0.97330791,-1.01912618,-1.07040513,-1.10424483,-1.13172829,-1.15977716,-1.18691826,-1.18935752,-1.17865801,-1.20160818,-1.22050726,-1.24800050,-1.22953558,-1.26572657,-1.27111089,-1.29181695,-1.32436991,-1.31360543,-1.36140716,-1.34792256,-1.37231183,-1.44758153,-1.38274050,-1.34716856,-0.86354959,0.41228178
819,SSC_SALE05_20110606,0.40128699,0.59871298,0.00000000,-1.36029387,-1.34210753,-1.32100356,-1.30187917,-1.28501236,-1.27252686,-1.26269853,-1.25457418,-1.24664378,-1.23901534,-1.22965479,-1.20934308,-1.16698575,-1.10784471,-1.06397581,-1.03281021,-1.01813042,-1.02182496,-1.02920151,-1.03662956,-1.02765369,-1.02440321,-1.02948844,-1.02192378,-1.01887143,-1.03330028,-1.04879940,-1.06913698,-1.06316376,-0.97961837,-0.78019708,-0.57893783,-0.40832549,-0.27333719,-0.18219198,-0.13016610,-0.11725974,-0.07200904,-0.04761291,-0.02588072,-0.00304770,0.02037989,0.03822007,0.06123059,0.08743536,0.11112905,0.13391764,0.15615480,0.17705156,0.19758196,0.20323984,0.22075410,0.23910974,0.25215808,0.22079337,0.22866762,0.22496410,0.24675284,0.26329717,0.29458708,0.32486710,0.31970540,0.34449536,0.38490504,0.40862569,0.43621841,0.45819205,0.47659886,0.49398714,0.49924842,0.50512528,0.50498646,0.48637047,0.44958884,0.40375850,0.32950082,0.30485719,0.30094895,0.29368421,0.28993395,0.29839578,0.32112455,0.35437211,0.39194280,0.42771453,0.45658055,0.48154181,0.49747798,0.51143664,0.51304066,0.49948192,0.46754083,0.41548282,0.34779665,0.27847537,0.23211825,0.39917246,0.07574587,0.24185221,-0.40356556,-0.53725660,-0.65867877,-0.70853096,-0.74280608,-0.76161164,-0.76551145,-0.75617522,-0.74349040,-0.71170980,-0.67057312,-0.62418014,-0.57637942,-0.52774632,-0.47953171,-0.43310866,-0.38915920,-0.34646982,-0.30655167,-0.26848912,-0.22964585,-0.19142883,-0.15183227,-0.11737789,-0.08587388,-0.06246755,-0.04548454,-0.03575771,-0.03904907,-0.05112887,-0.07881577,-0.10669865,-0.13312803,-0.15597016,-0.17152654,-0.18099616,-0.19828896,-0.22124070,-0.23624890,-0.24374464,-0.24503501,-0.25921208,-0.26476166,-0.28369036,0.77437669,-1.75245631,5.08569574,-1.75245631,-1.75245631,-1.75245631,0.56825441,4.04295635,2.17904425,-1.03304064,-1.15697956,-1.08876812,-1.07083821,-1.02055669,-0.98932028,-0.96236718,-0.93319964,-0.91534764,-0.88798487,-0.86310810,-0.85122508,-0.84501541,-0.83501846,-0.83874893,-0.82980949,-0.82012427,-0.80687505,-0.79293144,-0.77875060,-0.75920188,-0.74029768,-0.71945763,-0.70700830,-0.68965906,-0.67467958,-0.65540755,-0.64249313,-0.63198954,-0.62558526,-0.62860119,-0.64425606,-0.67910552,-0.73104191,-0.78383654,-0.81992662,-0.84089321,-0.86375076,-0.89873999,-0.89942366,-0.91040134,-0.92139697,-0.93929029,-0.95034093,-0.95612782,-0.96935195,-1.04022491,-1.00295079,-1.02609301,-1.07524467,-1.06886959,-1.09115660,-1.17900014,-1.22660375,-1.19556904,-1.22856116,0.26616138,1.55026972
705,SSC_BAPI11_20110406,0.90196598,0.09803360,0.00000000,-1.68762147,-1.67306161,-1.65548646,-1.63423824,-1.61540997,-1.60188341,-1.59303153,-1.58935356,-1.58517885,-1.58157182,-1.57061875,-1.54004169,-1.46543753,-1.35912859,-1.29054332,-1.25492251,-1.25851035,-1.30781269,-1.36730516,-1.39575040,-1.40709627,-1.42930830,-1.45731473,-1.46639597,-1.48229432,-1.51181161,-1.53578043,-1.55860233,-1.55406988,-1.47532558,-1.17546892,-0.69958967,-0.09172458,0.52418631,0.96579969,1.20140409,1.31168258,1.35519326,1.38966668,1.41920400,1.44757354,1.47437751,1.49771738,1.51614130,1.53702486,1.55789185,1.57828856,1.59818602,1.61342525,1.62715650,1.63426840,1.64666891,1.65438557,1.65884936,1.60534787,1.54943979,1.45007205,1.41441298,1.41145575,1.43658340,1.47623229,1.56072521,1.62228167,1.67990875,1.73671007,1.77787042,1.81674743,1.83845389,1.85179460,1.85046446,1.83185267,1.82249391,1.80304086,1.64319837,1.43300092,1.16984725,1.04275775,0.99170262,0.95526195,0.92312366,0.92165703,0.94709533,0.99487793,1.04676771,1.09397507,1.13089740,1.16218996,1.17443824,1.16790009,1.13688040,1.07522392,0.97237492,0.82880485,0.66671395,0.50591177,0.42348957,0.15925649,0.87213391,0.10672740,-0.58330077,-0.94406003,-1.17033672,-1.24772334,-1.28249478,-1.30647814,-1.31398177,-1.31198251,-1.29251325,-1.25498962,-1.20970988,-1.16094089,-1.10237336,-1.04270446,-0.97961384,-0.91661739,-0.85348338,-0.79326183,-0.73725712,-0.68181938,-0.62873203,-0.58110571,-0.53731340,-0.50022173,-0.46944436,-0.43922323,-0.41761759,-0.40998104,-0.41476434,-0.43368176,-0.46732080,-0.50024170,-0.53083390,-0.55972022,-0.58433235,-0.60613030,-0.64148510,-0.68211389,-0.70674545,-0.72052747,-0.72274685,-0.71941447,-0.68659824,-0.74504477,-1.75245631,3.69340301,-1.75245631,-1.75245631,-1.75245631,0.52876395,0.26233423,2.08396912,-0.22222303,-1.26812053,-1.49755967,-1.61988842,-1.62640584,-1.59766424,-1.59208667,-1.57832813,-1.56447959,-1.55227864,-1.53145397,-1.51643419,-1.50090337,-1.48994434,-1.47497928,-1.45716524,-1.43533492,-1.41504121,-1.39616179,-1.37453699,-1.35600400,-1.33960307,-1.32490730,-1.30803227,-1.29523396,-1.28777456,-1.27713501,-1.25945687,-1.25479746,-1.24786472,-1.24160945,-1.24671388,-1.26417136,-1.27917457,-1.30413508,-1.33126438,-1.35043991,-1.37490821,-1.39327061,-1.41363704,-1.42622817,-1.42535710,-1.44097829,-1.46273267,-1.47499073,-1.48856354,-1.49418998,-1.51125956,-1.54355240,-1.53334725,-1.56084335,-1.58505297,-1.59912777,-1.59716058,-1.54865885,-1.56966579,-1.47824955,-0.94413656,0.08263054
1067,Resid046,0.00000000,0.14792900,0.85207099,-1.30796778,-1.27679896,-1.24201369,-1.20140195,-1.15870905,-1.12112081,-1.09258592,-1.06629777,-1.03631365,-0.99899536,-0.95276922,-0.90042549,-0.84380084,-0.78610653,-0.72758895,-0.66806471,-0.60981196,-0.55717552,-0.51218027,-0.47325236,-0.43824536,-0.41138744,-0.39529318,-0.36317611,-0.33280516,-0.31402287,-0.30739236,-0.30789918,-0.27584708,-0.17451406,-0.06330181,0.00838972,0.05954874,0.10164481,0.13811256,0.17308627,0.21360345,0.23872644,0.26624671,0.29444289,0.32116544,0.34751430,0.37306455,0.39663401,0.41836667,0.44082364,0.46293727,0.48453623,0.50620604,0.52923465,0.55378294,0.57647383,0.59740275,0.62044704,0.64205253,0.66431367,0.68261999,0.70136315,0.72104394,0.74233043,0.79032737,0.85019231,0.86795062,0.89277118,0.91094846,0.92865509,0.95162040,0.97187310,0.98939764,1.01072991,1.02816761,1.04009867,1.06529748,1.09820497,1.11278415,1.12217522,1.12936509,1.14005971,1.15118432,1.16372478,1.17837965,1.19480896,1.21238399,1.22739017,1.24049461,1.25687051,1.27703977,1.29216540,1.30305254,1.31355309,1.32518816,1.33169746,1.33916736,1.34284866,1.34389269,1.30134940,1.18776166,1.12365532,1.19082808,1.22179329,1.13094676,1.04741812,1.00203490,0.98140186,0.95360208,0.94318777,0.95021057,0.96907014,0.99666029,1.03611565,1.07534111,1.11503112,1.15016341,1.18449652,1.21376860,1.23896539,1.26158178,1.28523397,1.30754256,1.32798505,1.35120726,1.37521958,1.39388788,1.41298819,1.42725003,1.43975139,1.44484091,1.44728148,1.44837427,1.44631004,1.44683361,1.44116032,1.43289089,1.42389727,1.43254399,1.43048191,1.41990519,1.41468310,1.43374956,1.41504955,1.35202920,1.41349280,1.12488031,0.22394180,-1.55466771,-1.61254358,-0.18966447,-0.31408176,1.12252605,0.51100010,-0.11441690,0.72579968,0.43064094,0.26654702,0.29693198,0.30758658,0.38767576,0.46576339,0.54406160,0.59823692,0.66446346,0.75675493,0.80207062,0.86528152,0.89241147,0.93221605,0.93448335,0.94990182,0.97209233,1.01670754,1.03166425,1.08133662,1.10747170,1.15674210,1.14700603,1.13029301,1.11923575,1.10831535,1.08172774,1.04695952,1.04259109,1.05738974,1.07008326,1.08553541,1.07177198,1.04984927,1.01663816,1.00254047,0.95716280,0.94423062,0.96320820,0.89220417,0.84271890,0.86213166,0.80326283,0.68807453,0.76237428,0.62026894,0.53035462,0.59834045,0.52879477,0.81614989,0.96766895,0.44446102,0.08644263,-0.10989536,-0.75511682,-0.56838280,-0.36777979,-1.41439426
1162,OPE3_046,0.93589699,0.01282050,0.05128210,-1.57640243,-1.55641520,-1.53803778,-1.52420485,-1.51329339,-1.50154293,-1.49295914,-1.48795307,-1.48222291,-1.47276711,-1.45116675,-1.40497327,-1.32320297,-1.23151624,-1.17309391,-1.14082134,-1.13933444,-1.17294133,-1.21176565,-1.23022664,-1.23681796,-1.25328779,-1.27181113,-1.27582300,-1.28547418,-1.30718172,-1.33158028,-1.35273063,-1.33509731,-1.21061420,-0.90309370,-0.50029594,-0.06147611,0.33196869,0.59445226,0.73878098,0.84653997,0.85561907,0.86402130,0.88756949,0.91090924,0.93371743,0.96170026,0.97798979,0.99215108,1.00862110,1.02653384,1.04351127,1.06051135,1.07713234,1.10104299,1.11779737,1.12753439,1.13970113,1.16760874,1.14675951,1.11372948,1.09068918,1.09356844,1.10690415,1.12721002,1.14964664,1.17748690,1.20606077,1.22944200,1.25155306,1.26837432,1.28276849,1.29011118,1.29717958,1.30232549,1.32883394,1.36198592,1.31972027,1.23584080,1.13014698,1.05207634,1.03115845,1.02611482,1.02145040,1.02721775,1.03957844,1.05702794,1.07842147,1.09846318,1.12102675,1.14230919,1.14908922,1.13662326,1.11977541,1.09670866,1.05584180,0.99612129,0.92869085,0.87162817,0.90199351,0.84211755,0.71368533,0.87697172,0.81090641,0.66235763,-0.05978386,-0.47742787,-0.61690360,-0.67042124,-0.71865410,-0.73046261,-0.69071239,-0.64415056,-0.59435910,-0.53436619,-0.45768487,-0.37926769,-0.29811367,-0.22118415,-0.14657813,-0.07798958,-0.01322830,0.04514857,0.09598178,0.14776039,0.19192256,0.22534366,0.25894716,0.28943029,0.30855653,0.31834751,0.32318690,0.31859735,0.30724722,0.29145712,0.26972002,0.24549918,0.21397810,0.18288438,0.14228785,0.10018208,0.06800741,0.02250218,0.02591998,0.06595278,-0.02341509,0.19111085,0.31432775,0.48925105,0.05578772,-0.54414845,-0.92932892,-1.50331450,-0.47766605,-1.27854609,-1.26775157,0.09536991,-1.32645917,-1.27254081,-1.32683277,-1.39381599,-1.34129870,-1.31562316,-1.28081656,-1.22574341,-1.16929269,-1.14981091,-1.12177444,-1.08483922,-1.05612719,-1.02384555,-0.96684265,-0.93741667,-0.90930533,-0.87444532,-0.83638811,-0.80143678,-0.76424837,-0.74716532,-0.72656959,-0.70840567,-0.68825090,-0.66862798,-0.65939867,-0.64552587,-0.65409237,-0.64379179,-0.65402651,-0.67566204,-0.70097238,-0.75623178,-0.77631307,-0.78398609,-0.81885707,-0.88993520,-0.89004856,-0.92362207,-0.98971868,-1.05006945,-1.00320935,-0.99954575,-1.12291324,-1.12325335,-1.20537674,-1.31581295,-1.40567839,-1.26926696,-1.23202157,-1.28322732,-1.47496712,-1.52805948,-1.42765999,-1.18983901,-0.41785905
1353,QUE_T3.02.H,0.00000000,0.85000002,0.15000001,-1.31053233,-1.28600967,-1.25775039,-1.22530913,-1.19290578,-1.16393697,-1.13843679,-1.11360872,-1.08800364,-1.06004679,-1.03025484,-1.00051856,-0.97036445,-0.93980718,-0.90957087,-0.87851506,-0.84719574,-0.81648207,-0.78780657,-0.75825554,-0.72859251,-0.69776094,-0.66455078,-0.62898678,-0.59256828,-0.55423951,-0.51585114,-0.47790805,-0.43553445,-0.38430297,-0.32982770,-0.27495685,-0.21826486,-0.16600737,-0.12010213,-0.07337619,-0.01819590,0.02502051,0.06476221,0.10971411,0.15457298,0.20005308,0.24676196,0.28634378,0.32245302,0.35777205,0.39279214,0.42875153,0.46792156,0.50990629,0.55447334,0.59252059,0.62642020,0.66153193,0.69893736,0.72503662,0.75027573,0.77043641,0.79270011,0.81630462,0.84141684,0.86625493,0.89643306,0.92659879,0.95977813,0.98851722,1.01587009,1.04258204,1.07155085,1.09902930,1.13198185,1.16452777,1.20772696,1.24515712,1.24129891,1.23676968,1.22903121,1.23221612,1.24518633,1.26093650,1.27880812,1.30013263,1.32233095,1.34778082,1.37580311,1.40410030,1.43345904,1.46066046,1.47818029,1.49589467,1.51268971,1.52483547,1.52918363,1.52535880,1.51349211,1.49038279,1.39008129,1.17467034,1.34870803,1.13981152,1.01966643,0.97473782,0.87961370,0.81872803,0.78573662,0.76435876,0.75600678,0.76982480,0.79371279,0.82363969,0.85454679,0.89609301,0.94180602,0.98502827,1.02237272,1.05920017,1.09472132,1.12834513,1.15975130,1.19191110,1.23278606,1.27481198,1.31074870,1.34219491,1.36472535,1.37694466,1.37679815,1.36862195,1.36282516,1.35873163,1.35550559,1.34704423,1.33226681,1.32389259,1.32070518,1.30675352,1.28605783,1.27224731,1.27112830,1.27544320,1.29166126,1.31493878,1.34115124,1.28709602,2.19653773,0.40252236,3.45686316,3.40705848,4.39486980,3.42900610,5.45401287,5.66247225,1.88706827,0.79055315,0.16846119,0.21242784,0.21627486,0.27956313,0.33108196,0.38691688,0.45365438,0.54497218,0.54318655,0.52251309,0.50169313,0.47894379,0.45651814,0.43319923,0.41847020,0.40907210,0.41584834,0.42847997,0.45421228,0.47585168,0.49816209,0.52317989,0.54716098,0.55956632,0.58770597,0.60473031,0.62997180,0.63607144,0.63835394,0.62677503,0.56209284,0.49059120,0.43074915,0.38244653,0.35811162,0.36944118,0.32949010,0.28196016,0.24485809,0.21219762,0.20053349,0.19975883,0.23915368,0.20346305,0.20504837,0.21339123,0.14673775,0.18541943,0.15891805,0.11571579,0.00593368,-0.18832316,-0.10737690,0.10145573,-0.00119431,1.46611381
132,Res046,0.37086099,0.02317880,0.60596001,-1.50267124,-1.48177874,-1.45828295,-1.43125260,-1.40240633,-1.37741697,-1.36381829,-1.35626090,-1.34378099,-1.32112813,-1.28131247,-1.21540761,-1.11048985,-0.98696929,-0.89054888,-0.81918728,-0.77499795,-0.77102715,-0.78416222,-0.78687507,-0.78224069,-0.78797120,-0.79811591,-0.79782170,-0.80570406,-0.82369655,-0.84243679,-0.86222857,-0.84568411,-0.72392249,-0.44337246,-0.09859337,0.23943532,0.51254195,0.67958820,0.77173847,0.84160340,0.85443199,0.86161774,0.87844646,0.89266855,0.90740854,0.92259121,0.92897528,0.93331075,0.93905348,0.94698644,0.95479333,0.96267295,0.97339928,0.99019438,1.00101376,1.00772715,1.02780640,1.04341686,1.02611017,1.00145924,0.98407352,0.98767960,0.99866301,1.01591742,1.03483140,1.05675173,1.07618618,1.09776878,1.11842942,1.13333488,1.14929211,1.15249610,1.15804648,1.17045283,1.18746555,1.21731925,1.20995009,1.16669858,1.10109842,1.05560815,1.03780961,1.03221762,1.02867424,1.03020227,1.04018772,1.04809892,1.05927896,1.06739855,1.08075655,1.09671474,1.10361040,1.09231400,1.07798648,1.05794525,1.02368414,0.97795475,0.92834586,0.87605250,0.83046287,0.83010322,0.93171000,0.95260084,0.73050588,0.83690000,0.18967441,-0.30609310,-0.44184056,-0.46817142,-0.51063955,-0.53815138,-0.49990401,-0.44150972,-0.38561973,-0.33102223,-0.26134479,-0.18479376,-0.11225872,-0.04012453,0.02620792,0.08900432,0.15038683,0.20400891,0.24602084,0.28845918,0.32396424,0.35044470,0.37472466,0.39945969,0.41717166,0.42987177,0.43678123,0.43857455,0.43296108,0.42464274,0.40929344,0.39278185,0.36602351,0.33805522,0.29828897,0.25161421,0.21591330,0.17322871,0.17750473,0.24917488,0.52610350,0.14660080,0.14379874,-0.87783736,-1.73182952,-1.75216603,-1.44896030,-0.21619925,-1.71366370,-1.75019717,-1.49808121,-0.84559810,-1.01328850,-0.91085774,-1.08320868,-1.08064723,-1.15115666,-1.13978112,-1.10524595,-1.03869891,-0.96682870,-0.92841738,-0.91046619,-0.88382602,-0.83699572,-0.80406368,-0.74920207,-0.70642632,-0.65997499,-0.63409466,-0.59221041,-0.54579127,-0.50576138,-0.48377874,-0.46235412,-0.45614418,-0.44630951,-0.43099314,-0.40898901,-0.40965372,-0.43058378,-0.40919623,-0.39755544,-0.40791485,-0.42488512,-0.43262404,-0.48493412,-0.50816506,-0.52499449,-0.57828730,-0.60058719,-0.62026137,-0.68223876,-0.70141000,-0.74440134,-0.73605436,-0.73378623,-0.78776729,-0.89692950,-0.80686277,-0.64656496,-1.08507645,-1.04517186,-0.50685060,-0.62716728,-1.14851451,-0.79124242,-0.58443034,-1.24057472
1493,CHC_ARGL06_20110807,0.36681500,0.63318503,0.00000000,-1.61469448,-1.60635531,-1.59845495,-1.58473754,-1.55838370,-1.53111076,-1.51461554,-1.50692272,-1.50140858,-1.49751079,-1.48908389,-1.47312129,-1.44311857,-1.40661657,-1.37915874,-1.35684168,-1.34089780,-1.33486700,-1.32837617,-1.31968892,-1.29749453,-1.27854550,-1.26827228,-1.25224376,-1.24596608,-1.25863016,-1.26688588,-1.28549016,-1.27562070,-1.17481637,-0.95432556,-0.70245427,-0.45858270,-0.24735105,-0.09732042,-0.00238733,0.04436573,0.10909522,0.15224501,0.19356923,0.23297133,0.27184406,0.30628148,0.33995536,0.37416819,0.40678003,0.43776587,0.46817654,0.49553227,0.51682132,0.53224754,0.54946709,0.56591463,0.57201141,0.55441982,0.53627664,0.48908183,0.46683359,0.46791199,0.48862469,0.51921391,0.60396141,0.65367240,0.70398104,0.74969006,0.78679514,0.81729162,0.84598094,0.86426413,0.87428135,0.87667280,0.86379528,0.82185429,0.76333976,0.63858348,0.48544961,0.38947424,0.34780645,0.32208398,0.30265674,0.29654005,0.31262136,0.36073679,0.41722474,0.46421641,0.49952188,0.52950275,0.54808319,0.55575556,0.54769266,0.51897228,0.46644282,0.38501206,0.27632821,0.16382863,0.06612760,-0.05241585,-0.21676497,-0.27071273,-0.53883773,-0.75141746,-0.89723963,-0.97575384,-1.02395928,-1.04867220,-1.05271745,-1.05091989,-1.03873610,-1.01057529,-0.97945762,-0.94676024,-0.91317654,-0.87758106,-0.84529704,-0.81551051,-0.78795433,-0.76136178,-0.73958355,-0.71516812,-0.69076544,-0.66690034,-0.64324677,-0.62431216,-0.61002117,-0.60373348,-0.61282670,-0.62816751,-0.63189918,-0.63643056,-0.66012120,-0.69265497,-0.72956854,-0.75624567,-0.76812249,-0.76056457,-0.77013701,-0.78320980,-0.78177124,-0.77830297,-0.77697408,-0.83418673,-0.85814023,-0.95306325,-0.86586738,-0.95025885,-0.65483445,-1.06233859,-1.06064332,-1.29791772,-1.31652188,-1.34540308,-1.38975883,-1.40784538,-1.39906180,-1.34328616,-1.32177818,-1.28156602,-1.25536215,-1.23711908,-1.22579205,-1.22124338,-1.20995295,-1.20013332,-1.20870221,-1.22062922,-1.23791742,-1.24375105,-1.24477243,-1.24291480,-1.24952209,-1.25020170,-1.24860477,-1.25379348,-1.25132883,-1.24877656,-1.23936653,-1.22648406,-1.21893382,-1.20800722,-1.19839537,-1.18186784,-1.17254877,-1.17048371,-1.17706752,-1.20646894,-1.23804569,-1.26497591,-1.28979456,-1.30924857,-1.34144771,-1.35389006,-1.35630715,-1.34620607,-1.36147344,-1.37283885,-1.37173343,-1.38603354,-1.39391851,-1.40285122,-1.41058350,-1.42557681,-1.45995033,-1.47964132,-1.48904681,-1.49591815,-1.53420174,-1.55282354,-1.51671588,-1.09374416,-0.73231369
799,CHC_ADFA07_20110521,0.51884401,0.48115599,0.00000000,-1.63287818,-1.63088703,-1.62346148,-1.61398804,-1.60703707,-1.59690452,-1.59188545,-1.58738208,-1.58291781,-1.57749045,-1.56966186,-1.55298018,-1.51886070,-1.47437549,-1.44426060,-1.42391229,-1.41672385,-1.42760408,-1.44106007,-1.45027459,-1.45124733,-1.45277643,-1.46036613,-1.45900774,-1.46093190,-1.47214723,-1.47926712,-1.48826420,-1.48189223,-1.43628633,-1.29037035,-1.09645665,-0.88804340,-0.70547670,-0.58457130,-0.51967400,-0.48757225,-0.46222499,-0.44265893,-0.42579451,-0.40665710,-0.38941160,-0.37393692,-0.35829172,-0.34260818,-0.32627049,-0.30964506,-0.29614821,-0.28313121,-0.27151287,-0.26704147,-0.25659934,-0.24635482,-0.23945050,-0.25056365,-0.25448054,-0.26306614,-0.26322120,-0.25587118,-0.24254495,-0.22442374,-0.21581852,-0.19178653,-0.17097051,-0.14740901,-0.12448718,-0.10590506,-0.08740766,-0.07370012,-0.06429267,-0.05514803,-0.05203009,-0.05394870,-0.07661016,-0.11108335,-0.16467178,-0.19869843,-0.21003443,-0.21490422,-0.22003588,-0.21494710,-0.19663844,-0.16514996,-0.13022137,-0.09909341,-0.07250079,-0.04997862,-0.02897154,-0.01451236,-0.01006327,-0.01444353,-0.03202766,-0.06473907,-0.11373116,-0.17156486,-0.21964556,-0.34572846,-0.05916766,-0.38307992,-0.65654880,-0.81107426,-0.92619741,-0.96369600,-0.99635130,-1.01300287,-1.01946938,-1.01452017,-1.00442183,-0.97685623,-0.94565171,-0.91575819,-0.88163841,-0.84859526,-0.81571114,-0.78509676,-0.75658840,-0.72927570,-0.70515513,-0.67750794,-0.65331024,-0.62625033,-0.60025620,-0.57596809,-0.55563611,-0.54091716,-0.53287917,-0.53808808,-0.54552704,-0.55367810,-0.57425117,-0.59840000,-0.62398005,-0.64533138,-0.65398163,-0.65062338,-0.65976989,-0.66877735,-0.66744876,-0.66428703,-0.66056049,-0.68267119,-0.68727720,-0.67475569,-0.35998991,-1.75245631,1.07058203,1.14220822,-0.03251719,1.08692908,1.21511316,-1.75245631,3.23648572,-1.08601761,-1.28741682,-1.28935683,-1.25831008,-1.23578775,-1.20313895,-1.17902815,-1.15921569,-1.14347267,-1.12542939,-1.10861683,-1.10673642,-1.11136985,-1.11353588,-1.11747694,-1.11160350,-1.10992408,-1.11043942,-1.10125589,-1.09661067,-1.08968258,-1.08162653,-1.07848084,-1.06714034,-1.05343878,-1.04259312,-1.02773845,-1.02081168,-1.00925052,-1.00403523,-0.99604440,-1.00958169,-1.03580320,-1.07939994,-1.11056352,-1.14327943,-1.17333269,-1.19500101,-1.20715761,-1.21485007,-1.20634937,-1.21678662,-1.23220861,-1.24501479,-1.23151982,-1.25121093,-1.26934505,-1.28745174,-1.29805493,-1.35740805,-1.34683025,-1.36885202,-1.40507889,-1.38022006,-1.40463316,-1.16278136,1.32222569,-0.00063969
1461,sn_a_000,0.22144100,0.77855903,0.00000000,-1.56722355,-1.54590023,-1.52370119,-1.50151813,-1.47712338,-1.45361972,-1.43319809,-1.41265476,-1.39094543,-1.36829650,-1.34369314,-1.31508243,-1.28223002,-1.24948907,-1.22124803,-1.19424319,-1.17022395,-1.15019536,-1.12898862,-1.10107481,-1.07587397,-1.07094252,-1.05056489,-1.01076436,-0.98479652,-0.96041077,-0.93542153,-0.91208887,-0.88014513,-0.82686990,-0.75069588,-0.67794490,-0.60586315,-0.54631370,-0.49905652,-0.45599273,-0.41996405,-0.38300103,-0.34878984,-0.31291410,-0.28186736,-0.25014412,-0.21539316,-0.18663464,-0.15708148,-0.13361089,-0.10592060,-0.07948235,-0.05439569,-0.02666894,0.00071647,0.02660688,0.05381747,0.05105046,0.09787842,0.10876684,0.12604457,0.15084270,0.16871162,0.18861507,0.21357423,0.40817508,0.44617721,0.47873718,0.50674522,0.53903615,0.57209790,0.60158283,0.63697547,0.66372025,0.68897694,0.69019252,0.68677855,0.81579137,0.78626275,0.79841805,0.81107140,0.80423647,0.81981391,0.84633827,0.86759555,0.89868450,0.93543321,0.97630328,1.01094079,1.04931569,1.08310735,1.13187337,1.16009462,1.18940675,1.21122801,1.23251176,1.25017643,1.23708165,1.21281266,1.06037807,1.13363266,3.99397612,3.37627864,-0.12697408,0.48253325,0.75976151,0.68196583,0.57873791,0.57971156,0.58947289,0.54562682,0.56350893,0.61621040,0.67274815,0.68960726,0.73682261,0.78232712,0.82356906,0.85768563,0.89502257,0.92924309,0.96244299,1.00342834,1.04283345,1.08684337,1.14337361,1.18496728,1.21057343,1.23299623,1.24144351,1.22068930,1.19438434,1.16306150,1.12931705,1.09321082,1.06873572,1.03104746,1.01158023,1.02914894,1.01785672,0.98377788,0.97057343,0.97073114,0.94597816,0.72326475,0.79626107,0.00873679,-1.75245631,4.93805408,3.03828430,2.47984576,1.04644001,3.59606194,2.09709716,5.55541182,-0.13647571,-0.59106219,-0.76265204,-0.19601791,-0.17486323,-0.13557087,-0.01679650,0.06122147,0.14440337,0.13447776,0.12615979,0.10985679,0.09665864,0.06518991,0.01379858,-0.04379463,-0.09113245,-0.09121075,-0.09179201,-0.08479094,-0.06741586,-0.05252090,-0.03627377,-0.01596703,0.00143854,0.02052421,0.04627603,0.06341446,0.08006617,0.07602703,0.07929864,0.10055229,0.06351707,-0.00609821,-0.08829544,-0.15975700,-0.18644170,-0.21652798,-0.20900548,-0.23374927,-0.26194102,-0.27557996,-0.28208590,-0.27269012,-0.27424949,-0.26776716,-0.23904955,-0.23090315,-0.24203381,-0.24985045,-0.34420848,-0.32098117,-0.24874777,-0.42752287,-0.64376956,-0.54203045,-0.54839408,-0.38756686,-1.55007923
1411,QUE_T3.09.D,0.00000000,0.33000001,0.67000002,-1.24917424,-1.21842098,-1.18471909,-1.14552963,-1.10537601,-1.07217789,-1.04667115,-1.02299714,-0.99589026,-0.96279764,-0.92546403,-0.88761300,-0.85002196,-0.81228924,-0.77444088,-0.73590291,-0.69697666,-0.65893376,-0.62461680,-0.59058142,-0.56014735,-0.52977794,-0.49763399,-0.46414277,-0.43010816,-0.39341137,-0.35778958,-0.32106274,-0.28160688,-0.23700462,-0.19233927,-0.14950991,-0.09864081,-0.05521149,-0.02021734,0.01813478,0.06310105,0.09883983,0.13292037,0.17093675,0.20697469,0.24529304,0.28561389,0.31372780,0.33839363,0.36543033,0.39439732,0.42300251,0.45221186,0.48473465,0.52409774,0.55516797,0.58088273,0.62353027,0.66723025,0.68382180,0.69539791,0.69988251,0.71207708,0.72511768,0.74597883,0.77243870,0.79643399,0.82172805,0.84284234,0.86565381,0.88736314,0.91024125,0.93395960,0.96060711,0.99107271,1.03241324,1.10363519,1.14378822,1.14232790,1.14440131,1.12356937,1.11805940,1.12736726,1.13951254,1.15268385,1.16750121,1.18124580,1.19499695,1.21195352,1.23134029,1.25008559,1.26884210,1.28477991,1.30259955,1.32308328,1.34575987,1.36798549,1.39579761,1.42008817,1.47847760,1.69716656,1.89701092,1.44181120,1.89318919,1.76990688,1.53165793,1.42545879,1.34439051,1.32171476,1.27788699,1.25439322,1.26695037,1.26272655,1.24819505,1.24025464,1.25129735,1.26580584,1.28183615,1.29696488,1.31154728,1.32737243,1.34109807,1.35657454,1.37421763,1.39504504,1.41685069,1.43658781,1.45163417,1.46318424,1.46885216,1.46593297,1.45764315,1.45308447,1.45389760,1.45558250,1.45600617,1.45275402,1.45571220,1.46403933,1.46783781,1.47180283,1.48457730,1.50485170,1.53183329,1.59290755,1.67216396,1.76739216,2.66251493,5.85446358,4.19567347,1.69467425,3.23836613,4.28562927,1.18016267,0.78123707,1.36899304,2.13867474,1.46727610,1.12586331,1.08097231,1.10726595,1.08769381,1.10046196,1.13355339,1.16292167,1.19364488,1.18188715,1.15162039,1.11368811,1.07768130,1.05166578,1.03221202,1.01349580,1.00318623,1.00150573,1.01045537,1.02712464,1.03315330,1.03538406,1.03173554,1.02963698,1.03643394,1.04287291,1.03988862,1.03900743,1.03505647,1.07357836,1.07348084,1.03644991,0.98148274,0.92800581,0.88591850,0.87043738,0.87293071,0.85025734,0.82222635,0.80411917,0.78927678,0.77622265,0.76681280,0.76709986,0.77005011,0.75734365,0.73585594,0.76632482,0.75107485,0.79796088,0.63684058,0.62916267,0.57392794,0.41740096,0.44326857,0.78989476,1.00825298
506,QUE_T1.09.J,0.00000000,0.26519999,0.73500001,-1.30216968,-1.27527261,-1.24560368,-1.21169925,-1.17671144,-1.14707661,-1.12334919,-1.10104668,-1.07609010,-1.04624951,-1.01300478,-0.97920901,-0.94562966,-0.91178876,-0.87768877,-0.84312838,-0.80786979,-0.77368915,-0.74201751,-0.71134788,-0.68159288,-0.65149987,-0.61989266,-0.58712435,-0.55363792,-0.51860332,-0.48249212,-0.44509125,-0.40507540,-0.36122021,-0.31816649,-0.27418020,-0.22875281,-0.18494871,-0.14401422,-0.10307331,-0.05633194,-0.02025672,0.01481444,0.05235485,0.08891410,0.12535042,0.16155897,0.19400710,0.22506787,0.25600067,0.28657004,0.31643894,0.34656075,0.37674516,0.40787172,0.43635607,0.46244270,0.48879203,0.51497543,0.54071474,0.56425261,0.58487910,0.60862201,0.62933540,0.65491390,0.68366563,0.70884311,0.73082936,0.75484663,0.78018534,0.80393708,0.82747382,0.85199571,0.87636751,0.89986920,0.92370254,0.95396155,0.98257279,0.99904841,1.01327932,1.02282774,1.03528357,1.05077851,1.06857061,1.08516431,1.10386276,1.12332094,1.14332306,1.16452014,1.18666947,1.20926690,1.23057842,1.24653518,1.26298249,1.28013301,1.29924428,1.31549597,1.32930183,1.33787560,1.34102380,1.45295501,1.48890269,1.38322115,1.36274707,1.38166809,1.28085709,1.22268939,1.20294428,1.19751215,1.19560766,1.19686949,1.21006811,1.22539771,1.23952746,1.25275278,1.27428257,1.29771698,1.31848788,1.33591676,1.35265136,1.36995924,1.38601530,1.40283358,1.42061162,1.44389832,1.46652913,1.48547637,1.50153244,1.51308894,1.51735508,1.51437390,1.50820565,1.50330710,1.50183165,1.50242341,1.50242543,1.49812269,1.49975824,1.50732613,1.51146579,1.51325321,1.51885390,1.52634418,1.53424478,1.54494166,1.55301082,1.59267676,1.83174419,0.21341249,0.68717939,3.16754818,4.07846212,0.41502005,1.11268222,1.77084947,2.07909608,0.99981105,1.06509459,1.04250979,1.04578161,1.08251083,1.12238562,1.15190840,1.18143249,1.22851324,1.27046573,1.25035429,1.19540501,1.15479362,1.12127185,1.08991563,1.06824863,1.04739118,1.03437603,1.02980125,1.03516042,1.04900432,1.05895293,1.06229627,1.06536937,1.06305039,1.06022644,1.06167197,1.06097686,1.05764246,1.06337559,1.08595002,1.08912587,1.05633759,0.98995882,0.92781788,0.88141799,0.86990941,0.86665040,0.85138947,0.82210785,0.81719905,0.79184282,0.76493371,0.74653393,0.76040775,0.78556603,0.76057160,0.76854467,0.72763133,0.69886374,0.65666777,0.57768285,0.44568944,0.41655651,0.41446567,0.27369767,0.43908781,-0.49865758
920,CHC_ADFA02_20120128,0.41646799,0.58353198,0.00000000,-1.56138694,-1.55643570,-1.54842007,-1.53825688,-1.52688456,-1.51292717,-1.50125337,-1.49536908,-1.49084818,-1.48759711,-1.48082173,-1.46326697,-1.43083143,-1.38523281,-1.35374725,-1.33295965,-1.32772422,-1.33967471,-1.35841286,-1.36227274,-1.36014843,-1.36222339,-1.36800313,-1.36433756,-1.36319840,-1.37094545,-1.37554991,-1.38234019,-1.37396622,-1.31931198,-1.15387237,-0.90924120,-0.60787898,-0.29555270,-0.06641204,0.06327599,0.11565865,0.16652237,0.19533335,0.22257221,0.24772348,0.27131748,0.29188693,0.31036386,0.32750112,0.34523860,0.36359352,0.37903634,0.39458546,0.40554550,0.41415271,0.42089248,0.42602614,0.43149191,0.40875870,0.38303339,0.33394828,0.30350372,0.29930356,0.31152686,0.33679709,0.36432531,0.40447414,0.44811991,0.47882530,0.51387554,0.54093212,0.56355804,0.57795608,0.58861488,0.59343743,0.59654194,0.58847487,0.52789050,0.42916733,0.31169653,0.21824488,0.18556280,0.16801840,0.15033436,0.14965236,0.16356418,0.20074840,0.24684727,0.28618884,0.32046756,0.34868619,0.36244878,0.37517038,0.37641516,0.36174643,0.32677871,0.26862970,0.20059110,0.12815973,0.11364609,0.18838708,0.02925002,-0.04392329,-0.33600268,-0.56150562,-0.73127550,-0.83486259,-0.88949496,-0.91941792,-0.93549389,-0.93535542,-0.92060488,-0.90140903,-0.88216937,-0.85578084,-0.82159203,-0.78846043,-0.75598180,-0.72485077,-0.69484669,-0.66539097,-0.63742012,-0.60899323,-0.58044255,-0.54833657,-0.52077645,-0.49303487,-0.47066519,-0.45475146,-0.45057815,-0.45841175,-0.46606839,-0.47252899,-0.49243641,-0.52046877,-0.55099070,-0.57660681,-0.58847070,-0.57744777,-0.58897424,-0.59478670,-0.59091049,-0.57773650,-0.56075329,-0.52071112,-0.48062971,-0.43039331,-0.51439124,-0.44674772,-0.29953715,-0.53085548,-0.69709438,-0.85706592,-0.76962459,-0.95616078,-1.13299060,-1.16357088,-1.17628574,-1.15085530,-1.15303493,-1.13721740,-1.11378253,-1.08934939,-1.06608725,-1.06908393,-1.05928791,-1.05658019,-1.04681015,-1.05051517,-1.05962229,-1.06872022,-1.07804787,-1.07478440,-1.08144069,-1.06927061,-1.07240152,-1.06273544,-1.06164694,-1.04807377,-1.04905975,-1.03515065,-1.00887001,-1.00769591,-0.98946577,-0.97260940,-0.97902793,-0.97052115,-0.98661476,-1.03783023,-1.06165588,-1.09607744,-1.11112571,-1.13613737,-1.16883433,-1.18712294,-1.19807100,-1.19180918,-1.18615377,-1.21814406,-1.20569682,-1.19916952,-1.21099579,-1.24808335,-1.25928700,-1.22575033,-1.24137676,-1.31735969,-1.28095150,-1.29968011,-1.32521653,-1.28932917,-1.25603676,-0.83650279,-0.13864276
1393,QUE_T3.06.H,0.00000000,0.01000000,0.99000001,-1.23505843,-1.20258951,-1.16686594,-1.12529838,-1.08243191,-1.04827309,-1.02450931,-1.00321078,-0.97747433,-0.94441354,-0.90541589,-0.86530405,-0.82591695,-0.78673315,-0.74748260,-0.70758873,-0.66786605,-0.63039833,-0.59799850,-0.56749898,-0.54120541,-0.51664543,-0.49155250,-0.46500707,-0.43836105,-0.41033068,-0.38453364,-0.35925698,-0.32663625,-0.28065470,-0.23231749,-0.18970187,-0.14249820,-0.10409478,-0.07477967,-0.04232921,-0.00092378,0.02816451,0.05379117,0.08507771,0.11449636,0.14543723,0.17881052,0.20079187,0.21940881,0.23992753,0.26207620,0.28424755,0.30721942,0.33293721,0.36465463,0.38979959,0.41052118,0.44674984,0.48523787,0.49862999,0.50445336,0.50455058,0.51251388,0.52090299,0.52614486,0.53240532,0.55010909,0.56584895,0.58449346,0.59609228,0.61154276,0.63000709,0.64674777,0.66367912,0.68858963,0.72082639,0.78233862,0.82047653,0.81669819,0.81433088,0.78911364,0.77907187,0.78289580,0.79112273,0.80023080,0.80969572,0.81853008,0.82514602,0.83297116,0.84434676,0.85796517,0.86987525,0.87479252,0.88453931,0.89747661,0.91328567,0.93189585,0.95591778,0.98077291,1.02289224,1.19078338,1.13849235,1.61879659,1.40775633,1.45572948,1.16374326,1.03628373,0.98966151,0.97073466,0.92839003,0.90365410,0.91748774,0.91677910,0.90034974,0.88861817,0.89155298,0.90014851,0.90874636,0.91979432,0.93188179,0.94369680,0.95613420,0.96735132,0.97593915,0.98640698,0.99400967,0.99953616,1.00573540,1.01185012,1.01703966,1.02034307,1.02234936,1.02246344,1.02430320,1.02697015,1.02959538,1.02918422,1.02910173,1.02972710,1.03227985,1.03472483,1.04535699,1.06641066,1.09297550,1.15005076,1.24263597,1.34081948,2.03384328,2.05073595,1.31562805,2.25679803,2.17798090,0.48355296,1.12253141,0.75931019,0.26746416,1.12700522,0.73800105,0.62459886,0.53374547,0.57490909,0.54681998,0.56436294,0.60214281,0.65566278,0.72434056,0.74492896,0.74787432,0.75368220,0.76039511,0.78201300,0.79158431,0.79727775,0.79876840,0.81146896,0.82197958,0.83755064,0.84671247,0.84350443,0.82954836,0.81967509,0.80000710,0.79520559,0.78535873,0.77277547,0.76263344,0.78967601,0.80287951,0.80513376,0.78145021,0.76178807,0.74681836,0.72752291,0.71965802,0.71634459,0.68531317,0.66562903,0.65192372,0.64536130,0.63310248,0.60961854,0.60821158,0.57741970,0.54450798,0.57386738,0.56717342,0.40380102,0.34781933,0.25384039,0.17563568,0.26033500,0.00203395,0.04917159,0.31084907
774,SSC_BAPI05_20110511,0.67975801,0.32024199,0.00000000,-1.69638145,-1.67829692,-1.65934896,-1.63728559,-1.61626720,-1.59775221,-1.58303201,-1.57410991,-1.56649768,-1.56053913,-1.54778016,-1.51628804,-1.44517744,-1.34219539,-1.27167082,-1.23372436,-1.23235524,-1.27431118,-1.33304572,-1.35581958,-1.36264801,-1.38675809,-1.41631997,-1.42451000,-1.43891037,-1.47009528,-1.49611533,-1.52283478,-1.52050602,-1.43845236,-1.14868414,-0.71466017,-0.16214409,0.42840752,0.88223761,1.13395536,1.24052250,1.30587494,1.34534967,1.37721431,1.40733337,1.43407512,1.45440662,1.47325611,1.49663508,1.51771867,1.53889179,1.55673349,1.57077098,1.58131361,1.57749343,1.58431458,1.59262097,1.56212008,1.50302589,1.42515349,1.30364454,1.25823462,1.25011551,1.26918006,1.30769396,1.40278518,1.47529161,1.54807723,1.61621070,1.66916740,1.70986080,1.73422027,1.74186635,1.73262882,1.70446265,1.66588736,1.59984565,1.44402921,1.19965959,0.89591467,0.75489008,0.69444525,0.64925838,0.61161292,0.60365427,0.63013101,0.68053824,0.73886347,0.79090160,0.83181590,0.86052698,0.87338221,0.86482435,0.82730484,0.75297987,0.64152157,0.49173456,0.31864595,0.15335846,0.06479552,0.02061384,0.05806345,-0.59732890,-0.80068886,-1.16855407,-1.28053594,-1.34035051,-1.36882687,-1.38646758,-1.39012492,-1.38942814,-1.37612033,-1.34831381,-1.31389272,-1.27837706,-1.23518229,-1.18977821,-1.14216781,-1.09451473,-1.04760408,-1.00212157,-0.95884192,-0.91470128,-0.87400693,-0.83657926,-0.80145758,-0.77254087,-0.74639463,-0.72072375,-0.70129114,-0.69490862,-0.69872582,-0.71540105,-0.74536437,-0.77397555,-0.80053782,-0.82580501,-0.84447819,-0.86263937,-0.89253163,-0.92286247,-0.94338900,-0.95375717,-0.95814711,-0.96035188,-0.96897143,-1.00228858,0.74831814,-1.75245631,-1.75245631,-1.75245631,-1.75245631,1.89444733,0.31036645,-1.75245631,-0.55237806,-1.27970755,-1.52966952,-1.62450778,-1.61144376,-1.60236716,-1.59471297,-1.58200002,-1.57437146,-1.56537259,-1.54996395,-1.53652108,-1.52599096,-1.51951671,-1.50869668,-1.49785221,-1.48527086,-1.47082710,-1.45936728,-1.44701588,-1.43149662,-1.42074466,-1.40970778,-1.40025520,-1.38746655,-1.38153839,-1.37245929,-1.36068010,-1.35642886,-1.34986031,-1.34975457,-1.35366917,-1.36083639,-1.37524438,-1.40072262,-1.42084455,-1.43974793,-1.45199525,-1.47015882,-1.48210776,-1.48997617,-1.49786961,-1.50282884,-1.52018857,-1.52956223,-1.53135669,-1.53851759,-1.56891215,-1.56396353,-1.58634198,-1.59244359,-1.59872198,-1.62660086,-1.61803663,-1.61896765,-1.59889162,-1.46822977,-0.63293821,1.80803108
915,SSI_BAPI08_20120127,0.65657699,0.34342301,0.00000000,-1.62387228,-1.61200285,-1.60183632,-1.58793759,-1.56860316,-1.54675961,-1.52592218,-1.51179993,-1.49986112,-1.48927522,-1.47480571,-1.44342470,-1.38419986,-1.30762160,-1.25228333,-1.21534598,-1.19997978,-1.21277285,-1.23209751,-1.25035393,-1.24958730,-1.25511432,-1.27203572,-1.27170098,-1.27903950,-1.30834961,-1.33636951,-1.37163746,-1.37006414,-1.25490987,-0.95759797,-0.62742043,-0.32290047,-0.08940141,0.05617944,0.13910121,0.17369510,0.22625983,0.25950086,0.29246983,0.32387075,0.35273632,0.38046646,0.40435869,0.42717510,0.45244300,0.47799090,0.50108266,0.52271712,0.54617673,0.56640077,0.58417237,0.60221922,0.63631564,0.60050911,0.60335559,0.57654351,0.57173306,0.58348429,0.60723466,0.63949072,0.68292570,0.72098529,0.76197416,0.79917598,0.83985537,0.86528409,0.89801276,0.91924250,0.93774396,0.94427341,0.93938071,0.95502847,0.90531605,0.81574696,0.69290084,0.60930610,0.57677859,0.55416298,0.54319686,0.54599327,0.57684755,0.62778866,0.68409359,0.73423415,0.77574372,0.81018585,0.83532214,0.85224581,0.84856820,0.83103669,0.78608817,0.70773548,0.61105639,0.50622165,0.42949009,0.11612737,0.91292763,0.84275091,-0.21429689,-0.72662568,-0.78894508,-0.86836314,-0.93026102,-0.94759327,-0.94910061,-0.94890654,-0.92621762,-0.89332306,-0.84629244,-0.80195999,-0.74816155,-0.69266492,-0.63826931,-0.58506584,-0.53363258,-0.48335385,-0.43942717,-0.38961074,-0.34755018,-0.30489495,-0.26168847,-0.22830126,-0.19876844,-0.17297000,-0.15822415,-0.16140997,-0.18151046,-0.21047440,-0.25762501,-0.30850112,-0.35385185,-0.38837424,-0.40349871,-0.39714774,-0.41406986,-0.43571371,-0.44034019,-0.43268633,-0.42537510,-0.44392556,-0.56389809,-0.63693619,0.99123490,0.53818965,-1.75245631,-1.75245631,1.93566799,-1.75245631,1.10626316,1.43037927,4.05207968,-0.67179281,-1.18150604,-1.34009159,-1.27629554,-1.26521277,-1.23950303,-1.21530318,-1.19818521,-1.19157946,-1.15242600,-1.12795782,-1.11737514,-1.11955082,-1.11549973,-1.10785937,-1.09317482,-1.08051395,-1.07005787,-1.05530870,-1.04305458,-1.03164732,-1.01834869,-1.00575519,-0.99223220,-0.97648507,-0.96020752,-0.94559330,-0.94420189,-0.93235302,-0.92444873,-0.92476636,-0.96427888,-1.00161672,-1.04955518,-1.10761988,-1.14204490,-1.16030765,-1.19778824,-1.22461367,-1.23301995,-1.22728181,-1.25036204,-1.25091136,-1.26250899,-1.27637506,-1.32224512,-1.32978833,-1.33762515,-1.38064516,-1.36717021,-1.48126984,-1.41597962,-1.46293902,-1.44051731,-1.36325061,-1.07959032,0.24611549,2.01458049
1234,SF_083,0.28846201,0.63461500,0.07692310,-1.46189129,-1.43948853,-1.41332686,-1.38606870,-1.36189127,-1.34031117,-1.32261932,-1.30668092,-1.28989041,-1.27008188,-1.24285221,-1.20290387,-1.14025605,-1.06722844,-1.01259708,-0.97522163,-0.95801473,-0.96510273,-0.97525525,-0.97152340,-0.96055645,-0.95407164,-0.94936115,-0.93410027,-0.92253417,-0.91908365,-0.91665828,-0.91275579,-0.88910741,-0.81532186,-0.65805197,-0.44361928,-0.18680117,0.06947049,0.26044065,0.37653857,0.44142148,0.47773591,0.50607955,0.53205401,0.55740911,0.58178675,0.60498226,0.62659717,0.64813393,0.66912663,0.68943387,0.71033585,0.73166794,0.75359201,0.77396607,0.79377639,0.81005448,0.82822549,0.83369315,0.83559561,0.82717818,0.83271503,0.84682375,0.86795104,0.90910977,0.95511353,0.98357314,1.01123154,1.03994000,1.06479144,1.08763611,1.10593569,1.12020612,1.13942349,1.15834916,1.18755591,1.22803557,1.24970675,1.21797502,1.17288935,1.14581645,1.14117098,1.14852941,1.16034698,1.17512906,1.19425178,1.21617472,1.24224889,1.26773655,1.29350257,1.31402731,1.33395708,1.34724820,1.35627401,1.35586846,1.34803164,1.33200693,1.31449592,1.29351747,1.32368529,1.34787858,1.32106435,1.28966606,1.12086570,0.93011767,0.67529500,0.60643953,0.44506869,0.38451821,0.30673817,0.29331565,0.32195893,0.35322270,0.39509192,0.44368297,0.50231504,0.56630820,0.62884998,0.68508410,0.73938137,0.79151958,0.84041607,0.88784295,0.93187505,0.98101270,1.02770293,1.06869459,1.10420358,1.12982631,1.14658606,1.15323055,1.14943862,1.13940525,1.12852752,1.11791074,1.10475814,1.08357203,1.06914043,1.06103039,1.04060709,1.01835883,1.00163877,0.96461987,0.96723264,0.93177193,0.95145887,1.68119156,-1.39586663,-1.46218443,-0.77639854,-1.47172523,-1.42057860,-0.87437248,-1.72661006,-1.75244308,-1.72641778,-0.91131091,-0.23385046,0.23195511,-0.30492696,-0.16746800,-0.11870249,-0.06640316,-0.02573067,0.02029575,0.06154050,0.07335971,0.04256129,0.02097903,-0.00167121,-0.00806403,-0.00977007,-0.01791859,-0.00363972,0.02857340,0.05312262,0.07310145,0.10453230,0.11509468,0.13741176,0.15668720,0.16841374,0.19485691,0.23821132,0.23341142,0.23166320,0.24632561,0.22542685,0.16182788,0.11028426,0.04360999,0.00938092,-0.02213746,-0.04694237,-0.06736456,-0.11994179,-0.14823766,-0.16458669,-0.18717349,-0.19864282,-0.22760898,-0.21307115,-0.20037118,-0.19668844,-0.19768982,-0.24989766,-0.14212237,-0.17002968,-0.46932527,-0.83437961,-0.69358391,0.42775965,1.35018516,-1.37985921
293,FSP_066,0.87179500,0.01923080,0.10897400,-1.65291262,-1.64560997,-1.63508487,-1.62596214,-1.61890280,-1.61219454,-1.60738850,-1.60469210,-1.60221779,-1.59825838,-1.58588469,-1.54984903,-1.46521747,-1.35363185,-1.28211129,-1.24958980,-1.26178265,-1.32602572,-1.39261043,-1.42796814,-1.44521177,-1.46902299,-1.49431527,-1.50498271,-1.52116597,-1.54585218,-1.56492889,-1.57676125,-1.56529665,-1.48055112,-1.17635262,-0.64863318,0.04157383,0.77281755,1.33697343,1.66922140,1.84366024,1.90374887,1.93884933,1.97170103,2.00130129,2.02765679,2.05488849,2.07223487,2.08921266,2.10878015,2.12828541,2.14611554,2.16244721,2.17646265,2.19267201,2.20262551,2.20338702,2.18333578,2.15599012,2.08670044,2.00162315,1.96444046,1.96273148,1.98138583,2.02436137,2.08330894,2.13241839,2.18537140,2.22816372,2.26408744,2.29112458,2.30764103,2.31301665,2.30634260,2.29070759,2.27541399,2.25112486,2.15189958,1.98273718,1.78903317,1.67527521,1.63704920,1.61830354,1.60305464,1.60454416,1.62184501,1.64664900,1.67428684,1.70080984,1.72597885,1.74073732,1.74259281,1.72845912,1.69521928,1.63878298,1.55355680,1.43689311,1.30012572,1.17358696,1.13474119,1.08945656,1.14823282,0.99258161,1.14132440,0.75303179,0.06385561,-0.53658211,-0.74273968,-0.82188618,-0.90005362,-0.91988546,-0.87704068,-0.82507044,-0.76793057,-0.69930911,-0.61537218,-0.52480966,-0.43331504,-0.34215045,-0.25332713,-0.17113237,-0.09515547,-0.02171630,0.04284912,0.10312870,0.15786795,0.20576869,0.24801002,0.28231984,0.30755433,0.32465443,0.32839301,0.31923118,0.29924116,0.27314329,0.24437802,0.21312338,0.17427427,0.13041921,0.07966441,0.02718651,-0.01743783,-0.05729580,-0.08037118,-0.07568405,0.04737300,0.21263701,0.56246144,-0.94665015,-1.47306526,-1.21249640,0.77074164,0.54228181,0.99292684,0.90095323,0.69657820,0.25703746,-0.86983114,-1.34691656,-1.38370061,-1.46285462,-1.49797106,-1.47079289,-1.43810320,-1.41532791,-1.37466729,-1.33417547,-1.30240452,-1.26533663,-1.24033344,-1.21066868,-1.16845143,-1.12438476,-1.08585703,-1.03932083,-1.01490593,-0.98143959,-0.94208235,-0.91598350,-0.90098512,-0.88724422,-0.87382519,-0.83893043,-0.82044369,-0.79922509,-0.79469854,-0.79068947,-0.79982305,-0.81714475,-0.84757209,-0.88490134,-0.92223859,-0.96349072,-1.00277543,-1.02117014,-1.04481065,-1.08034623,-1.10632110,-1.13289785,-1.21081555,-1.26214194,-1.19033492,-1.15144622,-1.25177932,-1.37349331,-1.44546235,-1.39838612,-1.52912819,-1.63135850,-1.32803571,-1.38519037,-1.31780005,-1.23916006,-0.32253355
815,SSC_SALE01_20110606,0.31731200,0.68268800,0.00000000,-1.40767395,-1.38421011,-1.35123456,-1.32462525,-1.30133522,-1.28711820,-1.27607572,-1.26962650,-1.26243949,-1.25822604,-1.25065422,-1.23361206,-1.20208371,-1.15974748,-1.12925243,-1.10911095,-1.09897089,-1.10160649,-1.11476660,-1.10713565,-1.10087180,-1.09818065,-1.09717286,-1.08540571,-1.08036280,-1.09134352,-1.09944928,-1.11505711,-1.10973477,-1.03253365,-0.85918528,-0.69069487,-0.54566163,-0.42796296,-0.34757206,-0.30056691,-0.28045967,-0.24570274,-0.22371976,-0.20209754,-0.17984824,-0.15986896,-0.13938576,-0.11831826,-0.09504504,-0.07426303,-0.05297935,-0.03249463,-0.01267590,0.00653585,0.01888479,0.03461540,0.05651401,0.04779930,0.06077811,0.05086676,0.05124889,0.06769563,0.08099860,0.09783343,0.11885652,0.15906975,0.18601973,0.22236139,0.24880046,0.27603373,0.29738495,0.32271713,0.34284320,0.35025468,0.36355475,0.37469709,0.36009476,0.32749808,0.28984189,0.21614024,0.19065264,0.18744881,0.18787394,0.18074176,0.19273905,0.21410221,0.24694894,0.28654689,0.32097638,0.34993121,0.37376618,0.39157236,0.40712872,0.41274664,0.40300101,0.37823746,0.34011826,0.27834895,0.21291864,0.17564678,0.18973646,2.51619935,1.57039487,-0.26961401,-0.52245080,-0.71180260,-0.72826415,-0.75313705,-0.77720624,-0.78360122,-0.77420247,-0.76537848,-0.73590106,-0.69781327,-0.65771818,-0.61379564,-0.56944507,-0.52601713,-0.48623934,-0.44608817,-0.41030684,-0.37566084,-0.34301627,-0.30805776,-0.27482292,-0.24076074,-0.20889364,-0.18339634,-0.16297193,-0.14718638,-0.14424117,-0.15182747,-0.17253083,-0.20366873,-0.23386425,-0.25949442,-0.28531483,-0.29919615,-0.30155414,-0.31295779,-0.32994246,-0.34220877,-0.34091887,-0.34606257,-0.24693514,-0.29952723,0.30031180,-1.75245631,2.95502687,-1.75245631,-1.75245631,-1.75245631,5.15057802,-1.75245631,2.99319291,1.78028619,0.68026805,-1.16182709,-1.13096583,-1.10505033,-1.07113159,-1.03311801,-1.01255584,-0.97871482,-0.96000361,-0.94156986,-0.91070467,-0.89738357,-0.89324641,-0.89236873,-0.88592893,-0.88557780,-0.87322533,-0.86269468,-0.85228056,-0.83898026,-0.82196701,-0.80687779,-0.78804898,-0.77726722,-0.75570250,-0.74707359,-0.72971916,-0.71801919,-0.69905657,-0.69721311,-0.70741451,-0.72412729,-0.76765549,-0.81760341,-0.86492383,-0.89253581,-0.91294158,-0.94994372,-0.97523063,-0.99209523,-0.96835756,-0.99745840,-1.02373040,-1.02610838,-1.04566014,-1.03708887,-1.04514003,-1.07038796,-1.11383164,-1.14564931,-1.14227080,-1.16769302,-1.26215541,-1.19681430,-1.29469216,-1.10128605,3.52847123,2.66512990
303,FSP_077,0.71794897,0.09615380,0.18589699,-1.67181754,-1.66370702,-1.65385759,-1.64473355,-1.63813674,-1.63119686,-1.62634218,-1.62378848,-1.62079942,-1.61619961,-1.60462081,-1.57597387,-1.51526666,-1.43826592,-1.38937509,-1.36576962,-1.37071288,-1.40928793,-1.44992459,-1.47069263,-1.47995305,-1.49400556,-1.50915480,-1.51432300,-1.52415431,-1.54026544,-1.55312753,-1.56171346,-1.55121815,-1.48336864,-1.27203465,-0.92187715,-0.46231064,0.03027406,0.41705996,0.64808553,0.77124161,0.81898957,0.84781820,0.87361270,0.89738733,0.91762185,0.94085920,0.95686269,0.97306460,0.98997188,1.00770020,1.02428102,1.03902054,1.05023074,1.06561482,1.07643509,1.08137333,1.07037592,1.07402170,1.02602899,0.97009945,0.93787181,0.93684065,0.95148975,0.97118390,0.99755961,1.03738499,1.07606721,1.10996521,1.13672400,1.16028535,1.17892373,1.19032884,1.19287872,1.18760860,1.18507624,1.17499685,1.08377457,0.95686996,0.81504625,0.72984093,0.70883048,0.70147324,0.69441116,0.69899601,0.71574134,0.73820835,0.76369756,0.78836995,0.80748963,0.82046854,0.82539278,0.81983799,0.80236185,0.76626313,0.70833498,0.62565082,0.52221185,0.42516536,0.40080661,0.49736348,0.51516545,0.50225407,0.47673839,0.09695417,-0.34952593,-0.79437262,-0.95726520,-1.02318144,-1.07249558,-1.08204782,-1.05054832,-1.01742840,-0.98071754,-0.93624055,-0.87824553,-0.81553525,-0.75170368,-0.68777549,-0.62556255,-0.56653595,-0.51326555,-0.46180406,-0.41493604,-0.37119317,-0.33002800,-0.29414523,-0.26342827,-0.23745197,-0.21790926,-0.20803437,-0.20693718,-0.21311650,-0.22791971,-0.24720123,-0.26854160,-0.29404253,-0.32442316,-0.35386869,-0.39131597,-0.42641366,-0.45650682,-0.46740749,-0.45236531,-0.38623011,-0.34875348,-0.54965848,-1.52169883,-1.75171983,-1.75245631,-1.75245631,-1.75245631,-1.75245631,-1.75245631,-1.75245631,-1.75058508,-1.33766532,-0.78223020,-1.43851209,-1.59313905,-1.55009127,-1.51083291,-1.48131573,-1.47004616,-1.44005549,-1.41060615,-1.39049447,-1.35495579,-1.33488166,-1.31938195,-1.29305792,-1.26277852,-1.24473071,-1.21740055,-1.18600428,-1.16429496,-1.14443052,-1.12088466,-1.10119402,-1.08926058,-1.07644916,-1.06955159,-1.05333447,-1.03809524,-1.02484500,-1.01742172,-1.01785076,-1.01737058,-1.03770733,-1.05415535,-1.09551752,-1.12442243,-1.14164591,-1.15516055,-1.18666279,-1.22076428,-1.21594441,-1.26388991,-1.28312886,-1.29838002,-1.31529677,-1.36294794,-1.36195910,-1.37508965,-1.45630634,-1.50525022,-1.47036743,-1.58247077,-1.66775501,-1.59529233,-1.57674301,-1.43938899,-0.63701975,-1.07568300
977,CHC_ADFA04_20120226,0.67367202,0.32632801,0.00000000,-1.54290152,-1.54339015,-1.54112208,-1.53253889,-1.52354097,-1.51344657,-1.50992489,-1.50620687,-1.50333893,-1.49773705,-1.49019122,-1.47833455,-1.44836795,-1.40877914,-1.38187587,-1.36148787,-1.35565782,-1.36725378,-1.37912130,-1.38991392,-1.38819206,-1.39020801,-1.39697540,-1.39492750,-1.39490068,-1.40324008,-1.40830362,-1.41358852,-1.40611684,-1.36881602,-1.23799479,-1.05287075,-0.85506225,-0.67654490,-0.55740666,-0.49298987,-0.46999595,-0.44010168,-0.42298976,-0.40632206,-0.39056933,-0.37523592,-0.36200413,-0.34616038,-0.32888287,-0.31424022,-0.29747668,-0.28438359,-0.27061749,-0.25934309,-0.25503388,-0.24342141,-0.23086973,-0.22223051,-0.23715258,-0.22798434,-0.22688690,-0.22494318,-0.21883795,-0.19964512,-0.17638767,-0.15304247,-0.12370129,-0.10895007,-0.08915471,-0.06044775,-0.04307045,-0.02782854,-0.01537069,-0.00454281,-0.00214473,-0.00104110,-0.01404807,-0.02633729,-0.04817372,-0.09124324,-0.10889573,-0.12243021,-0.12507030,-0.12206151,-0.12194804,-0.10491689,-0.07804321,-0.04099502,-0.01094883,0.01160068,0.03280700,0.05161349,0.06509947,0.07451931,0.07270190,0.05304000,0.02682202,-0.01782101,-0.06743199,-0.12559840,-0.25323308,-0.32736686,-0.34948224,-0.49693647,-0.61976188,-0.72581959,-0.78061855,-0.81023282,-0.83174652,-0.83024019,-0.82309359,-0.81349134,-0.78595817,-0.75239247,-0.71813697,-0.68297690,-0.64793086,-0.61224967,-0.58286631,-0.55268466,-0.52714425,-0.50031561,-0.47426262,-0.44742551,-0.42184642,-0.39478108,-0.37446254,-0.35499871,-0.34187874,-0.33170947,-0.33830178,-0.34471846,-0.35609275,-0.37668148,-0.40163502,-0.42793435,-0.44698471,-0.45921621,-0.45343712,-0.45995021,-0.46663377,-0.46413168,-0.46181482,-0.45275784,-0.39094013,-0.39138642,-0.43559346,-0.54727268,-0.55302042,-0.56407422,-0.56855065,-0.70078176,-0.74207383,-0.84328586,-0.98637122,-1.01239526,-1.04641223,-1.03632247,-1.00193119,-0.98757696,-0.93805438,-0.91691792,-0.88751918,-0.86603796,-0.87645775,-0.82746971,-0.81662685,-0.82481092,-0.83215410,-0.84476304,-0.85291761,-0.85009527,-0.84729314,-0.84441483,-0.84869748,-0.83771574,-0.83373910,-0.82778805,-0.81600559,-0.80797863,-0.79699445,-0.78604531,-0.77083093,-0.75180978,-0.73908538,-0.71697152,-0.72958750,-0.75004745,-0.77571493,-0.83264595,-0.87731022,-0.90980405,-0.93991816,-0.96550214,-0.98859084,-0.99333292,-0.97833002,-0.99850547,-1.00814223,-1.01751232,-1.00731039,-1.02250409,-1.04717624,-1.08201587,-1.08976781,-1.08049262,-1.09495270,-1.19635677,-1.21041381,-1.24737275,-1.29649699,-1.23785937,-0.98931396,-0.73645639
557,QUE_T2.01.A,0.00000000,0.83329999,0.16700000,-1.27105963,-1.24363720,-1.21364820,-1.18057287,-1.14670575,-1.11638296,-1.08969796,-1.06423414,-1.03729892,-1.00711226,-0.97529483,-0.94303548,-0.91022736,-0.87707698,-0.84443778,-0.81134176,-0.77787977,-0.74536413,-0.71472281,-0.68353897,-0.65259212,-0.62046129,-0.58688384,-0.55246139,-0.51689810,-0.48067215,-0.44335866,-0.40557778,-0.36638647,-0.32410461,-0.27738112,-0.23012124,-0.18413804,-0.13654734,-0.08992144,-0.04600539,-0.00590914,0.03739246,0.07913422,0.11903508,0.15843391,0.19709735,0.23502386,0.27323213,0.31075066,0.34626088,0.38151726,0.41575298,0.45038065,0.48462668,0.51475364,0.54376942,0.57374328,0.58667171,0.59972262,0.63261002,0.67189693,0.70960033,0.73895061,0.76888198,0.79176825,0.81231737,0.84035134,0.86929423,0.89846039,0.92700011,0.95315051,0.98188239,1.01058125,1.03630710,1.06280243,1.08168912,1.09637046,1.12033463,1.14443231,1.16659367,1.19489193,1.21632290,1.23602939,1.25410223,1.27357304,1.29633355,1.32169569,1.34968805,1.37991798,1.40811300,1.43302476,1.45824564,1.48501897,1.51057112,1.53398025,1.55409884,1.57125270,1.57823575,1.57468021,1.54308808,1.48398852,1.44915819,1.60238898,1.54717672,1.43453693,1.31480420,1.23635221,1.20216250,1.18304241,1.19434953,1.20777667,1.21662533,1.23990965,1.27411032,1.31166983,1.35024452,1.38805878,1.42138362,1.44781291,1.46981013,1.49054599,1.51081669,1.53189659,1.56113124,1.59559739,1.63453650,1.67226934,1.70129335,1.71903288,1.72119176,1.70966363,1.69285750,1.68178034,1.67497134,1.67048931,1.66645157,1.65461302,1.65600872,1.66964865,1.67625892,1.67325008,1.67105210,1.67163038,1.67089975,1.66310728,1.64128494,1.61271453,2.39459777,4.55592155,5.56443691,3.41448903,2.58418798,0.93157935,1.97830379,2.34875655,3.44797993,1.81813729,1.07490981,1.10800827,1.16299558,1.23856628,1.29310143,1.34231722,1.38093007,1.38298750,1.35184240,1.31107402,1.24512160,1.16810751,1.08705902,1.01140165,0.96172124,0.92663270,0.91093910,0.90009266,0.91127521,0.92865598,0.95069253,0.96955323,0.98780507,1.00810289,1.02190661,1.04713392,1.07368910,1.08588982,1.09656870,1.10090768,1.07997036,1.01445448,0.91877413,0.83434612,0.78606761,0.76314014,0.75947285,0.74512857,0.71215677,0.69122529,0.66752237,0.66756165,0.68937051,0.67811084,0.67434394,0.69731277,0.72588128,0.66945523,0.52561575,0.57679546,0.60395670,0.42755911,0.20431449,0.32881978,0.34931090,0.29036120,1.13075435
565,QUE_T2.01.I,0.00000000,0.81819999,0.18200000,-1.33415318,-1.31104040,-1.28583133,-1.25723243,-1.22762132,-1.20150042,-1.17967820,-1.15909052,-1.13701403,-1.11131966,-1.08340514,-1.05497062,-1.02603984,-0.99650836,-0.96719623,-0.93747061,-0.90784383,-0.87926030,-0.85257596,-0.82552099,-0.79876387,-0.77088678,-0.74189794,-0.71246773,-0.68176728,-0.65058345,-0.61829913,-0.58571291,-0.55126762,-0.51374662,-0.47179767,-0.43032026,-0.39115447,-0.35051271,-0.30971074,-0.27178878,-0.23902421,-0.20134099,-0.16475673,-0.13110214,-0.09817244,-0.06616581,-0.03519293,-0.00332992,0.02765453,0.05693482,0.08515647,0.11291221,0.14095436,0.16813807,0.19045304,0.21272232,0.23594494,0.24067754,0.24238743,0.27087131,0.30541578,0.34127867,0.36820155,0.39359027,0.40296501,0.41524348,0.43974245,0.46413273,0.48693934,0.51136655,0.53514004,0.56065196,0.58732802,0.61293459,0.63715380,0.65446281,0.66785008,0.68962502,0.71069694,0.72995430,0.75622928,0.77701658,0.79534769,0.81217200,0.83075833,0.85133988,0.87507463,0.90099204,0.92890680,0.95569038,0.97828031,1.00282300,1.02929389,1.05291688,1.07592189,1.09834933,1.11872292,1.12780833,1.12680614,1.09856153,1.05184340,1.03329742,0.85110593,1.03589380,0.93887866,0.88360423,0.83452916,0.79621100,0.78230983,0.79339236,0.80482149,0.81318611,0.83334464,0.86434966,0.89728266,0.93269700,0.96680772,0.99614424,1.02008927,1.03988862,1.05892885,1.07726967,1.09621036,1.12241971,1.15404737,1.19056046,1.22568059,1.25330734,1.27009618,1.27416849,1.26546228,1.25056756,1.24150777,1.23375046,1.22868741,1.22570109,1.21630347,1.21738160,1.22882199,1.23386729,1.23151660,1.23031616,1.22939408,1.22768593,1.22429597,1.19392908,1.12956727,1.47724640,0.57408220,3.71021819,3.16070342,3.00471330,1.75627363,1.52727246,1.08949161,1.28491473,0.85855877,0.76866436,0.67582035,0.71528023,0.80286038,0.85478210,0.91377556,0.94222230,0.94717127,0.93894345,0.89315820,0.83243901,0.76500571,0.68179142,0.61623144,0.57075822,0.53882420,0.52470046,0.52026004,0.52470869,0.53690886,0.55887431,0.57478076,0.58985710,0.60423833,0.62338394,0.64641190,0.66979134,0.67538893,0.68473816,0.70187777,0.68152010,0.61752927,0.53278953,0.44931653,0.39796177,0.37878275,0.37826434,0.36425263,0.34176108,0.31344804,0.27626324,0.26803771,0.27332538,0.29094270,0.28649899,0.25788212,0.23532839,0.27295423,0.24660911,0.21421275,0.24157222,0.11575015,-0.01912400,-0.03401393,-0.14445969,0.11246277,0.24381055
917,SSI_BAPI10_20120127,0.63166797,0.36833200,0.00000000,-1.62358308,-1.61156869,-1.59517205,-1.57828259,-1.55801237,-1.53905392,-1.52378559,-1.51430702,-1.50732946,-1.50040281,-1.48906422,-1.46749508,-1.42589736,-1.37135410,-1.33349800,-1.31118131,-1.30394697,-1.31721342,-1.34331834,-1.34501326,-1.34846640,-1.35659659,-1.36869562,-1.36963487,-1.37615573,-1.39334345,-1.40688920,-1.42395616,-1.42006433,-1.35604119,-1.17549050,-0.94120008,-0.68857378,-0.46970508,-0.32558510,-0.24363969,-0.20573737,-0.16123375,-0.13159178,-0.10196688,-0.07343110,-0.04864747,-0.01822862,0.00454632,0.02356292,0.04602478,0.07081719,0.09491614,0.11294785,0.13473462,0.16107751,0.17729311,0.20023246,0.18980786,0.23428857,0.21550569,0.19204608,0.18491015,0.18611777,0.19866747,0.22140688,0.25096774,0.28939477,0.33081949,0.35984725,0.40317163,0.43020153,0.45925149,0.48612857,0.50487220,0.52175492,0.52938986,0.56511086,0.52214175,0.45089602,0.34520516,0.26742020,0.24013390,0.22270846,0.21558002,0.22152421,0.25373685,0.29855892,0.35291159,0.40094498,0.44046065,0.47567567,0.50287735,0.52389508,0.52818924,0.51843143,0.48767346,0.42848042,0.35136509,0.26581150,0.19136046,0.08828866,0.30117565,0.38698888,-0.21855351,-0.66042936,-0.75820297,-0.85269886,-0.91115892,-0.92607522,-0.92601353,-0.93002617,-0.90930903,-0.87974787,-0.84133434,-0.80864996,-0.76384389,-0.71748197,-0.67104793,-0.62782151,-0.58573472,-0.54338932,-0.50867748,-0.46390218,-0.42852202,-0.38886997,-0.35000494,-0.31883937,-0.29087621,-0.26957101,-0.25444549,-0.25671047,-0.27411124,-0.30657819,-0.34894934,-0.39528745,-0.43305457,-0.46455765,-0.47758892,-0.46375901,-0.46923414,-0.48440850,-0.48254517,-0.46793863,-0.46057168,-0.56733876,-0.70904177,-0.81739062,0.94868439,0.95541924,-1.75245631,-1.75245631,1.48481846,-1.75245631,0.57008654,1.44392824,2.87839484,-0.88314700,-1.23900449,-1.32883716,-1.27879286,-1.23384154,-1.20157278,-1.18318188,-1.16922629,-1.19223320,-1.13728094,-1.11443412,-1.10993636,-1.11696208,-1.12387276,-1.11695755,-1.10783184,-1.09769821,-1.08901227,-1.07000124,-1.06892967,-1.05748904,-1.04223406,-1.03842688,-1.02274692,-1.00826585,-0.99556726,-0.97834724,-0.96971238,-0.95918137,-0.95665127,-0.96575111,-0.98966408,-1.03342462,-1.08176601,-1.13579261,-1.16622972,-1.18747258,-1.21614361,-1.24870777,-1.24769211,-1.23459816,-1.25693417,-1.27362382,-1.28715885,-1.30306017,-1.29564130,-1.34980023,-1.33311164,-1.36021328,-1.41056132,-1.43932295,-1.45574868,-1.43538046,-1.38545895,-1.43769658,-1.23433125,0.04922873,1.52661383
1139,OPE3_018,0.04487180,0.65384603,0.30128199,-1.47168434,-1.45276117,-1.43235791,-1.40884161,-1.38454378,-1.36322725,-1.34632146,-1.33076143,-1.31333447,-1.29183543,-1.26673722,-1.23925138,-1.20930755,-1.17792022,-1.14710617,-1.11658955,-1.08706796,-1.05986583,-1.03511691,-1.01142645,-0.98838985,-0.96660113,-0.94385737,-0.91995907,-0.89598131,-0.87049651,-0.84467185,-0.81809843,-0.78677416,-0.74521762,-0.69764632,-0.64929169,-0.60123003,-0.55486029,-0.51334858,-0.47561014,-0.43523201,-0.40259236,-0.37224033,-0.33979759,-0.30741352,-0.27647451,-0.24379747,-0.21244992,-0.18164240,-0.15126958,-0.12102193,-0.09101267,-0.06073323,-0.03228125,-0.00426503,0.02432414,0.05283386,0.07331051,0.10050111,0.12589160,0.15346737,0.17945373,0.20521373,0.23175201,0.26148185,0.28997251,0.31713262,0.34495065,0.37047821,0.39555353,0.41715670,0.43940589,0.45941019,0.47890544,0.49602753,0.51524186,0.53763872,0.55350292,0.56164318,0.57216758,0.57773942,0.58762509,0.59765983,0.60799259,0.62081981,0.63671905,0.65389371,0.67303652,0.69205594,0.71086431,0.72985029,0.74387467,0.75329053,0.76095933,0.76768178,0.76940733,0.76884407,0.76486802,0.76261592,0.76853722,0.65783846,0.53041726,0.50006318,0.49551824,0.52547830,0.45445135,0.36771587,0.29600087,0.24813272,0.23902257,0.23385175,0.25294432,0.27873760,0.30402914,0.33346051,0.37060979,0.40808582,0.44245896,0.47284555,0.50167441,0.52622855,0.55048841,0.57316625,0.59587914,0.62307709,0.64817089,0.67036188,0.69026709,0.70366549,0.70948535,0.70764858,0.70403993,0.69767809,0.68974072,0.69030213,0.68507779,0.67195934,0.66495007,0.66138279,0.65139925,0.64639252,0.63560796,0.59656858,0.60113806,0.55232078,0.64181930,-0.18041724,-1.38130391,-0.00589990,-1.42470765,-1.75147259,-1.75205314,-1.56384122,-1.35264301,-0.86282456,-0.31979072,1.07731295,0.26104012,-0.34270996,-0.39399755,-0.35669705,-0.27944672,-0.23060632,-0.18267660,-0.15071730,-0.09077743,-0.05086699,-0.05611446,-0.04874458,-0.06307802,-0.05489994,-0.05008788,-0.05164259,-0.03798109,-0.03825279,-0.00917385,0.01426941,0.02426969,0.03894051,0.04384909,0.06499289,0.07772466,0.07731985,0.08769070,0.12155189,0.12440526,0.12286586,0.12013964,0.06932874,0.00218914,-0.03167849,-0.05945432,-0.05497216,-0.08347650,-0.10993882,-0.14280495,-0.16849262,-0.20300624,-0.22489749,-0.24165893,-0.24579670,-0.28680071,-0.30730423,-0.34418380,-0.46186307,-0.40215528,-0.30888185,-0.37822473,-0.82000822,-0.27963558,-0.42550951,-0.95876795,-0.94523591,-1.20208704
67,Resop132,0.04142010,0.53846198,0.42011800,-1.46310019,-1.43845212,-1.41033292,-1.37687171,-1.34032691,-1.30742025,-1.28058672,-1.25633121,-1.23055577,-1.19894469,-1.16105652,-1.11943889,-1.07215452,-1.01797020,-0.95696270,-0.88591939,-0.80559117,-0.72381532,-0.64908731,-0.58423054,-0.53550851,-0.49470946,-0.46949881,-0.43248275,-0.39958262,-0.37029999,-0.34131467,-0.31343496,-0.27734137,-0.22302924,-0.15640277,-0.09324726,-0.03481617,0.01713586,0.05987233,0.09598225,0.13252631,0.15426376,0.17453416,0.19421850,0.21181081,0.22794075,0.24256553,0.25471264,0.26595083,0.27822718,0.29013777,0.30220330,0.31544587,0.33104527,0.34837908,0.36528775,0.38177973,0.40002272,0.41758651,0.43441176,0.44898117,0.46446392,0.48087525,0.49813893,0.54126745,0.59281695,0.61347026,0.63265258,0.65866441,0.67700016,0.69353330,0.71286118,0.72755307,0.75073594,0.77599311,0.79746145,0.82210672,0.85765523,0.87305969,0.88333964,0.89030379,0.89756262,0.90813941,0.91985625,0.93391842,0.95012712,0.96801299,0.98476064,1.00453448,1.02392042,1.04517460,1.06080627,1.07185602,1.08411586,1.08738720,1.09374464,1.10110426,1.10912013,1.11513793,1.10370159,1.09809923,1.13784897,1.14814806,1.04538476,0.92690450,0.82358593,0.77928483,0.76957071,0.75640905,0.75359923,0.76554513,0.77871382,0.79482275,0.81909543,0.84723997,0.88207287,0.91287595,0.94143254,0.96722770,0.99172175,1.01403451,1.03367841,1.05310166,1.07409835,1.10068119,1.12645137,1.14953494,1.17113531,1.18854153,1.20009899,1.20450044,1.20410311,1.20053518,1.19656265,1.19422865,1.18760204,1.17830002,1.17793047,1.18073487,1.18043971,1.17369199,1.17980468,1.23145533,1.23459995,1.25173473,1.21658742,1.16681361,1.03776574,-0.77771723,0.32405773,0.33270559,0.39642319,1.36301374,0.46302396,-0.35069898,-0.41393757,0.35818642,0.35322502,0.37053174,0.50269789,0.53841472,0.57323402,0.62431860,0.69479865,0.75933170,0.80349046,0.85725909,0.83899599,0.81255573,0.79662025,0.80003798,0.76571411,0.75232524,0.76225764,0.79093784,0.80216855,0.84372085,0.86302376,0.87681490,0.88271165,0.85924757,0.85277963,0.82822013,0.82821614,0.80358303,0.81982094,0.85189730,0.84409714,0.77202994,0.72959977,0.66597635,0.65451473,0.65837157,0.67741013,0.66411781,0.60399902,0.56895787,0.52722609,0.46048787,0.38252997,0.48220977,0.38691384,0.34095496,0.59239084,0.54172653,0.53010130,0.42741001,0.28750187,0.17313978,0.20917749,0.23286662,0.29819104,-0.01506651,-0.97285050
426,QUE_T1.01.J,0.00000000,0.96969998,0.03000000,-1.34624612,-1.32635939,-1.30324578,-1.27721441,-1.25052845,-1.22648942,-1.20499003,-1.18422318,-1.16216850,-1.13735199,-1.11082888,-1.08410513,-1.05709779,-1.02985895,-1.00239515,-0.97466201,-0.94660556,-0.91949844,-0.89393151,-0.86737758,-0.84140474,-0.81412870,-0.78500426,-0.75449431,-0.72293794,-0.68985254,-0.65697616,-0.62381363,-0.58804345,-0.54674590,-0.50338900,-0.46132377,-0.41480595,-0.37385276,-0.33817220,-0.30066732,-0.25940913,-0.22440013,-0.19011778,-0.15346386,-0.11766163,-0.08047659,-0.04137797,-0.01059253,0.01768054,0.04738608,0.07772991,0.10797242,0.13997707,0.17450845,0.21312174,0.24629265,0.27457649,0.31738809,0.35921410,0.38490760,0.39867765,0.40732902,0.42208281,0.44212523,0.47430468,0.50639910,0.53217345,0.55827874,0.58441377,0.61143857,0.63889569,0.66697037,0.69409072,0.72108793,0.75463557,0.79658753,0.85958624,0.89775032,0.90232891,0.91326088,0.90695328,0.90836328,0.92006356,0.93431485,0.95099586,0.97065216,0.99159718,1.01516736,1.04240370,1.07231998,1.10079944,1.12765920,1.15290964,1.18264389,1.21372092,1.24144804,1.26552927,1.29251647,1.31250060,1.34718370,1.41823757,1.33770847,1.59498060,1.58036375,1.51386607,1.31383657,1.15895450,1.05535829,1.01659727,0.97400886,0.95890659,0.97115910,0.97350472,0.97082210,0.97607613,0.99924779,1.02850437,1.05486727,1.07716572,1.09804320,1.11874866,1.13853514,1.16050363,1.18809652,1.22505939,1.26674259,1.30407465,1.33402109,1.35405529,1.36298084,1.35487354,1.33871508,1.32821274,1.32475531,1.32169569,1.31907594,1.30944622,1.31312370,1.32979143,1.33622479,1.33927023,1.34977126,1.36918700,1.39657664,1.45207620,1.54440808,1.58031285,2.15374851,3.55864120,2.44385672,0.48858729,1.39920807,0.91115767,2.46005058,1.84775007,2.21287608,1.58773458,1.13807046,0.88620222,0.88713199,0.91649675,0.93606001,0.96113908,0.99006444,1.02140975,1.02429903,0.97886133,0.90609175,0.83166981,0.75144714,0.68335176,0.63097912,0.58931696,0.57138669,0.56015390,0.56265211,0.58288288,0.60036933,0.61839169,0.63395602,0.65966827,0.68497682,0.70743191,0.72716600,0.74416167,0.75856650,0.76507372,0.74148017,0.67821974,0.59420520,0.49084574,0.43979082,0.43497455,0.44447714,0.42561573,0.40044084,0.36277786,0.33027142,0.33470345,0.36847454,0.38621104,0.36708391,0.38843396,0.45212841,0.45259050,0.44484267,0.41163343,0.35776922,0.22809337,0.12843692,0.09220207,0.17128101,-0.26680601,-0.52011222
28,Resop088,0.04142010,0.01183430,0.94674599,-1.41979527,-1.39512491,-1.36742938,-1.33455169,-1.29984558,-1.27049553,-1.24910152,-1.23025930,-1.20740342,-1.17713118,-1.13911891,-1.09472132,-1.04520249,-0.99310541,-0.94038022,-0.88709587,-0.83511209,-0.78949773,-0.75082886,-0.71972823,-0.68993086,-0.66364801,-0.64421237,-0.62376326,-0.60129791,-0.58543795,-0.57848918,-0.57696807,-0.55216467,-0.47699794,-0.38635933,-0.31638333,-0.26926741,-0.21972713,-0.17435758,-0.14127479,-0.11068732,-0.09217624,-0.07095730,-0.05306512,-0.03574229,-0.02333259,-0.01472843,0.00570124,0.02749058,0.04362343,0.05851897,0.07274023,0.08617269,0.09530272,0.09484193,0.10440528,0.12095462,0.10028071,0.08781971,0.10834287,0.13674916,0.17751911,0.20151465,0.22602260,0.24301964,0.25870341,0.27272496,0.28669906,0.30245128,0.31452665,0.32959595,0.34041834,0.35344237,0.36061454,0.35859847,0.33445150,0.28301001,0.27869859,0.29454830,0.31973508,0.36618897,0.39838317,0.41383743,0.42959645,0.44199643,0.45655438,0.47363576,0.48903158,0.50218767,0.51260716,0.52221721,0.53070968,0.53642642,0.53731036,0.53419393,0.52425665,0.50861311,0.47678539,0.43349722,0.33475181,0.34156850,0.10662036,0.07170275,0.01906393,-0.09657146,-0.13402715,-0.09198880,-0.07211246,-0.06500890,-0.03669949,-0.01411655,0.00021257,0.05814432,0.12751292,0.18923268,0.23884447,0.28572071,0.32608667,0.36029318,0.39031073,0.41629079,0.44063899,0.46136829,0.47964168,0.49468994,0.51079041,0.52456468,0.53392822,0.54484832,0.55514598,0.56066203,0.56748968,0.57053804,0.57074046,0.56816441,0.56645823,0.55995756,0.54880166,0.53755486,0.52319068,0.50089288,0.47470900,0.39835653,0.36250767,0.29323012,0.14607540,-0.04181093,-0.76752079,-1.70136344,-1.53240836,-1.15895283,-1.64326298,-0.93263459,-1.21743119,-1.72608221,-1.55653596,-1.09194469,-0.96725243,-0.70656294,-0.68812937,-0.60307699,-0.47831357,-0.41990829,-0.35429898,-0.30427733,-0.23213789,-0.18176253,-0.12456314,-0.07377876,-0.06011680,0.00158439,0.03866063,0.09232033,0.14722659,0.17383066,0.19415434,0.23564555,0.24547838,0.28077611,0.27425113,0.24113353,0.22937532,0.19542274,0.16667311,0.15342741,0.17751981,0.19113083,0.19729389,0.21424197,0.22588354,0.16081060,0.15314296,0.15839113,0.18237849,0.14460939,0.08324908,0.05265564,0.04654972,-0.02928122,0.03875692,0.03358774,-0.05799567,-0.01291114,-0.22972508,-0.35806125,-0.24743448,-0.42145446,-0.26075301,-1.03996801,-1.52756679,-1.08146977,-1.70987713,-1.65130281,-1.73035467
1388,QUE_T3.06.C,0.00000000,0.00000000,1.00000000,-1.20735598,-1.17380512,-1.13655245,-1.09347820,-1.04909897,-1.01417196,-0.98958558,-0.96740609,-0.94051266,-0.90580320,-0.86552787,-0.82466304,-0.78476471,-0.74502784,-0.70514202,-0.66453415,-0.62405074,-0.58590305,-0.55283707,-0.52117473,-0.49407607,-0.46853718,-0.44189265,-0.41395429,-0.38566041,-0.35489085,-0.32550141,-0.29600611,-0.26164523,-0.21735044,-0.17318268,-0.13287269,-0.08487099,-0.04664543,-0.01879480,0.01342685,0.05699079,0.08587049,0.11159894,0.14402895,0.17462613,0.20746562,0.24346021,0.26588538,0.28430343,0.30578274,0.32900044,0.35214198,0.37671480,0.40604731,0.44360816,0.47196445,0.49463525,0.54645580,0.60341567,0.61712539,0.61349922,0.60551631,0.61165541,0.61780977,0.61959863,0.62142938,0.64106160,0.65770006,0.67275751,0.68896055,0.70601273,0.72169626,0.74086106,0.76097310,0.78641981,0.82286441,0.89845520,0.94550508,0.93591440,0.92952752,0.90222979,0.88835806,0.89188397,0.90264064,0.91134745,0.92109728,0.92937237,0.93551332,0.94379240,0.95521009,0.96936154,0.98280841,0.98918450,0.99974114,1.01444685,1.03213704,1.05206048,1.08095825,1.10949004,1.17284501,1.54397357,2.50241470,2.55705500,2.64523363,2.03833365,1.46113002,1.25755262,1.19492376,1.17326593,1.11757028,1.08687019,1.10082841,1.09146893,1.06730533,1.04967821,1.04822659,1.05388558,1.06073987,1.06980336,1.07978010,1.08989942,1.10264182,1.11345208,1.12161338,1.13260281,1.14074612,1.14637685,1.15311825,1.15885258,1.16388929,1.16689169,1.16788960,1.16866601,1.17072678,1.17368686,1.17671204,1.17717946,1.17857087,1.18054318,1.18442571,1.18932521,1.20358634,1.22936189,1.26327574,1.33360386,1.47304130,1.66489148,1.40115869,1.21776795,2.53621697,2.63926363,1.82742679,4.30809069,4.48528576,2.10088563,2.84033346,1.97878408,1.55642879,0.79653239,0.79852605,0.81879604,0.77380151,0.78673929,0.82263839,0.87123436,0.94485980,0.95574224,0.95191908,0.95363665,0.96134216,0.96751380,0.97691864,0.98219860,0.98327208,0.99174607,0.99492908,1.00720668,1.01446474,1.01428831,0.99468064,0.98436755,0.96870971,0.96959853,0.95458674,0.93401051,0.92538297,0.95399499,0.97314996,0.96725905,0.95028394,0.91764265,0.90722251,0.88400036,0.87813818,0.88399589,0.85761529,0.83923393,0.83099365,0.82152778,0.81049782,0.78669959,0.79589784,0.79820979,0.77804679,0.76062793,0.74995065,0.69097078,0.67155778,0.49905139,0.40067223,0.48441938,0.66179603,0.21839119,-0.83894128
943,CHC_CEME10_20120128,0.75228900,0.24771100,0.00000000,-1.58092105,-1.58272016,-1.57417631,-1.56057167,-1.54727423,-1.53809166,-1.52990389,-1.52677536,-1.52320635,-1.52215421,-1.51498187,-1.49594104,-1.44726861,-1.37240982,-1.32131779,-1.29161251,-1.29175127,-1.32644200,-1.36737347,-1.38778496,-1.39323235,-1.40675712,-1.42386580,-1.42723715,-1.43094981,-1.44966316,-1.46358037,-1.47927451,-1.47553527,-1.41259038,-1.17592609,-0.78615743,-0.30636901,0.18628161,0.54713362,0.74398285,0.80390179,0.88277125,0.91318375,0.93764722,0.96384227,0.98739213,1.00618732,1.02444184,1.04518652,1.06355810,1.08297884,1.10188806,1.11785448,1.13024926,1.13040709,1.13798797,1.14520228,1.14176309,1.10767853,1.07341051,1.01172650,0.98203528,0.97390693,0.98693800,1.02828491,1.03672898,1.08839262,1.12424111,1.16886091,1.21147740,1.23851717,1.25495017,1.27136064,1.27556431,1.26997602,1.26056445,1.20904136,1.12776983,1.00985861,0.83559793,0.73177546,0.68217897,0.65178323,0.63115913,0.62665278,0.65099841,0.69775850,0.74769479,0.79023528,0.83123207,0.85881728,0.87954962,0.88074535,0.86065692,0.82241285,0.75031221,0.64331931,0.50687397,0.35852134,0.22852060,0.09493344,-0.13875203,-0.25524366,-0.60022348,-0.89806777,-1.06211829,-1.14546216,-1.18621814,-1.20483255,-1.20952308,-1.20525098,-1.19526172,-1.16468906,-1.12772393,-1.08941245,-1.04718411,-1.00110424,-0.95728451,-0.91235036,-0.87211579,-0.83143210,-0.79647911,-0.75471330,-0.71910083,-0.68517011,-0.64806497,-0.62011260,-0.59065199,-0.57151759,-0.56893134,-0.57232183,-0.57376212,-0.57172710,-0.58161044,-0.60300958,-0.63155305,-0.65887988,-0.68225747,-0.69224387,-0.71138376,-0.73468339,-0.74668664,-0.75125283,-0.75729144,-0.81568521,-0.77997541,-0.87740517,-0.81889784,-0.82066405,-0.86024058,-0.89152980,-1.07415771,-1.30506504,-1.31729543,-1.39732289,-1.50318837,-1.45456135,-1.44102192,-1.44130182,-1.41811585,-1.41189241,-1.38868165,-1.38629770,-1.37295043,-1.36970913,-1.34502113,-1.33807445,-1.33458149,-1.32686198,-1.32899201,-1.31842506,-1.31433892,-1.31388736,-1.31611228,-1.30616498,-1.29649949,-1.28988481,-1.28204548,-1.27772534,-1.26688647,-1.25852144,-1.24153864,-1.23360717,-1.22756076,-1.21607971,-1.20263803,-1.20072353,-1.19045925,-1.22601104,-1.24415028,-1.26269341,-1.29205549,-1.30580413,-1.32480097,-1.31894040,-1.32776010,-1.36249733,-1.35990095,-1.38276553,-1.40068102,-1.39761341,-1.41645265,-1.42676306,-1.45019448,-1.45372939,-1.42851698,-1.47675812,-1.54270744,-1.50388598,-1.53637612,-1.48929763,-1.36377168,-1.05442595,0.57374001
536,QUE_T1.12.J,0.00000000,0.33329999,0.66700000,-1.19150984,-1.15625882,-1.11855280,-1.07566106,-1.03257525,-0.99723285,-0.97053993,-0.94663125,-0.91901594,-0.88454211,-0.84476286,-0.80323392,-0.76153427,-0.71963322,-0.67833710,-0.63732964,-0.59667975,-0.55896020,-0.52509302,-0.49279845,-0.46280333,-0.43388379,-0.40397316,-0.37207744,-0.34001181,-0.30773652,-0.27611482,-0.24483284,-0.20774257,-0.15820265,-0.10233896,-0.05003296,0.00286260,0.05081884,0.09339825,0.13544092,0.17947792,0.21444483,0.24773493,0.28294155,0.31625196,0.35076207,0.38572094,0.41397554,0.44038376,0.46738330,0.49437958,0.52123559,0.54873717,0.57763684,0.61013436,0.63681912,0.66107339,0.68981761,0.71732032,0.73605812,0.75312716,0.76871532,0.78329402,0.80218118,0.83340520,0.86923933,0.89094555,0.91278177,0.93697459,0.95967877,0.98166853,1.00381207,1.02653527,1.04886556,1.07358253,1.10072672,1.13874614,1.16627157,1.17563224,1.18426025,1.18892980,1.19625902,1.20917368,1.22417235,1.23956299,1.25654817,1.27356923,1.29131258,1.31023610,1.33070934,1.35088074,1.36865461,1.38343453,1.40144217,1.41680110,1.43211937,1.44555938,1.46020496,1.47347069,1.48847616,1.51072443,1.61655879,1.50945556,1.53560781,1.52458608,1.44949901,1.40557909,1.38066006,1.37118089,1.36018157,1.35900390,1.37383497,1.38307607,1.39093530,1.39946699,1.41689944,1.43675721,1.45520151,1.47165859,1.48744869,1.50325918,1.51836026,1.53393698,1.55156088,1.57286859,1.59341252,1.61124516,1.62756741,1.64032614,1.64724994,1.64778984,1.64487433,1.64165843,1.64177895,1.64242244,1.64164138,1.63878882,1.64047766,1.64781904,1.65324712,1.65547585,1.66171944,1.67507565,1.68839836,1.71355224,1.74902964,1.77086329,2.51921678,1.76541924,1.69103026,5.32404852,3.69820499,2.70281887,2.09075141,2.91705585,2.67038941,1.75720263,1.42689657,1.36055386,1.35167158,1.35800266,1.38175619,1.40726626,1.43895698,1.47775781,1.50437605,1.48622966,1.44209337,1.39860296,1.36065316,1.33102322,1.30778050,1.29123867,1.27863228,1.27957380,1.28609872,1.29924548,1.30735040,1.31140196,1.30929863,1.31434679,1.31703460,1.32001173,1.32046533,1.31253457,1.31093776,1.33842432,1.33962286,1.30992699,1.25310171,1.20091069,1.16826987,1.15652192,1.14688945,1.13610351,1.11090243,1.09402466,1.07669318,1.04950476,1.05211592,1.05445051,1.05401134,1.08626652,1.04802740,1.09121299,1.08429885,0.97720987,1.01562726,0.99405569,0.85185009,0.82214946,0.66142511,0.10151942,0.74029452
173,NF_021,0.07692310,0.26923099,0.65384603,-1.14996922,-1.11515200,-1.07584000,-1.02912390,-0.98087835,-0.93881422,-0.90797108,-0.88154191,-0.85143119,-0.81123573,-0.75919777,-0.69645876,-0.62326455,-0.54772586,-0.47967660,-0.41928765,-0.36973497,-0.33472937,-0.30840319,-0.28145427,-0.25326052,-0.23258078,-0.21484672,-0.18958302,-0.16449742,-0.14906806,-0.14528017,-0.14992803,-0.11835530,-0.00401308,0.15819213,0.29120097,0.40003160,0.49419492,0.56436551,0.61739653,0.66808659,0.71175760,0.73993111,0.77486122,0.80893075,0.83836985,0.87275189,0.90234429,0.92848164,0.95216376,0.97778434,1.00211477,1.02720928,1.05114591,1.07773805,1.10127366,1.12526286,1.12673414,1.16136038,1.17839253,1.19835782,1.22089636,1.24113977,1.26146019,1.26150417,1.25748467,1.27765870,1.29744446,1.31572032,1.33270943,1.34996569,1.36620104,1.38360429,1.39901221,1.41207623,1.42092955,1.43374372,1.45119977,1.45889544,1.46329844,1.46965194,1.47748637,1.48848009,1.49891365,1.51138604,1.52513230,1.53888249,1.55652297,1.56827998,1.58350730,1.59615600,1.60890722,1.61613297,1.62049508,1.62419760,1.62554860,1.62510407,1.61958051,1.60776317,1.57125401,1.42076147,1.33797216,1.51329458,1.60776293,1.48503017,1.28625679,1.19435537,1.18280518,1.18908358,1.19336224,1.19467175,1.22342873,1.24856472,1.28286147,1.32045114,1.35796940,1.39422560,1.42612374,1.45497453,1.48363376,1.50528717,1.52795660,1.55222857,1.56915689,1.59130466,1.61398685,1.63029981,1.64309764,1.65653205,1.66710091,1.67049968,1.67075694,1.67108369,1.66798806,1.66345322,1.65926445,1.65411103,1.64128840,1.63576472,1.62902999,1.62219346,1.60006166,1.51014566,1.50910211,1.53556347,1.66373014,1.83585286,0.61010146,-1.54995561,-1.22991264,1.60763669,-1.25365031,-0.21672337,-0.36763653,-0.07873374,-0.96179497,0.01135667,0.16687493,0.46980861,0.53613198,0.65061277,0.71370542,0.75677502,0.80253386,0.87467915,0.99293828,1.01088393,0.99902296,1.00268650,1.01373601,1.03655219,1.04133224,1.04284394,1.06460464,1.08042336,1.09432781,1.11583161,1.11835206,1.13233078,1.11691487,1.10767031,1.10784078,1.10021627,1.08795118,1.07465279,1.07192731,1.13482010,1.15663016,1.13827670,1.11093497,1.05891085,1.04048991,1.00093639,0.96267438,0.93724662,0.90730059,0.87176913,0.85448438,0.84654909,0.81427008,0.77553177,0.77390623,0.73465836,0.61630952,0.67032939,0.46880221,0.37040880,0.40101019,0.33029759,0.44228905,0.26557243,-0.38940203,0.08528198,-0.50005478
1413,QUE_T3.09.F,0.00000000,0.43000001,0.56999999,-1.24888861,-1.21910644,-1.18597257,-1.14818168,-1.10949457,-1.07650542,-1.04975486,-1.02443063,-0.99626642,-0.96312684,-0.92644978,-0.88931710,-0.85223806,-0.81476033,-0.77730459,-0.73904353,-0.70025915,-0.66255093,-0.62825036,-0.59380442,-0.56216764,-0.53047979,-0.49669445,-0.46147802,-0.42531821,-0.38643098,-0.34862706,-0.31019151,-0.26830706,-0.21969160,-0.17024599,-0.12299967,-0.06893598,-0.02232572,0.01557683,0.05644109,0.10525777,0.14320251,0.17949240,0.22053206,0.25955811,0.30102444,0.34424224,0.37563032,0.40356779,0.43366012,0.46510175,0.49680534,0.52960700,0.56516063,0.60739684,0.64169031,0.66995704,0.71349061,0.75692111,0.77670199,0.79162431,0.80167866,0.81693798,0.83261031,0.85306567,0.87619573,0.90412968,0.92883688,0.95294040,0.97992545,1.00433588,1.02787745,1.05284667,1.08341730,1.11708546,1.16339195,1.22847259,1.26494145,1.26721704,1.26835096,1.25294352,1.25189245,1.26400828,1.27809107,1.29318774,1.30928886,1.32539284,1.34404981,1.36472487,1.38837242,1.41166282,1.43318808,1.45130229,1.47169113,1.49635208,1.52288067,1.54865944,1.57731605,1.60179329,1.66335833,1.90101802,2.03152609,1.82838452,2.00122213,1.84091079,1.65621305,1.51342428,1.44182432,1.41173804,1.36933291,1.35041392,1.36320865,1.36335242,1.35558760,1.35444093,1.37083685,1.38997710,1.40893710,1.42713761,1.44415617,1.46192443,1.47792816,1.49527299,1.51584637,1.54108036,1.56730330,1.59147274,1.60984004,1.62274623,1.62824845,1.62192500,1.61000812,1.60327268,1.60074604,1.60099375,1.59965456,1.59263408,1.59563804,1.60489106,1.60956514,1.61259091,1.62243545,1.63852119,1.66190553,1.71012115,1.83631229,1.85577977,0.26170975,-1.41528702,-1.23215628,0.26837215,0.42491105,-1.16186905,1.83936238,2.46761465,1.95434117,1.69611883,1.41873181,1.11831164,1.10435033,1.13601661,1.14221406,1.17280614,1.21021140,1.25387764,1.26877010,1.25043285,1.21451855,1.17060685,1.12938154,1.09446335,1.06326520,1.04297888,1.03307521,1.02838373,1.03083587,1.04619992,1.06278145,1.06846988,1.06808341,1.07325375,1.08017278,1.08953464,1.09373081,1.09421718,1.09916174,1.12138247,1.10657835,1.07039690,1.00943744,0.94263083,0.90576530,0.89566529,0.88684404,0.86766475,0.84034479,0.79748923,0.77536905,0.78502733,0.79052556,0.78913051,0.78680569,0.73023266,0.74574488,0.74804562,0.74590522,0.67425984,0.57126355,0.60655075,0.47848007,0.23535363,0.16147940,0.13348702,-1.01079679
590,QUE_T2.04.D,0.00000000,0.51520002,0.48500001,-1.33165407,-1.30752730,-1.28043354,-1.24936450,-1.21799028,-1.19137347,-1.16952693,-1.14853680,-1.12552536,-1.09841180,-1.06894267,-1.03927934,-1.00933564,-0.97980213,-0.95016402,-0.91937184,-0.88841492,-0.85874367,-0.83133417,-0.80502260,-0.77825379,-0.75004941,-0.72115439,-0.69205773,-0.66122985,-0.63042325,-0.59694278,-0.56325430,-0.52830821,-0.49300671,-0.45576766,-0.41771939,-0.38701153,-0.34898898,-0.30650634,-0.27015615,-0.23962019,-0.20272543,-0.16902527,-0.13862827,-0.10794906,-0.08168644,-0.05821443,-0.02514473,0.00865908,0.03825676,0.06531098,0.09209771,0.11789032,0.13894555,0.15284988,0.17228962,0.19396515,0.18859707,0.18704459,0.21415175,0.25711599,0.30381900,0.33441034,0.36293584,0.36713812,0.36840442,0.38897711,0.41038936,0.43025741,0.44883788,0.46859583,0.48899281,0.50708365,0.52287000,0.52953851,0.52106100,0.48409778,0.48670700,0.52128655,0.54946661,0.60357690,0.64155030,0.66241771,0.68002921,0.69741678,0.71781749,0.74007040,0.76410192,0.78636163,0.80534804,0.82076186,0.83813077,0.85664088,0.87078208,0.87880969,0.88145143,0.88129461,0.86596185,0.83992386,0.76266640,0.85974443,1.05988073,0.69610351,0.42418605,0.40902677,0.42369455,0.47139066,0.50679874,0.52032197,0.57571870,0.61151874,0.61811310,0.65642583,0.71870375,0.77477729,0.81632799,0.85095614,0.87997478,0.90289891,0.92152733,0.93701011,0.95046884,0.96599412,0.98594677,1.00670815,1.02945483,1.05199087,1.06878972,1.07979178,1.08269203,1.07879591,1.07174110,1.06762195,1.06365716,1.05987048,1.05610824,1.04850626,1.04560602,1.04952133,1.04936409,1.04210615,1.02552867,1.00447977,0.97419977,0.90843785,0.80170202,0.70346266,1.03176308,2.57359529,2.02950263,1.99072814,-1.02294874,0.09376811,0.13954294,-0.40563139,-0.79659212,-0.19863930,0.06364410,0.28361887,0.39107570,0.47391975,0.57543659,0.63898033,0.68346745,0.69517893,0.70914668,0.71811312,0.71181393,0.67970389,0.63363540,0.59894484,0.58324891,0.57607138,0.56875312,0.57140821,0.57977420,0.59538180,0.61105174,0.61952174,0.61860508,0.62229836,0.62675840,0.63969922,0.63906443,0.64635533,0.64686763,0.66471636,0.66197830,0.63016695,0.58030635,0.52247643,0.47380102,0.45494545,0.44485062,0.44423524,0.41769356,0.38002473,0.36354187,0.36066410,0.33893469,0.32453242,0.33354068,0.31257671,0.30965337,0.26479718,0.28659108,0.19466665,0.14461547,-0.01913078,0.15413545,0.17749329,-0.08051293,-0.52210456,-1.53803253
1182,SF_023,0.06410260,0.92948699,0.00641026,-1.43325269,-1.40602231,-1.37408149,-1.33998644,-1.30837548,-1.27905774,-1.24993491,-1.22128081,-1.19278431,-1.16406667,-1.13478780,-1.10241187,-1.06335080,-1.02076495,-0.98445213,-0.95274746,-0.92531306,-0.90394515,-0.88515377,-0.86153519,-0.83484870,-0.80961776,-0.78423488,-0.75563276,-0.72839785,-0.70349383,-0.67884004,-0.65450466,-0.62439758,-0.57494438,-0.49748933,-0.41034248,-0.32316679,-0.25161818,-0.20376816,-0.16635817,-0.12627736,-0.09758838,-0.07599559,-0.04738678,-0.01925254,0.00756387,0.03944219,0.06366618,0.08514093,0.10621158,0.13001488,0.15331604,0.17730363,0.20116489,0.23198853,0.25626710,0.27856934,0.30025128,0.34590164,0.36304989,0.37346888,0.37923360,0.39194652,0.40731454,0.41678113,0.42878917,0.45183346,0.47470692,0.49737376,0.51835734,0.54086059,0.56413555,0.58738410,0.61023629,0.64052540,0.66886228,0.73731881,0.78201538,0.77638948,0.78358477,0.77171230,0.77175462,0.78751338,0.80749547,0.82839561,0.85156149,0.87651873,0.90167123,0.93128210,0.96188253,0.99419361,1.02670908,1.04963863,1.07292879,1.09654248,1.12355697,1.15037096,1.17263746,1.18370712,1.17440009,1.12065911,0.97751957,1.15868926,1.21058977,1.08992279,1.19162357,0.96812660,1.03030658,0.98059505,0.94434655,0.93456465,0.96154881,0.98775297,1.00405538,1.02075815,1.06227612,1.10826862,1.15081799,1.19271600,1.23100698,1.26934099,1.30841684,1.34839272,1.38868511,1.43854523,1.49233115,1.53605330,1.57608688,1.60837018,1.62941730,1.63863564,1.63980150,1.64066207,1.63817668,1.63398397,1.63305211,1.62375617,1.62935770,1.65183246,1.66261792,1.66641140,1.68260610,1.65896487,1.63462508,1.68202555,1.47138584,0.01969065,-0.95192301,-1.58268762,-1.47154737,-1.66006613,-1.75150597,-1.43685722,-1.25785935,-1.73653674,-1.63510358,-1.74091280,-0.84481627,0.15110727,0.52136463,0.83694041,0.95986438,1.04261303,1.11869049,1.15005052,1.25094140,1.22224367,1.09917510,1.01822674,0.94857758,0.88382107,0.85205740,0.80488390,0.80348277,0.81438810,0.82857114,0.85126370,0.87501734,0.89108533,0.91782027,0.94273341,0.98841792,1.01703131,1.03652656,1.06148875,1.08552468,1.08905220,1.05281770,0.94297183,0.82747453,0.74995464,0.68486041,0.65489501,0.62557673,0.61585373,0.57192308,0.51690221,0.55208242,0.55613440,0.52244812,0.53697711,0.60442930,0.66492486,0.61712402,0.44608912,0.26944867,0.26563528,0.21197349,-0.23062152,0.03972545,0.20952199,0.60972375,-0.97680134,-1.12473190
236,FSP_005,0.00000000,0.85256398,0.14743599,-1.48157954,-1.43868661,-1.38665020,-1.33096826,-1.27650154,-1.22494328,-1.17694950,-1.13061535,-1.08491933,-1.03819203,-0.99028051,-0.94186002,-0.89274311,-0.84331697,-0.79366219,-0.74367338,-0.69287467,-0.64310569,-0.59409213,-0.54495019,-0.49574494,-0.44627398,-0.39575127,-0.34450984,-0.29661986,-0.25052473,-0.20444058,-0.16029105,-0.10600462,-0.02603696,0.06237032,0.13865748,0.20689604,0.26857665,0.32436320,0.37846419,0.43412217,0.48527595,0.53249156,0.58103210,0.62854171,0.67424887,0.71990508,0.76178014,0.80118763,0.83892047,0.87638319,0.91229028,0.94772708,0.98200840,1.01652527,1.04687405,1.07529926,1.09270477,1.11559153,1.13445628,1.15464449,1.17417014,1.18954003,1.21141994,1.23567235,1.26559079,1.29338312,1.32087648,1.34699607,1.37280202,1.39527833,1.41906846,1.44311631,1.46262586,1.48518634,1.50296021,1.52119040,1.52667046,1.51498437,1.49732387,1.48472679,1.48619688,1.49351776,1.50179303,1.51133490,1.52855670,1.55239081,1.57951951,1.60825980,1.63675773,1.66155005,1.68456113,1.70118141,1.71675622,1.73001850,1.73403358,1.72729170,1.70869315,1.67719102,1.62670147,1.48085713,1.28259456,1.29851556,1.38987911,1.48108292,1.27722538,1.04375315,0.92480314,0.88650584,0.85487819,0.84566003,0.85741800,0.88113004,0.91254312,0.94588977,0.99288315,1.03896499,1.07937884,1.11283207,1.14469993,1.17432487,1.20221555,1.23160136,1.26711023,1.31148374,1.36147106,1.40424752,1.44195008,1.46797335,1.48486352,1.48536468,1.47483110,1.45994687,1.44012189,1.42028093,1.40064287,1.37325728,1.36299980,1.36552763,1.35854697,1.34080458,1.33111334,1.30478561,1.31511760,1.28825855,1.26509225,1.60782468,0.47674707,-1.40194511,-1.50899601,-1.52710557,-1.52412689,-0.04291082,-0.32251471,-0.49321693,-0.37868223,-0.07181692,0.28308830,0.19331108,0.10649975,0.29122245,0.39418113,0.45300767,0.51135278,0.59565192,0.66477478,0.64207828,0.59927928,0.54683608,0.48802170,0.44029471,0.38602781,0.35096961,0.33332917,0.33208951,0.35222119,0.37155798,0.40272802,0.42966959,0.45657051,0.47770786,0.51447242,0.54114920,0.55379254,0.57939464,0.59117460,0.60286289,0.57736224,0.48576045,0.39218026,0.31393042,0.24780482,0.21021825,0.19916260,0.15973842,0.11567816,0.08919246,0.10701908,0.10004266,0.01534218,0.03789625,0.06224797,0.03640967,-0.03789099,0.08356543,0.01246345,-0.10323820,-0.19070709,-0.42383900,-0.22026949,-0.57328707,-0.48640189,-0.56618434,0.36276454
1392,QUE_T3.06.G,0.00000000,0.00000000,1.00000000,-1.24043858,-1.20819831,-1.17230117,-1.13097382,-1.08859813,-1.05478489,-1.03101552,-1.00963330,-0.98381513,-0.95064330,-0.91183317,-0.87144804,-0.83167315,-0.79216486,-0.75260955,-0.71260798,-0.67262262,-0.63526744,-0.60318756,-0.57287234,-0.54681712,-0.52260262,-0.49769944,-0.47145611,-0.44493932,-0.41716594,-0.39231336,-0.36837858,-0.33580285,-0.28781411,-0.23628828,-0.19158448,-0.14369367,-0.10496737,-0.07526721,-0.04278111,-0.00112443,0.02758956,0.05344188,0.08463797,0.11392678,0.14503954,0.17827602,0.20004560,0.21867751,0.23932476,0.26132715,0.28326571,0.30643317,0.33205307,0.36396983,0.38865483,0.40871334,0.44663250,0.48359853,0.49626803,0.50087744,0.50193739,0.50984108,0.51777047,0.52263558,0.52665043,0.54389143,0.55990404,0.57584047,0.59133327,0.60675758,0.62478536,0.64033586,0.65849167,0.68311054,0.71671200,0.77851915,0.81583226,0.81003511,0.80737162,0.78202683,0.77147555,0.77527678,0.78448391,0.79347181,0.80295432,0.81143439,0.81803018,0.82650417,0.83742541,0.85127938,0.86300159,0.86880064,0.87720263,0.89025402,0.90549159,0.92332464,0.94673657,0.97077322,1.01304519,1.23726630,1.44211531,1.99186587,1.50695097,1.54836309,1.14393198,0.99458766,0.95337772,0.93441838,0.88574463,0.86582190,0.87972212,0.88060814,0.86704445,0.85849732,0.86442542,0.87541443,0.88618374,0.89834607,0.91148484,0.92378789,0.93759835,0.95013440,0.95837510,0.96902877,0.97682893,0.98317790,0.98971391,0.99587381,1.00029719,1.00292301,1.00472081,1.00619388,1.00759292,1.00891423,1.01130331,1.01047099,1.00944030,1.00870669,1.00934184,1.01177073,1.02180433,1.04032147,1.06525040,1.11462891,1.23708355,1.25754309,0.77468967,2.20996308,0.26286292,1.79244471,0.95586914,0.45777836,-0.78910118,0.37046301,1.14251423,0.48365301,0.41687390,0.49115142,0.44515818,0.50884330,0.47349274,0.48878735,0.53473222,0.59875387,0.66619766,0.68211001,0.68333095,0.69236469,0.70403898,0.72239625,0.73763245,0.74499816,0.75464678,0.76815182,0.78023559,0.79540467,0.80167025,0.79915822,0.79391825,0.78357756,0.77305645,0.76471424,0.75198472,0.74488991,0.73627359,0.75919402,0.77231061,0.77406025,0.75028044,0.73799986,0.71468329,0.70382488,0.68818885,0.67353320,0.64927518,0.64284253,0.63643581,0.61200529,0.60480839,0.58595985,0.55006260,0.55940998,0.55536640,0.56509775,0.48024771,0.33704835,0.38511279,0.28346482,0.04122231,0.24185315,0.40006572,0.48341438,1.93278086
1610,CHC_ADFA03_20111006,0.40178499,0.59821498,0.00000000,-1.61167443,-1.60696077,-1.59991443,-1.59087205,-1.58321238,-1.57535696,-1.56793356,-1.56150603,-1.55405068,-1.54900241,-1.54198647,-1.52565253,-1.49843037,-1.46464610,-1.43746984,-1.41496897,-1.40155709,-1.40076768,-1.40183735,-1.40419757,-1.39588511,-1.38936901,-1.38656068,-1.37597167,-1.36788189,-1.36829865,-1.36579621,-1.36634099,-1.35381627,-1.30344880,-1.17661667,-1.02625525,-0.88660365,-0.77186197,-0.69640571,-0.65162325,-0.63136035,-0.59968710,-0.57958138,-0.56056130,-0.54218322,-0.52485859,-0.51070982,-0.49394169,-0.47583461,-0.46185431,-0.44866237,-0.43600878,-0.42308584,-0.41196871,-0.40956607,-0.39979157,-0.39056152,-0.37857977,-0.39652219,-0.38374063,-0.38433990,-0.37972802,-0.37294886,-0.35867700,-0.34415084,-0.33821052,-0.32081440,-0.30804116,-0.28954318,-0.27309760,-0.25885591,-0.24471037,-0.23307756,-0.22532882,-0.21785399,-0.21266939,-0.22121254,-0.23373957,-0.24766108,-0.28632194,-0.30210644,-0.30915144,-0.31450784,-0.31781894,-0.31668738,-0.30452427,-0.27564049,-0.24592665,-0.22011207,-0.19839834,-0.17994453,-0.16615355,-0.15290667,-0.14518902,-0.14598997,-0.15485999,-0.17562260,-0.21010384,-0.24756572,-0.28257507,-0.32430947,-0.62412250,-0.67114574,-0.62660474,-0.73638099,-0.84563613,-0.90375185,-0.93541574,-0.95694470,-0.96119660,-0.95296007,-0.94571280,-0.92490399,-0.89611363,-0.86378473,-0.83373952,-0.80376595,-0.77539635,-0.75161964,-0.72821283,-0.70727342,-0.68642211,-0.66620946,-0.64308268,-0.62170762,-0.59809899,-0.57883602,-0.56206411,-0.54879981,-0.54435772,-0.54936421,-0.55510682,-0.56529993,-0.58482045,-0.61009395,-0.63561928,-0.65447921,-0.66260421,-0.65476424,-0.65990299,-0.66554475,-0.66050845,-0.65854555,-0.64921850,-0.64648658,-0.63632435,-0.62042427,-0.32814643,3.48414731,0.43313473,0.84610552,0.26622778,-0.66119504,-0.47753236,0.35598010,-1.04755104,-1.24412525,-1.27298033,-1.25190425,-1.21748400,-1.19191360,-1.17403686,-1.13706017,-1.11386633,-1.10173392,-1.08751881,-1.07004690,-1.07061744,-1.06669152,-1.06867647,-1.07425702,-1.07367587,-1.07537544,-1.06830168,-1.06665134,-1.05984354,-1.06046772,-1.05601943,-1.04821444,-1.03762102,-1.03283894,-1.02532589,-1.01405752,-0.99671680,-1.00177443,-0.98513323,-0.97654885,-0.99938846,-1.02258980,-1.06233335,-1.09449840,-1.12747788,-1.14387381,-1.17661560,-1.19484138,-1.18619716,-1.19140124,-1.18721473,-1.21203744,-1.21530664,-1.23149371,-1.22606897,-1.24018359,-1.25630879,-1.27419794,-1.26544476,-1.26188982,-1.30282199,-1.33255661,-1.34955502,-1.30257022,-1.24711931,-0.48158598,-0.61581343
1629,CHC_ARGL09_20111006,0.37199101,0.62800902,0.00000000,-1.60793006,-1.60877085,-1.60786462,-1.59671617,-1.57770646,-1.55226052,-1.53697395,-1.52865505,-1.52141821,-1.51859546,-1.51242483,-1.49235380,-1.45756817,-1.41091883,-1.37119377,-1.33480048,-1.31306958,-1.31028378,-1.30824864,-1.30271065,-1.28547573,-1.27324629,-1.27825701,-1.27195501,-1.27351213,-1.29597557,-1.31593180,-1.35377085,-1.35785162,-1.25618529,-0.97579831,-0.61749798,-0.27024460,0.01132524,0.19124851,0.29347926,0.33539057,0.39207765,0.43092865,0.46306932,0.49231887,0.51957291,0.54323822,0.56680930,0.58921206,0.61052024,0.62869012,0.64684451,0.66149712,0.67087907,0.66874731,0.67233354,0.67522812,0.68526334,0.63487524,0.60418224,0.53952765,0.49568745,0.48304814,0.49103364,0.51760054,0.61622745,0.66717905,0.71490628,0.75976270,0.79878569,0.82928890,0.85804790,0.86441976,0.86725479,0.86103600,0.84213203,0.80120724,0.72274476,0.59006321,0.40141499,0.27865675,0.21260056,0.17525122,0.14485596,0.12817247,0.13770717,0.17763737,0.23251604,0.27614006,0.31295022,0.33693942,0.35175493,0.35528806,0.34329966,0.31143570,0.25036779,0.16251150,0.04590804,-0.07725067,-0.15563980,-0.04025261,0.07872637,-0.67455572,-0.80755574,-1.03604198,-1.20178056,-1.27220142,-1.30200791,-1.32443345,-1.33514082,-1.33730316,-1.32656121,-1.30643404,-1.28287745,-1.25602651,-1.22567487,-1.19613767,-1.16817641,-1.14003515,-1.11379290,-1.09001815,-1.06912744,-1.04438841,-1.02191544,-0.99890864,-0.97634310,-0.95878625,-0.94518131,-0.93765861,-0.94032729,-0.95277518,-0.95139563,-0.95003086,-0.96525717,-0.98557729,-1.01133430,-1.03301251,-1.04526532,-1.04499209,-1.05533218,-1.06792045,-1.07258248,-1.07201731,-1.07015336,-1.03364599,-1.01246715,-1.04690695,0.02082524,0.54924458,-1.75245631,-0.05146087,3.75265145,-0.59927332,-0.84330302,0.25609532,-0.64303291,-1.29644752,-1.50322509,-1.53578079,-1.55788302,-1.53724480,-1.53293812,-1.51384759,-1.50782549,-1.49268544,-1.47400546,-1.47641492,-1.46826899,-1.45886838,-1.45000327,-1.45217085,-1.44689858,-1.44956553,-1.44715536,-1.43796611,-1.43760848,-1.43803144,-1.43535638,-1.42977512,-1.42496240,-1.40851450,-1.40376759,-1.39580882,-1.39046776,-1.37868536,-1.37189329,-1.37238908,-1.37913072,-1.39194596,-1.41066086,-1.43735695,-1.45760942,-1.48039579,-1.49138856,-1.49697816,-1.49811673,-1.49171484,-1.50680637,-1.49889302,-1.51580477,-1.51516533,-1.54084849,-1.53533065,-1.58243895,-1.53204834,-1.52587247,-1.54509473,-1.54133976,-1.50232899,-1.56006658,-1.52659047,-1.32496047,-0.98723269,0.15831856
119,Res033,0.98675501,0.01324500,0.00000000,-1.65543401,-1.63630652,-1.61057675,-1.58576572,-1.56769240,-1.55127478,-1.53846014,-1.53153169,-1.52415597,-1.51305139,-1.48321652,-1.41118813,-1.27857673,-1.12945461,-1.03526890,-0.98626029,-0.98259711,-1.03959525,-1.11050975,-1.15243793,-1.17119920,-1.19428802,-1.22642601,-1.24020314,-1.27134120,-1.32721102,-1.37125409,-1.41382110,-1.40420771,-1.22770107,-0.77213955,-0.21328780,0.35470071,0.87531346,1.23559356,1.44071770,1.56933200,1.60761833,1.63152409,1.66781723,1.70271885,1.73794174,1.77204013,1.79335272,1.81260383,1.83599913,1.86010218,1.88295102,1.90465641,1.92723608,1.95324254,1.97096038,1.97496092,1.98466635,1.95056880,1.86917865,1.75966442,1.69537985,1.69462299,1.71708119,1.77646863,1.85498905,1.92739642,1.99346662,2.05606723,2.10576034,2.14829946,2.17213559,2.17425013,2.16784072,2.15273190,2.15760517,2.14601874,2.01315141,1.81211185,1.56192160,1.41479206,1.36568081,1.34076488,1.31893003,1.30978298,1.32473540,1.34877050,1.37817264,1.40982342,1.44278491,1.47139549,1.48226833,1.46516919,1.42760921,1.36750281,1.27050173,1.12908518,0.97394645,0.83723348,0.77438205,0.92760730,0.75380963,0.79056901,0.39943725,0.23671201,-0.27787822,-0.72598213,-0.89033508,-0.95975775,-1.02488852,-1.05708361,-1.03232265,-0.99515349,-0.95226246,-0.90368116,-0.83693278,-0.76642543,-0.69163644,-0.61787856,-0.54479164,-0.47580001,-0.40878826,-0.34771308,-0.29169539,-0.23578987,-0.18499908,-0.14215124,-0.10309400,-0.06683051,-0.04239512,-0.02464679,-0.01497197,-0.01342241,-0.02418531,-0.04311650,-0.06707463,-0.09641720,-0.13278656,-0.17168745,-0.21869689,-0.27251470,-0.31063172,-0.32982934,-0.32680580,-0.32919699,0.02795042,0.34869999,-0.69056600,-1.00076139,-1.73791552,-1.75222421,-1.57324338,-1.20918441,-1.74602306,-1.75243580,-1.68892741,-0.11379917,-0.56716913,-1.17265987,-1.43261564,-1.52931654,-1.49222267,-1.48329544,-1.46132672,-1.44757152,-1.38922501,-1.36809421,-1.35389161,-1.33203292,-1.30651259,-1.27682626,-1.25004494,-1.21407723,-1.18545139,-1.15810990,-1.12926114,-1.10181618,-1.06903732,-1.05730617,-1.03103662,-1.02237368,-1.00136018,-0.97943586,-0.96167207,-0.94433427,-0.93242258,-0.92462409,-0.93834901,-0.94520414,-0.97516364,-1.02379203,-1.05209160,-1.04615164,-1.07023966,-1.11045277,-1.13462591,-1.14642811,-1.23499286,-1.22357833,-1.26635921,-1.30099905,-1.25326395,-1.18762207,-1.14088559,-1.25473571,-0.93813485,-0.88866478,-0.83591908,-1.01063669,-0.81823134,-1.19384229,-0.42901835,0.80532378,-1.45751357
1046,Resid023,0.00000000,0.08875740,0.91124302,-1.26313996,-1.22674441,-1.18492830,-1.13604140,-1.08395386,-1.04045188,-1.00855076,-0.97929353,-0.94494891,-0.90090758,-0.84659868,-0.78537256,-0.71993732,-0.65260744,-0.58424419,-0.51362729,-0.44334850,-0.37803447,-0.32214803,-0.27157307,-0.23252773,-0.20478100,-0.17658891,-0.14197677,-0.10709983,-0.08072644,-0.07051452,-0.06686463,-0.03174989,0.07185233,0.17985700,0.25307730,0.31197748,0.35685772,0.39454925,0.43272853,0.49217886,0.50635558,0.52938962,0.55916059,0.58691669,0.61559224,0.64500302,0.66588402,0.68434179,0.70484883,0.72635573,0.74837255,0.77152997,0.79703230,0.82970351,0.85611898,0.87891090,0.92305326,0.96177971,0.98286426,0.99600798,1.00134349,1.01734054,1.03336668,1.04763567,1.06116152,1.08114338,1.09914958,1.12481105,1.14526701,1.16700685,1.18973470,1.20614934,1.22698867,1.25127053,1.29639661,1.34005058,1.34979880,1.35580122,1.35753191,1.35048318,1.34879494,1.35602748,1.36686265,1.38137853,1.39568198,1.40745997,1.41578531,1.43260145,1.45218277,1.47898102,1.49555767,1.49220288,1.49577522,1.50438130,1.51818502,1.53141999,1.54487157,1.55962253,1.58425188,1.69218910,1.73765779,1.45872808,1.58906066,1.58021235,1.36903250,1.28742814,1.25138688,1.24564040,1.20686400,1.19490647,1.21477330,1.23464119,1.24300337,1.26733124,1.29643011,1.32372248,1.34873331,1.37491965,1.39744139,1.42099702,1.44610000,1.46766555,1.48291147,1.51090789,1.52927029,1.54219270,1.55635679,1.57107663,1.58091998,1.59061003,1.59522736,1.59565485,1.59785390,1.60282815,1.59969258,1.59547675,1.59427571,1.59674048,1.59489596,1.58260536,1.58617687,1.63373828,1.65291107,1.68210173,1.68054533,1.69050932,0.47057405,-1.65908206,-1.22654593,-0.69466370,-1.10924006,1.03652346,1.84191060,-0.97956866,-0.97283077,0.36307070,0.46243501,0.59927249,0.69949687,0.70012629,0.72545171,0.79526800,0.85870159,0.94794959,1.08614457,1.18091571,1.12814975,1.14461792,1.18497801,1.23798943,1.26880765,1.28972673,1.33012009,1.34510458,1.37645459,1.39004207,1.38971901,1.42590117,1.39604425,1.38113081,1.33728635,1.31372178,1.30137205,1.23398364,1.25318563,1.33126533,1.33016753,1.33611059,1.30007029,1.23719990,1.27296650,1.25101900,1.20722210,1.23903644,1.22638738,1.24120891,1.19934964,1.09430814,1.05227363,1.16216743,0.98137170,0.84935492,0.70789534,1.07399881,0.82933587,0.80714583,0.18247654,0.76090300,0.81479734,-0.47137442,-0.82062691,-0.80816191,-1.28277278
620,QUE_T2.09.J,0.00000000,0.43939999,0.56099999,-1.51656258,-1.50119889,-1.48400152,-1.46491516,-1.44462466,-1.42642546,-1.41012275,-1.39427829,-1.37732124,-1.35854673,-1.33859968,-1.31862009,-1.29803514,-1.27667809,-1.25503969,-1.23291326,-1.20967269,-1.18676817,-1.16435719,-1.14165914,-1.11765015,-1.09263957,-1.06607652,-1.03830135,-1.00917685,-0.97996038,-0.94820672,-0.91533399,-0.88103616,-0.84564000,-0.80788505,-0.76830703,-0.73431319,-0.69297105,-0.64737445,-0.60688800,-0.57259816,-0.53094733,-0.49371031,-0.45921409,-0.42433706,-0.39324823,-0.36552253,-0.32939789,-0.29262385,-0.26090750,-0.23128341,-0.20229328,-0.17318664,-0.14945102,-0.13494660,-0.11510111,-0.09172294,-0.11122627,-0.11947342,-0.09379125,-0.05380484,-0.00736766,0.02310670,0.05641608,0.09274909,0.13291873,0.15999937,0.18628418,0.21227615,0.23464569,0.25681868,0.28131577,0.30046725,0.31542295,0.32198957,0.31240565,0.27039662,0.26140988,0.27689964,0.27643314,0.31168696,0.34183633,0.35940084,0.37533864,0.39255583,0.41434577,0.43927523,0.46557385,0.49103129,0.51346511,0.53121054,0.54714668,0.56118065,0.56676024,0.56206131,0.54381901,0.51182139,0.45847812,0.39970720,0.30103120,0.32133701,0.19043621,-0.14257298,-0.40218496,-0.48021603,-0.53413773,-0.56346887,-0.56896281,-0.57473999,-0.55437040,-0.53170609,-0.51047933,-0.45676193,-0.38261902,-0.30952480,-0.24208815,-0.17777340,-0.11669181,-0.06141663,-0.01082800,0.03504919,0.07550724,0.11444038,0.15132065,0.18771677,0.22336662,0.25564027,0.28218007,0.30164963,0.31502610,0.32057437,0.32113063,0.32158965,0.31798008,0.31127700,0.29937321,0.28096753,0.26129183,0.23845837,0.20981905,0.17443740,0.13634600,0.10061750,0.07169422,0.02679433,-0.05325397,-0.13374504,-0.66534287,-0.37298498,0.50402755,-1.05789161,-1.57606232,-1.24280727,-1.17440438,-1.63614285,-1.60036230,-1.52756000,-1.45347881,-1.23685777,-1.12545085,-1.08330417,-1.01598704,-0.95994312,-0.91890848,-0.88375109,-0.84028000,-0.78464866,-0.75561601,-0.72978020,-0.71662599,-0.70458055,-0.67562151,-0.64784998,-0.62768883,-0.60352081,-0.57460105,-0.54835922,-0.52003717,-0.49467170,-0.47251755,-0.45599988,-0.44434544,-0.42678562,-0.41705412,-0.41005293,-0.39719647,-0.39532122,-0.40625286,-0.42382532,-0.46426058,-0.50458074,-0.54044819,-0.55853611,-0.57359558,-0.61106014,-0.64200789,-0.67764223,-0.71215010,-0.72889066,-0.74841791,-0.78570330,-0.84566927,-0.85993052,-0.88013542,-0.93566418,-1.06332076,-1.13373876,-1.06059551,-1.14300179,-1.31510067,-1.22037792,-1.41218770,-1.26360500,-1.45557868
792,CHI_CECU12_20110519,0.45970699,0.54029298,0.00000000,-1.64022064,-1.63206160,-1.62633896,-1.61492109,-1.59897268,-1.58529687,-1.57793748,-1.57292712,-1.57048821,-1.56782997,-1.56040311,-1.54356825,-1.50907350,-1.45993435,-1.42433679,-1.40239000,-1.40061224,-1.41958725,-1.44532228,-1.45498717,-1.45606399,-1.46449530,-1.47701657,-1.47853184,-1.48177731,-1.49603212,-1.50927639,-1.52517414,-1.52399325,-1.47762227,-1.32186878,-1.08842123,-0.78210813,-0.41585478,-0.09748694,0.09055855,0.14798664,0.22109766,0.24567634,0.26201031,0.27921650,0.29470861,0.30657107,0.31891662,0.33620906,0.35056928,0.36492011,0.37724298,0.38565433,0.39187244,0.38006073,0.38189542,0.38579947,0.36823028,0.33413059,0.30289233,0.23975201,0.21287681,0.20424624,0.22010623,0.24957010,0.24448647,0.28754699,0.32942301,0.36860681,0.40361848,0.42938423,0.45132068,0.46078354,0.45971730,0.45043582,0.42719987,0.38611430,0.31093320,0.18396592,0.01876699,-0.07358980,-0.11530398,-0.14174737,-0.16186222,-0.16754489,-0.15331101,-0.11658289,-0.07275239,-0.03576484,-0.00497998,0.01895163,0.03492029,0.03528057,0.01917390,-0.01669623,-0.07992817,-0.17045809,-0.28233689,-0.39062449,-0.47120732,-0.49464214,-0.59125054,-0.78348058,-1.04867160,-1.21593583,-1.32288110,-1.37162244,-1.39605415,-1.40899682,-1.41178727,-1.41203129,-1.40618658,-1.38771546,-1.36767793,-1.34531665,-1.31953919,-1.29335427,-1.26653862,-1.24012983,-1.21499825,-1.19102836,-1.16675293,-1.14348388,-1.12161100,-1.09892714,-1.07581520,-1.05577672,-1.03887391,-1.02442729,-1.01828980,-1.01823986,-1.01833236,-1.01787496,-1.02690089,-1.04165375,-1.05979490,-1.07752991,-1.09316623,-1.10131204,-1.11350489,-1.12893450,-1.13719428,-1.14049065,-1.14340758,-1.15979898,-1.14270914,-1.14486587,-1.09724176,-0.42571902,-0.75054324,-0.91931552,-0.73608875,-1.38153803,-1.47808611,-1.02318120,-1.43085730,-1.55163276,-1.55630958,-1.55374932,-1.54200399,-1.53396261,-1.52861106,-1.51963222,-1.50903010,-1.49769139,-1.48672020,-1.48798239,-1.48175931,-1.47699761,-1.47544861,-1.47187269,-1.46880436,-1.46627867,-1.46074939,-1.45630455,-1.44993663,-1.44644201,-1.44011903,-1.43673980,-1.42974126,-1.42265618,-1.41442835,-1.40779209,-1.40034425,-1.39328444,-1.39030230,-1.38766658,-1.38749981,-1.40613544,-1.41607416,-1.43676162,-1.44774914,-1.45904088,-1.47243595,-1.48459721,-1.48963416,-1.48760939,-1.49583972,-1.50349450,-1.51577532,-1.51388574,-1.52459514,-1.52535033,-1.53814852,-1.54938149,-1.56534243,-1.55528355,-1.56089699,-1.56945646,-1.56855798,-1.57571900,-1.49813187,-1.13156366,-0.86675042
120,Res034,0.92715198,0.07284770,0.00000000,-1.65182757,-1.63526821,-1.61403704,-1.59384584,-1.57778835,-1.56187701,-1.54814732,-1.53850222,-1.52938092,-1.51704335,-1.49043477,-1.43374491,-1.33606493,-1.22852802,-1.15867531,-1.11975884,-1.10917902,-1.13805282,-1.17763603,-1.19785905,-1.20260048,-1.21102190,-1.22409701,-1.22664464,-1.24492955,-1.28419459,-1.31490266,-1.34624088,-1.33381617,-1.18180466,-0.81869227,-0.38201156,0.05574320,0.43857968,0.69890887,0.85262793,0.96085185,0.99304742,1.02144206,1.05990481,1.09606171,1.13312709,1.17103457,1.19505322,1.21681345,1.24146616,1.26739538,1.29293883,1.31728864,1.34251022,1.37710011,1.39989948,1.41135192,1.41951835,1.42709923,1.37268090,1.29646051,1.25276256,1.25043964,1.26502800,1.27028894,1.28039479,1.33560133,1.38335419,1.42869890,1.46448648,1.49273682,1.51758504,1.52835059,1.53469443,1.53803575,1.54397249,1.55835533,1.47021353,1.31784534,1.13378036,1.01175487,0.97155339,0.95603907,0.94662440,0.94518441,0.95902413,0.97939748,1.00447702,1.03388298,1.06412411,1.09039497,1.10019243,1.08670568,1.05955100,1.01662672,0.94751370,0.85427237,0.73966980,0.63668239,0.63040161,0.91381174,0.94165921,0.64404452,0.42301467,0.30452695,-0.21801117,-0.66463947,-0.84578091,-0.91057587,-0.98338205,-1.00897729,-0.97362328,-0.94455367,-0.91573310,-0.86920190,-0.80800343,-0.74422884,-0.67999101,-0.61283022,-0.54844254,-0.48798931,-0.42942420,-0.37503985,-0.32389098,-0.27389950,-0.22789809,-0.19224778,-0.15732865,-0.12577614,-0.10325526,-0.08832034,-0.08179792,-0.07941270,-0.09016638,-0.10781279,-0.13054578,-0.15773720,-0.18946522,-0.22203653,-0.26529372,-0.31094852,-0.34558964,-0.37642497,-0.38153070,-0.18912224,0.15424868,1.42588341,-0.69264865,-1.74200904,-1.75245571,-1.75237811,-1.64431489,-1.01110613,-0.82378668,-1.72603846,-1.19859123,-0.74715304,-1.30588627,-1.23622322,-1.38529861,-1.40101051,-1.43093896,-1.41246796,-1.37832201,-1.33713067,-1.29258430,-1.29280162,-1.27715707,-1.25805914,-1.22900891,-1.20987737,-1.17637408,-1.16621435,-1.15501916,-1.12747169,-1.10189736,-1.07878089,-1.05096197,-1.02682829,-1.00779557,-0.98241192,-0.97376794,-0.94811529,-0.93566924,-0.92034018,-0.92134541,-0.92129570,-0.91478109,-0.94032609,-0.96192682,-0.96348763,-1.03048420,-1.03282940,-1.06558704,-1.08071935,-1.12230051,-1.11713815,-1.12388444,-1.14661586,-1.13808572,-1.15279484,-1.19098842,-1.17953026,-1.13375854,-1.20097733,-1.03672481,-1.05508220,-0.81194866,-0.64147902,-0.33890572,-0.77135479,1.62024987,-0.24423896,-1.26564145
1064,Resid043,0.00000000,0.49112400,0.50887603,-1.33840024,-1.30878830,-1.27554238,-1.23737359,-1.19771862,-1.16254568,-1.13398886,-1.10726714,-1.07799792,-1.04345489,-1.00364673,-0.96128249,-0.91685075,-0.87105787,-0.82437497,-0.77701414,-0.72984880,-0.68554604,-0.64595693,-0.61065650,-0.57537478,-0.54685861,-0.52459753,-0.49072617,-0.45815629,-0.42987385,-0.40662599,-0.38647071,-0.35316497,-0.29121941,-0.22324286,-0.17040375,-0.12620397,-0.08696511,-0.05130381,-0.01651452,0.02240717,0.04845675,0.07743905,0.10659266,0.13471405,0.16177119,0.18841127,0.21384044,0.23783270,0.26205915,0.28601658,0.30924293,0.33161974,0.35509664,0.38023368,0.40338805,0.42464018,0.44538000,0.46754035,0.49008030,0.51171714,0.53401303,0.55314302,0.57491565,0.61529565,0.65813035,0.67869091,0.70418179,0.72311985,0.74522579,0.76991969,0.79339540,0.81252885,0.83470118,0.85438573,0.87222064,0.89166474,0.92158109,0.94399810,0.95910382,0.97332686,0.98768401,1.00277460,1.01829898,1.03612494,1.05487216,1.07534993,1.09778941,1.11822069,1.13916850,1.16222703,1.18357360,1.20121014,1.21979642,1.23618865,1.24740922,1.26156116,1.27333975,1.28147697,1.24930453,1.12102699,1.05471480,1.23965025,1.15648758,1.11310220,1.04823959,1.00530624,0.97995210,0.95558125,0.95596755,0.96543229,0.97617471,0.99861091,1.03573704,1.07144964,1.10657656,1.14268923,1.17311192,1.19753468,1.21852219,1.24364734,1.26614308,1.28706610,1.30891931,1.34245741,1.37353659,1.40111542,1.42863715,1.44841826,1.46262610,1.46535385,1.46605539,1.46215951,1.46059358,1.45708644,1.45396066,1.44419003,1.44480491,1.45342517,1.45178282,1.44756591,1.45609426,1.52069604,1.51445413,1.53882122,1.50036716,1.43577516,0.13510062,-0.66943538,2.59352469,1.19728017,0.30424601,1.51211619,0.37048498,-0.15559760,0.27574110,0.70125121,0.57435542,0.67154753,0.70363981,0.77332288,0.86028761,0.92877734,0.96498841,0.98984474,1.09191763,1.11181331,1.11628342,1.09417164,1.06582189,1.04551351,1.00589263,0.99057001,1.02233434,1.02576029,1.05761766,1.08658326,1.13322151,1.12895846,1.12729931,1.14553618,1.13615263,1.12388766,1.11866820,1.14792371,1.15724742,1.17468548,1.13911617,1.06939244,1.01017392,0.95915830,0.98324007,0.87975299,0.89342862,0.91942060,0.84366876,0.84587085,0.79967099,0.82773817,0.84336656,0.89846736,0.71920741,0.60610902,0.78065115,0.71943480,0.77034551,1.16704679,0.87769085,0.64383209,0.27490953,0.14722401,0.00294791,-0.11794326,-1.22905219
341,FSP_115,0.22435901,0.07692310,0.69871801,-1.47947526,-1.45856524,-1.43436563,-1.40436184,-1.37267745,-1.34727764,-1.33199966,-1.32043099,-1.30467129,-1.27916193,-1.23983133,-1.18179131,-1.09754944,-0.99914306,-0.91451132,-0.84293920,-0.79328454,-0.77592003,-0.77469617,-0.76646000,-0.75822961,-0.76277357,-0.77189445,-0.76850766,-0.77271807,-0.79420257,-0.81855136,-0.84611100,-0.82480127,-0.67534357,-0.38207829,-0.05714423,0.26415139,0.53790563,0.71871310,0.82823694,0.91585565,0.94688404,0.96524435,0.99486411,1.02161312,1.04630983,1.07581019,1.09222806,1.10528052,1.11839855,1.13519990,1.15239942,1.17222774,1.19361329,1.22319520,1.24422884,1.26142895,1.27001810,1.29687107,1.29134881,1.28298259,1.27676141,1.28790867,1.30525482,1.31585824,1.32795799,1.35519862,1.38362598,1.40869331,1.43143690,1.45370007,1.47147536,1.48585033,1.50086606,1.51824522,1.52971578,1.56162882,1.57412302,1.52553451,1.47225690,1.42887294,1.40611708,1.40119445,1.40299547,1.41072953,1.42308354,1.43672383,1.45130122,1.46637559,1.48190975,1.49736643,1.51053905,1.50086308,1.48787129,1.46721041,1.44064701,1.40680683,1.36425853,1.31959128,1.29454470,1.48256958,1.39291513,1.23349500,1.19048750,1.13502908,0.69598174,0.47651613,0.37238935,0.33885244,0.30534545,0.29129142,0.32286227,0.35674974,0.38502634,0.42310160,0.47409853,0.52565944,0.57816386,0.62828881,0.67830414,0.72542810,0.77168918,0.81173563,0.84566796,0.88284975,0.91481328,0.93914557,0.96153688,0.98431778,1.00116897,1.01000547,1.01117289,1.00855315,1.00033343,0.98915553,0.97739756,0.96078032,0.94125068,0.92172086,0.89791393,0.87792408,0.85656613,0.78052491,0.79108185,0.85740912,1.03507888,1.62681186,-0.64922750,-1.73179471,-1.75245345,-1.75245631,-1.75245631,-1.75245631,-1.75245631,-1.75245631,-1.75216377,-1.44123995,0.65300089,-0.17307539,-0.29246899,-0.27131256,-0.25080988,-0.23292026,-0.20502804,-0.14810069,-0.03182292,-0.00124900,0.00339513,0.01726558,0.04336599,0.08666876,0.11328172,0.12615453,0.14101186,0.15777564,0.18660274,0.21914564,0.23835483,0.24617462,0.25089949,0.24845129,0.24861535,0.24246946,0.24098347,0.23725751,0.23457441,0.26451319,0.28767693,0.27534097,0.25741351,0.23062852,0.19586879,0.16725355,0.16202804,0.14038011,0.09760345,0.08884399,0.04543861,0.01846269,0.00481065,-0.04939783,-0.04669147,-0.05357779,-0.08061133,-0.14955407,-0.17001449,-0.20744984,-0.07620969,-0.14854932,-0.15146041,-0.29960459,0.12438831,-0.24404766,-1.38189256
475,QUE_T1.06.I,0.00000000,0.02300000,0.97700000,-1.36869299,-1.34566092,-1.31987679,-1.28956652,-1.25850463,-1.23383856,-1.21634209,-1.20047617,-1.18133688,-1.15649271,-1.12759614,-1.09796071,-1.06872094,-1.03940082,-1.00967741,-0.97891241,-0.94806612,-0.91835344,-0.89211255,-0.86680907,-0.84485120,-0.82330406,-0.80047697,-0.77672756,-0.75287575,-0.72675282,-0.70123529,-0.67471385,-0.64443892,-0.60745060,-0.57167929,-0.53696245,-0.49439919,-0.45982248,-0.43378401,-0.40364748,-0.36307782,-0.33733839,-0.31465930,-0.28577667,-0.25841430,-0.22890601,-0.19656411,-0.17681737,-0.16074178,-0.14181656,-0.12104939,-0.10015240,-0.07860029,-0.05401169,-0.02148866,0.00389599,0.02265983,0.06319045,0.10523545,0.11841993,0.11746413,0.10983879,0.11581431,0.12343883,0.12724741,0.13327491,0.14889440,0.16760834,0.18217282,0.19763911,0.21416064,0.22914369,0.24497820,0.26388988,0.28858984,0.32637134,0.39820322,0.43640515,0.42629257,0.42263111,0.39353886,0.37934741,0.38392153,0.39147043,0.39885575,0.40883699,0.41556299,0.42189723,0.43032727,0.44184452,0.45652774,0.46890810,0.47267962,0.48105919,0.49601561,0.51306969,0.53018379,0.55650860,0.58257020,0.64361310,0.63486332,0.62299901,0.90931010,0.97095972,0.95488167,0.71559876,0.60307044,0.53770512,0.51931208,0.47175315,0.44212079,0.46146715,0.46231300,0.44500557,0.43405393,0.44078973,0.45304507,0.46635377,0.48093227,0.49544510,0.51133966,0.52785456,0.54137594,0.55186737,0.56391656,0.57453376,0.58136207,0.58789480,0.59488487,0.60059416,0.60342008,0.60493129,0.60669428,0.60982913,0.61289483,0.61429667,0.61309165,0.61339176,0.61572802,0.61452413,0.61404848,0.62374246,0.64601666,0.67699504,0.73826492,0.84260881,0.96458155,0.16477565,0.60627335,3.07176471,2.83102393,-0.22917186,0.61619991,1.33230817,2.44527102,2.16247892,0.91737598,0.48046786,0.25591254,0.17491430,0.14001645,0.11949843,0.12316467,0.14611372,0.20029813,0.28499547,0.28293312,0.26721174,0.26931334,0.28731093,0.30958113,0.32072815,0.32875714,0.33738351,0.34445515,0.36362275,0.37760130,0.38200268,0.38647655,0.38341880,0.37489480,0.36566523,0.36498043,0.36041775,0.35074666,0.33791777,0.36173430,0.38167480,0.37615761,0.35146090,0.33679873,0.32133818,0.30756578,0.29432601,0.27941611,0.25709307,0.23377883,0.24347679,0.22622056,0.22786877,0.23303607,0.19610438,0.15049094,0.16221806,0.17103292,0.12857062,0.13585366,0.12046345,-0.05255713,-0.16017559,-0.04638916,-0.34556860,-0.57385445,0.34323677
585,QUE_T2.03.I,0.00000000,0.60610002,0.39399999,-1.40715253,-1.38812077,-1.36697328,-1.34330952,-1.31934333,-1.29843211,-1.28024769,-1.26287746,-1.24446976,-1.22369349,-1.20192647,-1.18003547,-1.15827274,-1.13633561,-1.11443138,-1.09190047,-1.06884229,-1.04627287,-1.02405059,-1.00098443,-0.97750586,-0.95264000,-0.92628413,-0.89871538,-0.86986762,-0.84005708,-0.80888838,-0.77687436,-0.74273235,-0.70568120,-0.66589206,-0.62684685,-0.58950382,-0.55084896,-0.51192290,-0.47434524,-0.43954742,-0.40198714,-0.36527282,-0.33053389,-0.29656306,-0.26346791,-0.23143987,-0.19928297,-0.16810267,-0.13875015,-0.11036466,-0.08288343,-0.05511239,-0.02875582,-0.00651914,0.01454391,0.03701735,0.03954631,0.04188760,0.06560804,0.09459326,0.12750122,0.15041861,0.17466995,0.21222988,0.25647604,0.28457806,0.30982023,0.33393660,0.35709170,0.38275248,0.40565535,0.42988625,0.45330030,0.47425607,0.49097708,0.50322890,0.52067560,0.53215033,0.53755158,0.55097502,0.56646734,0.58273566,0.59951180,0.61717635,0.63709837,0.66029483,0.68536782,0.71127236,0.73628718,0.75791603,0.77961111,0.79944360,0.81676900,0.82966894,0.83619320,0.83663005,0.82619518,0.80825508,0.77394593,0.69867629,0.63203722,0.45228034,0.43171978,0.35381725,0.25250843,0.19035488,0.15490030,0.13616778,0.13789673,0.14541186,0.16142704,0.19294052,0.23624037,0.28048795,0.32700610,0.37328309,0.41649994,0.45493281,0.49063912,0.52381587,0.55498171,0.58434856,0.61523718,0.64842308,0.68416649,0.71729046,0.74447554,0.76452750,0.77469599,0.77569580,0.77159101,0.76803750,0.76430434,0.76014107,0.75265104,0.73888260,0.72905380,0.72063494,0.70621401,0.68517268,0.66557807,0.65361160,0.64651614,0.63919675,0.61789292,0.62412202,0.52256918,2.34936643,4.43000174,2.74343443,0.41171128,1.06036735,0.66625726,0.22471495,0.91304356,-0.27131984,-0.46762311,-0.42770156,-0.39390290,-0.30637148,-0.27326530,-0.21893319,-0.17359099,-0.13273749,-0.08770133,-0.07569784,-0.05962657,-0.06436921,-0.07311348,-0.08867536,-0.09907541,-0.10197015,-0.09592768,-0.08076149,-0.07010131,-0.04636964,-0.02400383,0.00207765,0.02157291,0.04471502,0.05960624,0.07505499,0.09638098,0.10231723,0.11209290,0.11547413,0.09863158,0.05942651,0.01010230,-0.05172976,-0.07849944,-0.09654423,-0.11119729,-0.12578970,-0.16569710,-0.20107922,-0.21280237,-0.23345572,-0.23924483,-0.25845227,-0.28124204,-0.31233636,-0.32491070,-0.32949498,-0.35609218,-0.37095991,-0.45929894,-0.52957189,-0.60400331,-0.63417679,-0.80639261,-0.70196122,-1.35316348
130,Res044,0.22185400,0.01324500,0.76490098,-1.48808408,-1.46740627,-1.44340980,-1.41363168,-1.38029742,-1.35326362,-1.33956480,-1.33175969,-1.31795454,-1.29228818,-1.25092363,-1.19149804,-1.10717344,-1.00913811,-0.92387384,-0.85115367,-0.79409057,-0.76319569,-0.74838686,-0.73338145,-0.72010595,-0.71575117,-0.71531397,-0.70947635,-0.70576370,-0.70986670,-0.71888030,-0.73307902,-0.71599072,-0.61491305,-0.42032433,-0.20592587,-0.00499541,0.15287524,0.24936816,0.30694151,0.35907152,0.37005377,0.37841392,0.39352506,0.40630838,0.41918680,0.43256888,0.43737137,0.44024354,0.44405013,0.44976178,0.45508218,0.46167541,0.47035342,0.48689422,0.49678594,0.50322211,0.52147865,0.54254103,0.53474647,0.52638888,0.51370680,0.51886076,0.52694935,0.51238465,0.49304736,0.50977796,0.52337062,0.53636378,0.54687721,0.55929381,0.57051563,0.57974851,0.59356904,0.60967726,0.62778652,0.65908301,0.65268725,0.63240975,0.60928643,0.57768756,0.56243759,0.56027311,0.56260163,0.56585783,0.57592601,0.58254963,0.58772111,0.59480286,0.60565633,0.61724627,0.62335056,0.61532462,0.60588187,0.59609461,0.57912678,0.55766433,0.53211433,0.50830156,0.47399828,0.46076858,0.37449187,0.13483348,-0.12724203,0.01479831,-0.21066512,-0.29625794,-0.40571508,-0.46979880,-0.47717091,-0.48193049,-0.44451231,-0.40137818,-0.35560301,-0.31424269,-0.25767830,-0.20128782,-0.14705971,-0.09220137,-0.04158902,0.00610067,0.04920863,0.08710289,0.11823950,0.14762145,0.16944702,0.18959564,0.20573761,0.22245534,0.23486330,0.24351816,0.24754211,0.25078660,0.24867378,0.24335106,0.23274462,0.22295199,0.20406055,0.18397655,0.15746491,0.12711290,0.10446184,0.08109244,0.12191474,0.11157568,0.00663063,1.22698355,-0.49762803,-1.74441600,-1.75245595,-1.75232601,-1.63615751,-0.90299278,-1.03209031,-1.72698677,-1.46922946,-1.41751516,-1.02271342,-1.02862108,-1.10513878,-1.08860457,-1.06242907,-1.02196109,-0.98797059,-0.89886606,-0.88253683,-0.84000480,-0.79738420,-0.76584476,-0.71474898,-0.66623890,-0.63389635,-0.60203236,-0.56073105,-0.53531080,-0.49923277,-0.46782610,-0.43652436,-0.40550369,-0.38865179,-0.37492180,-0.37522951,-0.37143716,-0.38470683,-0.36831513,-0.35200429,-0.36423895,-0.35604066,-0.34089339,-0.34207729,-0.35469675,-0.37891981,-0.42721251,-0.43713471,-0.45040730,-0.49101985,-0.55487335,-0.55014277,-0.59936982,-0.64892685,-0.72275478,-0.73580277,-0.61174053,-0.78200668,-0.81960541,-0.87562692,-0.78379482,-0.87039620,-0.74491060,-0.87680191,-0.93041873,-0.74873227,-0.94671518,-1.41209722
888,SSC_BAPI08_20120113,0.52603197,0.47396800,0.00000000,-1.57812309,-1.56727386,-1.55086374,-1.53551626,-1.51993799,-1.50426948,-1.49225426,-1.48032856,-1.47067344,-1.46163213,-1.44719982,-1.42367005,-1.38275623,-1.33252645,-1.29536450,-1.27067864,-1.26224279,-1.27361369,-1.29058826,-1.29519272,-1.29297292,-1.29609835,-1.30190277,-1.29982817,-1.29952490,-1.30891728,-1.31790900,-1.32664478,-1.31713164,-1.25119543,-1.07548583,-0.83857369,-0.58633703,-0.35667694,-0.20059659,-0.10870805,-0.04199569,-0.01599741,0.02005397,0.05337609,0.08624210,0.11797189,0.14729752,0.17651948,0.20645010,0.23526365,0.26430449,0.29388779,0.32015041,0.34872827,0.37129951,0.39897355,0.42707974,0.43985486,0.45191690,0.44816267,0.43279046,0.44112912,0.44684681,0.46853906,0.50327003,0.55177999,0.59959763,0.64539683,0.68892670,0.72350925,0.75864220,0.79758668,0.82980078,0.85871190,0.88342637,0.89944804,0.90762126,0.88286144,0.80744779,0.70760250,0.65704310,0.63847500,0.63195866,0.62920451,0.64578527,0.67947435,0.73547614,0.79834092,0.85535663,0.90448427,0.94762748,0.98265857,1.00606370,1.01382816,1.00523281,0.97509074,0.92980075,0.85374957,0.76607943,0.70412850,0.64791590,0.50375640,0.38245985,0.11511700,-0.08597391,-0.29134059,-0.38313225,-0.44062075,-0.47012296,-0.48305655,-0.47683856,-0.45581663,-0.42251110,-0.37726963,-0.33149868,-0.27948472,-0.21968494,-0.16573590,-0.11246616,-0.06054369,-0.01159004,0.03219781,0.07989614,0.12959348,0.17476624,0.22301346,0.26075593,0.29153028,0.32040703,0.33770439,0.32850799,0.30194879,0.26424304,0.20666781,0.15133888,0.10715172,0.06362984,0.04056451,0.06582049,0.06168155,0.05590680,0.05041860,0.05059482,0.05232972,0.07909472,0.10343020,0.10597178,0.12350813,0.01308328,0.26005548,-0.00150177,-0.05358129,-0.35855407,-0.53494358,-0.66076827,-0.84255016,-0.88879150,-0.90085536,-0.88260216,-0.86695004,-0.82846069,-0.78794003,-0.75408363,-0.72112274,-0.69825441,-0.65045631,-0.64866680,-0.65502262,-0.66400385,-0.67679489,-0.68104565,-0.68065673,-0.67443991,-0.67551935,-0.67098820,-0.66088909,-0.64823538,-0.64450145,-0.63407362,-0.62022805,-0.60689980,-0.59526360,-0.57173532,-0.54898375,-0.54913282,-0.54405355,-0.53645217,-0.57277757,-0.64163923,-0.70319045,-0.77568948,-0.83885717,-0.86496031,-0.89164978,-0.94355154,-0.95761651,-0.92079115,-0.94219142,-0.94965935,-0.96306425,-0.95123744,-0.96660340,-0.95373344,-0.97601700,-1.00959182,-0.97734272,-1.03141880,-1.00711274,-1.09387100,-1.11234260,-0.93733746,-0.96077859,-0.62625837,-0.15240113
518,QUE_T1.11.B,0.00000000,0.34090000,0.65899998,-1.19859338,-1.16505349,-1.12933362,-1.08857238,-1.04719460,-1.01297557,-0.98715979,-0.96445233,-0.93823999,-0.90527707,-0.86704832,-0.82686138,-0.78666741,-0.74624503,-0.70601511,-0.66587746,-0.62603575,-0.58925235,-0.55614924,-0.52482074,-0.49581215,-0.46817631,-0.44050473,-0.41109449,-0.38095948,-0.35052672,-0.32082352,-0.29149464,-0.25630695,-0.20984465,-0.15600650,-0.10503901,-0.05607730,-0.00951835,0.03339761,0.07338296,0.11172912,0.14433968,0.17537719,0.20646366,0.23600805,0.26518118,0.29353604,0.31929523,0.34354857,0.36745363,0.39080575,0.41346720,0.43741763,0.46114627,0.48448762,0.50567430,0.52697879,0.54412282,0.55842859,0.57608354,0.59497440,0.61611199,0.63063371,0.64993101,0.68403983,0.72471106,0.74520427,0.76517820,0.78620434,0.80381858,0.82513034,0.84405744,0.86389017,0.88165963,0.89625543,0.91099429,0.92945999,0.94535410,0.96224618,0.97439098,0.99110800,1.00560796,1.01892996,1.03323412,1.04698551,1.06264567,1.07936203,1.09590960,1.11308122,1.12979007,1.14612889,1.16177487,1.17485940,1.19019961,1.20337641,1.21154571,1.21578670,1.21929860,1.22276211,1.21347809,1.12653995,1.19073248,1.29591000,1.18614614,1.18058836,1.12032342,1.11451340,1.11999583,1.12295628,1.13274801,1.14341187,1.15583813,1.17151022,1.19072008,1.20908928,1.22818422,1.24865735,1.26728714,1.28343952,1.29862452,1.31279087,1.32626843,1.33956420,1.35574794,1.37408745,1.39181554,1.40750444,1.42235661,1.43385255,1.44105840,1.44368446,1.44420147,1.44453049,1.44566453,1.44812262,1.44817519,1.44486499,1.44643915,1.45205116,1.45489979,1.45642126,1.45860696,1.46122587,1.46869433,1.46862733,1.46326780,1.41444075,1.54004669,1.51374102,-0.07879112,3.79197621,2.05120516,1.08520079,1.21428883,1.33636034,0.76488465,1.43614864,1.24597883,1.13453591,1.13520646,1.18868089,1.22389567,1.24467218,1.26699543,1.28846049,1.32080960,1.31422555,1.28775859,1.25969708,1.23208332,1.21767771,1.20477736,1.19328070,1.19247949,1.19179821,1.20146835,1.21586740,1.22513556,1.22363389,1.21742582,1.21174133,1.21191192,1.20766377,1.20041776,1.18611693,1.19485390,1.22330439,1.23615634,1.21475041,1.17622733,1.13892806,1.10613060,1.09708965,1.09160566,1.07069337,1.05981696,1.03855240,1.02525866,1.00507677,0.98862290,0.99643797,0.99144763,1.01910460,0.98624152,0.95631415,0.98888558,0.91775978,0.88954747,0.86319745,0.75817245,0.80635822,0.68053240,0.67322588,0.32497743
322,FSP_096,0.26282099,0.00000000,0.73717898,-1.57840705,-1.56326306,-1.54685163,-1.52773869,-1.50789440,-1.49144053,-1.48174167,-1.47533655,-1.46579194,-1.45064235,-1.42610407,-1.38563204,-1.31470335,-1.22481060,-1.15736258,-1.11179829,-1.09336269,-1.10783529,-1.12753558,-1.13095415,-1.12839782,-1.13282001,-1.13885605,-1.13587308,-1.13606918,-1.14155853,-1.14373100,-1.14109015,-1.12293196,-1.05700362,-0.85888243,-0.52707487,-0.09225115,0.36494327,0.71828210,0.93074876,1.04712474,1.08727217,1.10859942,1.13023078,1.14798236,1.16506040,1.18228114,1.19032955,1.19794178,1.20814478,1.21968663,1.23026049,1.24032128,1.25047469,1.26453114,1.27385294,1.27741766,1.28438890,1.28452885,1.25219929,1.20599604,1.17986357,1.18064439,1.19217408,1.19189596,1.19090724,1.21980929,1.24890971,1.27567506,1.29680610,1.31376362,1.32743251,1.33689308,1.34140527,1.34484696,1.35151577,1.37495387,1.33754444,1.24658287,1.14964759,1.07655621,1.04890335,1.03867257,1.03316212,1.03585827,1.04765785,1.06317222,1.07768011,1.09228063,1.10502791,1.11371756,1.11995625,1.11184990,1.09472489,1.06503332,1.02369392,0.96764863,0.90349489,0.84201705,0.84596527,0.93211645,0.87923062,0.90046054,0.80569535,0.58272278,0.17644739,-0.11962487,-0.24235880,-0.28491950,-0.33485782,-0.35303909,-0.32436016,-0.29391199,-0.26917648,-0.23289689,-0.18428482,-0.13219865,-0.07764309,-0.02480736,0.02756513,0.07769813,0.12470582,0.16627182,0.20524073,0.24082243,0.27458325,0.30118757,0.32492554,0.34739301,0.36414394,0.37429672,0.37682605,0.37235358,0.36262780,0.34901363,0.33581057,0.31880441,0.29750532,0.27588040,0.24484149,0.21724083,0.19506516,0.15819599,0.14563565,0.19396001,0.18465060,-0.30296826,-1.25332916,-1.74815583,-1.75010097,-0.74708945,0.96603853,-1.70301056,-1.75245118,-1.75245595,-1.74352849,-0.50660121,-0.03083803,-0.77331358,-0.75081074,-0.77697092,-0.75255871,-0.73187768,-0.71475202,-0.69145948,-0.62841606,-0.61153668,-0.61069381,-0.59986991,-0.57656151,-0.55067050,-0.52339095,-0.50348365,-0.47798821,-0.45317152,-0.42782566,-0.40471768,-0.38460305,-0.37133583,-0.37585902,-0.37219676,-0.37646529,-0.37271035,-0.37393481,-0.37698030,-0.37474185,-0.33812451,-0.33330837,-0.34535754,-0.36586261,-0.38509363,-0.39960039,-0.43216947,-0.44771814,-0.46985605,-0.51979679,-0.54044300,-0.57047486,-0.60563344,-0.62227845,-0.62089926,-0.65932679,-0.69988579,-0.71296883,-0.74169952,-0.84444880,-0.74416584,-0.96673656,-0.98096061,-1.03790617,-1.06298435,-1.40705121,-1.44541049,-0.10642461
519,QUE_T1.11.C,0.00000000,0.21969999,0.77999997,-1.19825411,-1.16433334,-1.12783122,-1.08615851,-1.04413176,-1.00924933,-0.98265672,-0.95921797,-0.93211102,-0.89845175,-0.85943019,-0.81863123,-0.77752888,-0.73651332,-0.69551933,-0.65481633,-0.61420393,-0.57636565,-0.54224408,-0.51016444,-0.48007452,-0.45103964,-0.42161024,-0.39055520,-0.35868776,-0.32642847,-0.29462692,-0.26313847,-0.22645745,-0.17901936,-0.12543386,-0.07402896,-0.02479205,0.02278755,0.06785595,0.10914710,0.14921425,0.18247350,0.21455632,0.24647683,0.27635977,0.30610737,0.33446971,0.36147720,0.38699308,0.41190270,0.43581501,0.45986900,0.48400685,0.50803626,0.53090292,0.55291420,0.57404852,0.58852279,0.60049254,0.62191480,0.64218271,0.66607893,0.68461782,0.70468360,0.73759061,0.77506876,0.79402059,0.81500536,0.83831424,0.85635108,0.87784439,0.89658988,0.91550505,0.93402219,0.95195949,0.96630430,0.97615206,0.99115872,1.00950217,1.02260458,1.04286826,1.05955374,1.07306111,1.08829498,1.10297632,1.11976552,1.13696122,1.15403402,1.17185068,1.19003081,1.20653820,1.22174382,1.23533058,1.24951184,1.26060486,1.26949477,1.27662659,1.28121519,1.28126466,1.26500106,1.24301112,1.13809764,1.27474785,1.16263962,1.14559579,1.14075947,1.13890576,1.14546323,1.14868045,1.16365480,1.17743635,1.18772960,1.20594668,1.22973180,1.25077391,1.27219868,1.29393935,1.31299400,1.32923913,1.34419441,1.35859716,1.37161589,1.38532698,1.40141606,1.42035079,1.43766153,1.45384073,1.46816075,1.47887099,1.48545468,1.48706543,1.48588979,1.48585737,1.48566103,1.48562646,1.48550189,1.48296547,1.48363066,1.48867297,1.49210298,1.49283600,1.49265552,1.49478865,1.49507201,1.48835862,1.46162951,1.39248121,1.63866985,3.26045513,2.73183537,4.83912706,2.22501874,1.05825543,1.92503273,1.84717953,1.33321965,1.11944628,1.14779997,1.12528789,1.15145421,1.19255686,1.24085295,1.26959980,1.30057514,1.32568645,1.35618520,1.34781194,1.31837821,1.28478384,1.25238860,1.23127258,1.22103488,1.20948541,1.20512962,1.20563602,1.21318197,1.22958434,1.24335980,1.24331892,1.23424339,1.22817433,1.22592616,1.21782053,1.20802402,1.19725633,1.20500576,1.23770356,1.24554718,1.22726095,1.18637919,1.14632988,1.11475062,1.09432149,1.08999133,1.06915867,1.05088437,1.03347039,1.02456844,1.00822985,1.00869679,1.02455497,1.03719473,1.00072885,0.96507442,0.98667204,0.98722404,0.99504524,0.99256831,0.95565647,0.86486268,0.84073114,0.77633923,0.76298195,0.80656648
579,QUE_T2.03.C,0.00000000,0.53789997,0.46200001,-1.43040657,-1.41305375,-1.39336264,-1.37131572,-1.34878218,-1.32878613,-1.31136060,-1.29469383,-1.27688622,-1.25691628,-1.23577452,-1.21430635,-1.19302380,-1.17153537,-1.14997184,-1.12781274,-1.10534203,-1.08338797,-1.06197095,-1.03963518,-1.01722181,-0.99381506,-0.96911228,-0.94305426,-0.91554070,-0.88719630,-0.85778600,-0.82761878,-0.79464817,-0.75708205,-0.71601009,-0.67609572,-0.63794410,-0.59977114,-0.56237328,-0.52611285,-0.49176833,-0.45614526,-0.42132825,-0.38801292,-0.35575643,-0.32385626,-0.29303601,-0.26304159,-0.23440064,-0.20706479,-0.18085441,-0.15502511,-0.12870383,-0.10249777,-0.07955725,-0.05897776,-0.03824916,-0.03061144,-0.02424199,-0.00444430,0.01914737,0.04475160,0.06482566,0.08787160,0.11153992,0.13731547,0.16017571,0.18285878,0.20674388,0.22935148,0.24737337,0.26746461,0.28649455,0.30794159,0.32744551,0.34398350,0.36124673,0.37989572,0.38388857,0.38275760,0.39013192,0.40101066,0.41481623,0.42869100,0.44368225,0.46126989,0.48109892,0.50189716,0.52325237,0.54426122,0.56332570,0.58063567,0.59620094,0.60792530,0.61625761,0.62036568,0.61885285,0.60979664,0.59283608,0.57619035,0.55468017,0.60934860,0.54735893,0.30100691,0.20099403,0.05412504,-0.01820548,-0.05714937,-0.07524092,-0.07722765,-0.07107522,-0.05400234,-0.02346499,0.01827852,0.06037903,0.10570639,0.15157588,0.19446157,0.23320903,0.26882416,0.30268034,0.33336726,0.36245951,0.39201525,0.42218074,0.45334166,0.48235002,0.50581455,0.52361137,0.53322423,0.53458941,0.53271145,0.53039485,0.52697903,0.52253973,0.51639855,0.50356215,0.49265215,0.48267418,0.46560401,0.44536316,0.42688248,0.41504738,0.41025707,0.40931496,0.41243371,0.31225091,0.39005318,3.12501121,4.18031502,2.34981537,0.42291978,0.91073954,-0.14194019,-0.02600599,1.31411564,-0.57122976,-0.57323438,-0.56874567,-0.50733358,-0.47810158,-0.45446283,-0.40577632,-0.35907573,-0.32783011,-0.28152332,-0.25759545,-0.24764110,-0.24765944,-0.25416094,-0.26419032,-0.26238295,-0.25754952,-0.24708520,-0.23527183,-0.21745819,-0.19490424,-0.17457016,-0.15091363,-0.13328671,-0.11092243,-0.09439763,-0.08423667,-0.06590042,-0.05068878,-0.05587163,-0.05020206,-0.05739747,-0.08482833,-0.13556771,-0.19425111,-0.22582500,-0.24102554,-0.24845421,-0.27451208,-0.29890797,-0.33663139,-0.36214539,-0.35389861,-0.37405822,-0.41185865,-0.41682833,-0.41132715,-0.46632901,-0.55213279,-0.57081622,-0.60585976,-0.58459270,-0.72356522,-0.85362220,-0.79524553,-0.71221602,-0.80384380,-1.49211895
277,FSP_047,0.21153800,0.00000000,0.78846198,-1.50847721,-1.48711610,-1.46164644,-1.43015552,-1.39580691,-1.36896753,-1.35413146,-1.34313262,-1.32654262,-1.29921913,-1.26030970,-1.20835090,-1.13489759,-1.04846370,-0.97601438,-0.91878873,-0.88005430,-0.86614120,-0.86162376,-0.85034114,-0.83808470,-0.83389395,-0.82711381,-0.81730175,-0.81104070,-0.80732161,-0.80294710,-0.79593271,-0.77463776,-0.71117526,-0.56382692,-0.35008079,-0.09570763,0.14429048,0.31050387,0.40786004,0.48467645,0.50629133,0.51437777,0.53365731,0.55159038,0.56430662,0.58606827,0.59614557,0.60238403,0.60916960,0.62017286,0.63018614,0.63925725,0.64675105,0.66689253,0.67897701,0.68865675,0.67999041,0.72784519,0.71297103,0.70219725,0.68980241,0.69014317,0.69526374,0.65310258,0.60643113,0.62617481,0.64382672,0.66129470,0.67884332,0.69767809,0.71950513,0.73808867,0.74905127,0.75971943,0.77068532,0.78595889,0.76777297,0.72537571,0.68902647,0.66414797,0.66234857,0.66948706,0.67639905,0.68577588,0.69890326,0.71277195,0.72539890,0.73997736,0.75519788,0.77313727,0.78224069,0.77767378,0.77238917,0.76967287,0.75907224,0.73417109,0.70070612,0.66145641,0.66782343,0.67798531,0.56783885,0.45345175,0.44083881,0.54878742,0.28308737,0.12887223,0.07050926,0.05323457,0.02122467,0.01641250,0.03117470,0.05177253,0.07329345,0.09654926,0.12820075,0.16156155,0.19539084,0.22703275,0.25929120,0.29008588,0.32161349,0.34795091,0.37146288,0.39521861,0.41420320,0.42852998,0.44272050,0.45376539,0.46594289,0.47241038,0.47600406,0.47439933,0.46940801,0.46257195,0.45493540,0.44628707,0.43469831,0.41956308,0.40330413,0.38303971,0.35917833,0.28113139,0.27138385,0.24512218,0.26356828,0.95827788,0.09168637,-1.13952029,-0.26182869,-0.88776416,-1.74720430,-1.32562983,0.70723742,-0.75936782,-0.51126289,-0.96379185,-0.12375329,-0.41636381,-0.41377315,-0.29520515,-0.23439398,-0.23509713,-0.22083941,-0.17112897,-0.10059448,-0.08747848,-0.11381845,-0.11417453,-0.09395064,-0.06616079,-0.04937223,-0.04072858,-0.03625355,-0.02800289,-0.01950286,-0.00450717,0.02042593,0.02213922,0.02527749,0.00238791,-0.00872254,-0.02220910,-0.04491426,-0.05492156,-0.05158299,-0.00829798,0.00634070,-0.00540488,-0.00918296,-0.02037662,-0.03992563,-0.05368845,-0.06759314,-0.07972728,-0.10932975,-0.13176334,-0.16617937,-0.17659673,-0.19838350,-0.19417374,-0.22414631,-0.26320672,-0.32819340,-0.29705971,-0.43476877,-0.48527420,-0.57969916,-0.62392420,-0.66214776,-0.48323068,-0.54970175,-1.54172635,-1.32714033
263,FSP_033,0.36538500,0.63461500,0.00000000,-1.57000327,-1.54524100,-1.51870346,-1.49432278,-1.47253883,-1.45041025,-1.42873204,-1.40896988,-1.38939476,-1.36813831,-1.34095180,-1.29749823,-1.22726381,-1.14909458,-1.09534836,-1.06164229,-1.04789734,-1.06167388,-1.07929420,-1.08275688,-1.07509851,-1.07229638,-1.07358134,-1.06365466,-1.05982840,-1.06581974,-1.06824458,-1.06798005,-1.04852486,-0.97096807,-0.77851272,-0.50999087,-0.18584292,0.15813182,0.43183291,0.60613191,0.72205389,0.77774763,0.81566143,0.85977435,0.90249085,0.94129741,0.98432851,1.01964772,1.05302620,1.08641124,1.12141168,1.15448368,1.18593132,1.21450031,1.24797738,1.27630568,1.29809833,1.30046427,1.32511961,1.30094159,1.26918328,1.26036251,1.27231395,1.29872048,1.32927513,1.36841273,1.41805148,1.46561229,1.50888765,1.54810762,1.57945549,1.61004376,1.63390267,1.64879107,1.65952420,1.66356051,1.67096055,1.63060439,1.52265537,1.39148009,1.31925356,1.30257499,1.30001974,1.30095398,1.31228423,1.33682287,1.37095416,1.40794170,1.44639814,1.48235345,1.51513207,1.53696156,1.53519583,1.52025759,1.49085665,1.43717539,1.35306573,1.24640310,1.13300252,1.04279697,1.03438866,1.04472494,0.90217626,0.93700355,0.69603223,0.26172259,-0.16691197,-0.32169986,-0.36801854,-0.42468202,-0.43738478,-0.41129899,-0.37180305,-0.33127722,-0.28208858,-0.21963306,-0.15186743,-0.08318599,-0.01623557,0.04831208,0.11115639,0.17064296,0.22941364,0.28357679,0.34051931,0.39936176,0.44926628,0.49148610,0.52698648,0.55551714,0.56638157,0.56950551,0.56176656,0.54596454,0.52554727,0.50077063,0.46818286,0.43493763,0.40577993,0.36717016,0.32331872,0.28076911,0.21280997,0.21027668,0.24585372,0.32804757,0.27905688,-0.50920439,-1.56937635,-1.43333125,-1.68714154,-0.43858775,-0.54888755,-1.22595394,-0.26211700,0.20366919,1.39807403,-0.43497315,-0.84402877,-0.90528816,-0.86633128,-0.84309560,-0.82393068,-0.80057359,-0.75636756,-0.70826185,-0.67345923,-0.68459374,-0.68801725,-0.69780743,-0.70205730,-0.70122838,-0.69914305,-0.68621165,-0.67180157,-0.64406848,-0.61363035,-0.59258449,-0.56103092,-0.53658563,-0.51499188,-0.48620710,-0.47248271,-0.45220250,-0.43690357,-0.43308097,-0.43382853,-0.45387560,-0.49880552,-0.54855555,-0.58967501,-0.62100887,-0.65024036,-0.68680918,-0.70726913,-0.75121534,-0.76559436,-0.80480319,-0.82114553,-0.86488461,-0.87158632,-0.86568463,-0.82979935,-0.92474806,-0.88012272,-0.92759269,-0.90423369,-1.03100574,-1.05577815,-1.16875899,-1.32297993,-0.71869779,-0.63440013,-0.48792166
1675,SSI_BAPI04_20111108,0.63442999,0.36557001,0.00000000,-1.63538456,-1.62110400,-1.58775151,-1.54426897,-1.49389493,-1.44690895,-1.40782464,-1.38099062,-1.35596681,-1.33597207,-1.30261946,-1.23287189,-1.11261749,-0.97118092,-0.86231381,-0.78675157,-0.75350273,-0.76872873,-0.80975848,-0.82656401,-0.82625145,-0.84117168,-0.87534064,-0.87683356,-0.89850307,-0.96670449,-1.02135932,-1.09817529,-1.10336924,-0.88085806,-0.35599226,0.18054286,0.65196341,1.01539874,1.24242914,1.36686087,1.42459095,1.49128222,1.53612781,1.57982719,1.62135231,1.66283882,1.69641376,1.72735703,1.76217365,1.79453516,1.82592416,1.85326707,1.88096488,1.90389121,1.91833460,1.93935049,1.95548856,1.96674824,1.93560457,1.89919364,1.82148492,1.79481137,1.78993344,1.82159495,1.86664867,2.02748179,2.10296965,2.16634297,2.22522688,2.30381227,2.34828448,2.39283323,2.42651701,2.42690301,2.42822862,2.40583801,2.36040664,2.25462317,2.06322241,1.78532910,1.64645195,1.57571292,1.51821208,1.48300707,1.48215735,1.51984179,1.58832872,1.68137109,1.76185739,1.82606506,1.87373805,1.91692460,1.92623544,1.90662849,1.85648727,1.75766301,1.60826147,1.41889429,1.22277033,1.07639682,1.02005565,0.86651576,0.48514462,-0.04993772,-0.48944563,-0.67956185,-0.78832525,-0.84757233,-0.88050139,-0.89089513,-0.88932490,-0.86957407,-0.82565504,-0.77242953,-0.71248877,-0.64576811,-0.57972795,-0.51333576,-0.45027396,-0.38907447,-0.33155641,-0.27627516,-0.21387888,-0.15992761,-0.11092617,-0.05532017,-0.01002319,0.02594230,0.05749166,0.08053677,0.07435278,0.05653364,0.02440630,-0.03141169,-0.08405098,-0.13658287,-0.18080018,-0.19563402,-0.19788264,-0.22125520,-0.25988859,-0.27706105,-0.28092220,-0.28393683,-0.25743115,-0.23498039,-0.42427033,-0.10745824,0.21518549,4.57832003,-0.22391972,5.28153610,-0.93110847,-0.76272416,-0.35944721,-0.92664152,-1.34170890,-1.32914340,-1.33598912,-1.32935536,-1.29008985,-1.26996744,-1.25235689,-1.23581696,-1.21280050,-1.17859864,-1.15032721,-1.13592148,-1.13441300,-1.12615001,-1.11968660,-1.10317850,-1.08229768,-1.07332873,-1.06297088,-1.03488350,-1.02170289,-1.00918162,-0.98968560,-0.96955508,-0.95351708,-0.92751050,-0.92066216,-0.90778559,-0.89674264,-0.89866424,-0.90332377,-0.92551601,-0.98517716,-1.03284574,-1.07644236,-1.11184371,-1.13229561,-1.14472318,-1.16742122,-1.20966876,-1.19628870,-1.20367885,-1.22646201,-1.23123372,-1.24892151,-1.25878942,-1.26800632,-1.29894519,-1.31474602,-1.31605947,-1.38478112,-1.41367829,-1.35954916,-1.39323854,-1.38541913,-1.29783154,-0.73877561,-0.16331165
391,COP_20160209_5-40-W,0.39861101,0.60138899,0.00000000,-1.41618490,-1.38657796,-1.36077332,-1.33743036,-1.32158542,-1.30974364,-1.30043161,-1.29223812,-1.28398323,-1.27165115,-1.25236595,-1.21518564,-1.15360868,-1.08803809,-1.04330695,-1.01499021,-1.00836241,-1.02458465,-1.04322147,-1.05049288,-1.04893005,-1.05085397,-1.05171275,-1.04399681,-1.04485893,-1.05600142,-1.06353772,-1.07126963,-1.05544269,-0.96497786,-0.75325406,-0.51052541,-0.28959155,-0.10165451,0.02869868,0.10462556,0.15765037,0.17867006,0.19954836,0.22289263,0.24566558,0.26840299,0.29121521,0.31212330,0.33314639,0.35571623,0.37624314,0.39736697,0.41751429,0.43592206,0.45575130,0.47391155,0.49000689,0.51226425,0.51627254,0.52390301,0.52701151,0.53923625,0.55746216,0.57770973,0.64623588,0.72753996,0.76167333,0.79302287,0.82094252,0.84669119,0.87337172,0.90066856,0.92814368,0.95728034,0.98590589,1.02130508,1.06100869,1.06148732,1.02975845,0.98947549,0.96116340,0.96052206,0.97416359,0.98954678,1.01413107,1.05028796,1.09270859,1.13731885,1.18123639,1.22257841,1.25910783,1.28704786,1.30776966,1.32780504,1.34379613,1.34888077,1.33744538,1.31145751,1.29147756,1.53352702,0.66833389,0.29519290,0.20955426,0.33603400,-0.36801597,-0.34426421,-0.13320842,-0.12739067,-0.12645124,-0.09423462,-0.06734002,-0.03796227,0.02647179,0.10560671,0.18429208,0.26622450,0.34865534,0.42792207,0.50343060,0.57600570,0.64368367,0.70784163,0.77093965,0.83052599,0.89327902,0.95643991,1.01198828,1.06112909,1.10400021,1.13588357,1.15324807,1.15854013,1.14697194,1.11782050,1.08448863,1.05221713,1.02086961,0.99905890,0.98459727,0.95606852,0.91966552,0.89672899,0.89453548,0.92124313,0.94439799,0.90968150,0.94925445,1.11734629,1.42774975,1.30771685,1.05357707,0.91839898,0.31300911,0.03906309,-0.04921553,-0.27887657,-0.49756494,-0.53364742,-0.53245062,-0.49802735,-0.44748792,-0.40115917,-0.34893686,-0.29215968,-0.22852200,-0.17075655,-0.15697247,-0.15004325,-0.14825986,-0.15170255,-0.15774934,-0.15643899,-0.14640436,-0.12875220,-0.10557271,-0.07320393,-0.03429626,0.00668216,0.04390308,0.07523624,0.09800299,0.11539408,0.13313363,0.14802498,0.15569156,0.16322142,0.16340186,0.13985950,0.08835049,0.01814459,-0.05634409,-0.11850711,-0.15162998,-0.17390592,-0.21510182,-0.26098311,-0.28528714,-0.30501086,-0.32165113,-0.34026432,-0.35355026,-0.36346254,-0.37224910,-0.39972684,-0.42371324,-0.44276375,-0.47870669,-0.53619188,-0.57781893,-0.61579823,-0.63906163,-0.58915842,-0.44818100,-0.05836460
859,CHI_CECU03_20110609,0.43987599,0.56012398,0.00000000,-1.60227478,-1.59845626,-1.59183371,-1.58042169,-1.56405771,-1.55226552,-1.54297864,-1.53794909,-1.53385961,-1.53074551,-1.52324772,-1.50616765,-1.46893489,-1.41768408,-1.37885427,-1.35285604,-1.34729290,-1.36361241,-1.38613427,-1.39617264,-1.39569938,-1.40381634,-1.41703045,-1.41787791,-1.42142010,-1.43659890,-1.45421326,-1.47344768,-1.47260678,-1.41819656,-1.25134718,-1.02475059,-0.75472111,-0.45938507,-0.21989869,-0.08170128,-0.03557705,0.01356918,0.03259829,0.04617331,0.06068754,0.07352237,0.08158454,0.09195281,0.10770376,0.11949293,0.13145296,0.14041600,0.14894956,0.15452249,0.14668845,0.14855482,0.15030128,0.15321296,0.10304409,0.08430596,0.04077287,0.02090412,0.01762562,0.03302307,0.05676525,0.15784633,0.19155188,0.23023097,0.26311111,0.29188389,0.31220442,0.33235946,0.34210932,0.34382036,0.33336025,0.31458065,0.27760267,0.23407029,0.12916555,0.00596149,-0.06480113,-0.10136762,-0.11749475,-0.13295496,-0.13693088,-0.11980215,-0.08818303,-0.04761852,-0.01427595,0.01285447,0.03369408,0.05083216,0.05548576,0.04914226,0.02209458,-0.02730571,-0.09557640,-0.19152430,-0.29161242,-0.37574521,-0.54068261,-0.50074226,-0.70124882,-0.90379387,-1.08487380,-1.19771564,-1.24485970,-1.26741648,-1.27964008,-1.28177798,-1.28089535,-1.27047110,-1.25094712,-1.22620666,-1.20055079,-1.17263579,-1.14403713,-1.11605060,-1.08786726,-1.06236827,-1.03675365,-1.01328313,-0.98876113,-0.96552539,-0.94262409,-0.91885668,-0.89910835,-0.88068771,-0.86616874,-0.86109596,-0.86447179,-0.86382306,-0.85990614,-0.86964262,-0.88753307,-0.90420252,-0.92521870,-0.94023716,-0.94422698,-0.95569295,-0.96537977,-0.97369492,-0.97532266,-0.98205090,-1.00273693,-1.01901734,-1.05357409,-0.95010805,-0.42874560,-0.17614086,-0.49892822,-0.32567263,-1.32041883,-1.36017978,-1.16002548,-1.28210294,-1.49333119,-1.48335779,-1.48358893,-1.46037138,-1.45234537,-1.44030344,-1.42685509,-1.41550648,-1.40288246,-1.38976002,-1.38315129,-1.37680507,-1.37426257,-1.37122369,-1.36532056,-1.36432314,-1.35817659,-1.35109591,-1.34498787,-1.34167600,-1.33473504,-1.33248901,-1.32585907,-1.32082367,-1.31028008,-1.30654800,-1.30061769,-1.29217517,-1.28787220,-1.28201032,-1.27957559,-1.28583241,-1.30199027,-1.32068765,-1.33620059,-1.36083627,-1.36813676,-1.37574053,-1.39532030,-1.40017128,-1.39380777,-1.40744293,-1.41387153,-1.42575395,-1.42899418,-1.43263733,-1.46024263,-1.47000003,-1.47483659,-1.52967966,-1.51428485,-1.52103031,-1.55060315,-1.56324363,-1.52309239,-1.47968578,-1.15583348,-0.13183707
428,QUE_T1.02.B,0.00000000,0.87120003,0.12899999,-1.35414851,-1.33357668,-1.30953979,-1.28218877,-1.25494719,-1.23162138,-1.21144533,-1.19193399,-1.17088282,-1.14652348,-1.11997521,-1.09364331,-1.06723917,-1.04095066,-1.01450586,-0.98729604,-0.95996767,-0.93337053,-0.90938008,-0.88441044,-0.86033767,-0.83492434,-0.80737257,-0.77878118,-0.74901330,-0.71734560,-0.68580455,-0.65377456,-0.61941457,-0.58033675,-0.54110086,-0.50349081,-0.46063349,-0.42394090,-0.39305320,-0.35875097,-0.31806213,-0.28708914,-0.25552073,-0.22090870,-0.18769421,-0.15226430,-0.11481468,-0.08687186,-0.06115697,-0.03315185,-0.00476110,0.02394330,0.05399369,0.08713152,0.12652661,0.15822415,0.18343222,0.23751250,0.28279150,0.30502921,0.30992633,0.31392366,0.32647043,0.34270599,0.33836958,0.33116305,0.35207397,0.38074622,0.40270370,0.42628768,0.45222005,0.47631070,0.50072014,0.53090131,0.56574965,0.60869956,0.67787802,0.71811336,0.72168976,0.72989142,0.71863782,0.71866262,0.73329484,0.74951243,0.76639777,0.78634036,0.80580455,0.82705361,0.85179240,0.87752002,0.90434730,0.93009925,0.95245427,0.97857857,1.00768411,1.03908968,1.06937444,1.10402429,1.13351643,1.18083560,1.33629823,1.31480348,1.53147173,1.60573590,1.50577140,1.25317883,1.11974847,1.02652025,0.99602383,0.95161080,0.93332267,0.94665152,0.94758219,0.93934894,0.93959153,0.95707726,0.98051816,1.00202501,1.02085352,1.03910685,1.05801213,1.07618403,1.09536779,1.11859608,1.14987922,1.18370378,1.21332729,1.23692203,1.25418901,1.26241171,1.25872576,1.24848664,1.24212718,1.24005318,1.23820329,1.23809505,1.23207891,1.23657095,1.25245988,1.25908005,1.26431704,1.27853227,1.30141115,1.33267045,1.39253604,1.50431228,1.61165655,2.30821037,5.70732212,3.84965444,3.77375817,-0.64732915,1.60758066,1.55417550,0.43728980,1.93601835,0.96936649,0.97334278,0.88400644,0.85728502,0.88829333,0.89479893,0.91736573,0.95691508,0.98302835,0.99914938,0.96839374,0.90183693,0.83823550,0.76801509,0.71173751,0.67035764,0.63287485,0.61510819,0.60648274,0.61136073,0.62899840,0.64393514,0.65669674,0.67256141,0.69508028,0.70626867,0.72141230,0.74177396,0.75619143,0.76173151,0.77399552,0.76404464,0.70113057,0.62062746,0.54595286,0.48559099,0.47742695,0.48382595,0.46999207,0.43077883,0.39696380,0.38591728,0.38370419,0.36626470,0.39147487,0.38838980,0.36619341,0.41441822,0.37747577,0.42018175,0.46580735,0.41632468,0.32182080,0.36087468,-0.03694606,-0.05566198,-0.13802201,-0.42223591
1005,SSC_ARCA04_20120228,0.58320302,0.41679701,0.00000000,-1.41699135,-1.41587734,-1.40630937,-1.39957106,-1.38741088,-1.37695968,-1.36961520,-1.36339021,-1.35751784,-1.35214198,-1.34433329,-1.33313441,-1.31336176,-1.28663445,-1.26661718,-1.25244522,-1.24493480,-1.24681640,-1.25282729,-1.25308251,-1.24917865,-1.24736631,-1.24863458,-1.24522555,-1.24187410,-1.24611962,-1.24730635,-1.25045049,-1.24417663,-1.21293843,-1.13382900,-1.04573464,-0.96355206,-0.89243335,-0.84250891,-0.81340414,-0.80886912,-0.78057057,-0.76558286,-0.75299907,-0.73874623,-0.72459465,-0.71216393,-0.69760925,-0.68124580,-0.66722649,-0.65145928,-0.63845664,-0.62374938,-0.61119163,-0.60383761,-0.59011966,-0.57634985,-0.56954664,-0.56663024,-0.55692458,-0.55041528,-0.53747654,-0.52205855,-0.50596017,-0.48959532,-0.45953020,-0.44108340,-0.42244264,-0.40615061,-0.38638949,-0.36665010,-0.35427642,-0.33608192,-0.32191440,-0.30832547,-0.30040193,-0.29004627,-0.28697309,-0.29519662,-0.31096768,-0.31190723,-0.30784553,-0.30016059,-0.29396808,-0.28134218,-0.26331094,-0.23952471,-0.21302429,-0.18819192,-0.16494079,-0.14593785,-0.12635881,-0.10592504,-0.09115524,-0.07874916,-0.07799320,-0.08449388,-0.09735396,-0.11900131,-0.13223895,-0.12804954,-0.35062581,-0.30170280,-0.34009781,-0.38032156,-0.48894557,-0.52259618,-0.56061119,-0.56894118,-0.57098448,-0.56875980,-0.55659670,-0.53707689,-0.51024890,-0.48542705,-0.45488235,-0.42408368,-0.39462858,-0.36561531,-0.34194547,-0.31627545,-0.29345554,-0.26809472,-0.24220689,-0.21376845,-0.18544081,-0.15836999,-0.13596410,-0.11431336,-0.10051408,-0.09716336,-0.10179439,-0.10679880,-0.12096116,-0.13296746,-0.15238455,-0.17275789,-0.18028975,-0.16324270,-0.16491367,-0.17282766,-0.16388799,-0.15851092,-0.15127017,-0.18335614,-0.10475820,-0.12596908,1.71513379,3.27159977,-1.75245631,0.58276838,0.10264946,0.16218944,-0.57081562,0.72681522,-0.76046723,-0.76494741,-0.77868348,-0.72724420,-0.70222020,-0.66366917,-0.63728374,-0.60939348,-0.57983661,-0.57557797,-0.52455324,-0.51362753,-0.52265382,-0.53169596,-0.54962426,-0.55815631,-0.57116294,-0.57640433,-0.56517142,-0.55753088,-0.55213231,-0.53293902,-0.52464604,-0.50957066,-0.49394310,-0.48717797,-0.47247618,-0.45135176,-0.42890498,-0.42749518,-0.41671780,-0.40970257,-0.44130415,-0.49194983,-0.53649443,-0.57492477,-0.61484605,-0.64481139,-0.66260093,-0.68214214,-0.70291340,-0.69890022,-0.68794215,-0.73112631,-0.72477287,-0.74183697,-0.73617232,-0.71172333,-0.76031005,-0.75002086,-0.79782635,-0.81755537,-0.88667047,-0.93799359,-0.91103381,-0.95670199,-0.94883251,-0.76345277,1.68607140
1130,OPE3_009,0.02564100,0.41025600,0.56410301,-1.48718858,-1.46901035,-1.44874120,-1.42464221,-1.39954233,-1.37894046,-1.36460483,-1.35135424,-1.33513010,-1.31299829,-1.28601646,-1.25654328,-1.22430670,-1.19001639,-1.15577269,-1.12140763,-1.08789754,-1.05695748,-1.02938175,-1.00322747,-0.98075259,-0.96024263,-0.93997413,-0.91766208,-0.89534372,-0.87239426,-0.84948051,-0.82553196,-0.79670155,-0.75717109,-0.71067649,-0.66471237,-0.61476833,-0.57314301,-0.54071242,-0.50904936,-0.47611848,-0.44879571,-0.42379177,-0.39704934,-0.37183869,-0.34522256,-0.31777057,-0.29808319,-0.28006259,-0.26023871,-0.23974827,-0.21891811,-0.19790754,-0.17486592,-0.14610310,-0.12333073,-0.10420860,-0.06930269,-0.03455324,-0.02199092,-0.01429360,-0.01379402,-0.00446416,0.00546986,0.02556695,0.04836303,0.06635571,0.08507082,0.10144194,0.11838744,0.13432303,0.14740749,0.16012534,0.17690326,0.20009211,0.23490933,0.29633251,0.31910336,0.31123003,0.29987055,0.27761295,0.26946875,0.27118707,0.27819094,0.28439808,0.29344770,0.30126750,0.31017783,0.32085484,0.33241791,0.34255618,0.35266432,0.35934684,0.36673591,0.37419507,0.38227803,0.38729739,0.40133390,0.41645345,0.44860393,0.34051698,0.14238870,0.14109974,0.20698181,0.32632646,0.17368260,0.08823363,0.06207350,0.03915751,-0.01294164,-0.03116267,-0.00901784,0.00305483,0.01109783,0.02204269,0.04931626,0.07808412,0.10372399,0.13211590,0.15544160,0.17908503,0.20002550,0.22141296,0.23931706,0.25856832,0.27562961,0.28935480,0.30128223,0.31029561,0.31777090,0.31855971,0.31875908,0.31883949,0.31915241,0.31729040,0.31373784,0.30517530,0.30108565,0.29787341,0.28974232,0.28325495,0.28353354,0.26430261,0.26673448,0.26361173,0.10160158,0.01924168,0.71488637,-0.94506365,-1.04748774,-1.16801846,-1.74590516,-1.71120560,-1.60963559,-1.39098990,-1.27581739,-0.57613808,-0.87081665,-0.54945773,-0.50041282,-0.58388746,-0.58969885,-0.53286505,-0.50095761,-0.45468986,-0.39997387,-0.36830392,-0.35673338,-0.34008846,-0.30897534,-0.30898902,-0.27887610,-0.26935890,-0.26479554,-0.23924389,-0.21316382,-0.19889569,-0.18072130,-0.15727922,-0.15522027,-0.15853301,-0.14941292,-0.14828299,-0.16210635,-0.15668534,-0.14327532,-0.11644558,-0.12899224,-0.16928914,-0.18340650,-0.21589857,-0.25467700,-0.26393440,-0.29072931,-0.28457910,-0.32022613,-0.36545369,-0.35959062,-0.32360560,-0.40399864,-0.46354246,-0.46621752,-0.44405434,-0.53635633,-0.51877314,-0.63301378,-0.58801961,-0.92497754,-0.79212993,-0.92551744,-0.68828559,-0.67472881,-0.33801678,0.13175562
1346,QUE_T3.02.A,0.00000000,0.75000000,0.25000000,-1.36847508,-1.34977806,-1.32764947,-1.30169821,-1.27644169,-1.25464022,-1.23534107,-1.21640158,-1.19619679,-1.17334938,-1.14906907,-1.12477958,-1.10038197,-1.07573152,-1.05109572,-1.02572095,-1.00010252,-0.97501659,-0.95201731,-0.92821825,-0.90419281,-0.87867248,-0.85102344,-0.82155192,-0.79119980,-0.75907809,-0.72628629,-0.69369912,-0.65792549,-0.61598313,-0.57438874,-0.53358990,-0.49056983,-0.45030060,-0.41362777,-0.37593555,-0.32914346,-0.29567984,-0.26271847,-0.22507721,-0.18826999,-0.15064193,-0.11206626,-0.07882197,-0.04723300,-0.01567242,0.01571157,0.04727916,0.08008441,0.11408641,0.15103738,0.18344098,0.21143663,0.24776345,0.28554049,0.30953813,0.33033943,0.34504437,0.36701870,0.38522989,0.37612301,0.36337173,0.38916385,0.41602737,0.44109848,0.46529174,0.48949879,0.51407957,0.53918409,0.56435686,0.59371114,0.61867428,0.65098321,0.68444091,0.69404984,0.70328361,0.70656878,0.71532553,0.72982341,0.74847448,0.76748431,0.78819400,0.81041372,0.83438307,0.85911340,0.88448298,0.91107583,0.93616778,0.95193660,0.96754837,0.98263544,0.99720973,1.00684059,1.00917685,1.00263977,0.98910922,1.06337178,0.82034004,1.12012386,1.04611254,0.91513652,0.63700867,0.51029402,0.45725599,0.43247819,0.41302267,0.41030195,0.42658988,0.45396242,0.48600656,0.51978701,0.55986619,0.60166252,0.64067549,0.67548543,0.70791453,0.73957676,0.76924467,0.79737753,0.82556832,0.86014175,0.89396709,0.92237759,0.94890481,0.96835983,0.98033309,0.98335201,0.98078907,0.97779256,0.97435242,0.97241229,0.96467692,0.95218366,0.94456697,0.93947655,0.92699730,0.90948588,0.89657843,0.89288521,0.89158809,0.89622462,0.92047697,1.00753522,1.47842598,2.45527339,0.88559270,0.26882768,2.50995779,1.24088240,-0.75791454,0.30584723,1.01213229,1.61418509,0.02260128,-0.16694224,-0.12819842,-0.05389307,-0.01442354,0.02951938,0.08826191,0.14769566,0.22379386,0.23079984,0.22458009,0.21732660,0.20890100,0.19864982,0.18593909,0.17263506,0.17329988,0.18078616,0.19208464,0.21268119,0.23450266,0.26310363,0.28114679,0.29915279,0.31418961,0.33272079,0.35255823,0.36148840,0.37282383,0.37763751,0.36063698,0.31901571,0.26848248,0.20592505,0.16932619,0.14714080,0.13603584,0.10811149,0.08026706,0.04773783,0.01576381,-0.01502584,-0.00659277,-0.02692217,-0.02375609,-0.02237071,-0.03170560,-0.10898279,-0.06276403,-0.07059854,-0.16756453,-0.22091280,-0.32115355,-0.48180464,-0.26094699,-0.61379969,-0.21777335
231,NF_088,0.01923080,0.21794900,0.76282102,-1.15723336,-1.13291276,-1.10981596,-1.08606112,-1.06336129,-1.04165661,-1.02213573,-1.00401890,-0.98510408,-0.96429443,-0.94073230,-0.91544819,-0.88890380,-0.86167747,-0.83532685,-0.80983186,-0.78502899,-0.76084280,-0.73769933,-0.71563280,-0.69257516,-0.67004120,-0.64523524,-0.61988854,-0.59383118,-0.56789070,-0.54009444,-0.51270342,-0.48219985,-0.44425395,-0.39934611,-0.35542467,-0.31918797,-0.27979100,-0.23968399,-0.20461062,-0.17491770,-0.13943109,-0.10862099,-0.07972518,-0.04971066,-0.02318383,0.00307785,0.03638443,0.07072136,0.10176074,0.13164355,0.16024968,0.18849190,0.21228293,0.22935826,0.25070807,0.27786070,0.27882129,0.28629354,0.31407884,0.35126156,0.39565122,0.42862979,0.46296695,0.48649409,0.50552917,0.53139585,0.55593222,0.57919878,0.60211104,0.62195128,0.64206004,0.66026330,0.67305756,0.68047863,0.67622656,0.65878338,0.66754812,0.69221091,0.71988124,0.76088756,0.78941166,0.80621821,0.82454091,0.84330225,0.86282909,0.88247442,0.90427673,0.92304182,0.93985260,0.95303881,0.96566343,0.97993320,0.98900688,0.99307150,0.99276179,0.98832393,0.97812748,0.96764767,0.93675488,0.94847077,0.89919567,0.96569687,0.90790987,0.90187454,0.85834283,0.81648296,0.82528973,0.83963734,0.86585855,0.88504720,0.89031053,0.92455846,0.96138895,0.99255919,1.01864958,1.04120064,1.06269097,1.08109105,1.09594536,1.10743380,1.11946642,1.13072145,1.14475584,1.15615809,1.16766787,1.18006063,1.18860769,1.19602919,1.20207369,1.20372069,1.20517802,1.20696688,1.20988274,1.20905006,1.20762062,1.20404720,1.19601595,1.19339454,1.19168341,1.18680716,1.17339277,1.13951588,1.14050233,1.11885917,1.02831054,1.20962608,-0.11339659,-1.25914991,-1.74157679,-1.74401283,-0.76073390,-0.49599224,-1.72543728,-1.75137246,-1.45155680,0.40473917,0.34804508,0.77604496,0.80019313,0.83378661,0.87727904,0.90768856,0.94174969,0.97898078,0.99478489,1.00591576,1.01539707,1.01829588,1.01530218,1.01098752,1.00882816,1.01643550,1.01021039,1.01140046,1.01675296,1.03491437,1.03312004,1.03000534,0.99985451,0.97928250,0.96728873,0.95701063,0.92179543,0.90947837,0.91234285,0.95882899,0.98209745,0.98400575,0.95642310,0.93148166,0.92560434,0.90063024,0.86406267,0.82872051,0.82474214,0.81416607,0.79703301,0.75219202,0.73178595,0.71346605,0.70868045,0.68536127,0.73367953,0.69237989,0.67898190,0.59309882,0.57568669,0.40153161,0.14900039,0.24433923,0.24594651,0.51065022,2.44336629
580,QUE_T2.03.D,0.00000000,0.56059998,0.43900001,-1.44477952,-1.42705357,-1.40730536,-1.38474226,-1.36225510,-1.34270251,-1.32581949,-1.30943656,-1.29220939,-1.27267265,-1.25203598,-1.23108399,-1.21013820,-1.18930769,-1.16832292,-1.14669192,-1.12458110,-1.10276270,-1.08202589,-1.06012726,-1.03794658,-1.01464689,-0.98961550,-0.96358877,-0.93614674,-0.90770566,-0.87813425,-0.84766191,-0.81450874,-0.77736312,-0.73705947,-0.69765472,-0.65951443,-0.62153769,-0.58414561,-0.54775882,-0.51318407,-0.47800669,-0.44245875,-0.40886176,-0.37625226,-0.34409571,-0.31301552,-0.28321722,-0.25457650,-0.22736697,-0.20129624,-0.17537379,-0.14937785,-0.12338273,-0.10108903,-0.08084119,-0.06119600,-0.05316107,-0.05203231,-0.03125171,-0.00780215,0.01749953,0.03853769,0.06082847,0.06467631,0.07321714,0.09580135,0.11847965,0.14215767,0.16186000,0.18149748,0.20076616,0.22224687,0.24415551,0.26846492,0.28854778,0.31055319,0.32605839,0.33063135,0.33117589,0.33875799,0.35140434,0.36695677,0.38114378,0.39739922,0.41618654,0.43619412,0.45754606,0.47952646,0.50085616,0.51951635,0.53851098,0.55387127,0.56533265,0.57446527,0.58225632,0.58841854,0.58564711,0.57371992,0.55793470,0.57568365,0.61940277,0.44939297,0.32203302,0.14443351,0.03390314,-0.03311411,-0.07561896,-0.09055984,-0.09426173,-0.08895524,-0.07033327,-0.03687162,0.00407736,0.04590909,0.09206044,0.13749157,0.18013735,0.21986480,0.25664783,0.29129305,0.32266733,0.35227379,0.38250053,0.41169280,0.44292408,0.47075891,0.49411991,0.51122469,0.52006185,0.52243292,0.52167195,0.52034956,0.51664883,0.51313770,0.50622565,0.49277437,0.48199406,0.47230661,0.45573494,0.43272713,0.41384000,0.40262401,0.39642835,0.39355311,0.39236349,0.40355188,-0.30915484,0.35307732,0.44239470,0.83120096,0.11508381,-0.80471462,-0.79393053,-1.47044909,-0.63914776,-1.07015991,-0.77609360,-0.61931854,-0.60869932,-0.58039182,-0.52104920,-0.47126549,-0.42550939,-0.39067158,-0.36939573,-0.33493191,-0.31260383,-0.29953983,-0.30417776,-0.30812368,-0.30958605,-0.30326113,-0.28903064,-0.27416232,-0.25617817,-0.23867293,-0.21405277,-0.19386512,-0.17605159,-0.16278939,-0.14472812,-0.13090746,-0.12151087,-0.10842479,-0.10830980,-0.10515341,-0.11455841,-0.14234768,-0.19231625,-0.23963036,-0.27236748,-0.28303620,-0.30241832,-0.31444392,-0.35644263,-0.39365280,-0.40783808,-0.43287483,-0.45033193,-0.50884438,-0.53327662,-0.55918831,-0.57344824,-0.64716882,-0.67566508,-0.77551949,-0.78167063,-0.77008116,-0.97822970,-0.87571639,-1.24040461,-1.32370353,-1.11885417
1497,CHC_CEME01_20110807,0.65530598,0.34469399,0.00000000,-1.57142794,-1.56844985,-1.56209862,-1.54917741,-1.53469634,-1.51866686,-1.50983584,-1.50362611,-1.49975193,-1.49180067,-1.48314738,-1.46043539,-1.41667569,-1.35859835,-1.31805277,-1.29174304,-1.28310323,-1.29753304,-1.31446040,-1.32449913,-1.32161009,-1.32281268,-1.32875323,-1.32348764,-1.32545662,-1.34034574,-1.34846079,-1.36222494,-1.35376430,-1.28120649,-1.08919621,-0.83944249,-0.57150787,-0.32373485,-0.15014258,-0.05361939,-0.00981424,0.02739955,0.05079220,0.07249810,0.09375362,0.11289117,0.12903969,0.14707291,0.16574314,0.18382627,0.20072316,0.21607363,0.23035695,0.24312107,0.24726540,0.25634962,0.26511362,0.27106389,0.24697581,0.23999368,0.21403980,0.20912001,0.21746777,0.23421261,0.25463855,0.33373818,0.36695254,0.40184268,0.42973363,0.45683038,0.48051602,0.49976611,0.51440185,0.52238458,0.52899790,0.51932305,0.50111866,0.46455413,0.40096602,0.30724886,0.26246160,0.24615429,0.24055272,0.23540692,0.24030779,0.25914678,0.29653981,0.33718157,0.37017718,0.40035975,0.42403439,0.44546974,0.45446095,0.45269004,0.43607959,0.39776218,0.33681580,0.25632414,0.16637325,0.08830643,-0.01521983,-0.31105018,-0.30224457,-0.54031146,-0.73176855,-0.87114048,-0.93060738,-0.95848423,-0.97718275,-0.97567981,-0.96806824,-0.95293683,-0.92207760,-0.88110077,-0.83813518,-0.79580587,-0.75090331,-0.70799094,-0.66929889,-0.63117033,-0.59572113,-0.56235284,-0.52841967,-0.49677274,-0.46590024,-0.43487966,-0.40712148,-0.38431126,-0.36832553,-0.36282119,-0.36780480,-0.37224129,-0.37581918,-0.38853142,-0.41372490,-0.44760302,-0.47530779,-0.49429110,-0.49706712,-0.51305741,-0.52874082,-0.53652680,-0.53825235,-0.54116535,-0.55126482,-0.58195609,-0.57675970,-0.52683389,0.23059043,-0.33118281,-0.51152736,-0.46814021,-1.11447203,-1.20975375,-1.22446656,-1.23730671,-1.29476762,-1.26778162,-1.23936749,-1.21141803,-1.17995965,-1.15737176,-1.13662136,-1.11653352,-1.10672140,-1.08197963,-1.06858838,-1.06656444,-1.06958044,-1.07384694,-1.07820296,-1.07490194,-1.06579053,-1.07004523,-1.06335378,-1.05437422,-1.04830348,-1.04063809,-1.03035569,-1.01981080,-1.01020014,-0.99855411,-0.98108917,-0.96930307,-0.95422769,-0.95245123,-0.94723856,-0.95939910,-0.99193072,-1.02492058,-1.05929434,-1.08890641,-1.10131085,-1.12678039,-1.14696980,-1.16554117,-1.16309762,-1.17593932,-1.19234681,-1.20194471,-1.19726610,-1.22775817,-1.22346604,-1.24123836,-1.26300347,-1.31460416,-1.32705402,-1.36686635,-1.37805223,-1.41022289,-1.38862109,-1.38604009,-1.20841420,-0.16506945
1321,COP_20160501_5-30-E,0.07449770,0.92550200,0.00000000,-1.53805125,-1.51884747,-1.49684680,-1.47465515,-1.45535600,-1.43846345,-1.42383742,-1.41063166,-1.39796972,-1.38452649,-1.36724281,-1.34345424,-1.31365299,-1.28471279,-1.26123929,-1.24135566,-1.22552872,-1.21255434,-1.20202506,-1.18849063,-1.17158592,-1.15372765,-1.13524079,-1.11217809,-1.09471071,-1.08650732,-1.08019590,-1.07869709,-1.05834830,-0.98008949,-0.84714490,-0.72576851,-0.62739658,-0.54637086,-0.48495948,-0.43866816,-0.39962199,-0.36544004,-0.33380327,-0.30195230,-0.27058968,-0.24055542,-0.21084626,-0.18193758,-0.15365341,-0.12565893,-0.09822281,-0.07088473,-0.04421801,-0.01884120,0.00660211,0.03164051,0.05474195,0.06979863,0.08194634,0.09425355,0.10663976,0.12397907,0.14424689,0.16690823,0.20722511,0.25608924,0.28859428,0.31997699,0.34862378,0.37576377,0.40187752,0.42653075,0.44931117,0.47108191,0.49212021,0.51671708,0.55363780,0.55601472,0.52068472,0.47953695,0.45231375,0.45137444,0.45935994,0.46865356,0.48388907,0.50706589,0.53688639,0.57091832,0.60516459,0.63740736,0.66688693,0.69200170,0.71242625,0.72858679,0.73779863,0.73700279,0.72450769,0.70255560,0.68954653,0.58265197,0.01900573,0.11221362,0.11545157,0.11900341,0.13952610,0.15794042,-0.42133948,-0.23882729,-0.21550149,-0.17142136,-0.14638203,-0.12853917,-0.08615153,-0.03660144,0.00964199,0.05808472,0.10635205,0.15115809,0.19210579,0.23031650,0.26727951,0.30283436,0.33921820,0.37848008,0.42242101,0.46844721,0.51093298,0.54794508,0.58061230,0.60428369,0.61537790,0.61700410,0.60801876,0.58918655,0.57029384,0.55010092,0.52710009,0.51730490,0.52121389,0.51790041,0.50889099,0.51320148,0.53988737,0.60858130,0.66404116,0.54228932,0.62079692,1.07727492,2.72883058,2.54869580,2.59118891,2.78054667,1.51629746,0.67540461,1.01091409,0.91079026,-0.03702494,-0.26039729,-0.29802755,-0.28545424,-0.23580039,-0.19343249,-0.15092473,-0.10972042,-0.07296425,-0.03187995,-0.02802778,-0.04744790,-0.07791946,-0.11132210,-0.13951500,-0.15801929,-0.16808571,-0.17095661,-0.16635981,-0.15204121,-0.12918295,-0.10259149,-0.08011421,-0.06145215,-0.04899735,-0.03888278,-0.02701519,-0.01723951,-0.00860965,-0.00006778,0.00470641,-0.01080346,-0.05728750,-0.12415237,-0.18987353,-0.23983264,-0.26684642,-0.28449473,-0.31124908,-0.33867177,-0.34342831,-0.34552699,-0.35543624,-0.35739785,-0.34823930,-0.33960769,-0.33985779,-0.34706149,-0.35539967,-0.36485305,-0.38509855,-0.43089977,-0.47105178,-0.46664441,-0.52412611,-0.51988363,-0.30677757,0.04155559
1423,QUE_T3.10.F,0.00000000,0.19000000,0.81000000,-1.19233072,-1.16567862,-1.13535893,-1.09831333,-1.05818605,-1.02340317,-0.99465376,-0.96568781,-0.93174320,-0.89160448,-0.84880400,-0.80814081,-0.77065003,-0.73475069,-0.69963139,-0.66402805,-0.62814450,-0.59430444,-0.56426924,-0.53530222,-0.50860071,-0.48158646,-0.45248753,-0.42190751,-0.39063713,-0.35733417,-0.32555741,-0.29293761,-0.25547409,-0.20994164,-0.16427644,-0.12056980,-0.07353874,-0.03065479,0.00680755,0.04584949,0.09151494,0.12707013,0.15946929,0.19603719,0.23133856,0.26759246,0.30465925,0.33480930,0.36233237,0.39025933,0.41929010,0.44765151,0.47637895,0.50560957,0.53807533,0.56558323,0.59084386,0.61880773,0.65151376,0.67295289,0.69007891,0.70603263,0.72277886,0.74147969,0.73966748,0.73506808,0.75773865,0.77912122,0.80233592,0.82245141,0.84367877,0.86416179,0.88496679,0.90874213,0.93197083,0.96029532,1.00193322,1.02706790,1.03510487,1.04698062,1.04697609,1.05112278,1.06230676,1.07561922,1.08980691,1.10527980,1.12053680,1.13736510,1.15527391,1.17407131,1.19342589,1.21183872,1.22569573,1.23945177,1.25556135,1.27295876,1.28858972,1.30428147,1.31660104,1.34736574,1.47848320,1.83286870,1.70381939,1.60649717,1.46817482,1.27849841,1.22745001,1.18426847,1.17181396,1.14948773,1.14676785,1.15852284,1.16636014,1.17250681,1.18161297,1.19939435,1.21773195,1.23512661,1.25156665,1.26648784,1.28266418,1.29695737,1.31096959,1.32742369,1.34694231,1.36692226,1.38355708,1.39697540,1.40712607,1.41352761,1.41152120,1.40537965,1.40108061,1.40038514,1.39987648,1.39824653,1.39364183,1.39387417,1.39855325,1.39970267,1.40126133,1.40776873,1.41763496,1.43017852,1.46670640,1.54010904,1.54873025,1.72408450,4.62440491,3.70866251,1.68744218,0.19179413,3.61308050,2.50495005,2.97704268,0.20907162,0.84348857,1.25466621,0.88246924,0.90095836,0.92167318,0.93536800,0.96334821,1.00492907,1.05081940,1.09996462,1.09294319,1.06585252,1.03828430,1.01177216,0.99484545,0.97076881,0.96103811,0.94984478,0.95275158,0.96048957,0.96982878,0.97828358,0.98199201,0.97539175,0.97294003,0.97114038,0.97281152,0.97197807,0.97296578,0.96900910,0.99563050,1.00171113,0.97090459,0.92109776,0.87139797,0.83469743,0.81360048,0.80183500,0.78183168,0.76363450,0.74757677,0.71926677,0.72100121,0.71441054,0.69445181,0.67335862,0.68840033,0.64109850,0.68373108,0.66094482,0.62795806,0.59263885,0.54381782,0.32598615,0.35666421,0.56997526,0.58901221,0.22310159
878,SSC_BAPI10_20110615,0.87031102,0.12968899,0.00000000,-1.69360888,-1.68547118,-1.67714107,-1.66231155,-1.64490438,-1.63019359,-1.61701107,-1.60896194,-1.60159707,-1.59557986,-1.58342278,-1.55175447,-1.48172915,-1.38129067,-1.31395102,-1.27512157,-1.27115953,-1.30570447,-1.35080469,-1.37806046,-1.38355041,-1.40192306,-1.43215835,-1.43957317,-1.45246637,-1.48583543,-1.51655209,-1.54836988,-1.54725087,-1.45384479,-1.14958382,-0.73290324,-0.26299345,0.18455677,0.51034892,0.68466949,0.73448890,0.81733114,0.85470802,0.88249218,0.91321087,0.94206357,0.95209485,0.97336870,1.00269186,1.02737808,1.04945922,1.06609654,1.08291519,1.09653616,1.07494676,1.08272004,1.08619177,1.11029482,0.94775397,0.91826743,0.83838880,0.82741660,0.83830184,0.88154912,0.92824560,1.04128861,1.10227776,1.16471028,1.22556162,1.26997626,1.30501699,1.32404971,1.32608604,1.31819713,1.29082334,1.25162017,1.17603588,1.02941847,0.83348185,0.58220488,0.47162345,0.42751399,0.38975400,0.35671493,0.35306609,0.37445611,0.42327946,0.47740871,0.52503097,0.56073588,0.58742827,0.59712392,0.59360224,0.56142157,0.49983832,0.40380710,0.27324846,0.12376767,-0.02466339,-0.08866134,-0.03447214,2.24022269,4.06429863,0.49148962,-0.39732569,-1.27059627,-1.38118541,-1.38511956,-1.40500927,-1.40659130,-1.40148640,-1.39026713,-1.36488962,-1.32894385,-1.29522729,-1.25416923,-1.21052992,-1.16586411,-1.12060761,-1.07461488,-1.03231800,-0.99105448,-0.94924939,-0.91270864,-0.87751251,-0.84534621,-0.81988752,-0.79555261,-0.77459395,-0.75924277,-0.75615662,-0.76169342,-0.77644593,-0.80529368,-0.83520687,-0.85987818,-0.88167351,-0.90171677,-0.91492933,-0.93889731,-0.96663630,-0.98658460,-0.99393767,-0.99487394,-1.02027690,-1.06189656,1.59371519,-1.75245631,-1.75245631,-1.75245631,-1.75245631,-1.75245631,-1.75245631,0.17987044,-1.75245631,1.29711044,-1.75245631,-1.27611315,-1.54473686,-1.61120474,-1.61618245,-1.59418893,-1.59233499,-1.58808160,-1.57238615,-1.56983995,-1.53791094,-1.52874005,-1.52424335,-1.51831949,-1.50195074,-1.48612893,-1.47711074,-1.46527839,-1.45083988,-1.43682146,-1.42459655,-1.41586339,-1.40535486,-1.39865947,-1.39014423,-1.38061786,-1.37088525,-1.36722398,-1.36136723,-1.35562301,-1.36299384,-1.37443328,-1.39047027,-1.41067731,-1.43056571,-1.44952285,-1.47356915,-1.48441923,-1.49893594,-1.49927330,-1.50810242,-1.52234972,-1.53342009,-1.53938854,-1.54380929,-1.56613684,-1.57316434,-1.56760871,-1.57743394,-1.57703626,-1.60499680,-1.60579479,-1.55375075,-1.57433605,-1.53268301,-1.13724577,0.34994501,0.72201180
247,FSP_016,0.00000000,0.79487199,0.20512800,-1.56915092,-1.55297506,-1.53345537,-1.51175749,-1.48907542,-1.46780479,-1.44994414,-1.43423235,-1.41761148,-1.39757574,-1.37303948,-1.34542799,-1.31643164,-1.28866804,-1.26305544,-1.23844635,-1.21449983,-1.19273758,-1.17276430,-1.15339267,-1.13409472,-1.11495626,-1.09707260,-1.07636106,-1.06252527,-1.05647969,-1.05077386,-1.04780233,-1.02507138,-0.95344955,-0.86436480,-0.79982179,-0.75132900,-0.71363550,-0.68331879,-0.65351593,-0.61810386,-0.58939081,-0.56179881,-0.52977991,-0.49704689,-0.46416476,-0.42855170,-0.39562014,-0.36313918,-0.32906097,-0.29291224,-0.25615877,-0.21765251,-0.17787729,-0.13540761,-0.09540415,-0.05688106,-0.03280419,0.00052809,0.02341614,0.04797108,0.08113883,0.11645178,0.15634364,0.20731615,0.26465157,0.31880257,0.37172276,0.42226979,0.47247955,0.51822180,0.56282651,0.60317349,0.63923925,0.67012203,0.69536239,0.72040939,0.72658920,0.69085371,0.65341949,0.64477140,0.65756357,0.67701304,0.69839305,0.72183883,0.75278217,0.78679657,0.82094604,0.85561788,0.88813955,0.91825920,0.94270653,0.95380682,0.95840758,0.95140159,0.93423420,0.90524900,0.86125052,0.81983823,0.77036047,0.57121658,0.45119870,0.39956462,0.42698884,0.44099379,0.34264803,0.18907480,0.16898413,0.15302026,0.12965670,0.13577151,0.15168117,0.17487001,0.20215726,0.23368604,0.27151382,0.30961621,0.34578478,0.37724206,0.40764618,0.43829316,0.46672818,0.49516696,0.52329141,0.55281323,0.58113796,0.60482264,0.62699187,0.64178425,0.65144503,0.65425998,0.65438759,0.64657903,0.63331074,0.61749262,0.60150385,0.58121181,0.56612569,0.55982667,0.54648203,0.53016508,0.51697022,0.48732054,0.48985031,0.51284319,0.65357959,1.73110080,0.08530956,-0.81721461,2.07486773,-1.20103002,0.00419118,-0.56458193,0.11402249,-1.68362069,-1.13458037,1.97905707,0.45291558,-0.30072561,-0.32625142,-0.23823866,-0.23634495,-0.21198435,-0.18107586,-0.10851828,-0.05570732,-0.04567362,-0.07117209,-0.08895898,-0.10653377,-0.11212434,-0.11329831,-0.11218838,-0.10798855,-0.10317802,-0.07840116,-0.07198730,-0.07093661,-0.05676140,-0.05095709,-0.04088424,-0.02841319,-0.03237345,-0.01883652,-0.00296637,0.00289555,0.01596002,0.01414705,-0.02663925,-0.08378477,-0.11227965,-0.15622164,-0.18680269,-0.21122932,-0.24575031,-0.25643995,-0.26345187,-0.27162027,-0.25415522,-0.30299866,-0.30750993,-0.26391640,-0.20804816,-0.30983216,-0.28531298,-0.36441505,-0.41077229,-0.56249005,-0.57853889,-0.50386447,-0.56934130,-0.61539459,0.82794970,0.89632320
1211,SF_058,0.12179500,0.69871801,0.17948700,-1.46733892,-1.44717109,-1.42475331,-1.40109277,-1.37680471,-1.35421562,-1.33502066,-1.31827593,-1.30011916,-1.27836382,-1.25027609,-1.21313167,-1.16378880,-1.11041117,-1.06636739,-1.03103554,-1.00491428,-0.99198842,-0.98370564,-0.96914440,-0.95271802,-0.93926430,-0.92528290,-0.90613520,-0.89123064,-0.88138288,-0.87606239,-0.87126756,-0.84657407,-0.77165443,-0.64232260,-0.50513023,-0.36649984,-0.24769229,-0.16576114,-0.10891759,-0.06215273,-0.03329594,-0.00846556,0.01942094,0.04686652,0.07334147,0.10253131,0.12372583,0.14221248,0.16098146,0.18130536,0.20176648,0.22319414,0.24541105,0.27414104,0.29596859,0.31455889,0.33422267,0.37086853,0.37877247,0.38043490,0.37950048,0.38949716,0.40305197,0.42101821,0.44281143,0.46620488,0.48894837,0.51278847,0.53396863,0.55349427,0.57458144,0.59437186,0.61722380,0.64157039,0.66837782,0.71052963,0.73710144,0.72245538,0.70325953,0.67405367,0.66946065,0.68077779,0.69441140,0.70954895,0.72879601,0.74998057,0.77249175,0.79400516,0.81922072,0.84341913,0.86683667,0.88188988,0.89624774,0.91121656,0.92214549,0.92320848,0.91852331,0.90908271,0.89460027,0.77737039,0.59219593,1.10595644,1.27653277,1.02003288,0.74131495,0.44779900,0.37224022,0.35365763,0.28366068,0.27979472,0.29636171,0.32406288,0.34459680,0.36867717,0.40999717,0.45527241,0.50014400,0.54016316,0.57879961,0.61503762,0.65024793,0.68432963,0.71791190,0.75694311,0.79282838,0.82557392,0.85319239,0.87552756,0.88752300,0.88940513,0.88239473,0.87466162,0.87015480,0.86518872,0.85192889,0.83585435,0.82555479,0.82476366,0.81833774,0.81046838,0.80080432,0.77955711,0.75609118,0.96665019,1.25374019,0.74711168,-0.25511697,-0.74323016,-1.50286746,-1.60160577,-1.35857570,-0.84748822,-1.74366140,-1.66367221,-0.55018330,-1.32006812,-0.02967072,1.18169034,0.13981089,-0.08921338,-0.04443783,-0.02741731,0.04883608,0.08647828,0.14219436,0.13736852,0.10435234,0.08515449,0.07372081,0.05795349,0.03186967,0.02838818,0.04071163,0.05123650,0.05878717,0.08203106,0.11759128,0.13321216,0.14517768,0.15672132,0.16060026,0.18041384,0.20478298,0.21659365,0.20093490,0.21201275,0.19273789,0.15417787,0.08286170,0.03199307,-0.02051802,-0.02273333,-0.00813099,-0.01621021,-0.09287939,-0.14109109,-0.15667388,-0.21860364,-0.25510809,-0.21801081,-0.26103511,-0.19618198,-0.06366326,-0.16065927,-0.27356353,-0.30672356,-0.43159136,-0.24829306,-0.08544056,0.64645982,0.69818175,0.06623067,1.98485148
1400,QUE_T3.08.C,0.00000000,0.25999999,0.74000001,-1.20621288,-1.17454386,-1.13967001,-1.09873760,-1.05730724,-1.02359378,-0.99812323,-0.97453636,-0.94714898,-0.91319656,-0.87471449,-0.83587950,-0.79796243,-0.76016784,-0.72244900,-0.68374252,-0.64461190,-0.60687435,-0.57278037,-0.53958774,-0.50903201,-0.47880810,-0.44716549,-0.41440699,-0.38083211,-0.34476122,-0.30865887,-0.27172837,-0.23220696,-0.18784064,-0.14459327,-0.10286728,-0.05576131,-0.01426683,0.02125879,0.05922399,0.10482200,0.13952132,0.17293236,0.21017431,0.24569012,0.28261176,0.32058045,0.35056856,0.37796775,0.40656522,0.43600175,0.46491078,0.49459925,0.52649969,0.56267762,0.59218800,0.61774617,0.65879601,0.69919026,0.71964443,0.73612332,0.74557120,0.76113600,0.77649373,0.78968602,0.80193669,0.82531285,0.84899753,0.87029201,0.89111876,0.91391814,0.93480986,0.95766646,0.98145378,1.00562668,1.03476453,1.08346212,1.11302972,1.12526715,1.13222659,1.12837911,1.13513029,1.14754903,1.16175079,1.17749035,1.19304669,1.20811677,1.22362339,1.24134147,1.26012123,1.27947485,1.29769921,1.31164241,1.32685685,1.34579897,1.36440909,1.38226902,1.40020347,1.41519797,1.44733405,1.60162032,1.67842877,1.40685844,1.78196704,1.55736041,1.45066941,1.38321280,1.35138834,1.34400463,1.31852221,1.30899179,1.32382929,1.32905710,1.32674468,1.32810092,1.34149218,1.35641825,1.37153900,1.38594735,1.39964819,1.41392004,1.42595899,1.44028854,1.45618796,1.47372770,1.49190688,1.50752056,1.52094543,1.53133667,1.53780591,1.53622186,1.53028762,1.52770066,1.52794516,1.52951217,1.53007495,1.52720630,1.52924371,1.53642428,1.53950047,1.54272413,1.55111206,1.56311333,1.57752776,1.60928988,1.65526807,1.71597934,0.71045995,0.10920097,-0.82130945,0.12358221,-0.85008377,-0.95413882,-0.04675750,1.61762846,1.00562322,1.61281085,1.02361846,1.13144553,1.11288345,1.16702902,1.18807268,1.20404088,1.23569751,1.26807427,1.30700612,1.29522896,1.26965725,1.23931324,1.21323633,1.19948828,1.18241465,1.17221856,1.16265404,1.16257536,1.16728878,1.17712438,1.18944764,1.18712938,1.17893827,1.17106795,1.17000031,1.16620386,1.16606712,1.15537536,1.14814377,1.18484271,1.19779611,1.17125094,1.12022388,1.07409370,1.04792440,1.03167713,1.02809322,1.00924516,0.98094356,0.96470517,0.95236152,0.94325042,0.93380624,0.91827232,0.93853533,0.88136423,0.90239948,0.94436336,0.88364792,0.77031535,0.72469163,0.65275502,0.42804292,0.46319529,0.46581784,-0.33275059,-0.83801240
586,QUE_T2.03.J,0.00000000,0.50000000,0.50000000,-1.43214476,-1.41410816,-1.39415324,-1.37166703,-1.34897196,-1.32908893,-1.31207049,-1.29574978,-1.27834511,-1.25858974,-1.23763251,-1.21653306,-1.19546092,-1.17407763,-1.15272331,-1.13077986,-1.10836077,-1.08627880,-1.06458080,-1.04227471,-1.01970875,-0.99603158,-0.97095120,-0.94479764,-0.91716546,-0.88867122,-0.85899812,-0.82824838,-0.79540265,-0.75968707,-0.72110939,-0.68326670,-0.64653212,-0.60899562,-0.57173026,-0.53551620,-0.50265849,-0.46581131,-0.43012872,-0.39657137,-0.36374497,-0.33149120,-0.30049670,-0.26987368,-0.24017714,-0.21222450,-0.18496145,-0.15857811,-0.13215096,-0.10656298,-0.08459672,-0.06459685,-0.04287833,-0.03965312,-0.03526386,-0.01429780,0.01238971,0.04152907,0.06225662,0.08586032,0.13396487,0.19144307,0.21786182,0.24469261,0.26818705,0.28868029,0.31055504,0.33500516,0.35735905,0.37806499,0.39680323,0.41096967,0.42771405,0.44302738,0.44986951,0.45319536,0.46466726,0.47888279,0.49354333,0.50843990,0.52469629,0.54425675,0.56517327,0.58804202,0.61133057,0.63369966,0.65252060,0.67171109,0.68880421,0.70566404,0.71823323,0.72200084,0.71546066,0.69835353,0.67814773,0.64615154,0.45775732,0.12459399,0.36687520,0.33754033,0.22735317,0.13184735,0.05470712,0.02270751,0.00271711,0.00200391,0.00817189,0.02658515,0.05848824,0.10119525,0.14515653,0.19173102,0.23864675,0.28204802,0.32215247,0.35834184,0.39268088,0.42415896,0.45409659,0.48485619,0.51666403,0.55028296,0.58195782,0.60748726,0.62627131,0.63697314,0.64023167,0.63766730,0.63664103,0.63367510,0.62966633,0.62342554,0.61171740,0.60141784,0.59042901,0.57361054,0.55211395,0.53337967,0.52227753,0.51443785,0.51182675,0.49769136,0.50767708,-0.12497016,-0.77911901,-0.59835875,0.52654850,0.12181249,-0.95998228,-0.83968198,0.17154582,-0.98764920,-0.91955560,-0.60432446,-0.60936391,-0.52935398,-0.46137694,-0.41501909,-0.36375725,-0.31988293,-0.28828752,-0.24636370,-0.20798634,-0.19391093,-0.19576702,-0.20291124,-0.20982455,-0.20885496,-0.19899106,-0.18830527,-0.17450669,-0.15597612,-0.13148883,-0.10888112,-0.08762245,-0.07443692,-0.05182723,-0.04235503,-0.02456640,0.00185340,0.00246376,0.01117239,0.01207980,0.00057203,-0.03163735,-0.08688635,-0.13248320,-0.16993783,-0.18352675,-0.19411859,-0.22493277,-0.23946652,-0.27112290,-0.30130675,-0.33006912,-0.34299827,-0.39547780,-0.42302236,-0.40937501,-0.47537476,-0.48503941,-0.50471139,-0.60647482,-0.59208924,-0.58405125,-0.71568841,-0.80721217,-1.28063345,-1.31168354,-1.31062484
283,FSP_053,0.26923099,0.00000000,0.73076898,-1.55299366,-1.53610015,-1.51721871,-1.49534905,-1.47173834,-1.45203412,-1.44065225,-1.43304682,-1.42183459,-1.40349960,-1.37468874,-1.32952595,-1.25085497,-1.15024233,-1.07384968,-1.02347803,-1.00421059,-1.02228105,-1.04592037,-1.05318189,-1.05210912,-1.05785882,-1.05981159,-1.05557239,-1.05974317,-1.06338584,-1.06457245,-1.06054139,-1.04135382,-0.97302687,-0.76377457,-0.40748107,0.05328774,0.52808172,0.88325852,1.08967769,1.21623659,1.25139391,1.26133990,1.28245032,1.30131531,1.31499910,1.33498383,1.34744716,1.35824919,1.36873972,1.38278532,1.39509106,1.40558589,1.41268206,1.42550278,1.43560064,1.44300830,1.42373061,1.44323575,1.41292489,1.38179016,1.36958289,1.37286627,1.38874698,1.37556005,1.36011899,1.39055860,1.42145216,1.44672847,1.46941066,1.48872972,1.50743151,1.51798439,1.52185977,1.51816511,1.51071322,1.50303221,1.45882106,1.37533295,1.28500164,1.23060453,1.21488273,1.21040630,1.21028173,1.21594632,1.23040819,1.25131583,1.27087867,1.28977847,1.30814672,1.32628655,1.33497560,1.32095504,1.30269778,1.27792537,1.23783445,1.17670250,1.09885049,1.01089609,0.94359535,0.77489090,0.86197954,0.92176360,0.90857035,0.63519871,0.29111236,-0.06990486,-0.20155647,-0.23986407,-0.27685431,-0.28560698,-0.25569683,-0.21919425,-0.17920470,-0.13258369,-0.07503068,-0.01152776,0.05077058,0.11214292,0.17202121,0.22868794,0.28126016,0.33056498,0.37118334,0.41284597,0.44888276,0.47746035,0.50409204,0.52539933,0.54424667,0.55348259,0.55619049,0.55186737,0.53916496,0.52383524,0.50930488,0.48879623,0.46366039,0.43301624,0.39769277,0.36444566,0.33253404,0.24922910,0.22821046,0.27538890,0.30117634,1.70710647,1.41127849,-0.70773876,0.18982539,-1.60638213,-1.74319899,-0.72983265,-1.05116582,-0.36241394,-1.18138087,-1.17310297,0.37080869,-0.63771647,-0.73118871,-0.73432440,-0.70024782,-0.68282872,-0.64641714,-0.58244658,-0.53945589,-0.52876782,-0.51685584,-0.49116603,-0.45841944,-0.42871964,-0.40196681,-0.38404658,-0.36164945,-0.33137679,-0.30362654,-0.27697992,-0.25457790,-0.24173383,-0.23465049,-0.24304944,-0.24347095,-0.23197989,-0.24745388,-0.25255808,-0.24957384,-0.21803722,-0.19760580,-0.20877187,-0.23230347,-0.27483964,-0.29114380,-0.31194195,-0.33195886,-0.37031296,-0.37206072,-0.41895914,-0.44763201,-0.49865922,-0.54001695,-0.53196263,-0.55688769,-0.47961712,-0.63826782,-0.61869389,-0.63317621,-0.66280675,-0.67013913,-0.80583930,-0.67885584,-0.68044674,-0.71495873,-0.42421833,-0.55063391
1672,SSI_BAPI01_20111108,0.62027001,0.37972999,0.00000000,-1.66146791,-1.65415335,-1.63932872,-1.61924541,-1.60191584,-1.58380532,-1.56473422,-1.55348170,-1.54056668,-1.53119731,-1.51620448,-1.48989832,-1.44088149,-1.37980485,-1.33714151,-1.30730951,-1.29582417,-1.30921853,-1.32674873,-1.34209132,-1.34036088,-1.34415352,-1.35627234,-1.35534430,-1.36386669,-1.38511801,-1.39790154,-1.41746819,-1.41356015,-1.33726478,-1.11763728,-0.82782322,-0.50398707,-0.20370904,0.00430780,0.12050249,0.16253452,0.23275794,0.27120951,0.30772564,0.34328726,0.37673420,0.40798998,0.43601274,0.46452212,0.49210128,0.52061039,0.54799885,0.57519048,0.60321605,0.62483650,0.65071797,0.67655778,0.70911700,0.68123871,0.67725122,0.64517999,0.63796037,0.65137446,0.67969799,0.71807224,0.86311680,0.91384310,0.96442866,1.00552130,1.06021285,1.09665346,1.11800170,1.15085149,1.15341628,1.15387905,1.14959991,1.13152635,1.07479393,0.94151831,0.77121985,0.66556311,0.61527526,0.58323115,0.55714989,0.55782467,0.59088618,0.63642693,0.70064420,0.75492936,0.79698348,0.83379197,0.86173689,0.86781597,0.85615689,0.82040942,0.75346625,0.65230376,0.52010834,0.38618791,0.29751021,0.21065390,-0.03193943,-0.08002890,-0.49358621,-0.78705192,-0.94869685,-1.03304577,-1.07478011,-1.09870899,-1.10592771,-1.10351956,-1.09019518,-1.05930507,-1.02262187,-0.98026842,-0.93417937,-0.88631225,-0.83511281,-0.78636253,-0.74203879,-0.69687289,-0.65455002,-0.61208397,-0.57020235,-0.53288817,-0.49872652,-0.47190776,-0.44761446,-0.42742005,-0.41079721,-0.41330525,-0.42668977,-0.45729315,-0.49617279,-0.53986341,-0.57771069,-0.60082126,-0.61718863,-0.62113488,-0.64046478,-0.66496676,-0.67764747,-0.67783654,-0.67652935,-0.63793826,-0.64258438,-0.76045412,-0.19222710,-0.36190152,3.37403893,1.78223121,0.34687042,-1.04214334,-1.19508076,-0.52617890,-1.18802977,-1.41905200,-1.50038767,-1.41465342,-1.40834856,-1.38500810,-1.36134577,-1.34361804,-1.33591187,-1.33544838,-1.28920138,-1.28266895,-1.27535498,-1.26348281,-1.26189005,-1.24701571,-1.24152863,-1.23300982,-1.22062445,-1.20758736,-1.19768631,-1.18528235,-1.17598534,-1.16386616,-1.14907396,-1.13138747,-1.12763655,-1.11608124,-1.10481739,-1.09441161,-1.08760691,-1.10203791,-1.11860001,-1.15193784,-1.19113731,-1.21718395,-1.26587260,-1.28612506,-1.30356503,-1.31687450,-1.31207252,-1.31419289,-1.33120561,-1.34865332,-1.36812353,-1.36338651,-1.38269198,-1.40306401,-1.39387834,-1.43071556,-1.45734251,-1.43839717,-1.47020590,-1.49871552,-1.51289272,-1.45898294,-1.29523456,-0.78703606,-1.75245631
1494,CHC_ARGL07_20110807,0.66334701,0.33665299,0.00000000,-1.60594273,-1.60717237,-1.59922421,-1.58261132,-1.55620766,-1.52020931,-1.50131285,-1.49350631,-1.48767495,-1.48537290,-1.47674203,-1.45845795,-1.42211711,-1.37690043,-1.34421635,-1.31887388,-1.30530214,-1.30913901,-1.31741071,-1.31518173,-1.30379605,-1.29978132,-1.30371809,-1.29776788,-1.29947877,-1.31845593,-1.32975686,-1.35098732,-1.34526610,-1.25975287,-1.04557216,-0.76603466,-0.47148007,-0.19830567,-0.00065243,0.11640608,0.16995570,0.23349836,0.27471623,0.30941871,0.34588203,0.37815893,0.40300333,0.43196145,0.46369287,0.49220154,0.51737642,0.54029518,0.56024736,0.57682908,0.57076854,0.57856375,0.59026682,0.58011073,0.54161268,0.51597810,0.46000502,0.43757468,0.42972079,0.45021611,0.47481278,0.53137434,0.57755595,0.63000125,0.66759342,0.70302790,0.73481822,0.75861442,0.77166438,0.77276307,0.76497626,0.73753524,0.68488801,0.59869963,0.47344902,0.31068289,0.21581630,0.17625059,0.14551295,0.12242974,0.11604685,0.12677225,0.17451862,0.23609336,0.28402436,0.31955770,0.34391853,0.35873589,0.36444849,0.34997141,0.31658760,0.25449762,0.16550218,0.04937130,-0.06936204,-0.17984474,-0.41093811,-0.45766407,-0.63046390,-0.84099376,-0.98966128,-1.11837351,-1.18296385,-1.21227670,-1.22893906,-1.22902334,-1.22755456,-1.21816158,-1.19348812,-1.16312397,-1.13309038,-1.10101378,-1.07044792,-1.04259348,-1.01505423,-0.99009389,-0.96656597,-0.94465232,-0.92225111,-0.89918572,-0.87648129,-0.85469860,-0.83694190,-0.82112384,-0.81584054,-0.81961870,-0.83196586,-0.83394957,-0.83764237,-0.85513252,-0.88246948,-0.91251624,-0.93857616,-0.95021266,-0.94415832,-0.95366424,-0.96636176,-0.96850020,-0.97008073,-0.97369224,-1.05646026,-1.13878477,-1.27436650,-1.00236881,-0.91354686,-1.00104868,-1.21508563,-1.09798002,-1.51978505,-1.56731558,-1.49897921,-1.55420899,-1.59483826,-1.59435511,-1.52896297,-1.50673926,-1.46683919,-1.43838453,-1.42055595,-1.40837860,-1.40567422,-1.40336585,-1.38443470,-1.38564909,-1.38685441,-1.39347827,-1.39937449,-1.39938390,-1.39792287,-1.39986706,-1.39796937,-1.39554429,-1.39353168,-1.39571631,-1.39026868,-1.38379896,-1.37476885,-1.36830783,-1.35892844,-1.34778774,-1.34267485,-1.33413768,-1.33209443,-1.34068143,-1.35057282,-1.37799501,-1.40791225,-1.42426300,-1.43528914,-1.45309401,-1.46714056,-1.47794366,-1.46929502,-1.47446024,-1.49781430,-1.48425746,-1.49962831,-1.53005612,-1.52840805,-1.52616048,-1.54167938,-1.59931409,-1.58699441,-1.59797990,-1.61269546,-1.61846876,-1.62284958,-1.55119061,-1.06884837,-0.24983059
280,FSP_050,0.46794900,0.00000000,0.53205103,-1.53771782,-1.51824772,-1.49601221,-1.46988428,-1.44181216,-1.41812372,-1.40438688,-1.39524400,-1.38213170,-1.36076212,-1.32720864,-1.27547753,-1.18967474,-1.08352160,-1.00173271,-0.94536990,-0.92029548,-0.93325740,-0.95386654,-0.95938057,-0.95608681,-0.95968372,-0.96769291,-0.96155953,-0.96321911,-0.97043949,-0.97429371,-0.97312850,-0.95386022,-0.87749213,-0.65685731,-0.30629924,0.11697987,0.52563560,0.81326324,0.97726810,1.07888865,1.10920823,1.12014794,1.14043593,1.15934134,1.17426848,1.19209528,1.20375979,1.21431828,1.22499204,1.23791623,1.24949121,1.26038182,1.27066875,1.28247261,1.29353893,1.30051756,1.29397881,1.29455638,1.27435243,1.24891460,1.24432302,1.25002480,1.26638126,1.26455534,1.26263535,1.29139459,1.31723368,1.34303725,1.36291194,1.37750721,1.38773918,1.39311075,1.39571023,1.39838147,1.39656425,1.39946544,1.38839900,1.32486391,1.24533176,1.19569576,1.17984509,1.17375112,1.17302775,1.17768860,1.19259071,1.20954823,1.22470319,1.24068463,1.25731754,1.27259576,1.28055274,1.26888406,1.24967468,1.22425532,1.18524420,1.13134754,1.06973386,1.00415099,0.93806767,0.82033229,0.89299810,0.97237331,0.95165873,0.78565508,0.36915046,0.01302602,-0.09164161,-0.12709993,-0.15894657,-0.16819206,-0.14207283,-0.10518777,-0.06696315,-0.02578466,0.02887993,0.08585436,0.14435288,0.20203783,0.25589526,0.30973843,0.35870156,0.40381995,0.44193590,0.48212680,0.51514250,0.54134601,0.56646806,0.58694965,0.60327703,0.61135441,0.61443669,0.61103749,0.60113573,0.58859503,0.57491982,0.55562276,0.53161323,0.50354183,0.47239962,0.44111648,0.40545389,0.30759406,0.30474991,0.35868120,0.25510949,0.82746357,0.68417001,-1.62311709,-1.02099347,-1.34007394,-0.79000330,-0.64112782,-1.15947866,-1.74970901,-1.47470522,-0.94565129,0.15195812,-0.47022593,-0.53651279,-0.57095736,-0.56076580,-0.55362141,-0.52475917,-0.45864171,-0.40469256,-0.40039572,-0.41097984,-0.38465682,-0.35160908,-0.31956622,-0.30108017,-0.28565174,-0.26668632,-0.24516658,-0.21494465,-0.19368492,-0.17869835,-0.16748974,-0.15794006,-0.16685215,-0.16762400,-0.17298098,-0.17991719,-0.18691966,-0.17883764,-0.14531557,-0.12805970,-0.14396106,-0.16477099,-0.17215571,-0.20966551,-0.22778872,-0.25625190,-0.27403542,-0.31733048,-0.30685794,-0.37123206,-0.45863986,-0.46556789,-0.46044299,-0.49547243,-0.50081128,-0.55442202,-0.57723844,-0.72278130,-0.67086726,-0.73170358,-0.69917005,-0.90117347,-0.82704395,-0.87257522,-1.06350124,-1.23188925
1676,SSI_BAPI05_20111108,0.57849801,0.42150199,0.00000000,-1.61028123,-1.58666158,-1.55349493,-1.50587142,-1.45622456,-1.41155291,-1.37709892,-1.35421336,-1.33292508,-1.31645715,-1.29225016,-1.24706423,-1.17079604,-1.08228207,-1.01715493,-0.97384715,-0.95402259,-0.96431148,-0.99283534,-0.99574679,-0.99161357,-0.99813199,-1.01449168,-1.00983667,-1.02004075,-1.05960119,-1.08935463,-1.13421452,-1.13410854,-0.98709959,-0.65223968,-0.30126679,0.02909986,0.29296413,0.46076554,0.55642748,0.59267247,0.65573686,0.69146699,0.72826803,0.76347369,0.79879457,0.83265144,0.85935366,0.88684452,0.91517812,0.94437087,0.97142768,0.99885327,1.02432477,1.05035806,1.07511389,1.09454834,1.11411870,1.10768902,1.08956122,1.04058158,1.02183867,1.02840734,1.05954325,1.09681761,1.16487670,1.22133386,1.27153361,1.31777692,1.37903345,1.41316438,1.45029104,1.47848856,1.48404717,1.49019217,1.48377609,1.47226703,1.40642834,1.27007675,1.07864141,0.97742444,0.93111682,0.89891493,0.88121909,0.88582665,0.91420627,0.96160650,1.02797663,1.08491933,1.13224649,1.16741729,1.20539320,1.20968318,1.19652939,1.16147757,1.09358263,0.98888230,0.85734183,0.72297215,0.61756319,0.59561664,0.51363057,0.21358405,-0.16658244,-0.52382743,-0.66527891,-0.76146907,-0.81025964,-0.83369672,-0.84423906,-0.84591293,-0.82709342,-0.79004526,-0.74963772,-0.70286912,-0.64728600,-0.59161657,-0.53627509,-0.48220593,-0.42993534,-0.37816712,-0.33015573,-0.27610430,-0.23128457,-0.18942712,-0.14263061,-0.10307904,-0.07544892,-0.04658069,-0.02695244,-0.03110026,-0.04268645,-0.06645574,-0.10701476,-0.14797413,-0.18867736,-0.22628869,-0.24086311,-0.23939711,-0.25694934,-0.28635290,-0.29837862,-0.29776135,-0.30383152,-0.33256629,-0.26798335,-0.43312410,0.00740331,0.33535272,4.48127985,-0.60851485,4.59521341,-0.82671183,-0.55806828,-0.61144483,-0.85585576,-1.24712360,-1.24870968,-1.23717642,-1.21642804,-1.18122423,-1.14301658,-1.12479961,-1.10701060,-1.10246861,-1.05717492,-1.03311467,-1.02466488,-1.02223766,-1.01261067,-1.00835598,-0.99923515,-0.97696418,-0.97092062,-0.96095806,-0.93282169,-0.92284429,-0.90728951,-0.89615738,-0.87817270,-0.87079710,-0.84329242,-0.82547444,-0.81935155,-0.81698447,-0.82003510,-0.81673712,-0.84179115,-0.88191003,-0.94011199,-0.98100597,-1.01154149,-1.01734161,-1.07160294,-1.08216882,-1.09633517,-1.09243631,-1.10068774,-1.13523662,-1.15297830,-1.12115514,-1.15262580,-1.16899526,-1.20690250,-1.21245170,-1.23319840,-1.28252172,-1.34488451,-1.27449918,-1.29359913,-1.37564051,-1.23626411,-0.75158763,0.48740023
1274,SF_135,0.02564100,0.92948699,0.04487180,-1.60934055,-1.59489620,-1.57803726,-1.55891740,-1.53743315,-1.51390386,-1.48861289,-1.46256769,-1.43602347,-1.40914381,-1.38067842,-1.34899580,-1.31258047,-1.27605045,-1.24587953,-1.21971369,-1.19696271,-1.17952359,-1.16385543,-1.14485216,-1.12546968,-1.10762429,-1.09023082,-1.06882501,-1.04965782,-1.03396869,-1.01869214,-1.00442564,-0.98029810,-0.92926764,-0.84979707,-0.76864856,-0.68775809,-0.62168771,-0.57419604,-0.53497565,-0.49759018,-0.46763632,-0.43850374,-0.40757585,-0.37736920,-0.34662080,-0.31492773,-0.29017761,-0.26708928,-0.24369638,-0.21959707,-0.19610041,-0.17279050,-0.14969045,-0.12147044,-0.10012657,-0.08234401,-0.05754226,-0.02693351,-0.02273392,-0.03023690,-0.03918708,-0.03500689,-0.02785623,-0.02802323,-0.02478668,-0.00295644,0.01898540,0.03888535,0.05846826,0.07872193,0.09706087,0.11579911,0.13446105,0.15177056,0.16971999,0.20504124,0.21852931,0.18037704,0.13909091,0.09794714,0.07942964,0.07500941,0.07640122,0.08112761,0.09390647,0.11217950,0.13725914,0.16052511,0.18452357,0.20643924,0.22526793,0.23922753,0.25363684,0.26090318,0.26489860,0.25347042,0.23297787,0.20225075,0.15211506,-0.00264512,-0.12611152,0.02990876,-0.00345052,-0.13684160,-0.01912715,-0.23042764,-0.31763968,-0.40878698,-0.45445403,-0.48156506,-0.46081951,-0.45644709,-0.44433925,-0.43055773,-0.40113628,-0.37148812,-0.34031984,-0.31143805,-0.28347278,-0.25904205,-0.23522416,-0.20904310,-0.18123525,-0.14612974,-0.10993789,-0.07850645,-0.04998166,-0.02689541,-0.01209815,-0.00642168,-0.00926745,-0.01661361,-0.03077925,-0.04543534,-0.05669082,-0.07355849,-0.08472234,-0.08161153,-0.08969332,-0.10224010,-0.11072693,-0.12090939,-0.13176416,-0.13300286,-0.31581163,-1.31064796,-1.18826973,-1.12299073,-1.14967608,-1.72312379,-1.61592472,-0.83712524,-1.15067899,-1.49683118,-1.51669729,0.15858221,-1.16141498,-1.11811197,-0.92163813,-0.77915722,-0.80085111,-0.76117963,-0.71406990,-0.68032426,-0.66718292,-0.65495962,-0.65522522,-0.67056227,-0.70024234,-0.72114402,-0.72629952,-0.74559414,-0.75291878,-0.74213177,-0.72516328,-0.70172387,-0.68797803,-0.67268890,-0.66174388,-0.62930185,-0.61745393,-0.61267072,-0.60493213,-0.59324980,-0.57114363,-0.57169813,-0.61237037,-0.65228385,-0.68908679,-0.73288655,-0.77962792,-0.78322542,-0.80619860,-0.83922130,-0.86426473,-0.90435576,-0.87504083,-0.87379795,-0.85281885,-0.88424575,-0.88448310,-0.85295290,-0.90815312,-1.10300159,-1.12410712,-0.95213693,-1.31954432,-1.30715120,-1.54276347,-1.68299091,-1.49897230,-0.03050568,0.47632146
1081,Resid062,0.17159800,0.05325440,0.77514797,-1.29562795,-1.26232171,-1.22491133,-1.18217909,-1.13875210,-1.10212350,-1.07517087,-1.05215096,-1.02604210,-0.99154836,-0.94752103,-0.89331746,-0.82561088,-0.75138944,-0.68238091,-0.61916941,-0.56547099,-0.52597439,-0.49408135,-0.46331403,-0.42929846,-0.40770262,-0.38484052,-0.36137879,-0.34000349,-0.32198137,-0.30385208,-0.28217819,-0.24732617,-0.17120798,-0.03173983,0.11786847,0.24611081,0.34577590,0.41476646,0.46144050,0.49943236,0.52433914,0.55005044,0.57418245,0.59783816,0.62031567,0.64057571,0.66053885,0.68093091,0.70098919,0.71969938,0.73728818,0.75579250,0.77348250,0.78963977,0.80716848,0.82413000,0.83261919,0.84184551,0.85163486,0.86050075,0.87862784,0.89584619,0.91889870,0.94063628,0.96750468,0.98923945,1.01532137,1.03646278,1.05904782,1.07757640,1.09260154,1.10573280,1.11464822,1.12817430,1.13358724,1.12855291,1.11779785,1.10504496,1.08262050,1.08437788,1.09878528,1.11133456,1.12266481,1.13548017,1.14968216,1.16457760,1.17845535,1.19212282,1.20693946,1.22184241,1.23592544,1.23997581,1.24314737,1.23944175,1.23061883,1.21046209,1.17972982,1.14722276,1.09229529,0.92932349,0.90729123,0.87743354,0.86246169,0.77695507,0.71530920,0.68203288,0.67305082,0.67620206,0.67809165,0.67740923,0.69595253,0.71738791,0.74551725,0.77175248,0.80086184,0.82909799,0.85797638,0.88119781,0.90492082,0.92931092,0.95497960,0.97895622,0.99902248,1.02260554,1.04673374,1.06669366,1.08277452,1.09898579,1.11035788,1.11607742,1.11841905,1.11784208,1.11861074,1.11366129,1.10841596,1.09555483,1.08399153,1.08180177,1.06814504,1.05226707,1.03690934,1.00714004,0.99746311,1.03037930,1.09456539,1.26554799,0.75064689,-0.66974926,-0.46807769,0.62297869,1.49508059,1.22439349,1.52607906,1.75256491,0.57825971,0.49468786,0.54368156,0.47392067,0.51564318,0.51182604,0.54770178,0.57868415,0.60772288,0.66674972,0.70393431,0.70736855,0.69391030,0.70785964,0.71854109,0.73491102,0.73166418,0.76155299,0.76378053,0.78143221,0.78791445,0.79689372,0.82356608,0.83634657,0.81901830,0.80447650,0.76027685,0.75093931,0.73176587,0.69527406,0.68577266,0.71953553,0.72815371,0.74207360,0.73482734,0.70616657,0.65813458,0.66162729,0.67766792,0.65460753,0.66737074,0.72068197,0.62214339,0.59210312,0.59813011,0.70490074,0.75466341,0.60363299,0.72277492,0.61140019,0.14641418,0.50950378,0.36329553,0.42198184,1.12072098,1.55787146,2.28380632,1.37313342,1.00543106
15,Resop074,0.08875740,0.02958580,0.88165700,-1.44105244,-1.41763246,-1.39083087,-1.36053932,-1.33006680,-1.30337131,-1.28383243,-1.26715040,-1.24724138,-1.22109032,-1.18619239,-1.14263582,-1.08938766,-1.03156352,-0.97769684,-0.92775136,-0.88477623,-0.85335952,-0.82921880,-0.80735588,-0.78410631,-0.76497287,-0.75065285,-0.73428851,-0.71786290,-0.70787609,-0.70961356,-0.71463430,-0.69075847,-0.60205632,-0.47974229,-0.37597588,-0.28437692,-0.21249795,-0.16122615,-0.12309958,-0.08950027,-0.07037557,-0.04947963,-0.02849125,-0.00958239,0.01086481,0.03072666,0.04429245,0.05605358,0.06976124,0.08371408,0.09796046,0.11227965,0.12775387,0.14924148,0.16487990,0.17856103,0.20391202,0.23168376,0.23813209,0.24008131,0.23741855,0.24522431,0.25237450,0.26268622,0.27668440,0.29086649,0.30912164,0.32305858,0.33559483,0.35058913,0.36634371,0.38456964,0.39661112,0.41413283,0.43783271,0.47412401,0.48200482,0.46743426,0.46201921,0.44466785,0.44519278,0.45453784,0.46569982,0.47466695,0.48274103,0.49405959,0.50479412,0.51522970,0.52639425,0.53759152,0.54653901,0.55473650,0.56216693,0.56962609,0.57760876,0.58165002,0.58161360,0.58740866,0.62627763,0.63556683,0.58205366,0.51868409,0.49764371,0.44705063,0.23442623,0.12242214,0.07079884,0.04256970,0.01179537,0.01203481,0.03832173,0.06506546,0.08973645,0.11917134,0.15906191,0.19856755,0.23742789,0.27353105,0.30898890,0.33896977,0.36859044,0.39607027,0.41847372,0.43797740,0.45632768,0.47315314,0.48872426,0.49916312,0.51158953,0.52017617,0.52558374,0.52755070,0.52803612,0.52859354,0.52357978,0.51894188,0.50976932,0.50397635,0.48731750,0.46981117,0.46248806,0.43227509,0.44761717,0.50768965,0.48745468,0.48521587,0.42828971,-0.34816056,-0.81483650,0.20469755,0.57014894,-0.31908301,-0.48267466,-1.39986479,-1.39329159,-0.90315318,-0.62243170,-0.70337605,-0.68182158,-0.59398001,-0.59685254,-0.56581938,-0.50447661,-0.45792234,-0.40496695,-0.35065269,-0.29167587,-0.26569617,-0.21009742,-0.17691600,-0.12665388,-0.08562426,-0.07632082,-0.03108063,0.01693252,0.06054871,0.08168340,0.10687254,0.10880166,0.08092533,0.06864686,0.05608396,0.03929471,0.03679812,0.03754088,0.04568811,0.06856436,0.04971241,0.04344031,0.01355457,-0.01687047,0.00502801,-0.06717911,-0.08389287,-0.15431683,-0.16261271,-0.11655636,-0.21417782,-0.22347799,-0.17834426,-0.27757663,-0.51097614,-0.36981070,-0.37510225,-0.53364694,-0.17170124,-0.36187628,-0.48773843,-0.83757365,-1.28766477,-1.17853248,-0.77119744,-0.83199149
1692,CHI_ADFA08_20111117,0.21043800,0.78956199,0.00000000,-1.56822777,-1.56341064,-1.57453406,-1.55700493,-1.55368328,-1.54020762,-1.54123580,-1.53027320,-1.52566075,-1.51940227,-1.51000655,-1.49737501,-1.46177888,-1.42746508,-1.39240146,-1.36997962,-1.35564685,-1.36008549,-1.37446296,-1.37835169,-1.37570906,-1.37306678,-1.38034797,-1.37183869,-1.37025249,-1.37674022,-1.38037288,-1.38706636,-1.37875605,-1.32655120,-1.16703069,-0.97428119,-0.78855008,-0.63270319,-0.52747953,-0.46625209,-0.44921347,-0.40370089,-0.38027832,-0.35740697,-0.33990544,-0.31883702,-0.30159143,-0.27977639,-0.26191774,-0.24175616,-0.22399403,-0.20822544,-0.19402218,-0.18268736,-0.17410213,-0.16644910,-0.14872064,-0.15423222,-0.13144618,-0.13788959,-0.14998482,-0.15270415,-0.15953684,-0.12304652,-0.11235677,-0.04686536,-0.01682536,0.00539519,0.03242160,0.05714669,0.07596054,0.10098736,0.12145641,0.13624877,0.15222760,0.14776543,0.15854341,0.14448388,0.11441175,0.06583790,0.03119457,0.02354948,0.02008868,0.01822464,0.02758512,0.04689703,0.08985225,0.13695695,0.17583025,0.21330102,0.24223855,0.27059436,0.29586694,0.31572494,0.32291976,0.31085140,0.28785783,0.24475197,0.18159273,0.12072405,-0.08698837,-0.08418911,-0.06699622,-0.10862158,-0.37782204,-0.54949057,-0.65652376,-0.70581806,-0.73284566,-0.73479593,-0.73337746,-0.71658123,-0.68470627,-0.64760524,-0.61268389,-0.56986719,-0.53155375,-0.49485520,-0.45892978,-0.42702177,-0.39489409,-0.36664674,-0.33746648,-0.30250084,-0.27124619,-0.23515439,-0.20288470,-0.18170281,-0.16449800,-0.15432781,-0.16614163,-0.17855765,-0.18659724,-0.21354105,-0.23808172,-0.27061716,-0.30349684,-0.30826354,-0.29189160,-0.29274270,-0.29720101,-0.29026479,-0.27707437,-0.27025956,-0.28245506,-0.26767075,-0.50233972,1.31085134,1.99399650,2.22086287,4.51723719,5.39397573,-0.46084067,0.48322740,2.48980165,-0.79884303,-0.84786677,-1.08239794,-1.02773607,-0.97700858,-0.92849994,-0.87126744,-0.84160352,-0.81766522,-0.82194167,-0.76998162,-0.77388501,-0.77999932,-0.78899795,-0.81609446,-0.82157606,-0.83355820,-0.83830017,-0.83345997,-0.83363670,-0.83470762,-0.83006305,-0.82021189,-0.80429918,-0.81077409,-0.78496057,-0.76427466,-0.75249332,-0.72612226,-0.71120703,-0.68895578,-0.68737429,-0.71787471,-0.76214451,-0.83623487,-0.87248999,-0.91636586,-0.94331843,-0.95188004,-0.98817623,-0.99651724,-0.98868901,-1.00519788,-0.99112016,-1.01860845,-1.00958824,-1.04871356,-1.02808881,-1.09297001,-1.05453980,-1.08106387,-1.13974059,-1.20470846,-1.12334895,-1.28687382,-1.27634192,-0.90049523,0.00634385,-0.16735826
1273,SF_134,0.08974360,0.82692301,0.08333330,-1.57563472,-1.55843079,-1.53937638,-1.51812446,-1.49425197,-1.46930647,-1.44335771,-1.41710103,-1.39045036,-1.36197960,-1.32986164,-1.29184914,-1.24733615,-1.20320928,-1.16693068,-1.13582385,-1.10970020,-1.09081602,-1.07456946,-1.05473280,-1.03496873,-1.01788509,-1.00090790,-0.97955972,-0.96187580,-0.95047998,-0.94217587,-0.93696868,-0.91199118,-0.83559203,-0.72003371,-0.61571735,-0.52308184,-0.45270780,-0.40435588,-0.36400944,-0.32630518,-0.29560867,-0.26636752,-0.23553009,-0.20578435,-0.17547126,-0.14414580,-0.12073130,-0.09923096,-0.07717378,-0.05469263,-0.03243912,-0.00969177,0.01357432,0.04213101,0.06443384,0.08188592,0.10995471,0.13879736,0.13721438,0.12667771,0.11620263,0.12204130,0.13118932,0.13074374,0.13323577,0.15276644,0.17440620,0.19515279,0.21205622,0.22849816,0.24727894,0.26698083,0.28246218,0.29924864,0.31650531,0.35521981,0.35526866,0.32683572,0.28189448,0.23478873,0.21926530,0.21877496,0.22020346,0.22646667,0.23978426,0.25516978,0.27221918,0.29209891,0.31152967,0.32898688,0.34130299,0.35189351,0.36133206,0.36739731,0.36423555,0.35403720,0.34001565,0.31293547,0.30841067,0.29894340,0.27357054,0.15653786,0.11516561,0.28716788,0.15820217,-0.08820324,-0.20973936,-0.24453531,-0.30869886,-0.34404135,-0.32686928,-0.31690639,-0.31085247,-0.29653057,-0.26765499,-0.23443371,-0.20482224,-0.17693365,-0.15043029,-0.12459539,-0.10023700,-0.07808762,-0.05257840,-0.02337407,0.00618002,0.03228242,0.05311047,0.07100463,0.08146405,0.08365564,0.08105773,0.07143725,0.06428566,0.05300681,0.04255557,0.02523764,0.01662483,0.01221735,0.00284203,-0.00829939,-0.01331501,-0.04623875,-0.00686528,0.06091775,0.03491784,2.11823392,1.62329996,-0.52292609,-1.15116739,-1.13718545,-1.35608029,-0.41752809,-1.20537770,-1.48390281,0.05004266,0.94155312,1.09534442,-0.92872590,-0.74413675,-0.72009867,-0.67699683,-0.68861592,-0.63977087,-0.60238481,-0.55022711,-0.56185734,-0.55643773,-0.57007158,-0.58154112,-0.60023588,-0.60629135,-0.61391670,-0.61658949,-0.61596090,-0.59924084,-0.58533907,-0.55301154,-0.53570342,-0.52686697,-0.52277976,-0.50717759,-0.48317575,-0.48078701,-0.47040728,-0.46928975,-0.46437243,-0.48428065,-0.51900768,-0.56949967,-0.60221934,-0.64399093,-0.66489840,-0.62773466,-0.62951702,-0.68420696,-0.76198345,-0.73976761,-0.71749222,-0.70910227,-0.76038402,-0.81020904,-0.82198745,-0.84217465,-0.86885887,-1.03035402,-1.19977736,-1.39599407,-1.23412502,-1.29421532,-1.29073691,-0.55997139,-0.81688184,-0.67319489
1302,COP_20160405_5-50-W,0.55584699,0.44415301,0.00000000,-1.61525118,-1.60321891,-1.58751142,-1.57141232,-1.55781734,-1.54518580,-1.53538871,-1.52780223,-1.52021992,-1.51071477,-1.49244285,-1.45655453,-1.39908075,-1.33930719,-1.29836845,-1.27267206,-1.26522875,-1.27751720,-1.29359162,-1.29995823,-1.29840124,-1.29996979,-1.30392563,-1.29856932,-1.30378485,-1.32117021,-1.33496022,-1.35059428,-1.33778608,-1.23673749,-1.01915658,-0.78906786,-0.58710784,-0.41706088,-0.29732582,-0.22312237,-0.17129551,-0.13936788,-0.10893780,-0.07716046,-0.04573451,-0.01576919,0.01332401,0.03959188,0.06526996,0.09190326,0.11773057,0.14276966,0.16759361,0.19075091,0.21355367,0.23505096,0.25150576,0.26118761,0.25302309,0.24057610,0.22210968,0.22316656,0.24122024,0.26635164,0.32077095,0.38888246,0.43427598,0.47740614,0.51607716,0.54995507,0.57992870,0.60626495,0.62854475,0.64641351,0.66145641,0.67876780,0.69556481,0.65923190,0.56477946,0.45889297,0.40058038,0.38982016,0.39168733,0.39623833,0.41058987,0.43664753,0.47190696,0.51208872,0.55281252,0.59159529,0.62518781,0.64912188,0.66118908,0.66123676,0.64498526,0.60613334,0.54328680,0.46216038,0.38326174,0.35456750,0.20175993,0.21475592,0.28957170,0.65164393,1.90975332,-0.93568242,-1.22012198,-1.02172041,-0.97547239,-0.90692037,-0.87007302,-0.86062670,-0.81067234,-0.74468416,-0.68524349,-0.62690765,-0.56930530,-0.51374477,-0.46124324,-0.41120446,-0.36300164,-0.31810150,-0.27284309,-0.22616705,-0.17880154,-0.13024241,-0.08513836,-0.04564861,-0.01229132,0.01315117,0.02829282,0.03296418,0.02657884,0.00896479,-0.01356755,-0.04039132,-0.07292546,-0.10100477,-0.12004568,-0.14924616,-0.18770917,-0.22139099,-0.25105599,-0.29170334,-0.26630035,-0.11977725,-0.07837206,0.14921834,0.58980823,0.54759264,0.34524629,0.18075472,-0.34494281,-0.58603859,-0.56498677,-0.69315606,-0.96781540,-1.01737785,-1.02926087,-1.02079368,-0.99123514,-0.96429604,-0.93489456,-0.90443808,-0.87286150,-0.83109748,-0.81797743,-0.82066464,-0.82631493,-0.83281428,-0.83722645,-0.83876824,-0.83562791,-0.82753646,-0.81450754,-0.79555732,-0.77243167,-0.74794894,-0.72525328,-0.70454979,-0.68759096,-0.67393696,-0.66167814,-0.65175217,-0.64331782,-0.63694203,-0.63802660,-0.65102589,-0.68329227,-0.73060882,-0.77796102,-0.81458598,-0.83489585,-0.84731632,-0.87178802,-0.90250975,-0.91178364,-0.91781503,-0.92710090,-0.93441761,-0.93454373,-0.93767929,-0.94630855,-0.95848453,-0.96401548,-0.98219275,-1.00726604,-1.01533842,-1.02941871,-1.04498911,-1.07284749,-1.05379844,-0.87679589,-0.54984510
863,CHI_CECU07_20110609,0.68375403,0.31624600,0.00000000,-1.61925089,-1.61321568,-1.61059213,-1.59716272,-1.58063018,-1.56525970,-1.55466795,-1.54925382,-1.54409623,-1.54095066,-1.53375494,-1.51645505,-1.47963548,-1.42859817,-1.39044833,-1.36644280,-1.36229718,-1.37910223,-1.40374327,-1.41126156,-1.41249812,-1.42010248,-1.43354666,-1.43407166,-1.43581450,-1.45141149,-1.47073197,-1.49329662,-1.49313402,-1.43352067,-1.25377452,-1.01776290,-0.73671615,-0.42766416,-0.17397311,-0.02858684,0.02802334,0.07272960,0.09418214,0.10982536,0.12641852,0.13939592,0.14997280,0.16047300,0.17573875,0.18763894,0.19899842,0.20902371,0.21739274,0.22112735,0.21153642,0.21214269,0.21432284,0.19145207,0.16921657,0.12711991,0.06521562,0.03471345,0.02449651,0.03342156,0.05694580,0.09064842,0.13484985,0.17995821,0.21859196,0.25408345,0.28186619,0.30637896,0.31387269,0.31733829,0.31071514,0.29911822,0.25729990,0.17543164,0.06000800,-0.08784261,-0.18251276,-0.22082865,-0.24286842,-0.26200867,-0.26531136,-0.25052497,-0.21673657,-0.17639597,-0.13950822,-0.11019218,-0.08717102,-0.07132494,-0.06860935,-0.07992513,-0.11158865,-0.16689865,-0.25150540,-0.35141966,-0.45590732,-0.52248532,-0.62742066,-0.69148672,-0.80051798,-1.07243061,-1.22946835,-1.30255055,-1.35210884,-1.37642086,-1.38590598,-1.39144266,-1.39091194,-1.38410604,-1.36943471,-1.35097480,-1.33077765,-1.30776036,-1.28568292,-1.26166928,-1.23888016,-1.21672189,-1.19538903,-1.17639267,-1.15551341,-1.13603640,-1.11823356,-1.09872723,-1.07998228,-1.06664228,-1.05442834,-1.04882896,-1.04963434,-1.05058968,-1.04811811,-1.05352032,-1.06574166,-1.07908273,-1.09311724,-1.10752618,-1.11604881,-1.12616313,-1.13855970,-1.14762449,-1.15321755,-1.15295923,-1.14417219,-1.13507700,-1.15868175,-0.52114248,0.06157883,0.12444160,-0.76707447,-0.47707006,-1.34630501,-1.32512295,-0.90202481,-1.38510585,-1.48825884,-1.52196324,-1.51549196,-1.50959373,-1.50318718,-1.49222219,-1.48638499,-1.47810483,-1.46461928,-1.45586085,-1.45187914,-1.44868088,-1.44091940,-1.43920362,-1.43811774,-1.43177736,-1.42985296,-1.42914104,-1.41841614,-1.41771460,-1.41410184,-1.40730691,-1.40286148,-1.39746833,-1.39020348,-1.38483393,-1.37506676,-1.36899686,-1.36627555,-1.36104333,-1.35710287,-1.36417496,-1.37615609,-1.38914621,-1.39965391,-1.41622043,-1.42961860,-1.43618739,-1.44617879,-1.44960105,-1.45811605,-1.45975637,-1.47064042,-1.47394061,-1.48136413,-1.48428786,-1.48869848,-1.50577950,-1.50103962,-1.52277899,-1.51344121,-1.53480673,-1.54753852,-1.53801990,-1.54265380,-1.44739163,-0.96480083,-0.75347596
1441,Plant3-9,1.00000000,0.00000000,0.00000000,-1.11661732,-1.22989559,-1.27677536,-1.28304911,-1.32025659,-1.33463430,-1.33236873,-1.32862186,-1.33175874,-1.32653046,-1.31755543,-1.27389979,-1.13875020,-0.98146790,-0.89363384,-0.85041386,-0.86235160,-0.94643879,-1.03662562,-1.07069612,-1.08524811,-1.11888301,-1.17020667,-1.18580425,-1.20697856,-1.25952208,-1.29568398,-1.34378362,-1.34587491,-1.23625660,-0.76937640,-0.01233000,0.90077883,1.82878816,2.56413770,2.99154425,3.23491836,3.23988485,3.27351999,3.29530406,3.31525803,3.33608437,3.34383917,3.35298896,3.36396813,3.38793087,3.39995575,3.41084766,3.42548680,3.43193460,3.45241237,3.45345783,3.43420076,3.48186469,3.44239140,3.38244128,3.24093103,3.12538695,3.13139963,3.16076469,3.23901367,3.29791832,3.37076473,3.44326258,3.50460744,3.56342483,3.59209299,3.60350728,3.59583998,3.56525445,3.51968193,3.45851135,3.38514209,3.24650717,2.94205070,2.65232015,2.53329086,2.49338222,2.46575999,2.44319153,2.44319153,2.47525787,2.51168108,2.54636145,2.57903767,2.60796714,2.62112498,2.61772680,2.59358954,2.53067684,2.43116617,2.28224921,2.08653927,1.87401223,1.67873824,1.58672142,1.26431441,0.84501123,0.42570782,0.00649156,-0.41272455,-0.81433916,-0.85511917,-0.91550517,-0.93798649,-0.94870436,-0.93084127,-0.88030177,-0.81015652,-0.72232240,-0.63143855,-0.52774549,-0.41925985,-0.31242985,-0.20246296,-0.10120974,-0.00187350,0.09005605,0.18015569,0.25735906,0.32776594,0.39616844,0.45219737,0.50360847,0.54464990,0.57532209,0.59231395,0.60033029,0.58604002,0.57000661,0.54726404,0.51371616,0.47363320,0.41769123,0.35442984,0.28219315,0.21640481,0.16900225,0.13118476,0.13127171,0.13257889,0.13074911,-0.00657886,-0.14225127,-0.27792370,-0.41359597,-0.54935545,-0.68494058,-0.82070005,-0.95628530,-1.09187055,-1.22754288,-1.36321509,-1.51901615,-1.50420296,-1.47623193,-1.44677961,-1.42604101,-1.40216541,-1.38604510,-1.34796619,-1.32121515,-1.27372551,-1.24192047,-1.21203256,-1.17743909,-1.13404489,-1.08977926,-1.04560065,-1.00351357,-0.96447617,-0.91916490,-0.88143456,-0.84867114,-0.81738889,-0.79185772,-0.78305691,-0.75961709,-0.74471664,-0.72371656,-0.71718127,-0.70646346,-0.70576644,-0.72162533,-0.74253821,-0.77565026,-0.81242210,-0.85433501,-0.88187027,-0.91829360,-0.96447617,-0.99584550,-1.02338076,-1.05370450,-1.09195757,-1.13334775,-1.14624405,-1.19111955,-1.20924413,-1.25438106,-1.29437697,-1.32592046,-1.33236873,-1.36661351,-1.40800369,-1.43397033,-1.44704103,-1.49078381,-1.28540182,-1.41445172
810,SSC_ARCA08_20110606,0.38853401,0.61146599,0.00000000,-1.47458208,-1.46489203,-1.44767570,-1.42976606,-1.41143250,-1.39530134,-1.38137984,-1.37048221,-1.36102545,-1.35207820,-1.34134233,-1.32441247,-1.29518425,-1.25861919,-1.23303390,-1.21543407,-1.20535767,-1.20569825,-1.21227252,-1.20981216,-1.20378280,-1.20167851,-1.20229578,-1.19698763,-1.19545436,-1.20282328,-1.20636225,-1.21313417,-1.20724475,-1.15973496,-1.05053079,-0.94220728,-0.85080224,-0.77674073,-0.72516221,-0.69512904,-0.68522537,-0.65952367,-0.64423901,-0.63037312,-0.61572826,-0.60122794,-0.58865148,-0.57342964,-0.55717582,-0.54258728,-0.52816588,-0.51347679,-0.49997973,-0.48596871,-0.47881326,-0.46567518,-0.45003745,-0.44976974,-0.44532976,-0.43834877,-0.43176046,-0.41027272,-0.39944005,-0.38027856,-0.36256143,-0.32456738,-0.30709869,-0.28442204,-0.26792505,-0.24935006,-0.23347966,-0.21785714,-0.20401171,-0.19622031,-0.18725914,-0.18459965,-0.18572208,-0.17881696,-0.19381778,-0.20947351,-0.21145989,-0.20758294,-0.20279285,-0.19530985,-0.18424883,-0.16514634,-0.14234886,-0.11599661,-0.09030894,-0.06895993,-0.04884356,-0.02984063,-0.01393367,-0.00385789,-0.00131374,-0.00668380,-0.02392998,-0.05072360,-0.08185004,-0.12545781,0.01952261,-0.09581690,0.02558226,-0.35444000,-0.38688523,-0.59630835,-0.63655561,-0.66513306,-0.68179834,-0.68252313,-0.67856622,-0.66473842,-0.63795054,-0.60336286,-0.57038462,-0.53393847,-0.49672997,-0.46200517,-0.42940432,-0.39689648,-0.36567691,-0.33877659,-0.30801171,-0.27986929,-0.25068331,-0.21822992,-0.19146457,-0.16594648,-0.14638951,-0.13314883,-0.12609658,-0.12533581,-0.13073766,-0.14319772,-0.15803869,-0.17544404,-0.19233321,-0.20342004,-0.20026249,-0.20417987,-0.22079057,-0.22716959,-0.22882748,-0.23443207,-0.25868261,-0.20628381,-0.19693865,1.23078692,-1.75245631,-1.75245631,-1.75245631,-1.75245631,-1.75245631,1.22949529,5.96133518,2.37195468,-0.66215056,-0.95999569,-0.94932795,-0.92744350,-0.88319844,-0.85414457,-0.82015359,-0.79714072,-0.76979285,-0.73996359,-0.71371287,-0.70665044,-0.71223646,-0.71258545,-0.71818709,-0.71064556,-0.70689958,-0.69909018,-0.68544942,-0.67643076,-0.66193074,-0.64636493,-0.62658525,-0.61612076,-0.60183907,-0.58247846,-0.56890458,-0.55384618,-0.54602838,-0.53915733,-0.54674911,-0.55598563,-0.59667307,-0.64064729,-0.68051940,-0.72035331,-0.73290187,-0.74748784,-0.77395701,-0.79045922,-0.79593128,-0.80025375,-0.82067955,-0.82325470,-0.81294453,-0.82141036,-0.86546642,-0.86417943,-0.89753544,-0.93373460,-0.93948925,-0.90287966,-1.00859404,-1.04190135,-1.08222687,-1.06496906,0.40166950,1.89013934
1575,CHC_CEME02_20110909,0.50944698,0.49055299,0.00000000,-1.51716661,-1.51876712,-1.51063037,-1.49658597,-1.48096681,-1.46840382,-1.45893419,-1.44842970,-1.44148469,-1.43726707,-1.42787302,-1.40962517,-1.37640107,-1.33730412,-1.30871081,-1.28534031,-1.27279782,-1.27612102,-1.28337896,-1.28653967,-1.28058839,-1.27652073,-1.27535915,-1.26789737,-1.26782072,-1.27680433,-1.27766967,-1.28551090,-1.27545035,-1.20820689,-1.03358269,-0.82489944,-0.62815148,-0.47110367,-0.36669862,-0.30252329,-0.27288562,-0.23178661,-0.20556711,-0.18028109,-0.15635462,-0.13409364,-0.11175576,-0.09072017,-0.07161674,-0.05107021,-0.03165172,-0.01413069,0.00494013,0.02265983,0.03870153,0.05497333,0.06537023,0.09821790,0.08419308,0.09382023,0.08371700,0.07665282,0.08558325,0.09967374,0.12415167,0.21702884,0.24191274,0.27158791,0.30103052,0.32481337,0.34865814,0.36580428,0.38543907,0.40227133,0.41552323,0.42754859,0.44185388,0.43781590,0.38732871,0.32803494,0.27668113,0.25764114,0.25447449,0.25441793,0.25606799,0.27318305,0.30713713,0.34414384,0.37803134,0.40729770,0.43229288,0.45243388,0.46799168,0.47834009,0.48018482,0.46677399,0.43791756,0.39285034,0.33815500,0.34447736,0.54355258,0.35003966,0.52176076,-0.06336562,-0.39195132,-0.51091045,-0.59712905,-0.65625489,-0.68127519,-0.69158697,-0.68701404,-0.66956592,-0.63717306,-0.60499305,-0.57264096,-0.53095597,-0.49204108,-0.45567688,-0.42328623,-0.39152151,-0.36337849,-0.33325216,-0.30695564,-0.27774745,-0.24426782,-0.21214807,-0.19019829,-0.16930947,-0.15176122,-0.15011033,-0.16279653,-0.17289379,-0.18154271,-0.20026004,-0.23578894,-0.27111089,-0.30314496,-0.31602725,-0.30746913,-0.31236637,-0.31926194,-0.31262547,-0.30277663,-0.29414758,-0.25218868,-0.32184967,-0.37621778,3.28151369,3.73445129,3.85718441,-0.03832968,-1.75245631,1.08250713,-0.22395933,-0.35905901,-1.75245631,-0.96485376,-0.99882215,-1.00458360,-0.97216707,-0.91570306,-0.88001984,-0.84834647,-0.83337742,-0.81343806,-0.80392665,-0.78050303,-0.79049855,-0.81084985,-0.82782304,-0.84019363,-0.83697486,-0.84806556,-0.84493244,-0.84380996,-0.83566642,-0.82858580,-0.81897736,-0.81405592,-0.79977149,-0.78481531,-0.76502264,-0.74776363,-0.73291248,-0.71887094,-0.70356977,-0.70312154,-0.72940737,-0.77064323,-0.81304628,-0.86741459,-0.89020908,-0.91892308,-0.94491976,-0.96604168,-0.97972530,-0.96642613,-0.97391373,-1.00616646,-0.99811471,-0.99444693,-1.01582289,-1.02353644,-1.04221916,-1.04397726,-1.13059771,-1.14270186,-1.18381512,-1.16614044,-1.26328540,-1.23865950,-0.99043584,2.07394218,-1.75245631
123,Res037,0.05629140,0.00993378,0.93377501,-1.44219470,-1.42238545,-1.39851916,-1.36654508,-1.32921171,-1.29816735,-1.28104615,-1.26938879,-1.25133991,-1.22081995,-1.17670369,-1.12301898,-1.06058335,-0.99039352,-0.91782326,-0.84235460,-0.76771742,-0.70270598,-0.65182692,-0.61197281,-0.58132017,-0.56219101,-0.54531062,-0.52753097,-0.51142442,-0.49583399,-0.49181110,-0.49661615,-0.47362071,-0.39215571,-0.29050505,-0.20655528,-0.13110729,-0.07193308,-0.03051082,0.00304432,0.04186305,0.05597224,0.06802155,0.08417497,0.09801339,0.11224412,0.12678522,0.13288951,0.13665707,0.14129758,0.14775923,0.15448545,0.16253382,0.17298144,0.19057365,0.20225963,0.21172902,0.23006339,0.25807959,0.25856316,0.25978598,0.25366792,0.25880671,0.26418367,0.25893641,0.24936326,0.26024082,0.27181506,0.28180543,0.29306206,0.30070025,0.31481600,0.32554770,0.33766326,0.35555148,0.38015655,0.42706198,0.42701289,0.41921952,0.40846398,0.38940880,0.38039470,0.38350224,0.38957101,0.39313617,0.40177888,0.40608028,0.41126651,0.41804320,0.42558861,0.43653744,0.44487539,0.44255948,0.43703642,0.43686908,0.43444377,0.42953709,0.42799148,0.42584711,0.42626452,0.33647481,0.06207864,0.57543284,0.46789211,0.27193615,-0.04343938,-0.10589126,-0.19158915,-0.23660333,-0.28600210,-0.30702892,-0.27355793,-0.23275712,-0.19978617,-0.16101125,-0.11652049,-0.06830423,-0.01897266,0.02377292,0.06259376,0.09725416,0.13039058,0.15786211,0.18092278,0.20396496,0.22321564,0.23337637,0.24527106,0.25612804,0.26578254,0.27196068,0.27796519,0.27962622,0.28176594,0.28181079,0.27638033,0.27280229,0.25899860,0.24100193,0.22419795,0.20331603,0.18489765,0.13492404,0.12002955,0.08922133,-0.20773871,-0.79720527,-0.65638810,-0.89635336,-1.72292793,-1.39999700,-1.50972438,-1.19630980,-1.69200003,-1.75035262,-1.37332928,-0.70517671,-0.95356548,-1.13824201,-0.93160367,-0.96886146,-0.95453399,-0.93434078,-0.88777786,-0.82875752,-0.76076484,-0.68899095,-0.67812663,-0.64076042,-0.60613519,-0.54773915,-0.49760711,-0.45668620,-0.42924798,-0.39991543,-0.35211053,-0.31625360,-0.28251979,-0.26962453,-0.26023099,-0.23992811,-0.24514392,-0.24299370,-0.23329866,-0.24094678,-0.24988632,-0.22797218,-0.20770063,-0.21002835,-0.22513996,-0.23411399,-0.23535655,-0.23060270,-0.28929487,-0.35248122,-0.36420307,-0.40153265,-0.43766221,-0.50109130,-0.46802977,-0.48123530,-0.56500953,-0.49567449,-0.72757208,-0.50560898,-0.59540528,-0.80620342,-0.95007825,-0.97410846,-1.35177052,-1.15102792,-1.51250839,-1.46088624,-1.29517794
547,QUE_T1.14.A,0.00000000,0.43180001,0.56800002,-1.18298984,-1.15169489,-1.11737645,-1.07858396,-1.03975356,-1.00770664,-0.98236269,-0.95911455,-0.93256062,-0.90031129,-0.86361319,-0.82477564,-0.78600627,-0.74708885,-0.70852876,-0.67008209,-0.63201362,-0.59648961,-0.56576818,-0.53526413,-0.50753707,-0.47984070,-0.45065248,-0.41950455,-0.38833731,-0.35637942,-0.32606235,-0.29662991,-0.25978541,-0.20595111,-0.14518200,-0.09109681,-0.03269283,0.01435892,0.05176821,0.09193189,0.13916302,0.17301989,0.20679916,0.24483845,0.28060949,0.31960770,0.36145711,0.38940156,0.41366470,0.44143012,0.47018000,0.49969062,0.52988392,0.56504941,0.60936195,0.64262146,0.66805249,0.72542340,0.77262658,0.78870440,0.79453760,0.79023761,0.80050981,0.81406438,0.81317163,0.81121516,0.83314598,0.85947847,0.88438272,0.90529549,0.92984122,0.95151496,0.97814196,1.00859308,1.04559278,1.09547186,1.17584801,1.21627712,1.21099687,1.20945275,1.18626046,1.17958140,1.18946028,1.20381725,1.21787298,1.23364270,1.24739242,1.26366580,1.28290665,1.30519342,1.32833171,1.34860003,1.36426461,1.38314736,1.40692711,1.43561256,1.46809769,1.50708425,1.54223943,1.62002313,1.70298672,1.71402967,2.14182973,2.10519576,1.93052280,1.70697176,1.55526924,1.47550964,1.43932235,1.38721216,1.36334193,1.37678480,1.36583340,1.34599710,1.33609557,1.34698510,1.36443734,1.38153768,1.39775598,1.41346943,1.42917955,1.44554532,1.46123421,1.48079562,1.50701392,1.53167319,1.55303586,1.57214308,1.58748007,1.59547353,1.59525383,1.59062505,1.58701396,1.58809352,1.58935261,1.59052587,1.58838987,1.59214950,1.60193026,1.60771406,1.61218047,1.62584019,1.65067899,1.68699932,1.75568533,1.86424184,1.96712518,2.17824435,3.28632689,2.04792643,4.44043016,2.24090934,2.44281745,2.63508749,1.96793830,1.15586448,1.39742458,1.37764692,1.25973916,1.22301781,1.21519375,1.19762552,1.20797586,1.23678219,1.26828957,1.28387320,1.25772190,1.20799923,1.16561317,1.12794483,1.09322298,1.06295395,1.03723586,1.02295768,1.01358390,1.00953078,1.02595377,1.03200316,1.03276038,1.03050661,1.03827965,1.04433680,1.06005979,1.06813478,1.07951152,1.08941865,1.10536635,1.10895181,1.07963097,1.03236210,0.97635913,0.94001901,0.93884593,0.93977803,0.92936069,0.88788152,0.87873256,0.86142516,0.85035735,0.86258018,0.85573965,0.86617082,0.89003968,0.86871600,0.83546638,0.83782554,0.77357036,0.74913591,0.74533331,0.48931065,0.39987946,0.20047213,0.34963626,0.21740139
535,QUE_T1.12.I,0.00000000,0.32580000,0.67400002,-1.19130290,-1.15688169,-1.12024081,-1.07836401,-1.03641093,-1.00191402,-0.97579736,-0.95236945,-0.92541158,-0.89171118,-0.85248953,-0.81152397,-0.77022761,-0.72867143,-0.68704253,-0.64557707,-0.60461694,-0.56710124,-0.53400731,-0.50231600,-0.47293404,-0.44440037,-0.41536921,-0.38419089,-0.35293218,-0.32190952,-0.29164854,-0.26221937,-0.22564445,-0.17403622,-0.11448094,-0.06005323,-0.00645592,0.04150827,0.08408113,0.12583913,0.16980052,0.20433553,0.23757397,0.27288154,0.30629504,0.34049711,0.37534121,0.40379938,0.43008187,0.45739505,0.48463464,0.51152736,0.53884333,0.56789774,0.60012627,0.62689960,0.65183675,0.68192536,0.70756888,0.72705662,0.74307835,0.75838161,0.77388358,0.79155815,0.81824076,0.84213042,0.86480451,0.88760877,0.91108894,0.93214846,0.95593131,0.97661388,1.00053859,1.02372122,1.04719448,1.07438159,1.11186206,1.13880157,1.15040851,1.15804720,1.16172040,1.16880560,1.18152928,1.19714618,1.21270025,1.22993147,1.24739265,1.26587868,1.28630137,1.30711734,1.32895684,1.34744990,1.36246431,1.37937295,1.39660287,1.41386604,1.42971551,1.44658327,1.45937359,1.47882044,1.56307483,1.76776767,1.89080846,1.67973697,1.56877637,1.45812809,1.37861478,1.34606111,1.33442819,1.32445848,1.32540452,1.33837855,1.35059559,1.35959589,1.37020624,1.38802505,1.40889394,1.42836022,1.44512093,1.46095407,1.47751379,1.49285018,1.50863957,1.52703309,1.54997528,1.56998193,1.58764267,1.60384095,1.61746347,1.62505984,1.62478197,1.62118661,1.61794329,1.61724496,1.61736107,1.61713350,1.61305666,1.61423278,1.62205863,1.62732041,1.62911284,1.63477933,1.64941251,1.66609466,1.69110620,1.74509215,1.77840900,2.49374700,3.48639750,1.41062903,5.62923241,4.71386194,3.74045348,3.10232830,2.97594142,2.52088451,1.39801562,1.26700497,1.26138353,1.23936713,1.26942635,1.29811096,1.32588577,1.35919225,1.39440584,1.42762601,1.40874243,1.37215686,1.33093202,1.28871381,1.25635839,1.23378217,1.21751416,1.21016717,1.20857859,1.21885824,1.23863912,1.24800289,1.25155008,1.24741209,1.24857616,1.25598204,1.25199342,1.24632549,1.25289834,1.25072360,1.27512908,1.28068948,1.25585306,1.19836080,1.14476514,1.11121380,1.09113443,1.08422780,1.06210506,1.02876091,1.01730072,1.00101936,0.99975353,1.00621164,1.01824641,1.01021361,1.01859415,1.01752841,1.00878775,0.97923040,0.92694521,0.93291390,0.91120416,0.71776581,0.80733210,0.80581152,0.78000772,0.63003612
289,FSP_059,0.46794900,0.01923080,0.51282102,-1.50040805,-1.47674572,-1.44975042,-1.42348015,-1.39969790,-1.37930071,-1.36752033,-1.36094236,-1.35134137,-1.33301365,-1.29745936,-1.23099530,-1.11551404,-0.97545582,-0.86991656,-0.79859006,-0.76884675,-0.79480422,-0.83575499,-0.85438371,-0.85867995,-0.87956834,-0.90812075,-0.91385227,-0.92741793,-0.96110064,-0.99970818,-1.03528941,-1.02019119,-0.87965941,-0.55129886,-0.12566407,0.35367447,0.81383443,1.13278353,1.30661368,1.41006625,1.44389224,1.45172322,1.46998334,1.48744166,1.49876475,1.51596832,1.52776790,1.53908086,1.54912972,1.56180620,1.57301044,1.58392072,1.59255576,1.60457039,1.61609292,1.62436426,1.61233222,1.62738657,1.59898889,1.57084596,1.56295657,1.56958699,1.59204948,1.59296215,1.59166181,1.62396395,1.65506554,1.68248546,1.70740402,1.72492456,1.73754239,1.74404562,1.74506342,1.74716723,1.74637043,1.76238561,1.74754155,1.66882241,1.58240104,1.52657104,1.50719428,1.50319910,1.50416923,1.50932562,1.52357388,1.54150081,1.55721223,1.57331359,1.59012043,1.60929918,1.61772108,1.60285068,1.58232117,1.55417407,1.50819445,1.44935822,1.38242090,1.31389499,1.26906157,1.12683535,1.09052956,1.19867098,1.24022615,1.05944514,0.54914290,0.12063302,-0.02567645,-0.07286609,-0.12482759,-0.13502443,-0.09784079,-0.05089165,-0.00574612,0.05217605,0.12367874,0.19887677,0.27350020,0.34744209,0.41827974,0.48507169,0.54644692,0.60283321,0.64977700,0.69561291,0.73662865,0.76764321,0.79795903,0.82213873,0.84323335,0.85298294,0.85915387,0.85549331,0.84609240,0.83438891,0.81722641,0.79324722,0.76489586,0.73275286,0.69356674,0.65339988,0.61048591,0.49119350,0.46703133,0.48033279,0.48779848,1.62364304,-0.05656695,-0.63994068,0.65068430,-1.38114178,-1.01197660,-1.56842387,-1.35189223,-1.03623700,-1.19786119,1.53075790,0.13415195,-0.93766326,-0.77841717,-0.73780882,-0.74015945,-0.71169144,-0.66405004,-0.61160904,-0.53537071,-0.50276709,-0.49384376,-0.46788463,-0.42404947,-0.37505490,-0.34534130,-0.31506035,-0.28035602,-0.24851252,-0.20863679,-0.17370294,-0.14394270,-0.11989248,-0.11266890,-0.10635684,-0.09769098,-0.09368303,-0.09650076,-0.09755402,-0.09798885,-0.05865371,-0.03973632,-0.06340991,-0.09072041,-0.12190235,-0.14892000,-0.20206669,-0.22167285,-0.24973732,-0.30693895,-0.34096676,-0.37260950,-0.39460534,-0.41883236,-0.46172962,-0.49506730,-0.48205367,-0.55412501,-0.63645530,-0.77878422,-0.83856040,-0.91062069,-0.98117888,-0.88610017,-0.77706665,-0.74549127,-1.11810422,-0.19198881
827,SSI_ARCA02_20110607,0.11177200,0.88822800,0.00000000,-1.54687715,-1.53338730,-1.51295471,-1.48965251,-1.46684372,-1.44413567,-1.42647302,-1.41136730,-1.40062404,-1.39037049,-1.37846458,-1.35848916,-1.32414806,-1.27924776,-1.24210107,-1.21643758,-1.20196521,-1.20183480,-1.21023381,-1.20708907,-1.20179009,-1.20099807,-1.20508635,-1.20043385,-1.19935668,-1.20933330,-1.21533358,-1.22534013,-1.22015142,-1.16609824,-1.03359377,-0.88171786,-0.73676592,-0.61493069,-0.53100693,-0.48245192,-0.46101433,-0.42711926,-0.40524998,-0.38616794,-0.36590958,-0.34603336,-0.32946205,-0.31162128,-0.29174051,-0.27307892,-0.25535303,-0.23916993,-0.22164539,-0.20523231,-0.19547883,-0.17730887,-0.16162173,-0.14707723,-0.15887330,-0.15308313,-0.15920939,-0.14742945,-0.13508496,-0.11235794,-0.09165657,-0.04889100,-0.02502261,-0.00280744,0.02408026,0.04592195,0.06585041,0.07843738,0.09631834,0.10546029,0.11189506,0.11177984,0.10454668,0.09441330,0.05148705,0.00077128,-0.02373622,-0.03000318,-0.02983572,-0.03120731,-0.02218386,-0.00045120,0.02587067,0.05581951,0.08302039,0.10812166,0.12835933,0.14724013,0.15850274,0.16351415,0.15583460,0.13796112,0.10216507,0.05467569,0.00163592,-0.04426464,-0.00146414,0.22548482,0.20498152,-0.18245843,-0.56359953,-0.69928735,-0.72327411,-0.75596672,-0.76888543,-0.76346338,-0.76562566,-0.74942487,-0.71623790,-0.68203813,-0.65108055,-0.61137378,-0.57391018,-0.53666157,-0.50034267,-0.46460918,-0.43060717,-0.39768097,-0.36498523,-0.33212304,-0.29840559,-0.26535517,-0.23686334,-0.21145883,-0.18636774,-0.16977400,-0.16780291,-0.16905752,-0.17478681,-0.19059409,-0.20362712,-0.21726549,-0.23845170,-0.24916810,-0.24814850,-0.25541064,-0.27248970,-0.27422193,-0.27409816,-0.27430373,-0.32886931,-0.24606688,-0.33554718,0.89811516,-1.75245631,-1.75245631,-1.75245631,3.94128156,1.16620386,-0.11109632,-1.75245631,0.55990547,-0.71258879,-1.08787096,-1.01826572,-1.01209140,-0.97481781,-0.94718307,-0.92110842,-0.89088243,-0.86335194,-0.82790852,-0.81895143,-0.81583351,-0.81618905,-0.81581265,-0.81827474,-0.81449622,-0.81323063,-0.80418539,-0.79825217,-0.78999066,-0.77283776,-0.76151812,-0.75192112,-0.73822123,-0.72640991,-0.71130180,-0.70344150,-0.69250435,-0.68218899,-0.68342561,-0.67120945,-0.68682158,-0.72234076,-0.75966603,-0.79928941,-0.82703876,-0.85345775,-0.86228895,-0.89880455,-0.89964539,-0.89340538,-0.90707165,-0.92561281,-0.92102391,-0.93317544,-0.93573022,-0.95256913,-0.97238052,-0.98521256,-1.02714646,-1.05803943,-1.05785930,-1.13378894,-1.11531317,-1.16371870,-1.00594032,0.07321994,-1.75245631
1512,SSI_BAPI08_20110830,0.85518003,0.14482000,0.00000000,-1.66087162,-1.65074551,-1.64266825,-1.63281703,-1.61727440,-1.60002410,-1.58542407,-1.57432115,-1.56646073,-1.55863929,-1.54282773,-1.50578642,-1.42900133,-1.32763946,-1.26234353,-1.22583413,-1.21997714,-1.25269389,-1.30406058,-1.32362330,-1.33204174,-1.35285819,-1.38149989,-1.38888049,-1.40549231,-1.44272590,-1.47179973,-1.50400329,-1.50224626,-1.40211797,-1.09193373,-0.69315958,-0.27695912,0.07934258,0.30952528,0.43117076,0.48528856,0.53119135,0.56385767,0.59214032,0.62052137,0.64770669,0.66953051,0.69098854,0.71421283,0.73611212,0.75863731,0.77902865,0.79732960,0.81407702,0.82142609,0.83554697,0.84860092,0.84527975,0.81524354,0.78323072,0.72407931,0.70585895,0.71007389,0.73581177,0.77328712,0.79915708,0.85235679,0.90165555,0.95358056,0.99183184,1.02885091,1.04796290,1.06937099,1.07784069,1.07434142,1.06392133,1.04254174,0.93840700,0.78242791,0.59251052,0.48325428,0.44979519,0.42459625,0.40311038,0.40706259,0.43792784,0.48784101,0.54900080,0.60201383,0.64841652,0.68466127,0.70199186,0.70457256,0.68619168,0.64186251,0.56063420,0.44980946,0.31373248,0.17234585,0.08574522,-0.10186393,-0.23140739,-0.41599020,-0.80557650,-0.94685316,-1.13753057,-1.19689238,-1.23137236,-1.24825776,-1.24982381,-1.24672139,-1.23123097,-1.20111346,-1.16338909,-1.12472701,-1.07867062,-1.03200781,-0.98413825,-0.93662155,-0.89077783,-0.84508222,-0.80141300,-0.75831431,-0.71569318,-0.67644852,-0.64019287,-0.61142021,-0.58697009,-0.56349397,-0.54484105,-0.54730058,-0.56007570,-0.58267897,-0.61984336,-0.65529710,-0.68676794,-0.71553206,-0.72988337,-0.73458642,-0.75878024,-0.78412777,-0.79569632,-0.80518317,-0.80442381,-0.83919317,-0.86942595,-0.83507425,0.37296522,-1.75245631,-1.75245631,-0.18916817,0.09488739,-1.05172586,-1.15209508,2.11079597,-1.03857541,-1.43827558,-1.49429750,-1.51132619,-1.51182306,-1.48888540,-1.47616816,-1.46248460,-1.45139134,-1.43725574,-1.42729700,-1.41185939,-1.40657902,-1.39957130,-1.39388478,-1.38472307,-1.37085760,-1.36150002,-1.34836102,-1.33941877,-1.32839310,-1.31800830,-1.30733824,-1.30001593,-1.29037511,-1.28071415,-1.27533698,-1.26315928,-1.25510824,-1.24918616,-1.24941719,-1.25391173,-1.26876223,-1.29167342,-1.32125831,-1.34069049,-1.36929178,-1.39124274,-1.40621912,-1.42331088,-1.42671013,-1.42849422,-1.43839002,-1.44031024,-1.45032167,-1.46150255,-1.47167242,-1.48884630,-1.50181365,-1.49815905,-1.50587916,-1.53047013,-1.55924296,-1.56842637,-1.53086340,-1.54644632,-1.44054890,-0.49037313,4.31196213
220,NF_075,0.01282050,0.92948699,0.05769230,-1.44197512,-1.41327393,-1.37491488,-1.32770431,-1.27551901,-1.22249711,-1.17097127,-1.12028956,-1.06962109,-1.01929140,-0.96925205,-0.91984200,-0.87046784,-0.82290548,-0.77884966,-0.73646224,-0.69552892,-0.65844786,-0.62451118,-0.59192109,-0.56080163,-0.53277224,-0.50334507,-0.47325680,-0.44278827,-0.41536573,-0.39180514,-0.37164459,-0.33949459,-0.27784246,-0.19907063,-0.13293859,-0.08106650,-0.03625624,0.00345601,0.03935630,0.07351629,0.10632762,0.13707894,0.16697730,0.19684458,0.22506973,0.25241026,0.27985713,0.30631468,0.33044764,0.35396263,0.37712824,0.40062034,0.42358750,0.44401717,0.46385834,0.48475778,0.49319881,0.50585872,0.52321100,0.54251039,0.56532049,0.58237082,0.60047406,0.61369300,0.62526590,0.64406794,0.66244251,0.68184686,0.70045096,0.71907395,0.73581761,0.75615543,0.77288067,0.78649718,0.79927510,0.80232114,0.81242323,0.83149707,0.83979785,0.85231870,0.86670232,0.88048893,0.89258254,0.90687472,0.92485946,0.94630861,0.97198159,0.99838066,1.02380192,1.04589283,1.06619537,1.08814442,1.10979557,1.12698209,1.13778603,1.14314854,1.13957965,1.12318277,1.06198072,0.99299693,1.04693425,1.00519598,1.00490701,0.98540080,0.83338696,0.65966636,0.60878396,0.58645248,0.58792096,0.59453124,0.61330456,0.64122516,0.68280417,0.72765428,0.77702010,0.82636905,0.86943352,0.90704185,0.94052243,0.97146338,1.00047433,1.02949035,1.06533527,1.10538030,1.15151477,1.19394195,1.22755337,1.25253868,1.26647031,1.26737106,1.26465631,1.25803900,1.24810672,1.23280180,1.22248042,1.20711088,1.20380068,1.21461511,1.21342552,1.20254374,1.18781912,1.18298960,1.19788218,1.15624833,1.20076931,1.33232474,0.08794194,-0.13462476,-0.68988681,-1.66400361,-1.59974778,-0.61036551,2.95869899,1.65622401,-0.46832100,-0.59263498,0.12109450,0.17905653,0.29027590,0.33782408,0.44493875,0.50936705,0.56272292,0.60439450,0.61193985,0.62213475,0.60142064,0.54630858,0.48205179,0.43450221,0.40837166,0.38761055,0.38023132,0.38934827,0.40405205,0.43908057,0.46299428,0.48678273,0.51403493,0.52899557,0.54608232,0.56802654,0.59216297,0.61815774,0.62833416,0.62601447,0.60055166,0.52674204,0.43423039,0.35317874,0.31427985,0.30226594,0.27212802,0.25692269,0.19045036,0.17109053,0.15145481,0.12279657,0.13061181,0.19402182,0.12327861,0.09617975,0.16226317,0.18165502,0.10626452,-0.12953797,-0.05818697,-0.35496449,-0.12541002,-0.22838645,-0.68866360,-0.82282650,-1.52763772
761,SSC_SALE04_20110510,0.50830901,0.49169099,0.00000000,-1.32719898,-1.29146469,-1.25648129,-1.22386765,-1.19699919,-1.18008721,-1.16891491,-1.16146612,-1.15522456,-1.15068018,-1.14031065,-1.11576307,-1.06068695,-0.98566914,-0.93439853,-0.90499473,-0.89747369,-0.91604793,-0.94217736,-0.95102417,-0.94380456,-0.94883180,-0.96057481,-0.95579928,-0.95907325,-0.98357427,-1.00528455,-1.03109205,-1.02668309,-0.93403012,-0.66516578,-0.34867403,-0.04829011,0.20761076,0.37630507,0.46063605,0.48215464,0.53086275,0.55267489,0.57117027,0.59245211,0.61183286,0.62551504,0.64458936,0.67259598,0.69395232,0.71381289,0.73348111,0.75104284,0.76676887,0.75950629,0.77362812,0.79436088,0.77863508,0.75157315,0.74636024,0.73647273,0.76052016,0.77615529,0.80970252,0.84169239,0.84133738,0.87290823,0.90953940,0.94474244,0.96772647,0.99046344,1.01180387,1.02152097,1.02856743,1.02416623,1.00464559,0.95474684,0.90130872,0.83896774,0.73573864,0.70971042,0.70012116,0.68286586,0.67166907,0.68246830,0.70634276,0.74596620,0.79233152,0.83059281,0.86225599,0.89197630,0.90864468,0.91330159,0.90647835,0.87884569,0.82990408,0.75676244,0.65765828,0.56092656,0.45393085,0.27251062,0.04305304,-0.12969609,-0.37485039,-0.52756137,-0.64013010,-0.68167949,-0.69871730,-0.72003865,-0.71391994,-0.70290869,-0.69179010,-0.65210825,-0.59803087,-0.54436147,-0.48954028,-0.43386510,-0.37900174,-0.32686833,-0.27874696,-0.23311776,-0.18902910,-0.14638449,-0.10748465,-0.06391428,-0.02343531,0.01135644,0.03990495,0.06695099,0.08177175,0.08659969,0.07893685,0.05375378,0.01583603,-0.02052795,-0.04893284,-0.07821605,-0.09553129,-0.10169203,-0.12067205,-0.14198706,-0.15498561,-0.16683578,-0.17490624,-0.29210347,-0.28148851,-0.34085226,-0.03842890,-0.04307419,-0.40462652,-0.33952752,-0.36457130,-0.85327423,-0.92256242,-0.74997324,-1.09695017,-1.13018501,-1.12617934,-1.09372914,-1.04215181,-1.00111759,-0.96486872,-0.93679971,-0.90305835,-0.86732429,-0.84158164,-0.83554024,-0.82774842,-0.81743324,-0.81038076,-0.80844468,-0.79923141,-0.79244924,-0.77577490,-0.76097172,-0.75125062,-0.73007268,-0.70801127,-0.69122225,-0.67646801,-0.66591185,-0.64707541,-0.63061839,-0.61795944,-0.61260527,-0.60327929,-0.60558361,-0.62483013,-0.66350734,-0.71148062,-0.75224638,-0.79419559,-0.81742102,-0.85121119,-0.88765949,-0.89079046,-0.89321530,-0.90667826,-0.93946713,-0.94270438,-0.93068230,-0.94556576,-0.97929913,-0.98433024,-0.98934871,-1.05206370,-1.04595149,-1.05754256,-1.11374938,-1.21057379,-1.15308166,-1.16181576,-0.81870526,-0.07550327
1592,SSI_BAPI10_20110927,0.58282799,0.41717201,0.00000000,-1.59046805,-1.58625603,-1.56614542,-1.54218924,-1.51554632,-1.49014473,-1.46777368,-1.45381534,-1.43893576,-1.42687488,-1.40531206,-1.37150705,-1.30871952,-1.22777820,-1.16978765,-1.13226306,-1.11560881,-1.12922561,-1.15837538,-1.16413391,-1.16133952,-1.16988444,-1.18340933,-1.18129003,-1.18818939,-1.21153891,-1.22871208,-1.24989581,-1.24382901,-1.14949870,-0.88442767,-0.54436845,-0.20672905,0.07068630,0.25513989,0.36318547,0.40953651,0.46864727,0.50648928,0.53957397,0.57465011,0.60773665,0.63497812,0.66323268,0.69464535,0.72401690,0.75439811,0.78227383,0.80920351,0.83437139,0.84597534,0.86903363,0.89080906,0.90328038,0.87573695,0.86472619,0.83516109,0.84082276,0.85704428,0.89244163,0.93237144,1.01569390,1.07087350,1.12042725,1.16435480,1.20497882,1.24206924,1.25809419,1.28821576,1.30210435,1.30407035,1.28705513,1.26333463,1.19981873,1.09190202,0.94458216,0.86885160,0.84922916,0.83050543,0.82230115,0.83213282,0.86762619,0.92377526,0.98963207,1.04654145,1.09784079,1.12999105,1.15527606,1.16519833,1.16027391,1.13212657,1.07506502,0.98903817,0.87105042,0.74945587,0.67190534,0.29983783,0.38724595,1.20519614,-0.34918505,-0.40989399,-0.60066748,-0.67160714,-0.70972121,-0.73085797,-0.72493994,-0.71490109,-0.69665146,-0.64718646,-0.59411603,-0.54282337,-0.48435453,-0.42300403,-0.36664826,-0.31081086,-0.25844771,-0.20545271,-0.15735681,-0.10865325,-0.06094568,-0.00871132,0.03896984,0.07765430,0.10755956,0.13599496,0.14960726,0.14317097,0.11668678,0.07679620,0.02376707,-0.03485076,-0.08158454,-0.11412919,-0.12748486,-0.12347633,-0.13507678,-0.15618378,-0.16864243,-0.16323510,-0.16909060,-0.53965187,-0.91481024,-1.29573882,-1.75245631,-1.75245631,-1.75245631,-1.75245631,-1.75245631,4.93307304,0.62634051,2.79228401,3.15604687,-1.09348726,-1.31445694,-1.41494834,-1.38255227,-1.24620843,-1.17274284,-1.13497162,-1.09968293,-1.09186363,-1.12231421,-1.08422709,-1.06221032,-1.06548142,-1.07435620,-1.06836736,-1.06491995,-1.05476880,-1.04738796,-1.03183973,-1.02731156,-1.00832498,-0.99387807,-0.97972304,-0.96184158,-0.95230269,-0.94211543,-0.92400354,-0.91212350,-0.90285408,-0.90876490,-0.91943884,-0.94556600,-0.99002331,-1.03519702,-1.07649779,-1.13504243,-1.14659023,-1.17016912,-1.18854165,-1.19555295,-1.20037532,-1.22384775,-1.23814225,-1.22742569,-1.26424944,-1.25753975,-1.29876506,-1.30228472,-1.36442065,-1.39369369,-1.40414476,-1.45306873,-1.50549150,-1.50871027,-1.49480081,-1.31453574,0.62219477,3.90709615
396,COP_20160220_2-30-E,0.45553499,0.54446501,0.00000000,-1.52412820,-1.51145256,-1.49540412,-1.47932041,-1.46667898,-1.45585012,-1.44708264,-1.44006670,-1.43306565,-1.42380989,-1.40732229,-1.37364388,-1.31575048,-1.25188899,-1.20832872,-1.18223560,-1.17812753,-1.19669342,-1.21766579,-1.22629809,-1.22674334,-1.23112881,-1.23677170,-1.23309040,-1.23686290,-1.25132620,-1.26189220,-1.27210045,-1.25920022,-1.17533588,-0.97419733,-0.73139906,-0.49101540,-0.27774501,-0.13134719,-0.04924369,0.00124339,0.02296588,0.04383168,0.06649618,0.08862873,0.10992422,0.13092837,0.15007691,0.16880089,0.18911651,0.20771535,0.22646901,0.24434133,0.26032448,0.27598745,0.29063722,0.30177116,0.30958089,0.30174944,0.28927323,0.27460265,0.27754471,0.29035044,0.30935654,0.37104312,0.44543397,0.48254448,0.51648337,0.54669631,0.57346398,0.59761101,0.62080020,0.64147949,0.65912670,0.67442715,0.69233429,0.71506917,0.69666278,0.63058203,0.55682528,0.51504761,0.50807369,0.51199341,0.51895756,0.53386134,0.55879134,0.58986694,0.62390375,0.65873057,0.69241869,0.72098553,0.74218625,0.75450116,0.76242381,0.76046288,0.74307626,0.70683545,0.65328884,0.59966886,0.54418081,0.14241874,0.23847683,0.27262607,0.54091012,1.61709607,-0.79192472,-0.95980954,-0.82512540,-0.80146545,-0.74562907,-0.71461141,-0.70394331,-0.65124589,-0.58104903,-0.51703054,-0.45275036,-0.38862199,-0.32759765,-0.26956072,-0.21395823,-0.16116925,-0.11212925,-0.06244850,-0.01382499,0.03492240,0.08538938,0.13248342,0.17186181,0.20538387,0.23061052,0.24454185,0.25015789,0.24499246,0.22880457,0.20811781,0.18247011,0.15171272,0.12309152,0.09904410,0.06580764,0.02236452,-0.01648752,-0.04774706,-0.08452859,-0.03787942,0.10090392,0.12913130,0.22938560,0.50525266,0.48188001,0.32355759,0.21488096,-0.35332611,-0.60194498,-0.66917336,-0.83862644,-1.03370857,-1.06859088,-1.06637657,-1.04093754,-1.01187944,-0.97772306,-0.93709344,-0.89394104,-0.84881085,-0.81066579,-0.79359800,-0.77897364,-0.77134269,-0.77100670,-0.77385509,-0.77183503,-0.76382869,-0.74954408,-0.73267430,-0.71131128,-0.68411231,-0.65654129,-0.62912798,-0.60424209,-0.58396196,-0.56874919,-0.55408514,-0.54161245,-0.53092712,-0.52439570,-0.52700728,-0.54296547,-0.57675022,-0.62333852,-0.67224491,-0.71302587,-0.73594970,-0.75118643,-0.77808166,-0.81225967,-0.83322066,-0.84796059,-0.86758006,-0.88445979,-0.89698428,-0.90695590,-0.92401689,-0.93325448,-0.94001228,-0.96052957,-0.98308629,-1.02693856,-1.04985857,-1.03996503,-1.08936071,-1.09928751,-0.99260849,-0.68015438
178,NF_026,0.05769230,0.19230799,0.75000000,-0.80192506,-0.75062853,-0.69062054,-0.61822343,-0.54283983,-0.48390004,-0.44363704,-0.40915811,-0.36838582,-0.31090295,-0.23815605,-0.15334022,-0.05660902,0.04055867,0.12727207,0.20444398,0.26781332,0.31436303,0.35045239,0.38646746,0.42280245,0.45023996,0.47430000,0.50651056,0.53923249,0.55846620,0.57256234,0.57795584,0.61501306,0.72822642,0.88667154,1.02159536,1.13746846,1.24913621,1.33454812,1.39622331,1.45116746,1.50090563,1.52750576,1.56217504,1.59647775,1.62414765,1.65671432,1.68798137,1.71658754,1.74155140,1.76838958,1.79286849,1.81721926,1.83778775,1.85746014,1.87905240,1.90322042,1.89104950,1.91588759,1.93671334,1.96425676,1.99881434,2.02474928,2.05273461,2.05935073,2.05783939,2.07837415,2.09628630,2.11598229,2.13382411,2.14997244,2.16138434,2.17099309,2.18234944,2.18924522,2.18850851,2.18209052,2.20800400,2.21738935,2.22607017,2.24252343,2.25481701,2.26610398,2.27645016,2.28827500,2.29846430,2.31138325,2.32558465,2.33711171,2.34782863,2.36026525,2.37118626,2.37237525,2.36920381,2.36149192,2.34998631,2.34045625,2.32715344,2.30554032,2.23400903,2.14401817,2.14183903,1.83867335,2.08178711,1.94623697,1.88524544,1.87243068,1.90044844,1.89865351,1.92979991,1.94846833,1.97104263,2.00069499,2.04224634,2.08929062,2.12698698,2.15940881,2.19038534,2.21460605,2.23768878,2.25839996,2.27841067,2.29771399,2.31262589,2.33095598,2.34609771,2.35559702,2.36512947,2.37421083,2.38210869,2.38688970,2.38786149,2.38993239,2.39038110,2.38842010,2.38817954,2.38319969,2.37308121,2.36238003,2.34945679,2.33781743,2.31074667,2.19714499,2.17720532,2.13518000,2.19906926,2.29417181,1.82053506,-1.04238117,-0.99803066,0.17226942,-0.92281282,-0.97531313,0.54303557,0.19061033,-0.23185964,1.19844329,0.74921513,1.18460739,1.33319819,1.44866061,1.51143229,1.55766344,1.58889735,1.65903616,1.78998995,1.82419765,1.81838441,1.81841147,1.82948422,1.87733197,1.89562714,1.89743304,1.91338086,1.92664874,1.94545376,1.96362805,1.96460569,1.97926140,1.94951510,1.91613877,1.89490581,1.86727858,1.83889508,1.81236184,1.79761529,1.86965406,1.90844917,1.90049732,1.90878415,1.90258586,1.87551761,1.82690322,1.82751071,1.79824150,1.78522730,1.72125113,1.73262703,1.69803560,1.63663924,1.59464514,1.60451794,1.45869017,1.43275201,1.43294573,1.49595654,1.32051909,1.38278437,1.40203726,1.49019682,1.20452678,1.46075094,1.72042966,1.57992923
89,Res003,0.98675501,0.01324500,0.00000000,-1.66358531,-1.65269446,-1.64154351,-1.63393140,-1.62977028,-1.62546134,-1.62172353,-1.62009001,-1.61833727,-1.61440229,-1.60134840,-1.56424320,-1.48427367,-1.38546467,-1.32122421,-1.28903687,-1.29036391,-1.33554792,-1.38941455,-1.42138159,-1.43701971,-1.45619500,-1.47904313,-1.49059224,-1.51204193,-1.54702270,-1.57230461,-1.59332490,-1.58620512,-1.48492527,-1.18200982,-0.74969906,-0.26915640,0.18096682,0.49452516,0.67067969,0.77311295,0.81049061,0.83797276,0.87019455,0.90174228,0.93233615,0.96330565,0.99130362,1.01998365,1.04990864,1.07965839,1.10837317,1.13652349,1.16280997,1.18796706,1.20988488,1.22534966,1.21986747,1.19640410,1.15279365,1.08936799,1.06522214,1.07589710,1.10519195,1.16035759,1.22448480,1.28539944,1.34655988,1.40012050,1.44754875,1.48642778,1.51598048,1.52637923,1.53217566,1.53110659,1.52563274,1.48791122,1.36752951,1.19192886,0.99948102,0.89315587,0.86462897,0.84680879,0.83298427,0.83207506,0.85081756,0.87946641,0.91335672,0.94433975,0.97493440,0.99846274,1.00872576,0.99710411,0.96527356,0.90931267,0.82277960,0.70474672,0.57143390,0.44748652,0.41556484,0.58215886,0.47524562,0.18971355,0.24530192,0.25512281,-0.30272543,-0.85108721,-1.04297841,-1.12431729,-1.17606533,-1.19889963,-1.18009949,-1.14101017,-1.09660745,-1.05023468,-0.98991990,-0.92548937,-0.86158502,-0.79889029,-0.73416919,-0.67508417,-0.61790323,-0.56395221,-0.51708555,-0.46836576,-0.42661324,-0.39100897,-0.35735393,-0.32827356,-0.30645466,-0.29298881,-0.28892571,-0.29414698,-0.30534601,-0.32484642,-0.34738520,-0.37423292,-0.40480253,-0.43555525,-0.47529635,-0.51529342,-0.55078036,-0.57417220,-0.59186441,-0.60287577,-0.50485921,-0.50005662,-0.85974520,-1.41096401,-1.75052202,-1.75242794,-1.66337955,-0.27875632,-1.61273575,-1.75221789,-1.57801497,0.20638372,-0.75692827,-1.56291163,-1.60528815,-1.56649899,-1.55496097,-1.55879605,-1.53082752,-1.50867712,-1.48817277,-1.47293735,-1.44939303,-1.43427861,-1.40830195,-1.38798070,-1.36273754,-1.33354318,-1.30942190,-1.29491246,-1.26318491,-1.23158062,-1.21338880,-1.20099115,-1.18365967,-1.16457152,-1.15850294,-1.13993907,-1.12471998,-1.12164438,-1.11352146,-1.10363317,-1.09771454,-1.13758087,-1.13423002,-1.16439128,-1.19239724,-1.21191847,-1.23926914,-1.25784552,-1.26228881,-1.29187810,-1.30415726,-1.32474899,-1.38861132,-1.47519493,-1.38514566,-1.34483111,-1.29486513,-1.50483191,-1.50123608,-1.61903870,-1.25635874,-1.48227274,-1.58824527,-1.73522329,-1.70355737,-0.80756420,-1.57944620
825,SSC_SALE11_20110606,0.25524700,0.74475300,0.00000000,-1.36739731,-1.34696853,-1.32660902,-1.30462658,-1.28724134,-1.27588105,-1.26717412,-1.26121080,-1.25666475,-1.25301456,-1.24582219,-1.22733462,-1.18793356,-1.13568306,-1.09669554,-1.07289374,-1.06238580,-1.06982696,-1.08704364,-1.08033812,-1.07380056,-1.07352948,-1.07750213,-1.06902575,-1.06717026,-1.08656669,-1.10290349,-1.12806821,-1.12572443,-1.04283178,-0.83693528,-0.61853266,-0.41885749,-0.25609028,-0.14982590,-0.09113234,-0.07185934,-0.03441803,-0.01254689,0.00721539,0.02719796,0.04636601,0.06468742,0.08343782,0.10524690,0.12445632,0.14454757,0.16378024,0.18077144,0.19678369,0.20144020,0.21626107,0.23566355,0.22415495,0.22540279,0.21627533,0.20437899,0.21831663,0.22395022,0.24799694,0.26868182,0.26662251,0.29557550,0.32693553,0.35517704,0.38139269,0.40184548,0.41994849,0.43246090,0.44254592,0.44458675,0.44077572,0.42261267,0.38630104,0.32093829,0.22163382,0.18603539,0.17720324,0.16517942,0.15288985,0.16200432,0.17989394,0.21459605,0.25375274,0.28994611,0.31843257,0.33929509,0.35352698,0.36459175,0.36448866,0.34842488,0.31222802,0.25994843,0.18824042,0.11319127,0.06379484,0.34262678,0.45955276,0.11474960,-0.14758277,-0.82588166,-0.82355070,-0.88559180,-0.90756923,-0.92883348,-0.92795610,-0.91949165,-0.91095448,-0.88471442,-0.84972209,-0.81192744,-0.77098018,-0.73024470,-0.69117367,-0.65233892,-0.61592060,-0.58132178,-0.54671758,-0.51583749,-0.48245683,-0.44788185,-0.41444626,-0.38325298,-0.35640794,-0.33337334,-0.31576887,-0.31032449,-0.31527537,-0.33375126,-0.36668551,-0.39767885,-0.42225891,-0.44290677,-0.45668232,-0.46062917,-0.47683272,-0.49151838,-0.49731228,-0.50169361,-0.49816442,-0.56885916,-0.55645704,-0.64067662,5.52369499,3.69316316,-1.75245631,1.88229990,-1.75245631,2.41610193,-1.75245631,-1.75245631,2.66039610,-0.56504118,-1.22093594,-1.28611994,-1.24763739,-1.21345627,-1.18875742,-1.17053914,-1.13912523,-1.11965334,-1.11490858,-1.10180688,-1.07950783,-1.07243073,-1.06659019,-1.06680608,-1.06601846,-1.05022347,-1.03901386,-1.02943063,-1.01678097,-1.00169396,-0.99003452,-0.97502482,-0.96059227,-0.94624406,-0.93809420,-0.92238313,-0.91122562,-0.90037912,-0.90469110,-0.90343928,-0.92146552,-0.95070511,-0.99476594,-1.02819443,-1.06407082,-1.07889867,-1.10773790,-1.12685120,-1.13377512,-1.12449110,-1.13494360,-1.16184962,-1.17548132,-1.16179097,-1.18991530,-1.22132289,-1.21654284,-1.21888077,-1.24675977,-1.24443305,-1.33192587,-1.36667061,-1.34841287,-1.38051474,-1.23596585,0.32412434,-1.75245631
1417,QUE_T3.09.J,0.00000000,0.37000000,0.63000000,-1.23979163,-1.21057141,-1.17851639,-1.14117050,-1.10316074,-1.07128155,-1.04598415,-1.02218008,-0.99548346,-0.96337622,-0.92767966,-0.89152420,-0.85562652,-0.81957084,-0.78347957,-0.74647653,-0.70908302,-0.67264646,-0.63970435,-0.60717255,-0.57751226,-0.54738510,-0.51558107,-0.48256049,-0.44892308,-0.41259977,-0.37734383,-0.34145921,-0.30220881,-0.25702694,-0.21233505,-0.16926366,-0.11988547,-0.07693795,-0.04143465,-0.00310485,0.04325684,0.07829551,0.11224692,0.15077667,0.18723203,0.22577089,0.26590803,0.29559326,0.32227188,0.35096285,0.38082850,0.41035149,0.44082528,0.47383118,0.51236522,0.54309005,0.56931478,0.60933930,0.64462233,0.66534179,0.68190479,0.69217187,0.70701730,0.72422487,0.73859072,0.75534654,0.77966160,0.80506015,0.82764608,0.85103863,0.87278837,0.89833277,0.92089093,0.94751698,0.97902870,1.01496172,1.07379472,1.10367298,1.11376905,1.11977792,1.11017883,1.11036468,1.12278223,1.13746727,1.15289140,1.16912019,1.18509722,1.20196903,1.22120321,1.24310064,1.26458573,1.28551793,1.30186498,1.31918287,1.34049118,1.36416841,1.38900757,1.41434050,1.43256927,1.46461082,1.44915140,1.45881546,1.45489395,1.56114757,1.47018147,1.41322446,1.32148230,1.28061473,1.25960124,1.23190105,1.22148395,1.23451841,1.24111307,1.23776019,1.24140263,1.25845671,1.27883828,1.29801357,1.31561422,1.33238578,1.34958684,1.36556721,1.38273859,1.40142369,1.42423689,1.44872582,1.47065103,1.48780417,1.50056016,1.50763953,1.50423777,1.49559975,1.49162316,1.49159205,1.49255526,1.49242818,1.48762822,1.49000847,1.49699616,1.49979734,1.50247252,1.51339626,1.52746296,1.54670954,1.59173822,1.64446795,1.70417190,1.23416102,-0.98825431,-0.75698268,-0.48540473,-1.23244572,-1.17277813,0.08557226,0.23332705,-0.37343347,-0.09787457,0.55119497,0.92845714,0.98974520,1.00859654,1.02841413,1.05816901,1.09722030,1.13259590,1.15840459,1.15054762,1.12144041,1.08754754,1.05659604,1.03379595,1.01387250,0.99304998,0.97938275,0.97968870,0.99297565,1.00592697,1.01401603,1.02636528,1.01919103,1.01395345,1.01599121,1.02060091,1.02801681,1.01909733,1.02007973,1.04642451,1.04684007,1.01315665,0.96072984,0.90786642,0.87521809,0.86231023,0.86124051,0.83040261,0.79294598,0.77983475,0.76727933,0.73211128,0.73228401,0.71624386,0.69778043,0.65959275,0.66542733,0.71395057,0.56605601,0.61148691,0.58552301,0.45667568,0.33241487,0.06810241,0.05819153,-0.15499169,-0.95885569
963,CHI_ADFA11_20120225,0.51454502,0.48545501,0.00000000,-1.56783950,-1.56222069,-1.55325162,-1.54147899,-1.53429902,-1.52415240,-1.51745951,-1.51066041,-1.50520933,-1.50077796,-1.49297965,-1.47956514,-1.45535517,-1.42070889,-1.39580250,-1.37786615,-1.36906254,-1.37515140,-1.38379610,-1.38794231,-1.38544285,-1.38369918,-1.38567770,-1.38177943,-1.37815893,-1.38330817,-1.38554192,-1.38832211,-1.38282621,-1.34557331,-1.23489833,-1.08184409,-0.91935503,-0.76599211,-0.65610212,-0.59532672,-0.57746071,-0.54375774,-0.52604592,-0.51222908,-0.49665213,-0.48218805,-0.47397327,-0.45861438,-0.44019154,-0.42491049,-0.40989679,-0.39863628,-0.38857010,-0.37815848,-0.38329130,-0.37573981,-0.36347210,-0.36676896,-0.39408028,-0.38735884,-0.39058101,-0.37559363,-0.36606291,-0.34955832,-0.32736021,-0.27943259,-0.25383875,-0.23748866,-0.21389396,-0.19374405,-0.17749515,-0.16109610,-0.14834528,-0.13514210,-0.13483605,-0.14697696,-0.17785497,-0.20556466,-0.22384715,-0.26757458,-0.27065313,-0.27101213,-0.27165940,-0.27279669,-0.27008766,-0.25191525,-0.22220328,-0.18666433,-0.15614276,-0.12937379,-0.10783686,-0.09305316,-0.07651702,-0.06896402,-0.07270284,-0.09354678,-0.12523298,-0.17899938,-0.23303385,-0.31886250,-0.50445741,-0.62073010,-0.65818250,-0.75754815,-0.84380519,-0.90816844,-0.94002628,-0.95086586,-0.96410722,-0.95413262,-0.94021636,-0.93386590,-0.90570217,-0.86914897,-0.82734442,-0.79165322,-0.75574011,-0.71994597,-0.69076324,-0.66116065,-0.63632327,-0.60968649,-0.58598053,-0.55720550,-0.53103304,-0.50346762,-0.47693706,-0.45664844,-0.44044968,-0.43444613,-0.43752176,-0.44753441,-0.46005303,-0.47950390,-0.50092244,-0.52823353,-0.54710162,-0.55973870,-0.55498147,-0.55447394,-0.56318748,-0.56518602,-0.56509578,-0.56645381,-0.51777571,-0.56793445,-0.61489058,-0.73389834,-0.73803377,-0.78057373,-0.85968000,-0.85745686,-0.97885466,-1.05397046,-1.23097825,-1.22288859,-1.16821241,-1.13862514,-1.10434830,-1.05128121,-1.00667572,-0.96830004,-0.93829399,-0.91467446,-0.90653491,-0.90153205,-0.89314717,-0.89658099,-0.90264118,-0.91916734,-0.92810822,-0.93816012,-0.94359100,-0.93862951,-0.94063318,-0.93052274,-0.92670947,-0.91113001,-0.90682089,-0.89057314,-0.87714404,-0.86194021,-0.84969097,-0.83665395,-0.81784397,-0.81346464,-0.81738061,-0.84092808,-0.87754154,-0.93034637,-0.96514618,-1.01286542,-1.01888609,-1.04224205,-1.05976903,-1.07081211,-1.05733383,-1.08275926,-1.09394884,-1.09516239,-1.09389901,-1.10590792,-1.13319206,-1.15151632,-1.16398787,-1.19127846,-1.15451968,-1.22133946,-1.26655710,-1.26493990,-1.34144139,-1.17699206,-0.97560054,-0.22003774
812,SSC_ARCA10_20110606,0.42211401,0.57788599,0.00000000,-1.50759280,-1.49520159,-1.47828531,-1.45867372,-1.44070947,-1.42430508,-1.41069293,-1.40059471,-1.39251220,-1.38504326,-1.37552798,-1.35667849,-1.32192683,-1.27876592,-1.24665082,-1.22536922,-1.21460712,-1.21791780,-1.22859740,-1.23048794,-1.22762394,-1.22881138,-1.23512149,-1.23247600,-1.23270893,-1.24615645,-1.25593829,-1.27085614,-1.26715195,-1.21118593,-1.07774973,-0.94329882,-0.82883257,-0.73819935,-0.67901194,-0.64565581,-0.63236475,-0.60904688,-0.59349424,-0.57894355,-0.56427580,-0.54933560,-0.53657687,-0.52198994,-0.50504702,-0.49040225,-0.47541332,-0.46067858,-0.44664326,-0.43250379,-0.42705882,-0.41214985,-0.39484757,-0.39926803,-0.40028495,-0.39684564,-0.39458358,-0.37520063,-0.36616668,-0.34632388,-0.33190534,-0.28498659,-0.26466197,-0.24335866,-0.22217476,-0.20101553,-0.18291008,-0.16962862,-0.15617338,-0.14527865,-0.13989164,-0.14149192,-0.15469591,-0.15599340,-0.18283740,-0.22735095,-0.23479597,-0.23282023,-0.23186794,-0.23078734,-0.21901441,-0.20277323,-0.17715251,-0.14941385,-0.12283559,-0.09921857,-0.08138984,-0.06319933,-0.05090602,-0.04369998,-0.04717690,-0.06355599,-0.09026629,-0.13260169,-0.17953354,-0.22561967,-0.06362738,0.22206175,-0.01367623,-0.31206676,-0.73353231,-0.83238536,-0.88822412,-0.89944416,-0.90956837,-0.90865183,-0.89831495,-0.88871747,-0.86345869,-0.82945210,-0.79188585,-0.75433689,-0.71634167,-0.68024248,-0.64533430,-0.61264479,-0.58054864,-0.54702306,-0.51955342,-0.48708540,-0.45483151,-0.42584676,-0.39810494,-0.37123510,-0.34946144,-0.33326373,-0.32891223,-0.33158189,-0.33883947,-0.35530210,-0.36895972,-0.38458776,-0.40225872,-0.41654611,-0.41655710,-0.42109033,-0.43739367,-0.43844998,-0.44216076,-0.43459955,-0.44042444,-0.46536127,-0.62646085,5.41594934,3.41540003,-1.75245631,1.79324412,-1.75245631,3.32570863,-1.75245631,-1.75245631,2.39950538,-0.50460106,-1.10309625,-1.13550282,-1.10252833,-1.06921256,-1.04014099,-1.01741791,-0.98833853,-0.96411622,-0.93080908,-0.92398852,-0.91358829,-0.91038609,-0.91277695,-0.91394550,-0.90939826,-0.90502411,-0.89679617,-0.88486266,-0.87893140,-0.86024326,-0.84503597,-0.83417749,-0.81877488,-0.80388457,-0.78773028,-0.77298123,-0.75534749,-0.74340379,-0.73879850,-0.73943281,-0.76006114,-0.79060489,-0.83821148,-0.88090032,-0.91114265,-0.92017823,-0.94239974,-0.96990216,-0.98562801,-0.98305249,-0.97756141,-0.99848950,-1.02745700,-1.01636255,-1.02979469,-1.04887676,-1.04668033,-1.08206332,-1.10900319,-1.11236691,-1.16226220,-1.23844755,-1.15789413,-1.28558004,-1.07623768,0.49977848,-1.75245631
1289,COP_20160316_5-40-W,0.66696501,0.33303499,0.00000000,-1.61547768,-1.60274589,-1.58621550,-1.56894362,-1.55543685,-1.54431677,-1.53624523,-1.53086770,-1.52545929,-1.51751304,-1.50029719,-1.46251941,-1.39634430,-1.32470047,-1.27765942,-1.25110149,-1.24903262,-1.27408457,-1.30248249,-1.31693780,-1.32106042,-1.32868290,-1.33872318,-1.33836055,-1.34845698,-1.36993957,-1.38578522,-1.40168083,-1.39079762,-1.29422808,-1.05580580,-0.77132350,-0.49472710,-0.24356398,-0.06228875,0.04426301,0.10714798,0.13802971,0.16281311,0.18953487,0.21613018,0.24187979,0.26726386,0.29072931,0.31451753,0.33866638,0.36279655,0.38583031,0.40841091,0.42894974,0.44859552,0.46797416,0.48431301,0.48453671,0.48306799,0.46903640,0.45491716,0.46239245,0.47902605,0.50417572,0.53427458,0.57102609,0.61181271,0.65294951,0.69194776,0.72774589,0.75877333,0.78515887,0.80514985,0.81995207,0.83179158,0.84567386,0.86023504,0.83263040,0.75099117,0.65578473,0.60711050,0.60186517,0.60777593,0.61546808,0.63155013,0.65865952,0.69361347,0.73271054,0.77130538,0.80779999,0.84023333,0.86520857,0.87702245,0.87391323,0.85319257,0.80951083,0.74114084,0.65301239,0.56546819,0.51130414,0.47301105,0.48806936,0.54890639,0.81174570,1.90860903,0.38601077,-1.54341304,-1.22049701,-1.13289964,-1.01964772,-0.96312898,-0.95240957,-0.88393241,-0.79403371,-0.71703815,-0.64432293,-0.57299352,-0.50373352,-0.43644291,-0.37153298,-0.30985320,-0.25274622,-0.19551763,-0.13941158,-0.08584537,-0.03269026,0.01679381,0.05964141,0.09563190,0.12396458,0.14111342,0.14860541,0.14373761,0.12719809,0.10584756,0.07751618,0.04099444,0.00298145,-0.03254909,-0.07845082,-0.13346049,-0.18806887,-0.24345727,-0.32377002,-0.30509174,-0.07753815,-0.03069967,0.20220493,0.90777224,1.08938861,0.53862435,0.27161500,-0.41513094,-0.72468346,-0.65953702,-0.75000066,-1.10859573,-1.18172657,-1.19771361,-1.18426538,-1.16147363,-1.13803267,-1.10874212,-1.07459521,-1.03655732,-1.00074506,-0.98027521,-0.96450377,-0.95233941,-0.94211924,-0.93101090,-0.91864097,-0.90269065,-0.88343430,-0.86150455,-0.83644438,-0.80784869,-0.77926135,-0.75478947,-0.73337537,-0.71537590,-0.70235854,-0.69141454,-0.68205881,-0.67426652,-0.66982335,-0.66961747,-0.68238497,-0.70938659,-0.74744189,-0.78925502,-0.82543665,-0.85000271,-0.86927247,-0.89511031,-0.92773485,-0.94474763,-0.95919740,-0.98046583,-0.99859548,-1.01050675,-1.02236474,-1.04338062,-1.05989408,-1.07851028,-1.09899557,-1.11397803,-1.14430225,-1.15855908,-1.19951892,-1.20843565,-1.19895232,-1.10837877,-0.71686321
1640,CHI_ADFA03_20111007,0.23953600,0.76046401,0.00000000,-1.53697062,-1.53075373,-1.52065349,-1.50981832,-1.49776840,-1.48786426,-1.47667563,-1.46595657,-1.45685089,-1.44827127,-1.43820083,-1.41833115,-1.38617122,-1.34808648,-1.31794822,-1.29334724,-1.27855456,-1.27758300,-1.28288519,-1.28122437,-1.27652264,-1.27095234,-1.27144384,-1.26372492,-1.25794601,-1.26242042,-1.26335382,-1.26866424,-1.25938523,-1.20620954,-1.07138526,-0.92331660,-0.79993469,-0.70235950,-0.63436741,-0.59409326,-0.58924639,-0.54768926,-0.52944082,-0.51481581,-0.49763179,-0.48145196,-0.47025162,-0.45564708,-0.43721128,-0.42138153,-0.40689841,-0.39437348,-0.38326702,-0.37356636,-0.37582526,-0.36481869,-0.35374248,-0.35420373,-0.36813703,-0.36178640,-0.35913661,-0.34595776,-0.33817136,-0.32211530,-0.30261326,-0.30977571,-0.29255512,-0.27211681,-0.25484994,-0.23444247,-0.21850455,-0.21058179,-0.19512697,-0.18040624,-0.17290899,-0.16719174,-0.18069395,-0.20380439,-0.21535401,-0.24890003,-0.25644660,-0.26210588,-0.26183489,-0.26009849,-0.25530371,-0.23678832,-0.20469253,-0.17028175,-0.13676809,-0.11105215,-0.08913135,-0.07057342,-0.05360899,-0.04172902,-0.03893583,-0.04704871,-0.06617738,-0.10035013,-0.14414814,-0.17941739,-0.20670661,-0.21370558,-0.35318598,-0.53628844,-0.65632361,-0.72673082,-0.78186208,-0.80344504,-0.81831497,-0.81410587,-0.80681574,-0.79495764,-0.76819479,-0.73690093,-0.70055389,-0.66639423,-0.63195586,-0.59997725,-0.57427466,-0.54733330,-0.52122587,-0.50266480,-0.47456819,-0.44477770,-0.41482967,-0.38472927,-0.35280690,-0.33013341,-0.31032297,-0.29864073,-0.30047378,-0.30582750,-0.31581303,-0.33856097,-0.36514845,-0.39011195,-0.41642761,-0.41732067,-0.40457943,-0.40543297,-0.41083786,-0.40941837,-0.40529019,-0.39723244,-0.43655053,-0.51701903,-0.57653451,0.39202857,2.32033753,3.46268511,5.41076994,0.93477154,-0.65120864,-0.70286971,0.83068377,-0.80870634,-1.11521852,-1.03063834,-1.06924212,-0.98798072,-0.92565793,-0.89637810,-0.86846125,-0.83508372,-0.81300789,-0.80806994,-0.80587608,-0.80833578,-0.83009624,-0.84686375,-0.88080221,-0.88380581,-0.88642514,-0.88986224,-0.88577485,-0.88515496,-0.87715018,-0.86323041,-0.85347426,-0.84584594,-0.82333994,-0.80758739,-0.79911572,-0.77805078,-0.76899779,-0.76120019,-0.75896782,-0.77899557,-0.83101827,-0.88364804,-0.91973239,-0.96957386,-0.98126537,-0.98958045,-1.01524651,-1.02999890,-1.02241051,-1.01128972,-1.03843820,-1.04107797,-1.05638385,-1.05281162,-1.04316413,-1.09856081,-1.10890555,-1.14223468,-1.16404784,-1.15670884,-1.18384218,-1.31200743,-1.30590892,-1.20519495,1.00388503,-0.09218898
1654,CHI_CECU07_20111007,0.47907400,0.52092600,0.00000000,-1.54335320,-1.54359758,-1.53279805,-1.52162397,-1.50210416,-1.48411870,-1.47282398,-1.46432865,-1.45979667,-1.45395803,-1.44681537,-1.42905486,-1.39461362,-1.34664202,-1.30902267,-1.28322935,-1.27578306,-1.29056561,-1.31175065,-1.31633627,-1.31520605,-1.31796920,-1.32515073,-1.32242846,-1.32680178,-1.34281147,-1.35241318,-1.36735713,-1.36309648,-1.29452014,-1.08428836,-0.79424137,-0.45704332,-0.11718600,0.13593359,0.28336340,0.34104261,0.40037656,0.43209770,0.45941675,0.48484075,0.50812697,0.53118318,0.55089062,0.56774861,0.58886474,0.60671365,0.62490219,0.63990211,0.64922869,0.65679908,0.66104627,0.66693765,0.66468525,0.65967524,0.62513852,0.57155383,0.52862394,0.51757926,0.52375275,0.55428356,0.59748989,0.65532035,0.69867468,0.74395204,0.78589767,0.82196367,0.85183793,0.87562710,0.89142841,0.89930242,0.89993560,0.89698398,0.80702710,0.68909872,0.51092881,0.39311302,0.34275439,0.31596985,0.29691190,0.29163590,0.31431654,0.36202621,0.41915712,0.47181791,0.51474845,0.54708707,0.57089168,0.58193117,0.57762915,0.55163717,0.49587235,0.40230826,0.29285523,0.16480032,0.10008322,0.36026394,0.03976145,-0.13006689,-0.44965532,-0.82595849,-0.99471033,-1.06349683,-1.09008718,-1.11134744,-1.11765718,-1.11821008,-1.10610116,-1.08732796,-1.06122208,-1.03304696,-1.00018668,-0.96701533,-0.93444091,-0.90459949,-0.87464333,-0.84630805,-0.81907189,-0.79174685,-0.76512724,-0.73855567,-0.71096247,-0.68553293,-0.66273373,-0.64878732,-0.64497286,-0.65174186,-0.65502495,-0.65237898,-0.66384327,-0.68547708,-0.71024972,-0.73732954,-0.75075322,-0.75462180,-0.76210338,-0.77670306,-0.78028101,-0.78193337,-0.77812010,-0.78890282,-0.72674567,-0.66943151,0.64570886,-1.75245631,1.97137845,-1.75245631,-1.75245631,-0.09965212,-0.49168316,-1.75245631,-0.68825942,-1.24384379,-1.30131090,-1.32312047,-1.29647624,-1.30421591,-1.28680301,-1.27585685,-1.26229608,-1.25766146,-1.22850049,-1.22581828,-1.22712302,-1.22459626,-1.22663319,-1.23211241,-1.22978020,-1.23543203,-1.22871816,-1.22764671,-1.22382569,-1.22234511,-1.21304870,-1.21047878,-1.19597220,-1.18659604,-1.17815828,-1.16459537,-1.15800583,-1.15168321,-1.14787483,-1.13772964,-1.15181482,-1.16992199,-1.19080186,-1.21901536,-1.24284470,-1.24833405,-1.26325727,-1.28724730,-1.30237794,-1.28425384,-1.30037689,-1.30313957,-1.31910217,-1.31636441,-1.31689227,-1.33364916,-1.33603680,-1.34744918,-1.34336197,-1.41110301,-1.45816135,-1.42881119,-1.40613019,-1.31314600,-1.20599902,0.54364747,0.46527889
1258,SF_107,0.06410260,0.17307700,0.76282102,-1.30297089,-1.26615298,-1.22218192,-1.16672194,-1.10742962,-1.06133676,-1.03439605,-1.01312041,-0.98314941,-0.93625236,-0.87274081,-0.79774666,-0.71019644,-0.61562783,-0.52570862,-0.44021454,-0.36397472,-0.30358657,-0.25582024,-0.21270643,-0.17635308,-0.14935249,-0.12837218,-0.09974573,-0.07584251,-0.06194811,-0.05194572,-0.04448785,-0.01460444,0.06837680,0.19389047,0.31571582,0.43270350,0.53387308,0.60429418,0.65380049,0.69797236,0.72080630,0.73823357,0.75828302,0.77644795,0.79208398,0.80780095,0.81896830,0.82796276,0.83689576,0.84688008,0.85780269,0.86861342,0.88023067,0.89401734,0.90641361,0.91952926,0.92844635,0.94143206,0.94949400,0.95865369,0.97014338,0.98172766,0.99804670,1.01320624,1.02725482,1.04712903,1.06330681,1.07784379,1.09564567,1.11141551,1.12224531,1.13260686,1.14534926,1.16045034,1.17363751,1.18096137,1.20903313,1.20772183,1.21116185,1.21491563,1.22258699,1.22803223,1.23551619,1.24729466,1.25685382,1.26833999,1.27838087,1.28908658,1.30065668,1.31121922,1.31939304,1.32242739,1.32310617,1.32228744,1.31865430,1.31273723,1.30891871,1.30358171,1.25106537,1.12283015,1.14609241,1.25909758,1.19791400,1.15988851,1.21014428,0.96951419,0.96789360,0.94912684,0.96725202,0.97840232,0.99580085,1.01495445,1.03721154,1.06261873,1.08827889,1.11425865,1.13968158,1.15901017,1.17872953,1.19657493,1.21580052,1.23046970,1.24168897,1.25977278,1.27455509,1.28512621,1.29727924,1.30545425,1.31094241,1.31105793,1.31000948,1.31111491,1.31179595,1.31048691,1.31010437,1.30098808,1.29497004,1.28736734,1.27968597,1.27189910,1.25547516,1.20516253,1.19797850,1.08669209,1.12229741,0.11274673,-1.33999300,-0.59543389,0.12388909,-1.66472471,-1.44666541,0.13764548,-1.16010487,-1.36066818,-1.53844571,0.79774237,0.32689556,-0.09765685,0.52195287,0.61943948,0.65525746,0.68876237,0.71032512,0.74782145,0.81474030,0.85482442,0.85184544,0.85346276,0.85886616,0.85726869,0.86459577,0.86747986,0.88162881,0.88894540,0.90207601,0.91435915,0.92520303,0.92447221,0.89411175,0.87852359,0.83739597,0.82758063,0.80228680,0.76986849,0.77917004,0.83671206,0.86487484,0.85525632,0.83091116,0.80866528,0.78915924,0.80229431,0.77527326,0.72177970,0.69008291,0.69344938,0.67092603,0.61819774,0.64491630,0.59793538,0.55099303,0.57063949,0.60952860,0.66736370,0.42244533,0.28787091,0.33290660,0.17343229,-0.05762056,0.24538045,1.77752197,0.47550413,-0.47704938
926,CHC_ADFA12_20120128,0.57371199,0.42628801,0.00000000,-1.52366030,-1.52477920,-1.52212465,-1.50704408,-1.49932086,-1.48962831,-1.48264611,-1.47396457,-1.46916974,-1.46386409,-1.45349026,-1.43387449,-1.39796448,-1.35117948,-1.31460810,-1.28731513,-1.27352214,-1.27812123,-1.29123318,-1.29522252,-1.28666592,-1.28679609,-1.29267216,-1.28693104,-1.28320801,-1.29136622,-1.29987609,-1.30900419,-1.29984021,-1.23955870,-1.06137276,-0.83779341,-0.62030518,-0.44473282,-0.33454603,-0.27145749,-0.24492002,-0.20470959,-0.17997457,-0.15579394,-0.13317840,-0.11105052,-0.08908658,-0.06805252,-0.04903299,-0.03005156,-0.00942510,0.00905138,0.02657147,0.04218968,0.06036396,0.07193600,0.08561281,0.10087728,0.10681248,0.11161950,0.10278209,0.09971967,0.10547280,0.11406316,0.13692737,0.21369763,0.24295349,0.26973239,0.29020810,0.31782562,0.34150305,0.36741951,0.38559872,0.40664282,0.42326942,0.43302652,0.45661795,0.43904036,0.40509024,0.35452169,0.31655627,0.30123174,0.28871512,0.28768185,0.29455295,0.31940204,0.35777086,0.40768310,0.44721633,0.48089930,0.51072007,0.53857619,0.56147444,0.57689404,0.57937431,0.57059133,0.54745567,0.50394970,0.44788149,0.41259170,0.43795121,0.39765140,0.21677595,0.01342486,-0.17271067,-0.34350765,-0.44227049,-0.50293195,-0.53146142,-0.53768820,-0.53631532,-0.51798970,-0.48787200,-0.44845051,-0.41151541,-0.36977297,-0.32739106,-0.28965339,-0.25225577,-0.21957159,-0.18824439,-0.16090561,-0.12813403,-0.09617987,-0.06614653,-0.02867191,-0.00483017,0.01407098,0.03133912,0.03477048,0.01834618,0.00390312,-0.00936480,-0.03892964,-0.07296647,-0.10869730,-0.14121917,-0.14981350,-0.13509326,-0.13908029,-0.14368421,-0.13068332,-0.11767331,-0.09436620,-0.05288761,-0.04269066,-0.09682353,-0.36748835,-0.22978818,-0.00429203,-0.37465829,-0.30985668,-0.49914429,-0.57948285,-0.73571455,-0.92816699,-0.90203106,-0.86138755,-0.84424293,-0.81030881,-0.75537401,-0.71914661,-0.68666345,-0.67737335,-0.67873859,-0.62240666,-0.62181312,-0.62333441,-0.64384377,-0.66627115,-0.66834909,-0.67486012,-0.68582267,-0.67758423,-0.67439646,-0.67363822,-0.65949261,-0.65994459,-0.65433723,-0.64821190,-0.63564235,-0.61141586,-0.58511180,-0.57214373,-0.54268616,-0.54156488,-0.54254746,-0.57795352,-0.60618371,-0.66847050,-0.74138439,-0.79918838,-0.79709089,-0.84361643,-0.86399752,-0.88977158,-0.85763758,-0.86611855,-0.88918048,-0.88278604,-0.89861661,-0.89550388,-0.96630800,-0.98116452,-0.97057086,-1.01013553,-0.98669630,-1.08291805,-1.16967082,-1.20469582,-1.20563853,-1.34700942,-1.07928705,0.04619785
1624,CHC_ARGL04_20111006,0.66177797,0.33822200,0.00000000,-1.59271252,-1.60474885,-1.60020638,-1.59802914,-1.58512139,-1.56203353,-1.54591393,-1.53753805,-1.53502858,-1.53532100,-1.52509665,-1.50731015,-1.46469378,-1.41273737,-1.36193979,-1.32134485,-1.30616570,-1.31610048,-1.35049617,-1.34684753,-1.34971011,-1.36290967,-1.37950790,-1.38359141,-1.39187837,-1.42279410,-1.44585264,-1.48063397,-1.48545790,-1.38539994,-1.08488333,-0.69390094,-0.30503273,0.00690560,0.20538457,0.31984937,0.38185170,0.43967304,0.48223245,0.52539158,0.56174272,0.59695005,0.63275963,0.65679771,0.67587042,0.69784355,0.72202796,0.74294400,0.75626719,0.76511019,0.77747136,0.78299022,0.78228790,0.74805194,0.78431052,0.70847756,0.61170197,0.53301275,0.50332308,0.49179673,0.50798392,0.55630243,0.61577332,0.66985351,0.72181779,0.76962191,0.81653410,0.84108150,0.85773915,0.86855197,0.86976331,0.85869271,0.85314351,0.73249906,0.55466104,0.32432884,0.15917912,0.08587072,0.04371692,0.00637985,-0.01317992,-0.00500102,0.04179119,0.10228883,0.15287209,0.19050562,0.21993819,0.24104400,0.24581960,0.23258640,0.19537015,0.12844358,0.02576479,-0.09118305,-0.22744678,-0.29710227,-0.27491608,-0.61096877,-0.73777831,-0.89088243,-1.15437269,-1.31763875,-1.38486564,-1.42027998,-1.43798280,-1.44472754,-1.44858134,-1.43983960,-1.42887020,-1.41202176,-1.39212048,-1.36862993,-1.34484637,-1.32048917,-1.29846549,-1.27702665,-1.25550818,-1.23569405,-1.21318030,-1.19286239,-1.17227089,-1.14899528,-1.13368714,-1.11734974,-1.10672212,-1.10914576,-1.11505413,-1.11276305,-1.11207342,-1.12391317,-1.14393687,-1.16611433,-1.18490672,-1.19600677,-1.19321871,-1.20495427,-1.21732152,-1.22165751,-1.22030532,-1.21998632,-1.20669782,-1.22575915,-1.25843275,-0.45164639,0.45281017,4.58326960,5.81267071,0.58344549,-1.03300345,-1.24415147,-0.58135998,-1.28871393,-1.50673544,-1.61252785,-1.63373995,-1.62367690,-1.61516416,-1.60655808,-1.60615110,-1.59573793,-1.60163224,-1.58983254,-1.57690668,-1.57482243,-1.56849682,-1.56598723,-1.57591939,-1.56744695,-1.56027925,-1.55760956,-1.55363798,-1.55218387,-1.54845572,-1.54422760,-1.53808701,-1.53614569,-1.52892959,-1.52520263,-1.52126300,-1.51938391,-1.50592649,-1.50539327,-1.49764192,-1.50118589,-1.51990819,-1.53317487,-1.54822254,-1.55803823,-1.56088638,-1.57049048,-1.59273171,-1.59964144,-1.58907568,-1.59705532,-1.60888565,-1.60035288,-1.61266589,-1.62541926,-1.61943924,-1.63792086,-1.61736345,-1.62752199,-1.64093745,-1.62848592,-1.62572300,-1.57456350,-1.58956409,-1.40979362,-0.54684192,0.17077021
734,SSI_BAPI04_20110507,0.85202003,0.14798000,0.00000000,-1.66492975,-1.64358771,-1.62294412,-1.60262990,-1.58282793,-1.56496811,-1.55035388,-1.54239655,-1.53350222,-1.52609932,-1.51056051,-1.47501266,-1.39763939,-1.29615462,-1.23266435,-1.19877028,-1.19655716,-1.23518991,-1.28438461,-1.30673110,-1.31587672,-1.33281207,-1.35844493,-1.36374629,-1.37872374,-1.40910888,-1.43181896,-1.45575476,-1.45060670,-1.36168337,-1.07186747,-0.65930283,-0.15952070,0.32085648,0.65367359,0.83102238,0.90389830,0.95638335,0.98804653,1.01633382,1.04599595,1.07326889,1.10159552,1.12181270,1.14382422,1.16504085,1.19032085,1.21458471,1.23294687,1.25231194,1.25849152,1.27725780,1.29812360,1.30549228,1.27166331,1.24092376,1.17648423,1.16227806,1.16618443,1.19678044,1.24098480,1.23413491,1.28444636,1.34185088,1.38836789,1.43639386,1.46735561,1.49085116,1.50513172,1.50802910,1.50228107,1.49552000,1.47666585,1.36550808,1.21079195,0.99891800,0.89660746,0.85811424,0.83101422,0.80616868,0.81081361,0.83719659,0.88776463,0.94272548,0.99213028,1.03472853,1.06744349,1.08663929,1.08983958,1.07276690,1.02823973,0.94988030,0.83283561,0.69235790,0.55134010,0.48320496,0.58838212,0.10944848,-0.04882089,-0.38036701,-0.78671336,-0.95066768,-1.03115928,-1.07072365,-1.09571171,-1.10101140,-1.09718609,-1.07564521,-1.03963900,-0.99352455,-0.94584268,-0.88860500,-0.83110738,-0.77213407,-0.71520787,-0.65993178,-0.60610425,-0.55511093,-0.50516933,-0.45657459,-0.41063699,-0.36661997,-0.32965964,-0.29730934,-0.27013123,-0.25063387,-0.24913363,-0.25820452,-0.28203773,-0.32137370,-0.35865420,-0.39490649,-0.42466238,-0.44660562,-0.45982820,-0.48820201,-0.51983583,-0.53969896,-0.54673755,-0.54958075,-0.57587987,-0.48981851,-0.46043086,1.29791331,-1.75245631,-1.75245631,-1.75245631,-1.75245631,0.45934474,-0.84700459,-1.75245631,-0.91697448,-1.34703422,-1.42081308,-1.41369355,-1.40297377,-1.38249350,-1.36823082,-1.35216260,-1.33695602,-1.31393600,-1.29553401,-1.27972162,-1.27420282,-1.26795459,-1.26348257,-1.24796343,-1.23726928,-1.22235417,-1.20780492,-1.18998945,-1.17463076,-1.15279210,-1.13793159,-1.12548327,-1.10829961,-1.09351861,-1.07950854,-1.06413424,-1.05425596,-1.04069650,-1.04389024,-1.04507649,-1.06789196,-1.10667396,-1.13496244,-1.16891074,-1.20242167,-1.22179759,-1.23937905,-1.25699055,-1.27568102,-1.27778232,-1.29639339,-1.31032705,-1.32637823,-1.32766926,-1.33297551,-1.36384559,-1.37665617,-1.39508998,-1.40954399,-1.43377411,-1.44742572,-1.45667338,-1.45638156,-1.44867241,-1.45767510,-1.06348872,0.82590371
1394,QUE_T3.06.I,0.00000000,0.02000000,0.98000002,-1.23033249,-1.19706082,-1.16079986,-1.11836720,-1.07496274,-1.04071867,-1.01685870,-0.99558353,-0.96979219,-0.93624258,-0.89719677,-0.85713273,-0.81814092,-0.77912402,-0.74000108,-0.70025802,-0.66044241,-0.62288707,-0.59031147,-0.55966097,-0.53315973,-0.50800365,-0.48187906,-0.45478931,-0.42736557,-0.39837313,-0.37115005,-0.34389949,-0.31050423,-0.26600048,-0.22043519,-0.17929877,-0.13268805,-0.09430169,-0.06469502,-0.03182175,0.01046422,0.03957541,0.06580542,0.09749477,0.12739149,0.15900208,0.19282156,0.21512893,0.23425305,0.25552085,0.27779269,0.30051258,0.32393831,0.35020348,0.38256550,0.40823120,0.42853186,0.46590549,0.50410205,0.51685196,0.52225137,0.52438682,0.53413951,0.54015917,0.53948468,0.53757656,0.55481106,0.57174289,0.58582073,0.60047823,0.61954463,0.63493395,0.65481204,0.67333406,0.69933820,0.73140991,0.79279149,0.83393502,0.82987112,0.82889414,0.80797136,0.79654831,0.80074871,0.81110924,0.82066935,0.83100748,0.84001130,0.84730917,0.85674328,0.86867160,0.88254219,0.89579993,0.90166724,0.91160572,0.92593414,0.94357413,0.96358073,0.98932612,1.01374209,1.04823864,0.99654156,0.84222579,1.07100832,1.14136481,1.16162670,1.11338639,1.07980466,1.04193270,1.03161168,0.98652244,0.96626806,0.97854257,0.97573209,0.95703590,0.94386858,0.94616884,0.95333588,0.96144712,0.97167444,0.98302060,0.99375117,1.00583661,1.01608920,1.02529538,1.03538692,1.04304874,1.04897439,1.05560434,1.06141353,1.06558049,1.06967032,1.07061505,1.07072699,1.07138050,1.07423067,1.07694089,1.07703185,1.07766819,1.07964337,1.08183873,1.08638942,1.09859800,1.11743474,1.14470351,1.19261432,1.29839778,1.34042382,0.78804207,0.90302396,-0.86951345,0.83844417,2.69470525,1.61380136,0.32263440,2.25619221,0.37544778,1.11502528,0.79420060,0.72298735,0.66969484,0.65662450,0.67496145,0.68331438,0.71017343,0.76023501,0.83338344,0.85070747,0.83783627,0.83573586,0.84742671,0.86132556,0.86023223,0.85914612,0.86514431,0.87507904,0.88194996,0.89345008,0.89723331,0.89525980,0.88600916,0.86532640,0.85686290,0.85676801,0.84558177,0.83408111,0.81613070,0.84423363,0.86083871,0.85699010,0.84232110,0.81282264,0.79775637,0.77726853,0.76894087,0.75152034,0.73350143,0.72225392,0.69381630,0.69173950,0.69118136,0.67067903,0.67930865,0.64998662,0.57866824,0.59503537,0.64775157,0.61470431,0.42610630,0.35225323,0.30949444,0.26091182,0.31016007,-0.53287590,-1.49968088
18,Resop078,0.11242600,0.83432001,0.05325440,-1.36584830,-1.32968724,-1.28745198,-1.24255836,-1.20015669,-1.16251290,-1.12975240,-1.09959507,-1.06888783,-1.03502202,-0.99725437,-0.95360118,-0.89963615,-0.83945554,-0.78429335,-0.73585242,-0.69720209,-0.67179900,-0.65069234,-0.62489378,-0.59492719,-0.56952536,-0.54768294,-0.51452935,-0.48420539,-0.45823634,-0.43285939,-0.40673023,-0.37037665,-0.30525196,-0.19491230,-0.07532003,0.03744026,0.13769093,0.21311216,0.26614410,0.30852005,0.34404871,0.37708664,0.40888256,0.43969268,0.46953842,0.49842596,0.52801251,0.55676776,0.58445609,0.61114639,0.63692778,0.66183740,0.68535662,0.70684409,0.72916758,0.75249350,0.76906657,0.78415930,0.80508721,0.82351536,0.84443510,0.86620212,0.88861185,0.92629802,0.97088844,0.99907058,1.02472186,1.05102909,1.07434309,1.09805226,1.11714435,1.14283228,1.16387475,1.18681931,1.20432091,1.21729076,1.23567486,1.23881865,1.24250460,1.25047541,1.26501465,1.27724445,1.29394352,1.31022537,1.32982183,1.35581613,1.38445270,1.41305065,1.44226038,1.46869504,1.49509323,1.51522863,1.53654528,1.55415773,1.56097949,1.56314147,1.55779183,1.54879010,1.51822770,1.50498676,1.43086243,1.35251391,1.34602773,1.20910442,1.03349221,0.93531120,0.87386554,0.83955342,0.82944012,0.83743781,0.85218108,0.88067311,0.91782588,0.96403509,1.01590657,1.07000613,1.11631024,1.15651381,1.19402277,1.22743392,1.25862575,1.29288709,1.32775152,1.37029767,1.41877317,1.46135116,1.50043261,1.52585661,1.54307592,1.54108691,1.53284597,1.52547657,1.51771891,1.51242030,1.49982536,1.48281646,1.48048270,1.48659658,1.47590065,1.45734870,1.45327914,1.43417680,1.42875516,1.44652677,1.44732976,1.30028439,1.07851708,-0.82693183,-1.65162671,-1.30763936,1.20105863,1.10929728,1.13604116,1.23156071,-0.02964746,0.10492051,0.26860166,0.38016403,0.48870346,0.53667253,0.61732101,0.68365091,0.75106949,0.82375467,0.81378579,0.83226228,0.80986822,0.74251115,0.67678028,0.64547092,0.62255591,0.62918627,0.64756882,0.64352661,0.65125549,0.69740838,0.73120701,0.76701689,0.78603601,0.80189884,0.81233674,0.82609677,0.83124512,0.82329071,0.83036590,0.82916576,0.80500215,0.75063664,0.64056283,0.55484778,0.50104386,0.49140805,0.52171779,0.45799688,0.41725743,0.33613193,0.35298336,0.26538897,0.32388455,0.33301154,0.27715042,0.36489230,0.15909977,0.11892663,-0.04504713,-0.03087285,0.02976070,0.17545104,-0.25949594,-0.99086040,-0.85325325,-1.37164974,-1.66991627
1685,SSI_SALE07_20111108,0.06217440,0.93782598,0.00000000,-1.25546789,-1.24326229,-1.22484064,-1.20529747,-1.18778872,-1.16986465,-1.15438223,-1.13996422,-1.12642026,-1.10964406,-1.09716582,-1.07839787,-1.05671215,-1.03130472,-1.00751889,-0.98583925,-0.96696770,-0.95391136,-0.93946606,-0.93043804,-0.91358227,-0.89787430,-0.88528961,-0.87179822,-0.85881299,-0.85273713,-0.84262419,-0.83584780,-0.82285964,-0.78676319,-0.71838987,-0.64746386,-0.58945805,-0.54080343,-0.50230747,-0.47414997,-0.46405712,-0.42882317,-0.40499511,-0.38366678,-0.36132246,-0.33939362,-0.32038799,-0.29844031,-0.27296391,-0.25107083,-0.22841801,-0.20713910,-0.18652807,-0.16449426,-0.14873150,-0.13059707,-0.10765047,-0.08767200,-0.08644672,-0.07026386,-0.05034965,-0.02701624,-0.00577580,0.01982492,0.04118001,0.09293876,0.12218481,0.15231244,0.17725208,0.20470725,0.23171322,0.25477853,0.28110451,0.30314124,0.32359660,0.33932829,0.35123092,0.35971075,0.35515672,0.36085105,0.35016143,0.35644707,0.36043224,0.36925960,0.39224032,0.42360854,0.46648651,0.51030427,0.55381751,0.59154224,0.62299180,0.65474987,0.68492329,0.71412402,0.73149753,0.74641049,0.74858081,0.74039084,0.71931702,0.69519949,0.52621198,1.00220740,0.72592264,0.55364645,0.44152805,0.29937389,0.26972935,0.23819543,0.21120992,0.22690794,0.23994833,0.26051518,0.29436037,0.33698291,0.37858105,0.42655388,0.46864820,0.50954866,0.54413778,0.57989806,0.60649282,0.63860166,0.67232770,0.70917428,0.74749190,0.78974563,0.82754397,0.86366910,0.88960189,0.90861595,0.91051984,0.89169466,0.85431260,0.80008376,0.75050992,0.70951408,0.68738157,0.68716395,0.72189963,0.73693478,0.74802268,0.77076972,0.80124253,0.81770927,0.86252761,0.97733819,1.28870475,0.50303185,-1.75245631,-1.75245631,-1.75245631,3.54168749,1.18618941,1.17165554,2.10086131,0.44945303,-0.02855692,0.01836803,0.07426969,0.14787668,0.23365472,0.26513326,0.30823329,0.34653223,0.37194738,0.42445835,0.44252488,0.40792853,0.37007669,0.32805902,0.27752227,0.28248742,0.25789684,0.24289694,0.25585529,0.25413045,0.26238871,0.28723028,0.31096780,0.34352753,0.36207575,0.37242532,0.39458922,0.41970634,0.44264549,0.47088301,0.46208069,0.42664364,0.31531826,0.18576135,0.08827791,0.03091808,-0.02374616,-0.06686066,-0.11757433,-0.11787980,-0.09816052,-0.09488669,-0.13296571,-0.15579323,-0.12724471,-0.09946643,-0.10300974,-0.08482926,-0.16912378,-0.21943183,-0.19974971,-0.34353793,-0.41051078,-0.47343302,-0.38637641,-0.51700747,1.62077856,-0.07958086
1611,CHC_ADFA04_20111006,0.44974601,0.55025399,0.00000000,-1.55999184,-1.55588531,-1.54721117,-1.53678238,-1.52745259,-1.51892614,-1.51091886,-1.50549388,-1.49868369,-1.49508393,-1.48839509,-1.47107208,-1.44033921,-1.40186083,-1.37303805,-1.34985876,-1.33729661,-1.33998823,-1.34465528,-1.35030389,-1.34400094,-1.34044480,-1.34105051,-1.33296418,-1.32870674,-1.33469188,-1.33478558,-1.33761656,-1.32591808,-1.27217901,-1.12301266,-0.94902992,-0.79806668,-0.67987901,-0.60402673,-0.56031692,-0.54072994,-0.50969499,-0.48960653,-0.47034559,-0.45123911,-0.43247995,-0.41883972,-0.39972460,-0.37793526,-0.36138606,-0.34615314,-0.33099899,-0.31500927,-0.30086690,-0.29951379,-0.28641602,-0.27401379,-0.25502852,-0.28573391,-0.26633212,-0.26001388,-0.24459362,-0.23199438,-0.21073991,-0.19117266,-0.14436913,-0.12345530,-0.10544661,-0.08243118,-0.06304741,-0.04798394,-0.02741743,-0.01227508,-0.00238990,0.00625212,0.00638873,-0.01210680,-0.01764841,-0.02543046,-0.05216565,-0.05482749,-0.05718619,-0.05887820,-0.05770750,-0.05088323,-0.03299036,0.00077291,0.03704516,0.06743445,0.09322284,0.11549130,0.13744460,0.15423152,0.16462678,0.16557452,0.15898256,0.13783526,0.09922395,0.05567355,-0.00460463,-0.11406947,-0.25795048,-0.42483848,-0.44120049,-0.49918228,-0.63687390,-0.68242764,-0.71441507,-0.73567575,-0.73096621,-0.72064245,-0.71203828,-0.68274033,-0.64312637,-0.60344863,-0.56397533,-0.52721137,-0.49240756,-0.46172309,-0.43363535,-0.40832818,-0.38375255,-0.35759991,-0.32877573,-0.30320165,-0.27457613,-0.25160801,-0.23104221,-0.21488178,-0.21014942,-0.21548945,-0.22471367,-0.23538426,-0.25720876,-0.28579572,-0.31875628,-0.34230343,-0.35097525,-0.34065944,-0.34756374,-0.35118887,-0.35036790,-0.34981844,-0.34324214,-0.36326024,-0.35860699,-0.29949823,0.18657470,4.57546329,0.01986267,1.54777157,0.44272846,-0.38263467,-0.14749104,0.69404000,-1.04415631,-1.09165049,-1.11928499,-1.09399772,-1.02835798,-0.98559898,-0.96705258,-0.92823809,-0.90806144,-0.88410532,-0.84525120,-0.83684349,-0.83722341,-0.84423965,-0.84718746,-0.85200632,-0.85564649,-0.85903186,-0.85483819,-0.84370852,-0.84233874,-0.83958632,-0.83452290,-0.82965165,-0.81743526,-0.80733669,-0.79782844,-0.78249770,-0.76471335,-0.75648361,-0.73089433,-0.74530303,-0.76470023,-0.78690892,-0.84769541,-0.88696527,-0.91851580,-0.93878007,-0.96721989,-0.99545169,-1.00021303,-0.98362911,-0.99705619,-1.00825465,-1.01088250,-1.01684201,-1.03149688,-1.05317068,-1.07216668,-1.05673790,-1.07200313,-1.09620011,-1.15118432,-1.13932002,-1.21821511,-1.10737717,-1.04936266,-0.38805521,-0.66951030
285,FSP_055,0.44230801,0.01923080,0.53846198,-1.55311525,-1.53626847,-1.51664197,-1.49852276,-1.48391080,-1.47076464,-1.46293128,-1.45898044,-1.45327544,-1.44179213,-1.41588879,-1.36152339,-1.26074743,-1.13611829,-1.04458582,-0.98780262,-0.97169971,-1.00770259,-1.05555177,-1.08098471,-1.09149694,-1.11537933,-1.14354956,-1.15202856,-1.16611993,-1.19723606,-1.23472869,-1.27021086,-1.25923061,-1.13393855,-0.84286380,-0.47620401,-0.08119562,0.28594109,0.53402472,0.66416430,0.73975742,0.76335239,0.76742446,0.77869838,0.79077798,0.79648215,0.80785215,0.81815523,0.82767671,0.83479089,0.84381062,0.85173088,0.85985219,0.86521888,0.87186283,0.87926143,0.88625199,0.86662328,0.88218927,0.86452121,0.85057026,0.84963655,0.85609514,0.87421215,0.87738329,0.87942040,0.90180230,0.92427468,0.94345444,0.95987046,0.97415912,0.98494321,0.99135715,0.99162316,0.98898983,0.98587781,0.98624176,0.96739531,0.91956782,0.85576302,0.82304603,0.81645113,0.81535685,0.81682652,0.82241005,0.83429146,0.84924251,0.86252737,0.87716287,0.89063072,0.90702546,0.91304332,0.90271103,0.88826013,0.86513686,0.82942122,0.78292662,0.72579175,0.66564584,0.62852418,0.55208755,0.50894803,0.58821756,0.42745602,0.21634474,-0.04349500,-0.40441185,-0.54031891,-0.59634560,-0.63913447,-0.64753211,-0.61542535,-0.56471097,-0.50399643,-0.44155717,-0.36919659,-0.29506364,-0.22414117,-0.15621006,-0.09007686,-0.02806880,0.02884744,0.07882056,0.12174927,0.16328359,0.19856136,0.22724706,0.25234857,0.27372035,0.29125822,0.30185461,0.30738372,0.30569437,0.29914135,0.28611079,0.27131864,0.24989708,0.22639236,0.19569725,0.16062550,0.12036576,0.07797778,-0.01632275,-0.04192780,-0.00808997,-0.02427518,0.72265923,-0.73608911,-1.19771397,0.08767129,-1.67597008,-0.18884107,-0.80814582,0.03247418,-0.90850127,-1.31045139,1.03213120,0.14931066,-1.41478527,-1.32681131,-1.29840028,-1.24552095,-1.21704280,-1.17282248,-1.10920489,-1.05121028,-1.00059676,-0.99019277,-0.95791304,-0.91145009,-0.86327749,-0.82093406,-0.78064871,-0.74996388,-0.71649450,-0.67963278,-0.64004290,-0.61383849,-0.58042824,-0.56498510,-0.54498899,-0.53367615,-0.52836543,-0.53391981,-0.52487475,-0.52035880,-0.50360578,-0.49850613,-0.50878066,-0.52087510,-0.55396128,-0.59400189,-0.61382926,-0.64323217,-0.69080752,-0.74614793,-0.74499565,-0.76264304,-0.82860017,-0.86738878,-0.90983981,-0.91670191,-0.98131257,-1.08457112,-1.09430957,-1.10682642,-1.18776512,-1.19994175,-1.12843609,-1.29923034,-1.29969573,-1.04775834,-1.03037417,-1.43634784
544,QUE_T1.13.H,0.00000000,0.42420000,0.57599998,-1.18853688,-1.15685833,-1.12342048,-1.08450687,-1.04556680,-1.01381290,-0.98945493,-0.96758586,-0.94240475,-0.91061085,-0.87385362,-0.83481175,-0.79514617,-0.75503755,-0.71508086,-0.67496204,-0.63549089,-0.60008514,-0.56919992,-0.53970730,-0.51245266,-0.48679280,-0.46035558,-0.43170881,-0.40324876,-0.37555882,-0.34936151,-0.32428807,-0.29018989,-0.23602371,-0.17133045,-0.11529790,-0.06191165,-0.01715842,0.02098896,0.05937532,0.10177663,0.13362129,0.16466440,0.19863616,0.23055467,0.26387820,0.29867813,0.32524598,0.34924266,0.37460008,0.40063295,0.42649451,0.45347768,0.48271579,0.51581073,0.54367739,0.56690210,0.60039598,0.63057786,0.64947248,0.66046661,0.67285097,0.68681926,0.70341730,0.73622406,0.76876652,0.79161167,0.81406677,0.83820903,0.85998821,0.88272727,0.90545911,0.92733479,0.94918966,0.97500497,1.00803590,1.05649483,1.08613634,1.09482348,1.10285437,1.09973109,1.10477972,1.11802971,1.13407040,1.14928317,1.16555619,1.18196023,1.19984305,1.21916652,1.23958755,1.26134670,1.28058791,1.29529679,1.31445670,1.33406973,1.35288155,1.36951208,1.38903940,1.40618908,1.44145358,1.61948121,1.98741961,1.86803043,1.76132035,1.62735212,1.46141398,1.38240874,1.34548783,1.33025301,1.31154943,1.30677938,1.32099402,1.32682979,1.32796586,1.33365273,1.34971464,1.36941934,1.38809192,1.40542829,1.42138016,1.43794501,1.45405924,1.46956515,1.48750806,1.51087093,1.53283191,1.55242813,1.56987774,1.58395720,1.59303701,1.59392786,1.59231639,1.59054160,1.59038401,1.59142363,1.59092069,1.58811581,1.58999586,1.59892416,1.60558403,1.60895705,1.61829019,1.63447940,1.65681016,1.69566798,1.75480163,1.83625877,1.97749209,3.97593474,2.04125237,1.88550377,2.49524736,1.83313346,1.66814113,1.64251101,2.43045378,1.42658556,1.30681169,1.26392686,1.22925782,1.26425767,1.28516459,1.30628181,1.33747804,1.37455344,1.41382027,1.39856517,1.35348201,1.30696499,1.26646864,1.23741233,1.20951211,1.19397116,1.18141270,1.18212008,1.18957138,1.20417202,1.21689808,1.21834409,1.21325135,1.22250366,1.23377800,1.24100912,1.24416399,1.24315345,1.24388194,1.26464164,1.26814997,1.24139702,1.18621719,1.12887645,1.09935975,1.07665241,1.07572532,1.05555594,1.01310408,1.00156295,0.99749184,0.99314350,1.01573062,0.99057770,0.98467910,1.02530217,1.00290179,0.98809886,0.95579976,0.90363330,0.90208673,0.82863545,0.74170899,0.80010039,0.59457219,0.45363265,1.44433069
69,Resop134,0.02366860,0.78698200,0.18934900,-1.43696940,-1.41345203,-1.38704646,-1.35670650,-1.32482731,-1.29575586,-1.27129650,-1.24909270,-1.22627306,-1.19926584,-1.16851532,-1.13521469,-1.09768140,-1.05517292,-1.00885487,-0.95745927,-0.90134358,-0.84616637,-0.79714531,-0.75540626,-0.71692747,-0.68400967,-0.65439457,-0.62482226,-0.59597015,-0.56656259,-0.53931010,-0.51209003,-0.47923312,-0.43496042,-0.38308027,-0.33281767,-0.28494066,-0.24456324,-0.20988321,-0.17721410,-0.14113258,-0.12000385,-0.09521414,-0.07063348,-0.04760660,-0.02434401,-0.00146460,0.01709625,0.03441032,0.05247510,0.07059924,0.08873203,0.10772982,0.12807162,0.15131867,0.17189664,0.19052339,0.21421883,0.24167669,0.25812238,0.27203360,0.28393951,0.29917359,0.31361607,0.33992520,0.36776310,0.39249718,0.41375071,0.43761629,0.45953405,0.47827676,0.49980000,0.52005202,0.54261321,0.56789351,0.59354520,0.63013119,0.64977533,0.66022098,0.67126542,0.67445779,0.68086100,0.69580483,0.71122819,0.72835916,0.74377114,0.76367652,0.78601593,0.81012905,0.83441436,0.86268115,0.88207918,0.90198743,0.92339474,0.93773997,0.95647496,0.97104436,0.98770434,0.99274594,0.98802429,0.95191324,1.09140527,1.06949854,0.96622622,0.88066655,0.76956415,0.68532437,0.64443159,0.61417729,0.59700471,0.59885836,0.61541295,0.62847906,0.64426446,0.66795993,0.70106769,0.73017424,0.76023012,0.78623146,0.81055629,0.83162707,0.85243344,0.87418461,0.89941931,0.93274236,0.96781129,0.99970281,1.02870417,1.04938924,1.06033695,1.06047833,1.05425203,1.04278326,1.03595626,1.03070438,1.02129591,1.00920630,1.01013231,1.01762092,1.01827562,1.01469779,1.02250659,1.05626416,1.08446133,1.15461898,1.20379686,1.20052528,0.56704092,-1.30131125,0.76527774,1.30177450,1.10334063,1.33423281,1.14801717,1.20599365,0.77701426,0.41308603,0.26554999,0.25658917,0.34370047,0.40680364,0.44609097,0.49342459,0.55019277,0.62985146,0.64180458,0.63088709,0.57477748,0.52590716,0.49066272,0.42297515,0.37340975,0.36293700,0.34256718,0.36742699,0.37570792,0.40213764,0.44153133,0.44902718,0.47447342,0.46925914,0.48506397,0.48935694,0.47983870,0.49066201,0.51457387,0.50606322,0.50552028,0.44503924,0.32835773,0.24488495,0.22341593,0.18960710,0.23316789,0.21001281,0.18010218,0.15678431,0.11807309,0.13092896,0.10652044,0.22381839,0.14030474,0.07076635,0.13070202,0.45874876,0.07034110,0.14744335,0.12889513,0.17849314,0.88064718,0.57284534,-1.42052221,-1.74671972,-1.70357263
874,SSC_BAPI06_20110615,0.69528699,0.30471301,0.00000000,-1.66293502,-1.65628946,-1.64646220,-1.63149750,-1.61577344,-1.60246277,-1.59115493,-1.58509028,-1.57912743,-1.57447350,-1.56401050,-1.53846133,-1.47481549,-1.37869370,-1.31200683,-1.27457058,-1.27014971,-1.30447543,-1.35401928,-1.37594545,-1.38174009,-1.40187323,-1.42985761,-1.43675554,-1.44691753,-1.47503459,-1.50298166,-1.52920580,-1.52699220,-1.44776893,-1.16940594,-0.78130019,-0.35660893,0.02899118,0.29360664,0.42970955,0.46761844,0.52856433,0.55466521,0.57422125,0.59705567,0.61614144,0.62865180,0.64611858,0.66937441,0.68795252,0.70611185,0.72007895,0.73323220,0.74509329,0.73671067,0.74454516,0.75584131,0.74090314,0.69060785,0.66157889,0.61227947,0.60832542,0.60959381,0.63827330,0.66393572,0.72608203,0.76823735,0.80809218,0.85036504,0.88710296,0.91543120,0.93554419,0.95170194,0.94685298,0.94156694,0.91048849,0.88215888,0.77622586,0.65443832,0.47868061,0.40588558,0.37640184,0.35766241,0.33291665,0.33691841,0.36069050,0.40715936,0.45793286,0.50263619,0.54238749,0.56716150,0.58361679,0.58761269,0.57041001,0.52830845,0.45711973,0.35442424,0.22904718,0.10277017,0.03722360,-0.00194163,0.13039316,0.29903150,3.33905077,-0.97623324,-1.21808040,-1.24100971,-1.26751590,-1.28506184,-1.29096878,-1.28533196,-1.26950026,-1.24065065,-1.19946349,-1.16133296,-1.11595750,-1.06749785,-1.02071393,-0.97375560,-0.92765844,-0.88350433,-0.84184396,-0.80115670,-0.76013863,-0.72191107,-0.68505782,-0.65659529,-0.63081986,-0.60669076,-0.58903396,-0.58825356,-0.59355593,-0.61193192,-0.64584666,-0.67972702,-0.70921415,-0.73426551,-0.75321597,-0.76049900,-0.78429401,-0.81347650,-0.82909220,-0.83379591,-0.83786315,-0.88015616,-0.91623223,0.16419615,5.69022846,-1.75245631,-1.75245631,-1.75245631,-1.75245631,1.25901628,5.58946276,4.15082264,5.89675713,2.61824608,-1.22081792,-1.53848755,-1.55270541,-1.53260732,-1.52311277,-1.51377654,-1.50207388,-1.48448098,-1.47181916,-1.45583439,-1.44493949,-1.43637788,-1.42880630,-1.41995347,-1.40392876,-1.39305079,-1.37875545,-1.36690629,-1.35275841,-1.34195375,-1.33254015,-1.32134318,-1.31190765,-1.29996407,-1.29206574,-1.28356218,-1.27432454,-1.26377487,-1.26247442,-1.26614511,-1.27205515,-1.30581617,-1.32554495,-1.35886478,-1.37976217,-1.39658999,-1.41930890,-1.42218542,-1.44538891,-1.43911767,-1.44959736,-1.45926726,-1.47356486,-1.47347260,-1.48933840,-1.49810421,-1.49856126,-1.53855491,-1.54556954,-1.53834796,-1.54520428,-1.55655003,-1.54814243,-1.47545230,-1.22485459,-0.13787043,0.79549843
1352,QUE_T3.02.G,0.00000000,0.82999998,0.17000000,-1.32845879,-1.30385816,-1.27570057,-1.24371529,-1.21203482,-1.18371177,-1.15837860,-1.13390768,-1.10860026,-1.08071709,-1.05120587,-1.02153325,-0.99126273,-0.96070808,-0.93030161,-0.89936268,-0.86806905,-0.83724266,-0.80897081,-0.78008521,-0.75090659,-0.72056919,-0.68772292,-0.65267688,-0.61640978,-0.57870317,-0.54105103,-0.50384158,-0.46182638,-0.40984607,-0.35395598,-0.29813531,-0.24082197,-0.18836942,-0.14211187,-0.09532422,-0.04001223,0.00184919,0.04180614,0.08636901,0.13062407,0.17579636,0.22191755,0.26088074,0.29637855,0.33119017,0.36509565,0.40019965,0.43890455,0.48083785,0.52527076,0.56269091,0.59470820,0.63224941,0.66524130,0.68790275,0.71217102,0.73116708,0.75301260,0.77482986,0.76230860,0.74203455,0.77065402,0.79701245,0.82543862,0.85226661,0.87710822,0.90227443,0.93152517,0.95868033,0.99259776,1.02477133,1.06373405,1.09710312,1.09162390,1.08150828,1.06961238,1.07040954,1.08024359,1.09471941,1.11024177,1.12952590,1.15113258,1.17461836,1.20021474,1.22789299,1.25627279,1.28175902,1.29650092,1.30910265,1.32260716,1.33789098,1.34825885,1.34873700,1.33813083,1.31403315,1.32820475,1.20143592,1.33155048,1.04586756,0.89323068,0.74844408,0.67251229,0.62435669,0.59416342,0.57092321,0.56411332,0.57818937,0.60434794,0.63102680,0.66044277,0.70071524,0.74408782,0.78531784,0.82223499,0.85699451,0.89154857,0.92397648,0.95470989,0.98485225,1.02231407,1.06153643,1.09443831,1.12207377,1.14320397,1.15304768,1.15114546,1.14415264,1.13884807,1.13484979,1.13054824,1.12161922,1.10612381,1.09734297,1.09137893,1.07817650,1.05924523,1.04616773,1.04325044,1.04388058,1.05215073,1.04603493,0.86379927,1.07128036,1.79043365,0.05409945,0.40225637,2.51184011,2.54975820,3.79168391,-0.37051174,2.41605139,2.79146934,0.14800732,-0.08490078,-0.00254556,0.05148085,0.07597070,0.11953606,0.17491348,0.24531032,0.31769237,0.31694376,0.30304003,0.28358847,0.27123404,0.24882080,0.23088631,0.21629076,0.21704730,0.21679676,0.23127523,0.25397104,0.27640089,0.29474717,0.31790039,0.34522736,0.35922927,0.37594563,0.39437580,0.40580797,0.41468769,0.42180586,0.40333360,0.35075623,0.28617436,0.22580945,0.18786612,0.16798744,0.15990832,0.14615779,0.10429367,0.08372436,0.03531434,0.01861940,-0.00443951,-0.01648857,0.00455777,-0.00717274,-0.02308391,-0.05904928,-0.12957373,-0.21665488,-0.28439152,-0.23443161,-0.43210554,-0.53366715,-0.62288648,-1.20113659,-1.42574394
463,QUE_T1.05.G,0.00000000,0.00000000,1.00000000,-1.31751525,-1.28917146,-1.25809550,-1.22109687,-1.18308938,-1.15308273,-1.13252890,-1.11425078,-1.09165144,-1.06186914,-1.02687013,-0.99091429,-0.95565140,-0.92042184,-0.88483417,-0.84839678,-0.81215501,-0.77767724,-0.74735564,-0.71861565,-0.69355434,-0.66960615,-0.64434689,-0.61833048,-0.59213471,-0.56375003,-0.53604186,-0.50761968,-0.47474465,-0.43381369,-0.39334103,-0.35476500,-0.30898622,-0.27231291,-0.24405910,-0.21209888,-0.16991527,-0.14235236,-0.11735463,-0.08683820,-0.05813532,-0.02767171,0.00606596,0.02659333,0.04345889,0.06341341,0.08492485,0.10622700,0.12822844,0.15400866,0.18722503,0.21170166,0.23054601,0.27324894,0.31140298,0.32725480,0.32528827,0.32109815,0.32676867,0.33662555,0.33401677,0.33106324,0.34662268,0.36295080,0.37896973,0.39527681,0.41159278,0.42417601,0.44109944,0.46211597,0.48858497,0.52778351,0.59810042,0.63610297,0.62657958,0.62597358,0.59886348,0.58619332,0.59106261,0.59890461,0.60719323,0.61696184,0.62412649,0.63090551,0.63902283,0.65078408,0.66642928,0.67931658,0.68318748,0.69155067,0.70541769,0.72509575,0.74752444,0.77782643,0.80929583,0.86405563,0.96534604,1.23137605,1.40254259,1.34875572,1.20495200,1.03157353,0.90769672,0.85212308,0.83877981,0.79217887,0.76495969,0.77941710,0.77363676,0.75073457,0.73314178,0.73398459,0.74021250,0.74798995,0.75760031,0.76722068,0.77879310,0.79158896,0.80212533,0.81031460,0.82039028,0.82917440,0.83476239,0.83935684,0.84478801,0.85014206,0.85288996,0.85529488,0.85625499,0.85927725,0.86257857,0.86628157,0.86598897,0.86789078,0.87228233,0.87389594,0.87812907,0.89209640,0.91459167,0.94395226,1.00868118,1.12398303,1.25459659,1.05788684,3.23791838,4.41052437,4.97937107,0.83854306,2.14125490,2.28573036,2.77923608,2.74789500,1.17997062,0.86712742,0.68403351,0.58583760,0.52756518,0.48929593,0.49288797,0.51926303,0.57242513,0.62557739,0.63983476,0.61965215,0.62169278,0.63302302,0.65230960,0.65652144,0.65910894,0.66230273,0.66558743,0.67239124,0.69005203,0.69460464,0.69444740,0.68043447,0.66816139,0.65145558,0.64436918,0.63059467,0.61615360,0.60465598,0.63600856,0.65902269,0.65748972,0.64178586,0.61295092,0.60761702,0.60086668,0.58452761,0.56844252,0.54605240,0.54539382,0.53689086,0.50995415,0.49973035,0.49438867,0.50928926,0.51642448,0.46672773,0.44702587,0.49283373,0.47693917,0.43924531,0.38276461,0.32527122,0.32147375,0.46044791,0.18305406,-0.66207612
1193,SF_034,0.76282102,0.23717900,0.00000000,-1.64696825,-1.62578905,-1.60381901,-1.58384705,-1.56780803,-1.55389512,-1.54140115,-1.53104806,-1.52063680,-1.50894856,-1.49005044,-1.45448589,-1.39205515,-1.32130635,-1.27426445,-1.24652219,-1.23999631,-1.26023555,-1.28414440,-1.29306030,-1.29231095,-1.29471195,-1.29750717,-1.29326618,-1.29722810,-1.30934632,-1.31746578,-1.32360232,-1.30844784,-1.22268963,-0.99956471,-0.68866807,-0.32407397,0.03805529,0.30645257,0.47356308,0.58678228,0.63722086,0.66787368,0.70933789,0.74930513,0.78687042,0.83195120,0.86155486,0.88825452,0.91564298,0.94654024,0.97623807,1.00576127,1.03412688,1.07369757,1.10281157,1.12394047,1.13884294,1.18289518,1.15563381,1.11134648,1.08201253,1.08507764,1.10374832,1.11903679,1.13964319,1.18672597,1.22910762,1.26728714,1.30323207,1.33423448,1.35965502,1.37775028,1.39128196,1.40924191,1.42835176,1.47907460,1.45914459,1.33547759,1.18796027,1.08139813,1.04209745,1.03312635,1.03307009,1.03899860,1.06379652,1.09720480,1.13339424,1.17421031,1.21400297,1.24983108,1.27253973,1.27236354,1.25911951,1.22969866,1.17503071,1.09553254,0.99815094,0.90584588,0.93128300,0.96309626,0.71620435,0.53841096,0.29510149,0.29947698,0.08842913,-0.29304758,-0.60355341,-0.63443750,-0.73349971,-0.77260965,-0.73749560,-0.71432006,-0.67677033,-0.63667172,-0.57880324,-0.51282507,-0.44532391,-0.37755921,-0.31340212,-0.24893625,-0.18701281,-0.12718524,-0.07043868,-0.01060959,0.04777581,0.09697872,0.13992098,0.17754003,0.20341256,0.21509060,0.21587941,0.20398717,0.18132605,0.15505269,0.12424983,0.08756390,0.05868819,0.03446068,-0.00423488,-0.04767625,-0.08469640,-0.15951160,-0.10516136,-0.12994839,0.12305143,0.33380830,0.87356102,-0.17585433,-0.74604207,-1.51602125,-1.75162601,-1.50910163,-1.33500636,-1.74964154,-1.75245619,-1.75100195,-1.29554212,-0.87060094,-1.12667453,-1.21258271,-1.19437492,-1.18264937,-1.16184771,-1.10722101,-1.03358591,-1.03804994,-1.06666982,-1.06277275,-1.05836296,-1.04432595,-1.03055501,-1.02494085,-1.01191819,-0.99031138,-0.96593612,-0.93787187,-0.92118657,-0.90523368,-0.88673943,-0.86899650,-0.84636450,-0.84631503,-0.83889818,-0.80965990,-0.79214019,-0.78113806,-0.78857458,-0.84248525,-0.89076859,-0.90171516,-0.93681091,-0.97781521,-1.00730515,-1.02769482,-1.02860129,-1.04923415,-1.06974363,-1.03038466,-1.01654065,-1.16501188,-1.15674496,-1.08212531,-1.12775970,-1.15236163,-1.28281307,-1.34099555,-1.48474836,-1.37065601,-0.77533561,-0.60845524,-0.31956437,1.52211475,-1.61040759
279,FSP_049,0.12820500,0.00000000,0.87179500,-1.47892797,-1.45414591,-1.42502809,-1.38750863,-1.34582436,-1.31332338,-1.29550672,-1.28207040,-1.26177859,-1.22867620,-1.18265510,-1.12615836,-1.05372846,-0.97006613,-0.89494693,-0.83009875,-0.77906138,-0.74800307,-0.72729129,-0.70476294,-0.68449932,-0.67218018,-0.65770769,-0.64126068,-0.62860000,-0.61630613,-0.60340768,-0.58846414,-0.56302691,-0.50617516,-0.38761455,-0.21332940,-0.00185924,0.19722028,0.33538309,0.41964138,0.49221554,0.51507777,0.52470589,0.54606831,0.56547546,0.58031362,0.60324293,0.61423057,0.62116128,0.62879997,0.64084351,0.65200996,0.66253829,0.67211080,0.69505739,0.70943439,0.72107130,0.71837771,0.76837993,0.75953877,0.75302851,0.74503320,0.74849927,0.75600332,0.71927893,0.67692727,0.69602287,0.71616322,0.73440856,0.75326413,0.77303845,0.79624844,0.81528819,0.83052951,0.84469640,0.85700667,0.87386793,0.86725318,0.84213835,0.81534284,0.79777342,0.79979187,0.80799848,0.81702656,0.82887197,0.84253103,0.85689402,0.86989188,0.88458562,0.90077323,0.91963559,0.93208021,0.92766058,0.92501724,0.92616808,0.91955191,0.90221298,0.87729192,0.84721452,0.80338532,0.65383017,0.61721051,0.71117330,0.63849789,0.64773852,0.52264214,0.36776263,0.34866375,0.34601641,0.33509165,0.33486190,0.34939995,0.36670458,0.38478956,0.40377390,0.43087980,0.45996410,0.48927233,0.51711673,0.54380661,0.57093537,0.59794921,0.62315094,0.64103025,0.66244411,0.67926145,0.69105262,0.70312256,0.71544009,0.72697669,0.73193061,0.73389387,0.73232889,0.73115587,0.72708285,0.72395194,0.71544641,0.70683545,0.69269216,0.67798626,0.66718209,0.64856887,0.56448191,0.56850469,0.54318047,0.63262755,1.13497603,0.61883461,-1.03869927,0.56393313,-1.49618697,-1.36175537,-0.04470696,-0.14273508,-1.17361641,-1.58729494,-1.28196979,-0.78608483,0.06787302,0.12729812,0.14073946,0.13909431,0.13359395,0.15078975,0.21198447,0.28608459,0.27747998,0.25785524,0.25888875,0.26714513,0.29919207,0.31052443,0.31616011,0.31434551,0.33265185,0.34754938,0.35506347,0.35734224,0.36187264,0.35777462,0.33255041,0.31638846,0.29062274,0.26145825,0.24599162,0.24709922,0.29249179,0.33720937,0.33130351,0.33238775,0.31414056,0.30394381,0.30024076,0.27900031,0.26100391,0.22876345,0.21798405,0.18106417,0.16119029,0.12745647,0.07527948,0.09826651,0.03618413,-0.02641220,0.01964613,0.09045724,-0.10812423,-0.25076336,-0.25068587,0.17625047,0.14935285,0.24008763,0.07683664,0.71896458
373,COP_20160125_2-40-W,0.29484701,0.70515299,0.00000000,0.12731799,0.14458415,0.16291724,0.17972800,0.19291598,0.20490381,0.21624377,0.22719285,0.23822020,0.25075296,0.26672232,0.29215172,0.33075032,0.37144372,0.40078557,0.42211717,0.43355659,0.43297625,0.43085128,0.43551749,0.44425556,0.45209336,0.45962545,0.47257608,0.48041528,0.48255593,0.48716557,0.49154618,0.50901836,0.56874704,0.69670814,0.83934540,0.96765143,1.07666397,1.15546417,1.20671391,1.24515128,1.26932073,1.29220843,1.31661415,1.34099364,1.36556017,1.39029050,1.41401005,1.43763375,1.46165633,1.48553157,1.50875974,1.53199542,1.55427313,1.57658172,1.59895146,1.61973476,1.63745558,1.65394437,1.66955101,1.68668747,1.70779800,1.72946942,1.75067759,1.78918719,1.83430445,1.86484241,1.89516592,1.92449939,1.95266962,1.98239625,2.01078916,2.03829813,2.06708050,2.09744048,2.13246775,2.18726850,2.21451926,2.20552659,2.19541121,2.18934107,2.20086479,2.22137332,2.24353075,2.27039456,2.30248713,2.33974624,2.38095617,2.42207575,2.46267200,2.50389838,2.54198241,2.57250190,2.60148239,2.62873602,2.64981461,2.66296411,2.66959620,2.69185328,2.79989958,1.60832882,1.65909874,1.64515460,1.60398746,1.53263044,1.64197111,1.85765564,1.69811666,1.65658462,1.65641260,1.66633260,1.69345903,1.74210715,1.79946244,1.86051488,1.93137455,2.00162959,2.06848502,2.13051558,2.18988967,2.24636483,2.30094218,2.35442996,2.40904069,2.47353292,2.54073334,2.60035300,2.65362191,2.69994235,2.73294926,2.75067067,2.75842595,2.75096989,2.73094535,2.70886302,2.68482113,2.65797901,2.64703298,2.65105104,2.64052010,2.61918283,2.62176824,2.65954447,2.76575089,2.83230615,2.61607909,2.67110872,2.96845174,5.17354250,4.77377272,4.04242802,3.08394480,2.63399124,2.22687674,2.28775764,2.06461692,1.41783440,1.26950371,1.25270414,1.28634810,1.33782232,1.39797127,1.46444046,1.53073764,1.58981538,1.62970614,1.63294208,1.62287509,1.59812713,1.56441772,1.52841997,1.50703251,1.49794769,1.50255966,1.51687682,1.54225838,1.57956111,1.61965370,1.65774584,1.69260955,1.71945882,1.74034607,1.76534843,1.78521442,1.79934227,1.80894089,1.80496836,1.77600539,1.71578217,1.62920630,1.54652727,1.48380947,1.45642662,1.43950021,1.40657842,1.35396230,1.32690597,1.30872536,1.29290915,1.27973056,1.27043319,1.26606476,1.27307987,1.28477430,1.23848438,1.22856140,1.19652474,1.20169628,1.09418547,1.04896653,0.93022406,0.99672782,1.25386441,1.77614403
1048,Resid025,0.08284020,0.04142010,0.87573999,-1.32920504,-1.29534376,-1.25687468,-1.21277380,-1.16776788,-1.12920177,-1.10085201,-1.07633662,-1.04715371,-1.00955355,-0.96070766,-0.90136111,-0.83040953,-0.75251001,-0.67640072,-0.60405219,-0.53984308,-0.49085110,-0.45397714,-0.42257094,-0.38655639,-0.36033991,-0.34747073,-0.32081896,-0.29883647,-0.28756768,-0.29078424,-0.29878294,-0.26931053,-0.15135816,0.00973185,0.14528343,0.25838342,0.34710577,0.41202679,0.46267712,0.52872354,0.53821695,0.56186193,0.59072351,0.61743999,0.64448649,0.67122287,0.69237053,0.71170783,0.73242331,0.75400126,0.77504677,0.79782301,0.82043821,0.84940845,0.87386602,0.89613909,0.92815071,0.96505016,0.98189127,0.99376470,1.00087380,1.01667464,1.03597939,1.05350792,1.06967545,1.09868920,1.12336552,1.14261961,1.16459250,1.18902791,1.20869732,1.22797012,1.24742794,1.26458061,1.29632819,1.32889628,1.32663739,1.32189846,1.31955755,1.31717277,1.31775606,1.32454050,1.33666658,1.35087788,1.36520743,1.37805927,1.38940656,1.40904093,1.42827582,1.45328641,1.46855438,1.46387184,1.46519017,1.47073352,1.47747338,1.47964418,1.48203158,1.47115493,1.43435562,1.39312792,1.50113881,1.24776959,1.40676725,1.24643087,1.08567166,1.02227318,0.99196458,0.97472239,0.95339924,0.93352741,0.96086305,0.99386942,1.01819122,1.04767215,1.08600032,1.12255621,1.15464425,1.18817973,1.22177863,1.25182867,1.28175783,1.31411445,1.33023512,1.35788321,1.38398635,1.40014017,1.41356122,1.43042326,1.44398129,1.44936407,1.45536530,1.45489955,1.45229816,1.45241225,1.44836795,1.44476080,1.44106281,1.43570924,1.42936027,1.41496730,1.41385996,1.44509518,1.44941878,1.51667285,1.60166585,1.36896193,-0.87791163,-1.41792548,-1.63621175,-1.19159234,-1.11294913,1.13503194,3.42525864,0.81085896,-0.09717983,0.43096370,0.35442144,0.22858091,0.30699620,0.37239191,0.36910626,0.44013557,0.50700325,0.61804253,0.76723075,0.79682875,0.76210546,0.78420204,0.86217302,0.88111603,0.91139114,0.92088413,0.95138782,0.98037773,1.01739752,1.03945827,1.06826806,1.10156906,1.10608292,1.05762815,0.99679279,0.99902529,0.98407143,0.96473974,0.98705274,1.02610946,1.05267465,1.06408536,1.01934886,0.93920445,0.95967925,0.94264364,0.95582241,0.88520002,0.87308192,0.91698146,0.84080499,0.81768191,0.91335273,0.91101718,0.68975663,0.58239609,0.57039851,0.55646276,0.85873318,0.50058925,0.63538104,0.42692783,-0.61087912,0.58317947,-0.55251968,-1.22747838,-1.32245612
905,SSC_SALE06_20120126,0.71760702,0.28239301,0.00000000,-1.28150702,-1.27948046,-1.27085221,-1.25172460,-1.23594522,-1.22830987,-1.22467279,-1.22458827,-1.22329402,-1.22190881,-1.21630895,-1.20027876,-1.15302992,-1.07731509,-1.02897620,-1.00304031,-1.00416815,-1.03840053,-1.07950151,-1.09890747,-1.10778236,-1.12003529,-1.14045393,-1.14535952,-1.15390038,-1.17341566,-1.18605149,-1.19757974,-1.19255543,-1.14679754,-0.95018500,-0.65485513,-0.33274102,-0.04874890,0.13791379,0.22879593,0.23048151,0.29177940,0.30909899,0.32357579,0.34038937,0.35449600,0.36723697,0.38420713,0.40454799,0.42278233,0.43880898,0.45640853,0.46884942,0.48141187,0.47580609,0.48653010,0.50184202,0.48485035,0.46560609,0.45206928,0.44087318,0.46427342,0.47394803,0.49806720,0.52341712,0.55095911,0.58582824,0.61398238,0.64537066,0.67538565,0.69344354,0.70942205,0.72763556,0.73687196,0.73390418,0.72215205,0.68017459,0.64243186,0.58628213,0.49394509,0.46157303,0.45466077,0.44222525,0.43323711,0.43970156,0.46276221,0.49758855,0.54189080,0.58351791,0.61451101,0.63572741,0.65422797,0.66453660,0.66080040,0.64196372,0.60243005,0.53796995,0.44707727,0.34965774,0.26323569,0.66162986,0.56649190,1.41121936,0.87999254,-0.88208991,-0.87128460,-0.81727475,-0.82793540,-0.85535753,-0.84332752,-0.84126806,-0.82705176,-0.79064846,-0.74414378,-0.69374865,-0.64167076,-0.59145796,-0.53846228,-0.48733106,-0.44002280,-0.39384049,-0.35567966,-0.31102273,-0.27477187,-0.23353647,-0.18902478,-0.15426154,-0.12198544,-0.09868978,-0.08039198,-0.07337128,-0.08084610,-0.10501084,-0.14378016,-0.18677756,-0.21367134,-0.23926248,-0.25891128,-0.26180345,-0.27877420,-0.29928449,-0.31396118,-0.32076639,-0.33276075,-0.40373009,-0.58448309,-0.44437009,2.78637791,-0.31792167,-1.75245631,4.98120356,3.60693502,1.43348968,0.33201474,-1.75245631,0.97261870,0.10825920,-1.06607354,-1.25132358,-1.19401181,-1.12134242,-1.09320915,-1.05529833,-1.04291320,-1.03424084,-1.00378668,-0.98136145,-0.96855313,-0.95592231,-0.95547211,-0.96299732,-0.95173985,-0.94034547,-0.92618757,-0.91521394,-0.89861858,-0.87330943,-0.86301142,-0.84067845,-0.83074492,-0.80299443,-0.79162991,-0.77819324,-0.76303029,-0.76417762,-0.74641025,-0.75166112,-0.75883996,-0.79737097,-0.86531758,-0.89306074,-0.93923545,-0.95143640,-0.98772168,-1.02249885,-1.02553725,-1.00554883,-1.06158006,-1.10126317,-1.04416823,-1.07157850,-1.10434997,-1.10463417,-1.12327433,-1.14639997,-1.22211409,-1.28941131,-1.20977247,-1.27504361,-1.25298059,-1.32309687,-0.87953597,2.02351284,2.76754260
1688,CHI_ADFA04_20111117,0.18458401,0.81541699,0.00000000,-1.56695390,-1.56558013,-1.56999433,-1.55222058,-1.54549229,-1.53403163,-1.53147328,-1.51908767,-1.51448083,-1.50730515,-1.49640179,-1.47868311,-1.43972719,-1.39907634,-1.35962200,-1.33221185,-1.31507003,-1.31995535,-1.33138549,-1.34293294,-1.34133804,-1.34014177,-1.34990537,-1.34345853,-1.34410083,-1.35415745,-1.36533904,-1.37870288,-1.37335193,-1.31190026,-1.12905431,-0.90803361,-0.69818616,-0.53015155,-0.42281553,-0.36257941,-0.36562794,-0.30078614,-0.27800608,-0.25595134,-0.23885627,-0.21721278,-0.20075366,-0.18038404,-0.16323510,-0.14365394,-0.12619415,-0.11079518,-0.09616829,-0.08336852,-0.07454946,-0.06488164,-0.05031366,-0.03512176,-0.03872572,-0.03532299,-0.04634837,-0.04667815,-0.04429561,-0.01039725,0.00681386,0.08357162,0.11578065,0.13237791,0.16278191,0.18808231,0.20561303,0.22904694,0.24502355,0.25431204,0.27082387,0.25407925,0.25662681,0.26625115,0.22576855,0.17679505,0.13517775,0.12078926,0.10816746,0.10357323,0.10577721,0.12717052,0.16790225,0.21438150,0.24967667,0.28555781,0.30736944,0.33661199,0.36082256,0.37472302,0.37771627,0.36048996,0.33418131,0.28328675,0.21113513,0.12215138,-0.13690960,0.13733277,-0.15979193,-0.21297649,-0.45572385,-0.61699349,-0.71143085,-0.77009201,-0.79754001,-0.79883838,-0.79724747,-0.78903478,-0.75142205,-0.70960361,-0.67531824,-0.63101059,-0.59161830,-0.55251443,-0.51531023,-0.48239547,-0.44913727,-0.42233312,-0.38668504,-0.35207057,-0.32102534,-0.28358334,-0.24993598,-0.22468106,-0.20700017,-0.19522384,-0.20242825,-0.21339999,-0.22187665,-0.24975216,-0.28050876,-0.31395370,-0.34495708,-0.35470799,-0.33877635,-0.34639025,-0.35699481,-0.35211298,-0.34730655,-0.34336287,-0.34190914,-0.37068424,-0.61912209,0.87695742,1.06517661,2.18613243,4.33440018,4.82735252,-0.50542140,-0.05665144,1.25394058,-0.94182628,-1.05400383,-1.22364402,-1.11901510,-1.11892986,-1.04818773,-0.99077988,-0.96278691,-0.94018418,-0.93138999,-0.89801627,-0.88139796,-0.88425577,-0.89165622,-0.91912496,-0.92162323,-0.91695958,-0.92068768,-0.91536081,-0.90897524,-0.90676004,-0.90289086,-0.89140493,-0.88356799,-0.86609763,-0.85551429,-0.83733410,-0.81651306,-0.79942983,-0.77590507,-0.76395726,-0.76118720,-0.78773654,-0.83109605,-0.88512307,-0.94450527,-0.97912675,-1.00954449,-1.02626479,-1.05852187,-1.06197512,-1.06369162,-1.05832982,-1.08908093,-1.08558917,-1.08888757,-1.11486661,-1.09153473,-1.16109800,-1.16148424,-1.16614103,-1.19999516,-1.32486284,-1.22502673,-1.34424007,-1.23962235,-0.86736041,0.02128754,-0.41589195
65,Resop130,0.00000000,0.23076899,0.76923102,-1.38402617,-1.36043787,-1.33266211,-1.29636359,-1.25416887,-1.21741736,-1.19092059,-1.16863680,-1.14326477,-1.10868275,-1.06449103,-1.01490843,-0.95924985,-0.89320397,-0.81173086,-0.70828289,-0.58279115,-0.44651157,-0.31766281,-0.20763634,-0.13056237,-0.07289787,-0.03169964,0.01255846,0.05351118,0.09030146,0.12807606,0.16607106,0.21005581,0.26739240,0.33054698,0.39243969,0.45292237,0.50691956,0.55133659,0.58899117,0.62836593,0.64733249,0.66188693,0.67507899,0.68445796,0.69187015,0.69750983,0.69958639,0.70156366,0.70502573,0.70950383,0.71664745,0.72637397,0.73997504,0.75718051,0.77514893,0.79425222,0.81679541,0.83818519,0.85944599,0.87922055,0.90039438,0.92235589,0.94407564,0.98908353,1.03970325,1.06841576,1.09322619,1.12180150,1.14566708,1.16985285,1.19521523,1.21604848,1.24395812,1.27479351,1.30305839,1.33675730,1.37654543,1.39950848,1.41932952,1.43538880,1.45025766,1.46647918,1.48442340,1.50345874,1.52223444,1.54117882,1.55882955,1.57562935,1.59397280,1.61596441,1.63378739,1.63941300,1.64806044,1.65490794,1.66133595,1.67229605,1.68092442,1.68920422,1.67768860,1.55285895,1.56693101,1.62259996,1.60888946,1.49606013,1.41714931,1.42858052,1.44485819,1.44915020,1.45229864,1.46479642,1.47916734,1.49631953,1.51875222,1.53864694,1.56251645,1.58375406,1.60599327,1.62436223,1.64216793,1.66076446,1.67587495,1.68737447,1.70217192,1.71965206,1.73335826,1.74613810,1.76365769,1.77229834,1.77801251,1.78035796,1.78159058,1.78129911,1.78361416,1.78560328,1.78046775,1.78046644,1.77728641,1.77529228,1.77448928,1.77204478,1.77336335,1.79670143,1.80481482,1.83594537,1.82543826,1.93237162,1.28701353,-1.27804768,-0.10759065,0.03170151,2.04361105,2.01594543,1.62536156,1.00770092,0.38383669,0.96265543,1.04291177,1.00456905,1.07402432,1.18534851,1.23978066,1.30778003,1.35869062,1.42576146,1.49774945,1.53124309,1.52951968,1.53096354,1.55074823,1.55989134,1.55252302,1.55818379,1.55647743,1.59739566,1.60785830,1.63398027,1.67047954,1.67051458,1.62203991,1.57220900,1.52939904,1.46863902,1.44367886,1.39286077,1.42276633,1.46260548,1.49801362,1.46987557,1.44731998,1.41465950,1.38695598,1.35296524,1.38286901,1.37285244,1.34638131,1.32796192,1.32383394,1.33686924,1.15428030,1.21280396,1.10390210,0.97812700,1.05200672,1.59161174,1.01603651,0.89051807,0.65326524,0.39973828,1.64217532,1.39714015,0.46375737,-1.01904833,-0.63366818
336,FSP_110,0.83333302,0.09615380,0.07051280,-1.67302012,-1.66503310,-1.65457463,-1.64531302,-1.63856876,-1.63257921,-1.62796974,-1.62577474,-1.62296534,-1.61895132,-1.60696483,-1.57305312,-1.49513209,-1.39467299,-1.33224046,-1.30409420,-1.31572235,-1.37240422,-1.43064809,-1.46180034,-1.47684658,-1.49821150,-1.52091813,-1.52993989,-1.54425037,-1.56602407,-1.58324945,-1.59412670,-1.58371747,-1.50762105,-1.24282157,-0.78830826,-0.18371350,0.48230070,1.01584041,1.33619654,1.50887406,1.56469798,1.58771074,1.61234081,1.63514531,1.65173125,1.66992962,1.68681371,1.70548236,1.72279787,1.73989379,1.75546610,1.76939666,1.77790201,1.78147650,1.78755414,1.79016149,1.75415933,1.71757853,1.65901911,1.59253943,1.57631242,1.58404481,1.61393499,1.65194976,1.69333804,1.73865211,1.78558576,1.82725024,1.85862875,1.87881780,1.88795757,1.88790572,1.87525678,1.85366011,1.82085896,1.77348471,1.68443191,1.53462625,1.36431706,1.27581370,1.24671769,1.22835100,1.21468329,1.21615672,1.23452246,1.26003408,1.28857291,1.31600320,1.33635855,1.34981465,1.35560584,1.33810973,1.29889417,1.23574901,1.14705682,1.03288472,0.90012050,0.77052128,0.70649540,0.88509881,0.85828370,0.84118736,0.70231134,0.34225330,-0.23298407,-0.75579315,-0.91822070,-0.98806685,-1.04090762,-1.05465853,-1.01901805,-0.97390401,-0.92126119,-0.85834485,-0.78263503,-0.70433396,-0.62334561,-0.54299361,-0.46422750,-0.39071378,-0.32227796,-0.25685817,-0.19757004,-0.14263667,-0.09235515,-0.05021585,-0.01383282,0.01969708,0.04413060,0.05865278,0.06247211,0.05544626,0.03721951,0.01533645,-0.01016973,-0.03950517,-0.07503255,-0.11715224,-0.16430366,-0.21195561,-0.26102224,-0.33089077,-0.31950629,-0.32828829,-0.34016687,0.28956211,-0.55838829,-1.74365330,-1.75245595,-1.75245631,-1.75245631,-1.75245631,-1.75245631,-1.75245631,-1.75210023,-1.55843854,-1.13478649,-1.52366424,-1.57039106,-1.53723669,-1.53221071,-1.50937164,-1.49752581,-1.47251749,-1.41448081,-1.37782133,-1.35831237,-1.33775640,-1.31663680,-1.28050303,-1.24100602,-1.21176970,-1.17981994,-1.14825630,-1.12046647,-1.08736479,-1.06494701,-1.04149902,-1.02633679,-1.01206529,-0.99727893,-0.98002630,-0.96621889,-0.94934517,-0.93966472,-0.92973346,-0.94244021,-0.95972741,-0.99080980,-1.03656256,-1.07347095,-1.08027720,-1.11168098,-1.11266911,-1.14419627,-1.18624341,-1.22147202,-1.25244820,-1.31344426,-1.33555937,-1.29842985,-1.32762539,-1.41498613,-1.43625212,-1.36864042,-1.46240163,-1.55932117,-1.38653529,-1.46776378,-1.61898625,-1.49355435,-0.11760437,-0.84024519
659,ja_c_000,0.06574540,0.93425500,0.00000000,-1.59983170,-1.56625926,-1.53080118,-1.49419165,-1.45691288,-1.41894388,-1.38038433,-1.34245026,-1.30480886,-1.26612961,-1.22514522,-1.17890108,-1.12614572,-1.07219899,-1.02400458,-0.97754186,-0.93348169,-0.89508295,-0.85919613,-0.82306033,-0.77232063,-0.72145873,-0.67829078,-0.63720590,-0.58994102,-0.54995751,-0.50514269,-0.46721995,-0.41534981,-0.31607762,-0.17587525,-0.04387421,0.05846977,0.15507372,0.24808785,0.31865740,0.37919104,0.44087717,0.49875596,0.55114377,0.60808957,0.66091609,0.70684737,0.76111758,0.82208967,0.87603706,0.92494667,0.97591907,1.02214789,1.06666470,1.07946992,1.11904037,1.16189027,1.18371201,1.12422824,1.15991139,1.20460141,1.28094614,1.31994224,1.38285375,1.43269825,1.47068989,1.52172327,1.56840849,1.60791886,1.65781987,1.69593859,1.73005962,1.76519728,1.79234171,1.80529773,1.82382929,1.75645030,1.63567424,1.64648020,1.58242846,1.61861920,1.68207181,1.70883691,1.71063018,1.73379111,1.75318193,1.79346406,1.84537029,1.90255356,1.95243621,1.99812913,2.01862478,2.04869151,2.06730080,2.06852865,2.03698969,1.97701716,1.89143693,1.79876733,1.82114089,1.62810659,3.71479154,5.13331938,4.12223959,-0.16981256,0.20736863,0.23625112,0.26798302,0.20826997,0.24532972,0.33970526,0.34748018,0.39080295,0.46303496,0.57897466,0.65976852,0.73936617,0.81048548,0.86714566,0.91358459,0.95621133,0.99854428,1.03301322,1.08805823,1.15290797,1.21663213,1.27935481,1.33368683,1.37352955,1.39112508,1.38753450,1.35939908,1.33031058,1.29511380,1.25739825,1.21997762,1.17594123,1.15830052,1.14987826,1.12643409,1.09089088,1.05843055,1.03173804,1.01511598,1.26185727,1.18037796,0.81948107,-1.75245631,-1.69352865,-1.75245631,-1.75245631,-1.75245631,4.66574526,-0.50778830,-1.75245631,5.07861853,-0.91380644,-0.35651755,0.04847393,0.16916257,0.34597644,0.47647408,0.56185097,0.62928915,0.66318059,0.67867202,0.62695569,0.57687700,0.51110220,0.42517188,0.34343475,0.28625193,0.26202527,0.25168478,0.25686216,0.27692348,0.30830458,0.35076582,0.38501930,0.42669973,0.46219355,0.48240495,0.51458228,0.53963751,0.54883838,0.55691594,0.55291677,0.49703673,0.39151087,0.27478495,0.18594249,0.13305604,0.11955254,0.10878168,0.07451604,0.03050837,-0.01153851,-0.02922221,-0.02822317,-0.03972721,-0.02338973,-0.05618914,-0.04785399,-0.06220835,-0.05615981,-0.15352930,-0.21543546,-0.25983915,-0.32224488,-0.50443280,-0.54629922,-0.70448202,-0.80362099,1.92110109
816,SSC_SALE02_20110606,0.51384801,0.48615199,0.00000000,-1.35666502,-1.33552969,-1.30739105,-1.28336310,-1.26211345,-1.24956930,-1.23904192,-1.23274636,-1.22559249,-1.22088110,-1.21239853,-1.19120657,-1.14719820,-1.08383214,-1.03914070,-1.01157892,-1.00103998,-1.01268780,-1.03652298,-1.03798413,-1.03335536,-1.03740764,-1.04655063,-1.04092526,-1.04334021,-1.06463385,-1.08161151,-1.10333645,-1.09910834,-1.01598930,-0.78169960,-0.52610886,-0.29538736,-0.10963079,0.01025574,0.07542707,0.09832997,0.13921888,0.16239300,0.18435751,0.20771499,0.22899716,0.24895215,0.27101457,0.29654869,0.31805044,0.34024471,0.36083844,0.38019839,0.39839417,0.40728346,0.42085811,0.44110060,0.43447417,0.43231040,0.42225274,0.41688746,0.43391019,0.44847491,0.46820390,0.49419120,0.56506878,0.59090441,0.63208604,0.66516113,0.69217283,0.71559459,0.74073488,0.76101357,0.76614040,0.77853996,0.77812511,0.74939209,0.70938134,0.66333181,0.57030177,0.53791523,0.52608621,0.52096659,0.50711966,0.51837718,0.54369140,0.57969147,0.62469137,0.66287911,0.69411200,0.72040290,0.73980373,0.75444764,0.75667644,0.74133015,0.70543993,0.65402484,0.57413548,0.48699310,0.43175578,0.65174377,3.18105388,1.90583622,-0.14747947,-0.50413430,-0.62673151,-0.68694907,-0.70374298,-0.72540355,-0.72989869,-0.72143590,-0.70640701,-0.67087919,-0.62598610,-0.57722408,-0.52455300,-0.47150099,-0.42050055,-0.37228218,-0.32479757,-0.28097269,-0.23713984,-0.19678463,-0.15409946,-0.11494230,-0.07575931,-0.03684837,-0.00747774,0.01957145,0.03778932,0.04654516,0.04078409,0.01785268,-0.01566880,-0.04940648,-0.07556602,-0.10364639,-0.12096514,-0.12696894,-0.14341918,-0.16585393,-0.18169498,-0.18291242,-0.19281548,-0.17564058,-0.11757118,0.88373786,-1.75245631,4.32783890,-1.75245631,-1.75245631,-1.75245631,5.35273933,-1.75245631,3.20830798,1.56923330,0.89148641,-1.07195914,-1.14874732,-1.09201896,-1.06401408,-1.02596402,-0.99820191,-0.96716434,-0.93653029,-0.92520231,-0.89229393,-0.87256950,-0.86044526,-0.86168516,-0.84979028,-0.84665567,-0.82772112,-0.81192923,-0.79740179,-0.77521741,-0.76046860,-0.73902297,-0.72556937,-0.70775396,-0.68614167,-0.67429721,-0.65845335,-0.63869339,-0.63104999,-0.62505037,-0.63140559,-0.65135425,-0.68652660,-0.74161631,-0.79252654,-0.82648224,-0.83927411,-0.89549571,-0.91523337,-0.92361045,-0.91066957,-0.94092327,-0.97360861,-0.97535706,-0.96597332,-0.99705666,-1.02231407,-1.04596996,-1.09369373,-1.12064946,-1.13058305,-1.15160382,-1.20639801,-1.20329654,-1.24320650,-1.21150804,3.86633086,3.03614259
627,QUE_T2.10.G,0.00000000,0.12880000,0.87099999,-1.35155547,-1.32548940,-1.29736722,-1.26426327,-1.22992218,-1.20184016,-1.18091619,-1.16179419,-1.13929093,-1.11154008,-1.07986867,-1.04765999,-1.01571453,-0.98411351,-0.95235473,-0.92033464,-0.88833326,-0.85805702,-0.83037233,-0.80454689,-0.77897072,-0.75305635,-0.72728461,-0.70116764,-0.67451328,-0.64820451,-0.61991626,-0.59017891,-0.55822641,-0.52409947,-0.48697206,-0.44806194,-0.41747141,-0.37920684,-0.33587018,-0.29889384,-0.26701155,-0.23261794,-0.20049153,-0.17176248,-0.14282319,-0.11843745,-0.09780386,-0.06772297,-0.03662937,-0.01048957,0.01363567,0.03662283,0.05900394,0.07680450,0.08532896,0.10013440,0.11904571,0.10077924,0.08903809,0.11583032,0.15603022,0.20341128,0.23284535,0.26057270,0.28031173,0.30262330,0.32187831,0.33958536,0.35658124,0.37235546,0.39147443,0.40766934,0.42437515,0.43841374,0.44336182,0.43462539,0.39732769,0.39235109,0.42444244,0.45281321,0.50070709,0.53576779,0.55582541,0.57191586,0.58894908,0.60680974,0.62736815,0.64873648,0.66759157,0.68371564,0.69755536,0.71111530,0.72401828,0.73308170,0.73866177,0.74011642,0.73808634,0.72303784,0.70184064,0.62375557,0.48835731,0.35268536,0.20150355,0.10168291,0.21324071,0.31217450,0.40049949,0.46359143,0.48980030,0.54408777,0.58050013,0.58718592,0.62540543,0.68042654,0.72828227,0.76110280,0.78864670,0.81069696,0.82825983,0.84245950,0.85472673,0.86482996,0.87611139,0.88926744,0.90246189,0.91590214,0.92853403,0.93797046,0.94339299,0.94565773,0.94476587,0.94189763,0.93947887,0.93600249,0.93462193,0.93261731,0.92626297,0.92054313,0.92120200,0.92309958,0.91827112,0.90454316,0.88603252,0.85553610,0.79342252,0.67887372,0.55828321,1.10241818,2.94682789,1.28396773,2.78369617,2.88106894,0.82679164,1.01721025,0.84576660,0.87284166,0.31992534,0.22119349,0.28183627,0.37694618,0.44573641,0.54416978,0.59963965,0.63694787,0.66387868,0.68304533,0.69063610,0.68642539,0.67675364,0.66020137,0.65361959,0.64303023,0.64166647,0.64084750,0.63986820,0.64652967,0.65181386,0.66089082,0.66028130,0.64340580,0.63407993,0.62030238,0.61180037,0.60929489,0.59492439,0.59237587,0.62142074,0.62973040,0.61005515,0.56813544,0.52666235,0.49881837,0.48171967,0.47733089,0.46809825,0.44993356,0.42530653,0.40177095,0.39571315,0.40174267,0.40979686,0.36703202,0.36998576,0.35864803,0.32355759,0.26474997,0.27159047,0.15879092,0.16908990,0.17516007,0.20571306,0.12028618,0.32548717,-0.10001918
196,NF_049,0.06410260,0.86538500,0.07051280,-1.49398744,-1.47579026,-1.45406997,-1.42876470,-1.40162587,-1.37480795,-1.34992874,-1.32598996,-1.30129731,-1.27428949,-1.24493110,-1.21347404,-1.17906070,-1.14508891,-1.11413312,-1.08550763,-1.05877137,-1.03536189,-1.01432872,-0.99242222,-0.97108656,-0.95147377,-0.93270272,-0.91028893,-0.88777280,-0.86847258,-0.85077578,-0.83505976,-0.80851722,-0.75447607,-0.68084931,-0.61613315,-0.56058568,-0.51459432,-0.47693625,-0.44268474,-0.41021910,-0.37848476,-0.34875631,-0.31846249,-0.28880206,-0.25897205,-0.22860801,-0.20160252,-0.17598206,-0.15066016,-0.12543923,-0.10062241,-0.07533312,-0.04967373,-0.02322087,0.00066867,0.02254016,0.04225862,0.06777216,0.08613319,0.10059647,0.11432913,0.12792835,0.14323628,0.15968080,0.17927527,0.19744605,0.21802706,0.23486330,0.25343186,0.27059996,0.28838021,0.30606341,0.32189956,0.33989927,0.36564347,0.39564678,0.41014490,0.41449115,0.41604772,0.41299978,0.41832694,0.42888522,0.44157365,0.45484984,0.47166294,0.48819441,0.50839156,0.52784026,0.54615897,0.56406915,0.58072776,0.59820884,0.61516541,0.62978178,0.64313513,0.65306705,0.66086113,0.66437066,0.67560792,0.58054662,0.48908255,0.59603196,0.58296239,0.43739122,0.36752540,0.39100206,0.34834123,0.34386548,0.33084705,0.32765609,0.34534726,0.36807767,0.38937283,0.41462341,0.44805187,0.48151469,0.51345599,0.54379517,0.57211125,0.59752476,0.62175071,0.64861566,0.67554200,0.70514542,0.74071544,0.77028334,0.79760706,0.82135481,0.83416969,0.84220076,0.84450614,0.84240854,0.83943820,0.83118671,0.82408679,0.81633639,0.81294793,0.82134104,0.82404399,0.82433170,0.83014876,0.82984120,0.86375111,0.88518137,0.97809637,1.36246800,1.66348708,0.30665615,-0.97532278,-0.06345899,-0.89872134,-1.35515797,-1.47292912,-1.02942753,-1.24032891,0.58798784,0.29936597,-0.15087272,0.02461524,0.09761257,0.16727856,0.21514717,0.26428276,0.30830666,0.35324442,0.36696658,0.36238590,0.33558643,0.29950362,0.27795535,0.26062691,0.26389104,0.25678924,0.25651929,0.28832200,0.30378956,0.32428935,0.33820385,0.34412819,0.34733832,0.35329935,0.39084923,0.40363532,0.41619986,0.40861121,0.43789324,0.41647330,0.37806615,0.32710871,0.24953060,0.18195710,0.16147448,0.14699298,0.12196148,0.10993590,0.08126282,0.04908628,0.03837596,0.02839098,0.04384208,0.00786514,0.01909735,-0.00200590,-0.06590440,-0.09250123,-0.02994639,-0.14762063,-0.40534347,-0.05843845,-0.44141540,-0.73571444,-0.89676207,-0.67779505
1031,Resid008,0.11834300,0.61538500,0.26627201,-1.35809100,-1.32347631,-1.28350127,-1.24110627,-1.20060921,-1.16494167,-1.13510776,-1.10769463,-1.07908571,-1.04624021,-1.00698018,-0.95913941,-0.89703220,-0.82445437,-0.75478727,-0.69422197,-0.64962542,-0.62576348,-0.60999429,-0.58906960,-0.55878478,-0.53913540,-0.51723492,-0.48825949,-0.46424854,-0.44464236,-0.42972359,-0.41290966,-0.37639752,-0.28752652,-0.13048711,0.04297731,0.20375028,0.34183890,0.44216892,0.51081288,0.58122653,0.60548896,0.63693434,0.67262447,0.70713997,0.73985142,0.77203274,0.80434239,0.83608383,0.86620682,0.89624566,0.92583829,0.95512432,0.98290139,1.01068366,1.03917265,1.06744552,1.09363997,1.12136018,1.14343715,1.16289973,1.18390739,1.21076620,1.24053276,1.26765406,1.29187191,1.32317483,1.35189247,1.38324833,1.41285074,1.44154060,1.46193326,1.48355210,1.50740790,1.52585840,1.55176353,1.56122935,1.55601132,1.54338765,1.53759611,1.54519296,1.55478919,1.56514716,1.57700074,1.59364772,1.61195421,1.63571274,1.65974295,1.69153583,1.72236085,1.75897729,1.78018844,1.78677893,1.79825437,1.80050790,1.79969406,1.79337502,1.77136624,1.74770284,1.70353377,1.67370784,1.57878292,1.37124217,1.44673193,1.22711861,1.02666521,0.92397481,0.86716878,0.84431803,0.83216578,0.82382149,0.84627849,0.88315988,0.92635202,0.98029405,1.04022610,1.10085392,1.15150654,1.19987130,1.24232888,1.28463984,1.32450819,1.36868405,1.40371346,1.45222926,1.50119150,1.54227960,1.57681382,1.60719192,1.62351072,1.62733114,1.62378561,1.61516392,1.60696220,1.60015333,1.58859026,1.56775594,1.56116724,1.55551350,1.54201639,1.51963818,1.50094903,1.52099407,1.51708341,1.52772045,1.47579896,1.38724303,0.31855902,-1.42209971,-1.20568681,-1.11840880,-1.26570582,1.35593069,-0.18295671,0.88781351,-0.11587039,0.47104007,0.26064608,0.20459694,0.27905384,0.34585863,0.44392812,0.51263404,0.55851763,0.65369481,0.77144259,0.77677351,0.71312207,0.66415405,0.65805393,0.62428236,0.62756073,0.65058100,0.66130567,0.67869538,0.69430155,0.73363703,0.75530189,0.81087834,0.82604462,0.81010729,0.80127293,0.82335031,0.81228954,0.82460749,0.83859122,0.83347154,0.79129940,0.79083782,0.65045875,0.59945130,0.61509764,0.57729983,0.52209312,0.53842521,0.46670505,0.43134701,0.42258671,0.27136704,0.34440303,0.35045359,0.37929597,0.04717959,0.07929654,0.15142302,-0.05207719,-0.60005724,-0.33519390,-0.19705386,-0.81733471,-1.24053955,-0.63147932,-1.26048148,-1.37275672
1286,COP_20160316_5-10-E,0.49267501,0.50732499,0.00000000,-1.56099689,-1.54420316,-1.52550244,-1.50917256,-1.49737501,-1.48716855,-1.47881162,-1.47215331,-1.46511281,-1.45553362,-1.43733871,-1.40058601,-1.33952677,-1.27522051,-1.23292232,-1.20843387,-1.20367622,-1.22052562,-1.23966169,-1.24688196,-1.24556708,-1.24760568,-1.25243115,-1.24740219,-1.25238979,-1.27030492,-1.28387797,-1.29780245,-1.28424156,-1.18561423,-0.95769757,-0.69733602,-0.45908684,-0.26131511,-0.12786280,-0.05011196,0.00022963,0.02869014,0.05405259,0.08124296,0.10843904,0.13513848,0.16129710,0.18599367,0.21047066,0.23601203,0.26069444,0.28510740,0.30836207,0.32999283,0.35105985,0.37110013,0.38859826,0.39594921,0.39581764,0.38807872,0.38045898,0.39027357,0.40814143,0.43361852,0.47424087,0.52287561,0.56387705,0.60263294,0.63938397,0.67242843,0.70228958,0.72906899,0.75266552,0.77308702,0.79105818,0.81172419,0.83609462,0.81889212,0.75170493,0.67333078,0.63272506,0.63202739,0.64222646,0.65525115,0.67619759,0.70638484,0.74397886,0.78600895,0.82841712,0.86958146,0.90633953,0.93521720,0.95377058,0.96210903,0.95600122,0.92986250,0.88082927,0.81252724,0.74648458,0.95531803,0.57422125,0.36105323,0.39300761,0.57073605,1.40202117,0.32218751,-1.09395707,-0.85529268,-0.80080199,-0.71895999,-0.67553091,-0.66051102,-0.59735107,-0.51632142,-0.44321916,-0.37050146,-0.29782608,-0.22822087,-0.16186818,-0.09698585,-0.03453863,0.02428453,0.08415066,0.14327858,0.20393820,0.26628783,0.32294312,0.37223297,0.41351372,0.44394332,0.46231344,0.47084469,0.46676582,0.44971853,0.42553788,0.39541796,0.35815370,0.32526490,0.30005309,0.26093075,0.21152966,0.16972853,0.13972746,0.10823793,0.13539441,0.24341556,0.29146808,0.56240535,1.33800769,1.29559267,1.02228665,0.71679586,-0.03604273,-0.36403373,-0.23081912,-0.39784679,-0.81684601,-0.89742231,-0.91562599,-0.90257674,-0.86926812,-0.83454669,-0.79717433,-0.75829595,-0.71843517,-0.67497057,-0.65833420,-0.65580636,-0.65922046,-0.66538280,-0.67019498,-0.67083877,-0.66568768,-0.65330243,-0.63586122,-0.61251730,-0.58181107,-0.54920530,-0.51933432,-0.49272692,-0.47125909,-0.45284873,-0.43763605,-0.42244869,-0.41056150,-0.40201786,-0.40294257,-0.41852361,-0.45738921,-0.51267910,-0.56756574,-0.61409175,-0.63823766,-0.65227580,-0.68201023,-0.71732783,-0.73677438,-0.75133181,-0.76644552,-0.77887142,-0.78971523,-0.79315573,-0.80395639,-0.82101011,-0.83954436,-0.84641683,-0.87919724,-0.92320454,-0.93340474,-0.95354456,-0.97035557,-0.98132229,-0.88694578,-0.52837116
24,Resop084,0.07100590,0.24852100,0.68047303,-1.38721240,-1.35700274,-1.32311440,-1.28541398,-1.24812484,-1.21550667,-1.18970346,-1.16648757,-1.14066851,-1.10907006,-1.07130313,-1.02710128,-0.97409642,-0.91614062,-0.86080182,-0.80945510,-0.76441848,-0.73040807,-0.70249879,-0.67565316,-0.64555085,-0.62333900,-0.60262150,-0.57588875,-0.55099702,-0.53129500,-0.51532751,-0.50066561,-0.46973675,-0.40067187,-0.29761562,-0.19599336,-0.11187905,-0.02897855,0.03919141,0.08564670,0.12354622,0.15053476,0.17738192,0.20161794,0.22545841,0.24425204,0.25957611,0.28727400,0.31586236,0.33880147,0.35990894,0.37988752,0.39934844,0.41417399,0.41746661,0.43164077,0.45294902,0.43581128,0.42351902,0.44622254,0.47892019,0.52406853,0.55298990,0.58398092,0.61124945,0.63688034,0.65938121,0.68058169,0.70069420,0.71652853,0.73777062,0.75616527,0.77375901,0.78362149,0.78506351,0.76240909,0.70983803,0.71402025,0.73483765,0.75889766,0.80730361,0.83841848,0.85336065,0.86835116,0.88410014,0.90273905,0.92609537,0.94822001,0.96708304,0.98387206,1.00107098,1.01524007,1.02412462,1.03054237,1.03115749,1.02254403,1.00298798,0.96653593,0.92555267,0.79869992,0.68237597,0.51732945,0.35550240,0.33864090,0.32375205,0.28267089,0.28853607,0.28944033,0.28293663,0.31818134,0.34151542,0.35540071,0.40980998,0.48548794,0.55240774,0.60920346,0.66242611,0.70736718,0.74645120,0.78223222,0.81242323,0.84136987,0.86900562,0.89342415,0.92082173,0.94799489,0.97147393,0.99178487,1.00670135,1.01905298,1.02444208,1.02759588,1.02804387,1.02218735,1.02154982,1.01366901,1.00274122,0.98927259,0.97992992,0.96638513,0.94450897,0.92217076,0.88951379,0.87957698,0.82403862,0.71299702,0.70361316,0.09317014,-1.24144292,0.41858006,0.09647225,1.24533331,0.28753272,0.14786732,-0.45140505,-0.78216398,-0.46878749,-0.36618909,-0.29723898,-0.21817571,-0.08531459,-0.01173764,0.05534529,0.11159590,0.18042986,0.26299798,0.30385268,0.33175156,0.35026309,0.36966860,0.37932077,0.41331294,0.42269772,0.45888665,0.47561118,0.50459081,0.56228662,0.56841028,0.58840293,0.59387004,0.58497167,0.57615948,0.56782740,0.54286259,0.53558689,0.56006342,0.57547516,0.57878792,0.56931990,0.52451116,0.46839297,0.43987426,0.42120495,0.43665525,0.41887596,0.33591622,0.31470054,0.33736667,0.25977525,0.29579052,0.29207274,0.21025074,0.10826971,0.20442936,-0.05262363,-0.19091615,-0.02614704,0.09933005,0.30746996,0.59533972,0.39935660,0.59996504,-0.44166246,-0.56792146
1343,QUE_T3.01.H,0.00000000,0.94999999,0.05000000,-1.27661812,-1.25167418,-1.22362351,-1.19187856,-1.15951753,-1.13066566,-1.10540032,-1.08114195,-1.05529821,-1.02614832,-0.99507052,-0.96379316,-0.93194854,-0.89952391,-0.86716157,-0.83470196,-0.80157226,-0.76932639,-0.73923182,-0.70913082,-0.67873615,-0.64676678,-0.61303043,-0.57804108,-0.54239470,-0.50546908,-0.46735641,-0.42853686,-0.38760427,-0.34205660,-0.29476997,-0.24549088,-0.19575147,-0.14498077,-0.09512030,-0.04774987,0.00342715,0.04531872,0.08677323,0.13027921,0.17375587,0.21607175,0.25756332,0.29976586,0.34118730,0.38151351,0.42062885,0.45937234,0.49883425,0.53681093,0.57189876,0.60680622,0.64150983,0.66097522,0.68193215,0.71619052,0.75848377,0.79807240,0.83381814,0.86805415,0.90216810,0.93816072,0.96981174,1.00307143,1.03609324,1.07061410,1.10360754,1.13451660,1.16394377,1.19182110,1.21590877,1.22941864,1.22931492,1.25607514,1.28419864,1.30364013,1.33760309,1.36443758,1.38349605,1.40321851,1.42352498,1.44662869,1.47365999,1.50392950,1.53642845,1.56878436,1.59876502,1.62740314,1.65189970,1.67593920,1.69791102,1.71348417,1.72106791,1.71619976,1.70007551,1.64826429,1.63711631,1.71298659,1.31478274,1.36312997,1.29688025,1.29506445,1.24633646,1.22238398,1.20227051,1.21237493,1.22897899,1.23717725,1.26269960,1.30198908,1.34501600,1.38791800,1.43023646,1.46719158,1.49528015,1.51939535,1.54183412,1.56538820,1.58844972,1.61726248,1.65696895,1.70107675,1.73994482,1.76976836,1.78825223,1.79284203,1.78089273,1.76129901,1.74881399,1.74284708,1.73596334,1.72964048,1.71455646,1.71521795,1.72674620,1.73097992,1.72385645,1.71461725,1.70883882,1.69817507,1.67087424,1.64783680,1.52192211,3.29494405,4.49968004,2.03301167,0.79158896,2.27138591,5.35503054,1.84942257,2.38676023,3.59745359,2.70159245,0.76366043,0.97877067,1.04990864,1.13389552,1.20745230,1.26737130,1.31302798,1.35615838,1.38929749,1.32379162,1.23917651,1.15625179,1.07389569,0.99338001,0.93441910,0.89775616,0.87103385,0.86211276,0.87118715,0.89172739,0.91142666,0.93212163,0.94804609,0.98157179,1.00648463,1.02976894,1.04468703,1.06895590,1.08381081,1.08965361,1.06827295,0.99017173,0.89569944,0.81233954,0.74956876,0.72938961,0.73110723,0.71278805,0.67268878,0.63968849,0.62976289,0.60577619,0.57920861,0.59834301,0.59911031,0.57766604,0.62424332,0.64060020,0.64825737,0.44698870,0.48357332,0.49582979,0.31349969,0.17163663,-0.14740609,-0.69685179,-0.59162742
961,CHI_ADFA09_20120225,0.52064598,0.47935399,0.00000000,-1.55965614,-1.55203784,-1.54240489,-1.52928519,-1.52068508,-1.51145446,-1.50476217,-1.49995255,-1.49573362,-1.49346864,-1.48581839,-1.47265875,-1.44586396,-1.40480161,-1.37537217,-1.35621715,-1.34897709,-1.35934508,-1.37780392,-1.37932205,-1.37991381,-1.38334882,-1.38910735,-1.38763428,-1.38661349,-1.39519012,-1.40122592,-1.40665960,-1.40272534,-1.36424315,-1.23640311,-1.05107081,-0.83806509,-0.63664722,-0.49789134,-0.42184898,-0.39840737,-0.36052641,-0.34111506,-0.32507268,-0.30840296,-0.29204527,-0.27876133,-0.26334602,-0.24818788,-0.23243144,-0.21652962,-0.20443392,-0.19366354,-0.18276811,-0.17844148,-0.17104822,-0.16143452,-0.16163506,-0.16863753,-0.17018989,-0.18486375,-0.18506673,-0.18124075,-0.16929744,-0.15035760,-0.09911410,-0.06924554,-0.04700349,-0.01657774,0.00496292,0.02911248,0.04746099,0.06190370,0.07681958,0.08348234,0.08458234,0.07966663,0.05239879,0.01247420,-0.05145316,-0.08182059,-0.09813598,-0.10226814,-0.10610781,-0.10433072,-0.08143893,-0.04699869,-0.00577778,0.02812665,0.06144000,0.08654945,0.10733157,0.12523508,0.13509770,0.13328883,0.11250507,0.07762030,0.02168218,-0.03687466,-0.09876492,-0.16233844,-0.27797487,-0.37973490,-0.55563903,-0.68103105,-0.78634030,-0.85671932,-0.88332534,-0.90490150,-0.90270686,-0.89640135,-0.88498849,-0.85979098,-0.82780862,-0.79343778,-0.75653231,-0.71976024,-0.68567538,-0.65478301,-0.62374294,-0.59532988,-0.56799847,-0.53923589,-0.50952202,-0.47902945,-0.44914171,-0.41980299,-0.39896980,-0.37925556,-0.37286788,-0.37556478,-0.38586211,-0.39964303,-0.41995421,-0.44347191,-0.47147140,-0.49129283,-0.50008851,-0.49379572,-0.49338943,-0.49717230,-0.49596640,-0.48943254,-0.48233154,-0.46855003,-0.46521708,-0.46292862,-0.50243866,-0.41092655,-0.61297512,-0.60283625,-0.73418927,-0.86430442,-0.93253005,-1.11901939,-1.19314146,-1.13634241,-1.09983671,-1.09337342,-1.06818593,-1.04416895,-1.01154542,-0.97617370,-0.95119494,-0.94582474,-0.94719964,-0.93750316,-0.94272846,-0.94023728,-0.95542294,-0.96330553,-0.96808058,-0.96930242,-0.96969992,-0.96358949,-0.95187634,-0.94743532,-0.94008195,-0.92441738,-0.91026360,-0.89994454,-0.89080244,-0.87260544,-0.85913634,-0.84875393,-0.84044683,-0.83901942,-0.86585957,-0.89525729,-0.94899774,-0.98393190,-1.02358007,-1.03409958,-1.05044305,-1.07908666,-1.09685946,-1.07434118,-1.08634138,-1.10344768,-1.11451292,-1.10411060,-1.12498796,-1.13024044,-1.12234843,-1.17125165,-1.18844545,-1.22048366,-1.21924818,-1.22623754,-1.25272310,-1.31908548,-1.25448501,-0.96773237,-0.34981048
229,NF_086,0.07051280,0.05128210,0.87820500,-1.09332645,-1.06881225,-1.04545105,-1.02162731,-0.99929368,-0.97941232,-0.96115112,-0.94323921,-0.92424971,-0.90292704,-0.87922484,-0.85425562,-0.82814097,-0.80157328,-0.77633017,-0.75203812,-0.72873312,-0.70573348,-0.68352962,-0.66216999,-0.64089870,-0.61973560,-0.59651333,-0.57142442,-0.54423445,-0.51778626,-0.48943931,-0.46106550,-0.43169722,-0.39904052,-0.36218700,-0.32367936,-0.28947142,-0.25331932,-0.21787046,-0.18646263,-0.15804791,-0.12661250,-0.09867576,-0.07142393,-0.04367099,-0.01804889,0.00721259,0.03705532,0.06735674,0.09513304,0.12257313,0.14913981,0.17546554,0.19920479,0.21802379,0.23961622,0.26490164,0.27241457,0.27965614,0.30597064,0.33954376,0.37718737,0.40559879,0.43580848,0.46145290,0.48721910,0.50949562,0.53093475,0.55202466,0.57487518,0.59432346,0.61024749,0.62632930,0.64003038,0.65067613,0.65808314,0.64993846,0.65755564,0.68160939,0.70494539,0.73710287,0.75912184,0.77476352,0.79002470,0.80559790,0.82187229,0.83705050,0.85307151,0.86893243,0.88261956,0.89567792,0.90753198,0.91897535,0.92468512,0.92872709,0.92987859,0.92801845,0.92548746,0.92284995,0.90281945,0.96168643,0.93625164,0.75620407,0.77670383,0.78461552,0.79169720,0.81301594,0.84773642,0.86798048,0.89233035,0.90823358,0.91570890,0.94383818,0.97155339,0.99753577,1.01653433,1.03147256,1.04650426,1.06018102,1.07181001,1.07963967,1.08725309,1.09582329,1.10648656,1.11513531,1.12175524,1.13039064,1.13559890,1.14031887,1.14296293,1.14600110,1.15056980,1.15358901,1.15883112,1.16005492,1.16262555,1.16131365,1.16001725,1.15702212,1.15491939,1.15701210,1.14860916,1.11385357,1.11674774,1.14774013,1.06916010,1.53026950,2.05313373,-0.62655938,-1.73316956,-1.75242341,-1.70793831,-1.48631740,-1.74552870,-1.73549485,-0.65713578,0.32221088,1.11429584,0.82870370,0.95532274,0.90268600,0.93021256,0.94581664,0.98525894,1.03586400,1.05922377,1.06239223,1.06309390,1.07259667,1.06488729,1.07888842,1.08100545,1.08404756,1.08622348,1.08844876,1.08181345,1.09700966,1.10352325,1.08091319,1.03531957,1.01004052,0.99746424,0.97228611,0.93486667,0.89720482,0.90148634,0.97244197,0.99083364,1.00622880,1.02507567,0.99962056,0.98570067,0.97195822,0.97151971,0.94880450,0.91759312,0.91773689,0.91057777,0.84362131,0.82766759,0.82767951,0.79050803,0.77231574,0.81209534,0.82556319,0.68515539,0.85835218,0.76333624,0.65044475,0.74092770,0.83922899,0.96796858,0.66027963,-1.02720094
359,COP_20160112_2-20-E,0.16514599,0.83485401,0.00000000,-1.38086784,-1.36534989,-1.34850144,-1.33055532,-1.31395745,-1.29872274,-1.28492916,-1.27213824,-1.26026106,-1.24769199,-1.23235416,-1.20946205,-1.17521262,-1.13579917,-1.10115373,-1.07374692,-1.05770028,-1.04891860,-1.04706192,-1.03884149,-1.02661884,-1.01847816,-1.01165807,-0.99808794,-0.98607522,-0.98320782,-0.98572963,-0.98952734,-0.97380900,-0.90592420,-0.76346469,-0.60976171,-0.47643819,-0.36906222,-0.29465404,-0.24501549,-0.20823525,-0.17725863,-0.14994673,-0.12204177,-0.09498041,-0.06858914,-0.04327729,-0.01908240,0.00477279,0.02901759,0.05295820,0.07644399,0.09885549,0.12001448,0.14007582,0.16096218,0.17963883,0.18782346,0.19534479,0.19358243,0.19132470,0.20202801,0.21959251,0.24290675,0.26570004,0.29314807,0.32794544,0.36240482,0.39766636,0.43111491,0.46269652,0.49070805,0.51395380,0.53340679,0.55062699,0.56886137,0.59159338,0.58870602,0.55173016,0.50763965,0.48582262,0.48850363,0.50051796,0.51462668,0.53494978,0.56373614,0.59906334,0.63868701,0.67951667,0.71862453,0.75525028,0.79030257,0.81507313,0.83218729,0.84049785,0.83612126,0.81600380,0.78278548,0.75145465,0.80319482,0.15735494,0.06440672,0.00548914,0.26536629,-0.18021718,-0.37367338,-0.29949638,-0.31966826,-0.33518595,-0.31912953,-0.30549875,-0.29235250,-0.25212559,-0.19925433,-0.14641686,-0.09007861,-0.03368929,0.02034986,0.07025509,0.11803628,0.16351871,0.20737247,0.25208890,0.29819900,0.34810260,0.40137407,0.44820380,0.48891708,0.52200919,0.54406297,0.55563635,0.56162304,0.55675864,0.54061329,0.51954347,0.49403319,0.46467263,0.44285420,0.43216851,0.41180989,0.38240492,0.36134726,0.35622552,0.36641711,0.41234910,0.44965380,0.48012897,0.59628606,0.80990446,0.73767269,0.62518406,0.44251156,0.06241192,-0.17115925,-0.27695060,-0.54343957,-0.71356165,-0.75857085,-0.75505543,-0.72465765,-0.67697930,-0.63167495,-0.58233005,-0.53082955,-0.47507912,-0.42637929,-0.40906942,-0.40245271,-0.40312967,-0.41242892,-0.42621499,-0.43650636,-0.43776739,-0.43133718,-0.41959381,-0.40166870,-0.37855041,-0.35075039,-0.32092845,-0.29554558,-0.27652463,-0.25988311,-0.24427716,-0.22740401,-0.21346088,-0.20753667,-0.20883451,-0.23238306,-0.27962238,-0.34022588,-0.39996031,-0.44463900,-0.47166389,-0.48723465,-0.51972353,-0.56075442,-0.57855827,-0.59246123,-0.60538745,-0.61338061,-0.61801237,-0.62515670,-0.63568991,-0.64787227,-0.66253823,-0.69237721,-0.72036129,-0.74507642,-0.77060306,-0.81187314,-0.87383467,-0.84120071,-0.77061379,-0.68635106
1361,QUE_T3.03.F,0.00000000,0.47000000,0.52999997,-1.40839446,-1.39135230,-1.37158000,-1.34798014,-1.32464433,-1.30437183,-1.28746343,-1.27095258,-1.25292039,-1.23167849,-1.20798063,-1.18338406,-1.15818095,-1.13295877,-1.10790479,-1.08225286,-1.05690622,-1.03271985,-1.01156640,-0.99008435,-0.96913803,-0.94776636,-0.92501384,-0.90023565,-0.87373507,-0.84646821,-0.82125211,-0.79776752,-0.76574564,-0.71815544,-0.66657966,-0.62069702,-0.57787502,-0.53920174,-0.50388247,-0.46849814,-0.42723903,-0.39687088,-0.36616597,-0.33332321,-0.30131471,-0.26913899,-0.23715888,-0.20893981,-0.18266457,-0.15688552,-0.13207044,-0.10646119,-0.07946809,-0.05130042,-0.02184777,0.00382506,0.02568135,0.05364043,0.07172635,0.08910190,0.10706688,0.12433584,0.14096664,0.15754613,0.14133228,0.12099119,0.14035311,0.15930218,0.17877769,0.19928905,0.21553865,0.23434840,0.25317594,0.27271116,0.29828990,0.31783167,0.34170941,0.36679152,0.36596555,0.36879191,0.37075609,0.37478194,0.38550803,0.39792952,0.41029119,0.42502347,0.44058406,0.45766407,0.47507200,0.49379364,0.51249868,0.53004801,0.54128242,0.55031806,0.55934852,0.57159984,0.57980460,0.58087033,0.57434487,0.56147724,0.78784341,0.38931999,0.62137675,0.80611283,0.36153352,0.14013097,0.08321742,0.04669205,0.02282226,0.01133938,0.01130210,0.02629791,0.05654439,0.08842960,0.12189697,0.16009986,0.19881704,0.23547353,0.26734915,0.29776359,0.32638395,0.35273281,0.37755710,0.40021273,0.42703089,0.45396873,0.47603887,0.49477479,0.50857615,0.51706719,0.51862001,0.51725954,0.51440281,0.51211023,0.50984758,0.50436407,0.49446931,0.48688558,0.48041296,0.46805385,0.45356953,0.43973428,0.43476820,0.43052220,0.43322283,0.43487218,0.57993031,2.13583231,2.21855593,-0.68881261,-0.50347137,1.36473560,1.26817131,1.29660654,3.14350533,1.10473013,-0.18324676,-0.69903809,-0.63837647,-0.51169831,-0.47185388,-0.44743580,-0.39254519,-0.35032317,-0.29555282,-0.25899673,-0.23649676,-0.22057016,-0.21889801,-0.21230187,-0.21635830,-0.21353695,-0.20486291,-0.19569373,-0.18073452,-0.16168962,-0.13907421,-0.11140694,-0.09525936,-0.07960154,-0.06456717,-0.05571212,-0.04220580,-0.02745330,-0.01722456,-0.01627005,-0.01381085,-0.01097957,-0.04758966,-0.07604281,-0.12357695,-0.16374660,-0.17109731,-0.18732142,-0.21757410,-0.24822669,-0.26738012,-0.28627789,-0.31167656,-0.32714388,-0.35252982,-0.40327412,-0.36992359,-0.42213926,-0.42955273,-0.50071138,-0.50866777,-0.43971100,-0.60568434,-0.83814162,-0.79393458,-0.97249955,-1.53516638,-1.71547508
110,Res024,0.00000000,0.92053002,0.07947020,-1.59030318,-1.57170093,-1.54961967,-1.52632344,-1.50340331,-1.48230636,-1.46368146,-1.44701195,-1.43018878,-1.41104805,-1.38944471,-1.36592770,-1.34122729,-1.31582654,-1.29050434,-1.26535463,-1.24005926,-1.21689034,-1.19667339,-1.17827976,-1.16009402,-1.14217210,-1.12265313,-1.10485327,-1.08705473,-1.06895566,-1.05430067,-1.04428232,-1.02358162,-0.97921097,-0.93148708,-0.89495820,-0.86482131,-0.83794099,-0.81278628,-0.78861928,-0.76147294,-0.74205363,-0.72313225,-0.70305085,-0.68331659,-0.66411126,-0.64512771,-0.62760025,-0.61053568,-0.59536648,-0.58031398,-0.56481355,-0.54870784,-0.53259027,-0.51537228,-0.49919420,-0.48580170,-0.47669119,-0.45901251,-0.44864050,-0.43892175,-0.42817637,-0.41625395,-0.40292504,-0.40825373,-0.41222394,-0.40154144,-0.38301775,-0.36854711,-0.35600618,-0.33954459,-0.32814503,-0.31348249,-0.29870874,-0.28514248,-0.26580113,-0.24908829,-0.25120088,-0.25076616,-0.26062527,-0.25255588,-0.24483973,-0.23495445,-0.22735235,-0.21404646,-0.19966756,-0.18548580,-0.17052902,-0.15297060,-0.13404526,-0.11618908,-0.09768046,-0.09034459,-0.08440015,-0.07838690,-0.07458919,-0.07634816,-0.08418572,-0.08917376,-0.10141811,0.00473177,-0.08855066,-0.48571080,-0.11713167,-0.20869662,-0.26482615,-0.47856152,-0.52713972,-0.56613725,-0.57690924,-0.56933677,-0.55662775,-0.52432710,-0.49818358,-0.46859083,-0.43469352,-0.39746511,-0.36360767,-0.33084378,-0.29829445,-0.26864454,-0.24168265,-0.21529441,-0.18931799,-0.15884852,-0.12931174,-0.10699571,-0.08308841,-0.06406175,-0.04700980,-0.04112579,-0.03722243,-0.03913613,-0.04811272,-0.05266909,-0.05771743,-0.07186344,-0.08053911,-0.08231561,-0.09516213,-0.11084905,-0.12304290,-0.13667250,-0.11971357,-0.07559640,0.04740957,-0.62475228,-1.22684133,-1.74391711,-1.40678298,-1.37931120,-0.95539647,0.28613883,-1.51581025,-1.74240029,-1.46565449,1.24240434,-0.80199480,-0.93267655,-0.80810905,-0.88134348,-0.83091289,-0.80010575,-0.76828539,-0.71997702,-0.63843983,-0.64108574,-0.67704201,-0.68820155,-0.68441784,-0.69066966,-0.68587923,-0.68767077,-0.68078935,-0.67268938,-0.64820755,-0.63491392,-0.61573094,-0.60576171,-0.59486628,-0.57339531,-0.56351513,-0.54566795,-0.53504831,-0.52822369,-0.51776063,-0.50864011,-0.52077121,-0.55264574,-0.59390783,-0.62559015,-0.64485097,-0.68423945,-0.70455515,-0.70631039,-0.72223300,-0.73380882,-0.75003469,-0.78120643,-0.75168592,-0.83909297,-0.90321606,-0.60322350,-0.86563230,-0.73619324,-0.44646704,-0.30508378,-0.88598120,-0.56055951,-0.86436141,-0.73123544,-1.12158418,-0.56758571,-1.69672775
1146,OPE3_025,0.10897400,0.30769199,0.58333302,-1.39989233,-1.37602031,-1.35001516,-1.32018971,-1.28899157,-1.26338840,-1.24529123,-1.22899771,-1.20970070,-1.18404579,-1.15249217,-1.11568642,-1.07399881,-1.02961314,-0.98821247,-0.94810474,-0.91023088,-0.87635517,-0.84648573,-0.81771600,-0.79164827,-0.76876438,-0.74635023,-0.72006482,-0.69399089,-0.66944861,-0.64526981,-0.62108707,-0.58743519,-0.53135341,-0.46063301,-0.39044127,-0.32004419,-0.26096803,-0.21629098,-0.17798094,-0.13801605,-0.11131836,-0.08833226,-0.06246322,-0.03828048,-0.01421846,0.01153243,0.03054191,0.04812254,0.06669262,0.08570817,0.10431822,0.12300165,0.14174937,0.16520010,0.18547271,0.20260599,0.22911799,0.26099479,0.27126491,0.27417845,0.27571657,0.28531191,0.29774722,0.30745196,0.31756967,0.33435309,0.35023716,0.36709139,0.38138077,0.39485845,0.40788621,0.42121103,0.43496451,0.45315889,0.48272070,0.53471774,0.55204803,0.53216130,0.51542181,0.49457169,0.49083847,0.49487200,0.50076079,0.50983149,0.51668298,0.52491927,0.53542727,0.54675126,0.55780596,0.57164729,0.57925910,0.58327836,0.58749884,0.59137863,0.59396565,0.59443474,0.59755701,0.61183351,0.65703911,0.48157078,0.47790185,0.23249875,0.57706958,0.58689308,0.36496007,0.25284731,0.17031798,0.14777301,0.08897347,0.07751875,0.10505163,0.12309000,0.13964145,0.16319945,0.19785880,0.23420607,0.26941383,0.30240011,0.33228117,0.36172867,0.38963506,0.41076425,0.43126613,0.45454764,0.47299328,0.48709732,0.50258195,0.51372546,0.52070624,0.52616382,0.52807468,0.53189230,0.53503066,0.53482616,0.53077507,0.52632439,0.52072769,0.51109964,0.49901050,0.48827481,0.48364881,0.46993786,0.48961309,0.55461103,0.66828316,0.20462510,-0.62761766,1.93196285,-0.14557114,-1.16491020,-1.69261003,-1.40275264,-0.95429820,-1.38929427,-0.97289592,-1.39491189,-1.20631170,-0.75993705,-0.62631983,-0.53905565,-0.50977284,-0.45955417,-0.40523946,-0.33726594,-0.25438964,-0.25126657,-0.23522812,-0.19959183,-0.16864033,-0.14518400,-0.12531583,-0.08564740,-0.05596383,-0.03655563,-0.01312990,0.00237377,0.03823981,0.06263442,0.06193747,0.05686459,0.06323368,0.07905884,0.08354124,0.06978601,0.05682345,0.09093355,0.10277566,0.10479220,0.08308256,0.05623354,0.01930186,-0.00066622,0.00017950,-0.02256856,-0.04663783,-0.08062617,-0.15467499,-0.16490807,-0.13025409,-0.17698061,-0.17030862,-0.29869506,-0.29723877,-0.27759123,-0.44770247,-0.74828857,-0.50753260,-0.17331998,-0.04702417,-0.44015229,-1.16235936,-0.84065872,-0.49119082
1669,SSC_BAPI10_20111107,0.50711501,0.49288499,0.00000000,-1.63726783,-1.62110209,-1.58048475,-1.53388929,-1.48274040,-1.44434261,-1.41194332,-1.38556230,-1.37071526,-1.35213387,-1.33802867,-1.31264091,-1.27416599,-1.22857237,-1.19189870,-1.16925657,-1.15636396,-1.15915501,-1.17095149,-1.16495693,-1.15417397,-1.15116394,-1.15310454,-1.14768708,-1.14118195,-1.14952648,-1.15365589,-1.16371894,-1.15596426,-1.09254074,-0.94018358,-0.74234998,-0.52723026,-0.31913397,-0.16678892,-0.07801458,-0.03778184,0.01766898,0.05436005,0.08855990,0.12133815,0.15379715,0.18118371,0.21109307,0.24626087,0.27679026,0.30450428,0.33430308,0.36261705,0.39155248,0.40865025,0.43631893,0.46636474,0.48203051,0.48326945,0.48330873,0.47494414,0.48890841,0.49976844,0.53942484,0.57036114,0.69106054,0.73116964,0.78269780,0.82553279,0.85464120,0.89306754,0.92620361,0.95156080,0.96355855,0.97162259,0.96625966,0.94598681,0.90403342,0.81206822,0.69867140,0.64319825,0.60939771,0.58934504,0.58075863,0.58312762,0.61252135,0.66944122,0.72982341,0.78354508,0.82665300,0.85655141,0.88703150,0.90270048,0.90390229,0.88154912,0.83465606,0.75783306,0.65741146,0.55688488,0.49733940,0.43995771,0.90831679,0.22820134,-0.00103479,-0.42694584,-0.59339726,-0.66120613,-0.70152408,-0.73054266,-0.72894746,-0.73059702,-0.71497554,-0.68199116,-0.64515048,-0.60561025,-0.56001025,-0.51292205,-0.46681923,-0.42136261,-0.38030145,-0.34049127,-0.30203411,-0.26219565,-0.22634865,-0.18869676,-0.15371300,-0.12631580,-0.10732175,-0.08778629,-0.07967762,-0.09007289,-0.11698454,-0.15063515,-0.19790168,-0.23973705,-0.27799031,-0.30643585,-0.31580427,-0.30765283,-0.31482384,-0.33631551,-0.33702755,-0.33195549,-0.33204043,-0.37360200,-0.43848911,-0.49800771,5.61911821,2.46249986,-1.75245631,3.23462200,-1.75245631,2.95375824,3.58326626,2.43680072,0.43738374,-0.75815958,-1.09407794,-1.16300833,-1.15922451,-1.09175754,-1.06514299,-1.04165161,-1.00988674,-1.01056373,-0.95696241,-0.95679849,-0.95968300,-0.96238828,-0.96953523,-0.96489102,-0.96581161,-0.95460194,-0.95110047,-0.94852883,-0.93629462,-0.93258923,-0.92124075,-0.91782540,-0.89769620,-0.88768673,-0.87753421,-0.86782378,-0.85906380,-0.85130918,-0.84921384,-0.85547233,-0.87753969,-0.92691177,-0.97770381,-1.01950192,-1.04078102,-1.05387115,-1.08320546,-1.10552871,-1.11619365,-1.10836029,-1.12821150,-1.13117290,-1.12204719,-1.10709286,-1.13972151,-1.15667558,-1.16551638,-1.19489920,-1.27036166,-1.28824759,-1.28909981,-1.27180815,-1.23898602,-1.15004766,-0.76140177,1.45577788,-1.75245631
1159,OPE3_043,0.31410301,0.09615380,0.58974397,-1.49461627,-1.47810745,-1.45986032,-1.44013703,-1.42033005,-1.40167928,-1.38929462,-1.37975955,-1.36797583,-1.35013425,-1.32264650,-1.28350842,-1.23193955,-1.17612517,-1.12956846,-1.09063625,-1.06234956,-1.04811370,-1.04163957,-1.03214717,-1.02298737,-1.02201819,-1.02218902,-1.01387715,-1.00635934,-1.00440896,-1.01252699,-1.02906966,-1.01068592,-0.90161848,-0.72376204,-0.55404109,-0.39277098,-0.26768199,-0.19043061,-0.13866520,-0.08562613,-0.06870635,-0.05432277,-0.03199985,-0.01148125,0.01158911,0.03819622,0.04893226,0.05572754,0.06533167,0.07657896,0.08943646,0.10672343,0.12843832,0.16207737,0.18424112,0.19706672,0.23622891,0.28840426,0.28405192,0.26689550,0.24275063,0.24066842,0.24284062,0.25015932,0.25851807,0.27672622,0.29373005,0.31095800,0.32333180,0.33784252,0.35215434,0.36443913,0.37895989,0.40175247,0.44681177,0.52824324,0.53753757,0.49209401,0.44215280,0.38173720,0.36244619,0.36069751,0.36090645,0.36674759,0.37422636,0.38121879,0.39061081,0.39985982,0.41250077,0.42945901,0.43677443,0.43254715,0.43602234,0.43587720,0.43336144,0.42521280,0.42067721,0.42594317,0.49980444,0.37129763,0.35741490,0.66287512,0.66192740,0.31806284,-0.09560047,-0.29817864,-0.39960694,-0.45722526,-0.50615156,-0.52411491,-0.49091992,-0.46415424,-0.44493300,-0.41695887,-0.36970949,-0.31848353,-0.26504129,-0.21367998,-0.16731186,-0.12089958,-0.07753429,-0.03936307,-0.00678453,0.02326878,0.05049491,0.07154102,0.09179622,0.11029969,0.12317800,0.13024265,0.13432923,0.13236879,0.13311271,0.12826712,0.12217113,0.11088948,0.09406611,0.07659731,0.05242087,0.02956706,0.02324389,0.02187219,0.04408947,0.11050057,0.27557164,0.92813247,-0.52579665,-0.04413446,0.48105031,-1.27050531,-1.75005686,-1.58881021,-1.00327313,-0.36492363,-1.44208050,-1.00565374,-0.61415720,-1.19614971,-1.13827109,-1.07880974,-1.10609162,-1.09746540,-1.05475223,-1.00577879,-0.93872541,-0.92941773,-0.91907346,-0.87904948,-0.84168911,-0.79592735,-0.76598287,-0.74306315,-0.71105820,-0.66859192,-0.64120191,-0.61013639,-0.57670313,-0.55826956,-0.54702938,-0.53873837,-0.52420151,-0.51253712,-0.51477474,-0.51419002,-0.51252991,-0.50766313,-0.49848813,-0.49788478,-0.51814222,-0.53883922,-0.56593728,-0.60883456,-0.63251925,-0.67153585,-0.69514781,-0.69215667,-0.73618197,-0.76867521,-0.82091218,-0.83048660,-0.84732664,-0.89971179,-0.99107784,-1.04235530,-1.13832176,-1.13605917,-1.16706562,-0.98099345,-1.20242357,-1.18467283,-0.42363566,-0.38902071,1.48944771
1542,CHI_CECU02_20110908,0.40285400,0.59714597,0.00000000,-1.53383183,-1.53089464,-1.52249479,-1.51447606,-1.50177872,-1.48647499,-1.47739029,-1.46966898,-1.46479738,-1.45735729,-1.44935131,-1.43625522,-1.41210365,-1.37769854,-1.35256326,-1.33309555,-1.32376242,-1.32965028,-1.33435059,-1.33864069,-1.33425903,-1.33147335,-1.33247578,-1.32958066,-1.33278322,-1.34427464,-1.34651649,-1.35423827,-1.35053992,-1.30484581,-1.16009927,-0.97170311,-0.78607488,-0.62117577,-0.50580996,-0.44077468,-0.42323306,-0.38699624,-0.37048101,-0.35607639,-0.34326598,-0.33104888,-0.32119912,-0.30915543,-0.29441005,-0.28170621,-0.27044103,-0.25990283,-0.24886952,-0.24132003,-0.24269243,-0.23565899,-0.22806859,-0.21708751,-0.24334826,-0.24183737,-0.25433484,-0.25759476,-0.25724873,-0.24277259,-0.22372058,-0.15968490,-0.13894333,-0.11460025,-0.09400931,-0.07110968,-0.05538724,-0.04116213,-0.02410223,-0.01454882,-0.01466883,-0.01399969,-0.03091130,-0.05324252,-0.09325825,-0.15089458,-0.18977316,-0.19986388,-0.20364851,-0.20718737,-0.20390770,-0.18910086,-0.15755454,-0.12391912,-0.09131546,-0.06718962,-0.04655112,-0.03143845,-0.01845603,-0.01355820,-0.01831720,-0.03971178,-0.07568358,-0.12845515,-0.18778326,-0.23606040,-0.30963549,-0.53235191,-0.50430775,-0.63928133,-0.78890139,-0.89823782,-0.95827317,-0.98934883,-1.00295758,-1.00009167,-0.99556565,-0.98365319,-0.96221596,-0.93457228,-0.90358621,-0.87419754,-0.84342486,-0.81472516,-0.78723824,-0.76447725,-0.73952711,-0.71816361,-0.69595325,-0.67395866,-0.64914733,-0.62376666,-0.60316741,-0.58613724,-0.57663649,-0.57570010,-0.58410817,-0.59037536,-0.58927900,-0.59999233,-0.61823767,-0.64185053,-0.66433072,-0.68049103,-0.67332089,-0.67494851,-0.68105674,-0.67835015,-0.67518055,-0.67634487,-0.75105870,-0.77227509,-0.87696666,-0.86774313,0.12550373,-1.10023654,-1.22041786,-1.07721162,-1.30063188,-1.36440468,-1.29715562,-1.34988236,-1.34732401,-1.29599869,-1.22240305,-1.21388662,-1.15271938,-1.11746645,-1.10109365,-1.09159040,-1.08938169,-1.09195161,-1.06709421,-1.06461334,-1.08177555,-1.08984971,-1.10181141,-1.10178101,-1.09982693,-1.09739721,-1.10029674,-1.09911847,-1.09854591,-1.08733892,-1.08433509,-1.07579589,-1.07182145,-1.06228316,-1.05236661,-1.03666890,-1.02089906,-1.02043676,-1.01681411,-1.02560365,-1.05716121,-1.09439254,-1.11722529,-1.14144886,-1.15738809,-1.17375231,-1.19009566,-1.19372308,-1.20083475,-1.19149601,-1.20938122,-1.21544826,-1.23145854,-1.21217179,-1.23363853,-1.25467551,-1.29183459,-1.34763348,-1.35202050,-1.38647699,-1.38752496,-1.42408299,-1.43650150,-1.18292522,-0.68186098,-0.15397979
1364,QUE_T3.03.I,0.00000000,0.56000000,0.44000000,-1.37592423,-1.35694504,-1.33493960,-1.30970764,-1.28454161,-1.26229227,-1.24329412,-1.22495842,-1.20540953,-1.18332779,-1.15948582,-1.13523972,-1.11072993,-1.08593023,-1.06114125,-1.03582680,-1.01027536,-0.98568189,-0.96278292,-0.93988991,-0.91676980,-0.89278489,-0.86769652,-0.84057909,-0.81229377,-0.78287292,-0.75393581,-0.72554636,-0.69152600,-0.64800876,-0.60269052,-0.56058359,-0.51963931,-0.48077917,-0.44456676,-0.40815464,-0.36690897,-0.33310303,-0.30116186,-0.26624891,-0.23213415,-0.19818589,-0.16407543,-0.13294771,-0.10369980,-0.07563403,-0.04794760,-0.01992659,0.00877197,0.03800645,0.06792163,0.09477544,0.11918618,0.13994890,0.16067703,0.18323602,0.20741349,0.23002879,0.24888226,0.26959801,0.29708976,0.33067527,0.35536030,0.37754357,0.40001127,0.42562905,0.44832978,0.47285727,0.49507722,0.51608467,0.54099733,0.56133115,0.58804202,0.61177206,0.62235487,0.62999451,0.63384032,0.64293694,0.65522736,0.67037892,0.68748343,0.70634651,0.72627884,0.74781889,0.77026957,0.79373407,0.81707799,0.83829463,0.85502613,0.87126309,0.88747108,0.89822382,0.90121102,0.89887500,0.89108580,0.88192540,0.85257745,0.66118324,0.44992632,0.48731610,0.71854740,0.48115781,0.42211694,0.37402093,0.34691343,0.33714229,0.34273872,0.35832804,0.37998149,0.41008013,0.44594911,0.48499548,0.52583122,0.56387192,0.59690422,0.62788212,0.65798432,0.68605191,0.71236992,0.73929745,0.77173895,0.80464011,0.83272457,0.85778636,0.87563646,0.88623166,0.88785088,0.88339782,0.87859911,0.87601626,0.87325650,0.86640078,0.85548443,0.84930605,0.84579492,0.83525461,0.82147330,0.80971187,0.80801880,0.80748028,0.82196856,0.85868806,0.87436199,0.75531429,0.94919950,2.10727406,-0.12547395,1.56986904,4.05840874,2.59572864,-0.88143659,-0.26051402,-1.03544652,-0.57077366,-0.34125915,-0.19041307,-0.11500143,-0.08048114,-0.04254879,0.00334231,0.06017558,0.13149537,0.14504096,0.13067490,0.10861352,0.09248347,0.07813390,0.06373501,0.05689964,0.05819702,0.06391323,0.08618847,0.10613644,0.12731448,0.15206774,0.16467598,0.18288940,0.20111404,0.21050104,0.22999631,0.25377870,0.25163129,0.26500145,0.25148007,0.21498753,0.15288131,0.09453167,0.05519793,0.03333836,0.03260285,0.00504133,-0.02996766,-0.05807058,-0.07758185,-0.09878525,-0.11967114,-0.13595299,-0.14926590,-0.13287759,-0.20120567,-0.20091306,-0.25233793,-0.28796136,-0.35873425,-0.43089953,-0.53621644,-0.62019646,-0.76379901,-0.81824207,-1.19047368
242,FSP_011,0.00000000,0.77564102,0.22435901,-1.41604662,-1.37946999,-1.33705640,-1.28882384,-1.23843968,-1.19164574,-1.15079415,-1.11213374,-1.07155919,-1.02658927,-0.97817004,-0.92918313,-0.88006294,-0.83091825,-0.78120738,-0.73156029,-0.68201303,-0.63476986,-0.59011185,-0.54785228,-0.50650495,-0.46633378,-0.42635557,-0.38457257,-0.34408599,-0.30497289,-0.26635900,-0.22920166,-0.18411024,-0.11934756,-0.04743832,0.01521106,0.07119745,0.12289905,0.17024751,0.21612528,0.26506197,0.30753750,0.34652030,0.38720739,0.42690656,0.46464294,0.50196004,0.53751439,0.57090080,0.60253942,0.63416266,0.66458172,0.69497114,0.72528601,0.75415647,0.78133643,0.80752379,0.82092756,0.83764160,0.86049098,0.88627911,0.91494346,0.93435109,0.95511681,0.97989625,1.00857949,1.03428888,1.05792737,1.08183122,1.10501504,1.12742507,1.15095985,1.17139685,1.19039214,1.20777881,1.22213757,1.23134637,1.24540973,1.25255573,1.25148487,1.25778079,1.26886606,1.27904785,1.29031312,1.30156934,1.31783414,1.33957219,1.36296821,1.38757217,1.41066527,1.43260634,1.45265043,1.46735930,1.48233545,1.49409175,1.50128698,1.49984968,1.49067962,1.47478878,1.44296396,1.35975528,1.22036016,1.22239769,1.23654246,1.22429836,1.19463575,1.02817905,0.97491616,0.94091880,0.94234896,0.93932927,0.94896835,0.97075009,1.00341225,1.03471076,1.07102382,1.10807073,1.13943374,1.16399395,1.18726540,1.20950365,1.23016191,1.25251770,1.27750933,1.31019247,1.34570456,1.37676799,1.40438497,1.42257631,1.43454206,1.43288481,1.42510521,1.41342688,1.39839590,1.38598096,1.37421298,1.35527766,1.34914601,1.35278201,1.34944475,1.34289896,1.33047926,1.30049706,1.30515456,1.28035903,1.12861025,0.94346356,-0.83924276,-1.46705055,-1.17727959,-1.43922842,-1.26499426,-0.58856887,1.05906343,-0.75046802,-1.28814685,1.73454118,1.74842715,0.31419733,0.42599857,0.52268326,0.63302165,0.68947941,0.74792057,0.81823212,0.87188762,0.85222405,0.81203014,0.77328432,0.72247010,0.67900527,0.65490365,0.62866300,0.61129504,0.61575907,0.62640011,0.63850188,0.64895427,0.67192167,0.69308126,0.69626385,0.71706814,0.72383457,0.72723705,0.73269165,0.73901844,0.77041119,0.75168628,0.67752910,0.60738260,0.53626657,0.47960520,0.47728670,0.46149147,0.41178045,0.39269328,0.36610904,0.33931613,0.33281896,0.28864312,0.31551528,0.24899819,0.24584438,0.27788946,0.23681274,0.22172824,0.31885841,0.09546971,0.25178343,0.32913390,-0.13798016,-0.77744973,-1.29873550,-1.49128211
143,Res059,0.94370902,0.02980130,0.02649010,-1.66698301,-1.65519595,-1.64099002,-1.62744200,-1.61795330,-1.60993934,-1.60430098,-1.60093117,-1.59803259,-1.59351683,-1.58210814,-1.55424321,-1.49838018,-1.42956877,-1.38463283,-1.36233711,-1.36293733,-1.39378643,-1.43008697,-1.45091939,-1.46043980,-1.47181392,-1.48557687,-1.49210584,-1.50381541,-1.52258527,-1.53748322,-1.55013466,-1.54383528,-1.47944522,-1.28600264,-0.98734069,-0.59191573,-0.09427388,0.39331636,0.74803698,0.95641840,1.03393102,1.07689297,1.11486864,1.14781570,1.17675877,1.20293427,1.21649468,1.22916842,1.24831653,1.26771903,1.28467774,1.29691672,1.30635524,1.31554675,1.31767964,1.30718541,1.27256048,1.20708299,1.08616889,0.93923813,0.86484772,0.85280883,0.87298095,0.91606766,0.97626728,1.05685520,1.13307142,1.20144737,1.26212096,1.30401754,1.32800376,1.33216727,1.31751108,1.29001307,1.25648999,1.18922865,1.02743483,0.79693067,0.54991835,0.41446987,0.37618798,0.35635149,0.33825549,0.33409178,0.34762019,0.37195042,0.40082601,0.42942232,0.45528457,0.47761065,0.48707324,0.47267845,0.43906981,0.38162079,0.29671231,0.18533060,0.05611785,-0.05621076,-0.12207881,-0.08447062,0.04548770,0.10278712,-0.11717303,-0.26335746,-0.59392029,-1.04658759,-1.22517538,-1.26409447,-1.29832745,-1.31447232,-1.29187500,-1.27583253,-1.24637687,-1.21085358,-1.16698861,-1.12033093,-1.07603025,-1.02615559,-0.97999954,-0.93519217,-0.89361727,-0.85043222,-0.81429470,-0.77944797,-0.74539334,-0.71605885,-0.69214618,-0.67107373,-0.65459818,-0.64261323,-0.63702828,-0.63890153,-0.64685738,-0.65960854,-0.67265427,-0.69588858,-0.71781200,-0.74521500,-0.77787739,-0.80850923,-0.83845371,-0.86140609,-0.85868895,-0.89974135,-0.94793999,-1.01926756,-1.54904163,-1.32166624,-0.33100703,-1.27355707,-1.70857656,-1.64803219,-0.94368887,-1.67232466,-1.75238025,-1.69973934,-1.16172671,-1.27899516,-1.52277994,-1.56174171,-1.57666171,-1.57847321,-1.58006716,-1.58016920,-1.53126037,-1.50518298,-1.50214589,-1.49348807,-1.47088408,-1.46465933,-1.43862796,-1.41913128,-1.39808762,-1.38213623,-1.35518360,-1.34836137,-1.33012640,-1.31576896,-1.30377495,-1.29650033,-1.28765047,-1.29177535,-1.26262474,-1.25896800,-1.25702620,-1.25177538,-1.27305984,-1.29632616,-1.30301654,-1.31155133,-1.30796254,-1.33527386,-1.37732840,-1.40034819,-1.40385830,-1.37354052,-1.44483864,-1.45411766,-1.43196249,-1.46428776,-1.53709316,-1.56177723,-1.51816463,-1.68181872,-1.39891267,-1.69717991,-1.68871784,-1.40730000,-1.20785892,-0.95196879,-0.38663572,-1.65399694,-1.59032774
1428,QUE_T3.71.A,0.00000000,0.46000001,0.54000002,-1.40403819,-1.38479304,-1.36230469,-1.33671558,-1.31137931,-1.28922153,-1.27028060,-1.25188160,-1.23178256,-1.20846736,-1.18289816,-1.15709102,-1.13108420,-1.10473394,-1.07832539,-1.05118775,-1.02358925,-0.99657750,-0.97183418,-0.94631219,-0.92158210,-0.89586031,-0.86806631,-0.83881032,-0.80835372,-0.77564901,-0.74318457,-0.70957136,-0.67287797,-0.63164991,-0.59005529,-0.54823631,-0.50038558,-0.45620647,-0.41710997,-0.37691462,-0.33181140,-0.29674676,-0.26124778,-0.22323970,-0.18663839,-0.14860038,-0.10968535,-0.07832123,-0.04964861,-0.01927638,0.01084494,0.04100881,0.07245509,0.10568150,0.14260677,0.17295234,0.19905567,0.24128731,0.27535850,0.29543993,0.30732504,0.31863031,0.33611089,0.35331383,0.35459554,0.35391355,0.37623262,0.40042540,0.42548624,0.44729206,0.46778950,0.48984331,0.51328164,0.54126441,0.56826586,0.59909111,0.64351660,0.67533284,0.67730451,0.68044031,0.67295778,0.67685527,0.68965656,0.70368862,0.71899682,0.73635870,0.75339711,0.77140027,0.79137957,0.81295937,0.83413136,0.85342515,0.86896938,0.88347566,0.89968061,0.91864789,0.93443143,0.94721919,0.95207167,0.96278471,0.83057439,0.35006326,0.65899235,1.03857064,0.82422960,0.62796837,0.54592764,0.50108242,0.47729397,0.45777181,0.45314464,0.47088349,0.49333882,0.51472884,0.53995419,0.57400322,0.60918874,0.64226151,0.67204207,0.69944197,0.72618252,0.74967718,0.77253103,0.79743874,0.82408726,0.85195667,0.87690628,0.89668268,0.91141450,0.92031759,0.91845298,0.91142011,0.90750974,0.90539950,0.90331590,0.89954948,0.89000136,0.88573313,0.88495815,0.87676811,0.86657864,0.86059356,0.86421996,0.86967146,0.90143633,0.94188738,0.93887752,0.19057329,-0.38073477,-0.26181796,0.58707350,-0.70029747,-0.56560963,0.56942672,-0.35419965,-1.23749387,-0.80653155,-0.18401091,-0.13178566,-0.07733130,-0.06079575,-0.01228372,0.03733777,0.08660565,0.12812737,0.16994542,0.19087771,0.19696027,0.18682081,0.17582896,0.16052465,0.15560800,0.15540443,0.16064163,0.17553541,0.18881337,0.21419616,0.23727223,0.25076559,0.26582602,0.27971175,0.29084477,0.30417940,0.31208497,0.31978816,0.31840008,0.33507809,0.32851174,0.28837669,0.23498015,0.18929999,0.15012810,0.12980406,0.12458849,0.09636357,0.06363919,0.04118912,0.01446655,-0.02059246,-0.05298052,-0.04651980,-0.05142161,-0.04668551,-0.14276102,-0.11987881,-0.15408310,-0.23247059,-0.35452625,-0.31006706,-0.55035400,-0.43565482,-0.82051545,-1.05828953,-0.75734556
1442,Plant4-3,1.00000000,0.00000000,0.00000000,-1.56058061,-1.54149759,-1.52084613,-1.49836469,-1.48111153,-1.46699536,-1.45993721,-1.45784605,-1.45523190,-1.45157218,-1.43667173,-1.39484596,-1.28897440,-1.15382481,-1.08036840,-1.03801978,-1.04298651,-1.10206556,-1.17029393,-1.20297027,-1.21185815,-1.24113619,-1.28322339,-1.29733956,-1.31171727,-1.35641849,-1.38491225,-1.41680455,-1.41628170,-1.33655119,-0.96116495,-0.36488634,0.30589443,0.93275803,1.37558842,1.60772157,1.70392060,1.73398280,1.75541866,1.76718223,1.78025281,1.79332328,1.79881287,1.80508685,1.81685019,1.83070517,1.83828604,1.84586704,1.85109508,1.85397077,1.84403718,1.84194589,1.83201206,1.82730687,1.74391663,1.70836484,1.63307834,1.60327744,1.60066354,1.61556363,1.64693320,1.67464280,1.71490002,1.74626946,1.77397883,1.80116582,1.80743957,1.81658864,1.81528175,1.80430257,1.78234410,1.76116979,1.71908271,1.67229021,1.47780025,1.30187058,1.22789133,1.19939733,1.18894100,1.17613196,1.17926872,1.20227301,1.23024392,1.25377083,1.27625215,1.29664230,1.30631459,1.30239367,1.29036856,1.24958849,1.19207799,1.10293663,0.98713154,0.84701538,0.72206062,0.64572871,0.38327226,0.09990244,-0.18320574,-0.46605238,-0.74968338,-1.06050122,-1.08925653,-1.13448060,-1.15722334,-1.14964247,-1.14023149,-1.09579182,-1.03488278,-0.97109860,-0.90365458,-0.82836813,-0.74628514,-0.66655469,-0.58525586,-0.50395703,-0.43285319,-0.36436352,-0.29247555,-0.23653357,-0.18425129,-0.13458316,-0.09118889,-0.05772841,-0.02792752,-0.00910584,0.00030489,-0.00074077,-0.01093563,-0.02531336,-0.04491917,-0.07079896,-0.10582805,-0.15052928,-0.19706042,-0.25221828,-0.30972850,-0.34972447,-0.37664983,-0.37821841,-0.38579935,-0.32855031,-0.43363756,-0.54238445,-0.65165424,-0.76040131,-0.86967105,-0.97867948,-1.08768797,-1.19669628,-1.30596614,-1.41497457,-1.52424443,-1.64318645,-1.57548106,-1.53862202,-1.50097871,-1.49653482,-1.47902036,-1.46882522,-1.45497048,-1.42987502,-1.38517368,-1.37079608,-1.34831476,-1.32949317,-1.29184997,-1.26257193,-1.23224831,-1.20349312,-1.17447627,-1.15042651,-1.12062562,-1.09736001,-1.06886637,-1.05736423,-1.04063392,-1.03148448,-1.01710701,-1.00717318,-0.99253416,-0.98835176,-0.99279571,-0.99750119,-1.01658416,-1.03906548,-1.07200336,-1.09762156,-1.12559247,-1.14441407,-1.17447627,-1.20506155,-1.22754288,-1.25420678,-1.27145994,-1.32086658,-1.32269645,-1.33707404,-1.37419450,-1.38621938,-1.41445172,-1.40687084,-1.45314050,-1.48006582,-1.53757632,-1.58332336,-1.57025266,-1.52189159,-1.64135659,-1.36243093
483,QUE_T1.07.G,0.00000000,0.37120000,0.62900001,-1.31914759,-1.29261494,-1.26349676,-1.23023796,-1.19624209,-1.16698074,-1.14302135,-1.12053990,-1.09537816,-1.06602335,-1.03376842,-1.00134385,-0.96890134,-0.93671536,-0.90415001,-0.87112564,-0.83744997,-0.80452555,-0.77333754,-0.74328744,-0.71395141,-0.68381196,-0.65253979,-0.62015790,-0.58703202,-0.55274194,-0.51732439,-0.48038140,-0.44103444,-0.39960307,-0.35762024,-0.31506199,-0.27199176,-0.22896783,-0.18696244,-0.14593726,-0.10366181,-0.06549761,-0.02885200,0.00855905,0.04505122,0.08089775,0.11573882,0.14927012,0.18182714,0.21339823,0.24444556,0.27472699,0.30508322,0.33471841,0.36314735,0.39098245,0.41740984,0.43806270,0.46114463,0.48606569,0.51385075,0.54062802,0.56607121,0.58763772,0.62760657,0.67323005,0.69441205,0.71815497,0.74171275,0.76777691,0.79184514,0.81600755,0.83830327,0.85979259,0.87891531,0.89898181,0.91681039,0.93702036,0.95504743,0.97436947,0.99332601,1.01033664,1.02554381,1.04220450,1.05932379,1.07747519,1.09713733,1.11765039,1.13898575,1.16100776,1.18199670,1.20100820,1.21887743,1.23743081,1.25297642,1.26641977,1.27651250,1.28429163,1.28546858,1.25669634,1.05443716,0.80875802,1.11541879,1.11557937,1.15634406,1.11835647,1.10205710,1.09652376,1.09029841,1.09531593,1.10121477,1.11127448,1.13009715,1.14974451,1.16946185,1.19384229,1.21774971,1.23939192,1.25634885,1.27230465,1.28840184,1.30226958,1.31755209,1.33507752,1.35748231,1.38032305,1.40116310,1.41864777,1.42912304,1.43204713,1.42796123,1.41967440,1.41283834,1.41086507,1.41079760,1.40973902,1.40451491,1.40511274,1.41202295,1.41503930,1.41535747,1.41693664,1.41952586,1.42022109,1.41933906,1.37761104,1.33209014,2.07332397,0.22766776,0.44253120,0.78165358,3.14213729,0.79147190,1.67312217,2.02856851,2.10862756,1.45818233,0.92531663,0.91699898,0.93683714,1.01687801,1.04587436,1.08207285,1.11549807,1.14462185,1.16920245,1.16399372,1.11848295,1.07518327,1.03473175,1.00233006,0.97900087,0.96205783,0.95030850,0.95188123,0.95542043,0.96694911,0.97875452,0.97592980,0.97931170,0.97851521,0.97811133,0.98795116,0.98227644,0.98059505,0.98189920,1.00870919,1.00568724,0.97065169,0.91320974,0.84612703,0.80825883,0.78947592,0.79784214,0.78200394,0.73580545,0.71247977,0.70768243,0.69810534,0.70734638,0.71637821,0.70874566,0.70988899,0.72392595,0.78528321,0.70620930,0.60733956,0.64211684,0.60864699,0.51539707,0.47367224,0.26285496,0.12290653,0.12585583
759,SSC_SALE02_20110510,0.54378498,0.45621499,0.00000000,-1.35653341,-1.31519198,-1.27399564,-1.23817050,-1.21123612,-1.19525659,-1.18540514,-1.17940092,-1.17439353,-1.17088675,-1.16176963,-1.13681364,-1.07701695,-0.99248695,-0.93337405,-0.89736325,-0.88884538,-0.91506267,-0.94851387,-0.96781057,-0.96646363,-0.97462142,-0.99163598,-0.98930812,-0.99452919,-1.02186358,-1.04486001,-1.07089663,-1.06724548,-0.97535229,-0.67654574,-0.29831013,0.07462413,0.40083560,0.61845529,0.72667706,0.75972736,0.81358480,0.83945316,0.86097777,0.88518345,0.90711713,0.91896737,0.94046867,0.97339624,0.99833322,1.01991510,1.04074895,1.05928361,1.07523894,1.05784011,1.07164335,1.09113395,1.07850933,1.01062739,1.00494218,0.98683095,1.01485837,1.03172898,1.07220995,1.10900915,1.12949526,1.16563749,1.20858026,1.24756157,1.27594531,1.29984748,1.31993949,1.32915366,1.32893670,1.31528139,1.27986479,1.19890821,1.13427138,1.05480969,0.92427820,0.89434266,0.88170779,0.85880935,0.84190816,0.84854436,0.87207222,0.91393870,0.96142256,1.00108993,1.03273487,1.06059897,1.07585573,1.07720733,1.06357813,1.02464628,0.96002984,0.86578053,0.74181765,0.62046921,0.48069155,0.30210492,-0.01423341,-0.18213589,-0.47857380,-0.66483754,-0.76906741,-0.80944234,-0.82956809,-0.85256410,-0.84591913,-0.83640856,-0.82456464,-0.78104758,-0.72131366,-0.66254312,-0.60242444,-0.54141271,-0.48122233,-0.42356402,-0.37009165,-0.31940648,-0.27124035,-0.22412013,-0.18141487,-0.13584210,-0.09398606,-0.05742797,-0.02758722,0.00105723,0.01808979,0.02533393,0.01980739,-0.00234175,-0.03988111,-0.07625970,-0.10503188,-0.13422698,-0.15483755,-0.16981804,-0.19522280,-0.22390896,-0.24458906,-0.26230910,-0.27661240,-0.37077200,-0.37388152,-0.44635776,-0.32717440,-0.05311946,-0.47489271,-0.65692705,-0.63116586,-0.97576565,-1.10448921,-0.94844157,-1.19436264,-1.27370977,-1.27330756,-1.22052026,-1.19300330,-1.15317535,-1.12021589,-1.09473717,-1.06779861,-1.03690124,-1.00323677,-0.99448341,-0.97867191,-0.96680784,-0.94914865,-0.93977308,-0.93025142,-0.91076362,-0.89387739,-0.87679380,-0.86104369,-0.83492130,-0.81642878,-0.79756272,-0.78443146,-0.76810354,-0.75222641,-0.73556858,-0.72148871,-0.70898694,-0.70467693,-0.70386696,-0.72072005,-0.75749779,-0.79403347,-0.84519887,-0.87415981,-0.90519917,-0.93461543,-0.96574432,-0.97543341,-0.97235548,-0.99793172,-1.02168632,-1.03237355,-1.03740573,-1.05369997,-1.06569731,-1.09679091,-1.09918022,-1.15704203,-1.16202986,-1.17063367,-1.21303558,-1.23997045,-1.23625362,-1.20116496,-0.97684377,-0.10142278
652,ja_a_100,0.21478100,0.78521901,0.00000000,-1.57539976,-1.55815923,-1.54053390,-1.52392817,-1.50781739,-1.49299002,-1.47889698,-1.46601856,-1.45320868,-1.43938506,-1.42244744,-1.39634848,-1.35754550,-1.31761789,-1.29026365,-1.26959491,-1.25684988,-1.25568628,-1.25644100,-1.24685276,-1.22903192,-1.23532009,-1.23081946,-1.20811093,-1.19853187,-1.19552302,-1.18809867,-1.18419671,-1.16738808,-1.11157858,-0.99303049,-0.86477637,-0.73699194,-0.63206303,-0.55944949,-0.51232874,-0.48070276,-0.45250612,-0.42623088,-0.40107492,-0.37694582,-0.35241401,-0.32809862,-0.30477738,-0.28320855,-0.26211396,-0.23936181,-0.21809530,-0.19797111,-0.17649728,-0.15506402,-0.13644649,-0.11739530,-0.10611190,-0.08711247,-0.07983643,-0.07559372,-0.06454766,-0.05178048,-0.03269061,-0.01047637,0.01103040,0.03561479,0.06661186,0.08800540,0.11121459,0.13578974,0.15113437,0.16899781,0.19183525,0.21486740,0.23476209,0.25535351,0.25150016,0.23151104,0.18357198,0.17372058,0.17379817,0.18451270,0.19343963,0.20458280,0.21875229,0.24028185,0.26700723,0.29751465,0.32578352,0.35101801,0.37160122,0.38671497,0.40303138,0.40799490,0.40186864,0.38298291,0.35421482,0.30456316,0.31202328,1.32569766,2.66752720,-1.75245631,-0.40671831,4.11466169,-0.76061612,-0.56875515,-0.63298410,-0.63153750,-0.66932744,-0.65377921,-0.63778937,-0.61064869,-0.57384193,-0.53561008,-0.49104872,-0.44116673,-0.39420462,-0.34870079,-0.30960897,-0.27069917,-0.23388109,-0.19884673,-0.15943015,-0.11672149,-0.07196685,-0.03119983,0.00396494,0.03256288,0.04967736,0.05394671,0.04482148,0.03073017,0.01122042,-0.00682076,-0.02395393,-0.05090030,-0.06584504,-0.07373050,-0.09452361,-0.12098851,-0.13652760,-0.13901742,-0.12739325,-0.04727016,0.11608834,1.40708625,5.12777948,-1.75245631,-1.75245631,-1.75245631,1.70954931,0.02105499,-1.75245631,-1.75245631,4.45845652,-1.75245631,-0.58334184,-0.91786289,-0.86482757,-0.75778812,-0.74405378,-0.71302432,-0.67724711,-0.63590926,-0.61066788,-0.59829450,-0.61650223,-0.63406247,-0.65658993,-0.68127996,-0.68690556,-0.69356447,-0.69181544,-0.68136722,-0.66007352,-0.64792430,-0.62000155,-0.59811211,-0.57167089,-0.55921924,-0.54257399,-0.53207660,-0.51904833,-0.50786006,-0.51569140,-0.52135760,-0.54286575,-0.58715099,-0.64934766,-0.70298618,-0.72256047,-0.74516863,-0.73387402,-0.77316612,-0.80985951,-0.80855066,-0.82884091,-0.86058784,-0.85675544,-0.86563617,-0.86786258,-0.87222457,-0.87880045,-0.89887905,-0.97144753,-1.03043067,-1.01551807,-1.09896636,-1.20010269,-1.26338339,-1.06600797,-0.71782821,1.19668651
1263,SF_117,0.92948699,0.07051280,0.00000000,-1.64283121,-1.62120593,-1.59814835,-1.57853341,-1.56230748,-1.54676425,-1.53295910,-1.52096736,-1.50958192,-1.49525964,-1.47032320,-1.42090023,-1.33438051,-1.24015105,-1.17980766,-1.14554644,-1.13975632,-1.17111969,-1.20714939,-1.22316945,-1.22737741,-1.23634422,-1.24692118,-1.24700892,-1.26060736,-1.28518426,-1.30225325,-1.31615293,-1.29805946,-1.17862058,-0.87278003,-0.47254747,-0.02827716,0.39597821,0.71008533,0.90500873,1.02295768,1.07715237,1.12080276,1.16493094,1.20655084,1.24882114,1.29225445,1.32144511,1.34693408,1.37503469,1.40335357,1.43134427,1.46084416,1.49245334,1.53191316,1.55953443,1.57537270,1.60246897,1.62990367,1.59792805,1.54535604,1.50888455,1.50955462,1.52205586,1.55589640,1.60634243,1.65174222,1.69157600,1.72833943,1.76046228,1.78985417,1.81621945,1.83656192,1.85549200,1.87631321,1.89929140,1.94662035,1.90838492,1.78833222,1.63259268,1.52033424,1.48350120,1.47212541,1.47061038,1.47638798,1.49947989,1.53204501,1.57170439,1.61090326,1.64945686,1.67843366,1.69614470,1.70156097,1.69229722,1.66332793,1.60615242,1.51760113,1.41190207,1.31117284,1.29389942,1.43917537,1.28020251,1.19332814,1.10973430,1.19900918,0.51391435,-0.11573952,-0.39785859,-0.51997995,-0.62149704,-0.65304250,-0.60464966,-0.56789970,-0.53742850,-0.48469248,-0.41301298,-0.33295757,-0.25380126,-0.17569995,-0.10034487,-0.02754410,0.04053412,0.10641293,0.17270951,0.23685108,0.29693317,0.35304505,0.40105903,0.44085005,0.47238398,0.48621362,0.48451167,0.46805269,0.44193405,0.41288689,0.37716305,0.33296573,0.29702619,0.26531160,0.21924707,0.17236103,0.13683751,0.12070886,0.10459857,0.18080626,0.22975956,0.28213987,0.39489749,0.47453722,-1.16236472,-0.45131940,-0.23075099,-1.73367202,-1.30236292,-0.58153820,-0.02026034,-0.11248111,-1.58067369,-1.52072382,-1.51561356,-1.32001066,-1.24646890,-1.18811727,-1.16489732,-1.12015188,-1.09633052,-1.05706751,-1.03263509,-1.01619971,-1.01679540,-0.99240869,-0.96607578,-0.94711459,-0.92877388,-0.90331829,-0.87971920,-0.83689535,-0.81922722,-0.80422026,-0.78335369,-0.75691772,-0.74211240,-0.72886753,-0.68946856,-0.67699260,-0.67675996,-0.67725462,-0.68925238,-0.73047149,-0.76232404,-0.81519324,-0.87863708,-0.89693952,-0.93007320,-0.94623083,-0.95056093,-0.98934859,-1.01778293,-1.10390890,-1.07138884,-1.09043121,-1.21044517,-1.20410359,-1.16503239,-1.24131238,-1.27577353,-1.35045898,-1.59137452,-1.50411272,-1.28185904,-0.87832451,-0.93006772,-1.44597340,-1.03148937
687,SSC_SALE04_20110405,0.33631900,0.66368097,0.00000000,-1.37606049,-1.35332429,-1.32773018,-1.30265951,-1.28175080,-1.26794219,-1.25942731,-1.25299370,-1.24702621,-1.24057806,-1.23051095,-1.20189559,-1.13402879,-1.04019737,-0.97840160,-0.94083035,-0.93612319,-0.97038937,-1.00993407,-1.03159297,-1.03257632,-1.04725409,-1.06939101,-1.06916475,-1.07936740,-1.10615659,-1.12742150,-1.14798617,-1.14191842,-1.05764687,-0.76701850,-0.38965327,0.00121558,0.33409366,0.54796684,0.65379906,0.70362484,0.73159033,0.75408047,0.77366364,0.79519737,0.81538516,0.83142138,0.84965175,0.87412548,0.89520627,0.91481376,0.93380463,0.95105106,0.96668428,0.96658313,0.97853410,0.99360883,1.00364983,0.95388299,0.94636941,0.91807669,0.92955256,0.94389826,0.97656268,1.00806808,1.09189689,1.13173020,1.16996276,1.20921338,1.23860204,1.26474655,1.28209400,1.29949343,1.30251169,1.29449415,1.27359569,1.23569667,1.19491649,1.09851158,0.98473120,0.93502957,0.91401112,0.90000433,0.88978797,0.89836758,0.92325968,0.96378171,1.00704563,1.04626417,1.07990444,1.10416436,1.12625527,1.12994611,1.11655354,1.08541155,1.02754474,0.94607210,0.83614975,0.72249001,0.60811925,0.56018496,0.11949807,0.19021407,-0.32331872,-0.49151650,-0.60407603,-0.65993202,-0.68332851,-0.70447922,-0.70053893,-0.69108999,-0.67487371,-0.62851351,-0.57080042,-0.51416147,-0.45165631,-0.38815689,-0.32569179,-0.26424840,-0.20525557,-0.14756314,-0.09491170,-0.04178160,0.00657933,0.05674855,0.10617956,0.14707771,0.18148592,0.21134174,0.23436266,0.24128076,0.23885849,0.21739390,0.18080205,0.14592442,0.11728615,0.09086251,0.06798357,0.05679178,0.02768258,0.00135090,-0.01491845,-0.02679690,-0.03385360,-0.10736697,-0.18365437,-0.18480112,1.01123714,-1.75245631,5.30774355,1.48878610,4.99297905,-0.44781464,-1.01401889,1.26606452,-0.96686524,-1.30931711,-1.20859253,-1.09863317,-1.06917274,-0.99500924,-0.95819843,-0.92564088,-0.90137178,-0.88558918,-0.83822465,-0.80250263,-0.79941690,-0.79613197,-0.78982872,-0.77757174,-0.76364207,-0.74891913,-0.73206514,-0.71657258,-0.69308418,-0.66972202,-0.64876044,-0.62787813,-0.60957485,-0.58940977,-0.57379252,-0.55600291,-0.53593856,-0.52350068,-0.51735342,-0.51745260,-0.54269296,-0.57635278,-0.63046813,-0.67685133,-0.72943765,-0.76092225,-0.79380131,-0.83325034,-0.84919828,-0.84088945,-0.86474448,-0.88790607,-0.90305728,-0.90542263,-0.93281257,-0.95869690,-0.96802115,-1.00351202,-1.04647768,-1.06324315,-1.10425627,-1.14823949,-1.19888031,-1.18480718,-1.21255076,-0.91904569,0.05358515
1216,SF_063,0.07051280,0.14743599,0.78205103,-1.33308756,-1.29554331,-1.25112069,-1.19425297,-1.13205850,-1.08633733,-1.06185198,-1.04299474,-1.01353812,-0.96479338,-0.89973325,-0.82528371,-0.74158210,-0.65127349,-0.56220818,-0.47604871,-0.39712739,-0.33062971,-0.27799836,-0.22974506,-0.19289669,-0.16543815,-0.14038537,-0.11202957,-0.08506380,-0.06305150,-0.04526379,-0.02793091,0.00350439,0.06920943,0.16365170,0.26103944,0.36921167,0.45748201,0.51323795,0.55668175,0.60238355,0.62448597,0.64112633,0.66343975,0.68210113,0.70023167,0.72176993,0.72713095,0.72816777,0.73235577,0.73991567,0.74865681,0.75880229,0.77155805,0.79837829,0.81438369,0.82520628,0.85174543,0.89844447,0.89992833,0.89294225,0.87767780,0.88298696,0.88376874,0.86784077,0.84997547,0.86528921,0.88227665,0.89717978,0.91129953,0.92775714,0.94404274,0.96181828,0.98385382,1.01085985,1.04728842,1.10958707,1.13080537,1.13203466,1.12140000,1.09576631,1.08388162,1.08984292,1.09786749,1.10619044,1.11679196,1.12552726,1.13399255,1.14222252,1.15485084,1.16843164,1.18258893,1.18604422,1.19439602,1.20449018,1.21482730,1.22514975,1.23890066,1.25531626,1.23981762,0.91660261,0.89484423,0.95734769,1.21923244,1.03441131,0.89516002,0.89727211,1.03033137,1.04191518,0.98222202,0.97965527,1.00566530,0.99722356,0.99001747,0.98936635,1.00266659,1.02267206,1.04175246,1.05986857,1.07670319,1.09424877,1.11090875,1.12342072,1.13772881,1.15432525,1.16727304,1.17818403,1.18899119,1.19781744,1.20418048,1.20763314,1.20657730,1.20600367,1.20848393,1.20972145,1.20834351,1.20501506,1.20007467,1.19982791,1.19448292,1.19853866,1.19875050,1.16934943,1.16185379,1.23121369,1.19050741,1.19970143,0.18681671,-0.68228179,-0.74244839,-0.26986808,-1.08183122,-0.88839996,-1.62657201,-1.68587220,-1.18237257,-0.50887662,-1.45879591,-0.42791179,0.46937272,0.51253819,0.58501863,0.59191900,0.62675983,0.64656848,0.74160147,0.75186670,0.74501193,0.74168724,0.74775440,0.76699561,0.77303278,0.76004130,0.75500417,0.76297355,0.77214956,0.78497052,0.79491878,0.79241848,0.76606750,0.76422465,0.74014401,0.70964313,0.68983120,0.64246696,0.65189195,0.70932317,0.72377169,0.72813267,0.72691429,0.68153644,0.69809830,0.68057704,0.61712754,0.55991995,0.56628412,0.57479620,0.49666020,0.48229602,0.44487190,0.41506982,0.34803060,0.46179298,0.39714891,0.44886547,0.38101032,0.51779830,0.27236176,0.14386091,-0.21306203,-0.42768276,0.09614480,0.07786278,-0.96359611
578,QUE_T2.03.B,0.00000000,0.51520002,0.48500001,-1.44142187,-1.42415082,-1.40469754,-1.38222528,-1.35976040,-1.33991480,-1.32257962,-1.30587542,-1.28805268,-1.26794708,-1.24661922,-1.22505355,-1.20354760,-1.18191504,-1.16015041,-1.13767099,-1.11482310,-1.09242857,-1.07093430,-1.04853201,-1.02581346,-1.00194395,-0.97666693,-0.95025635,-0.92219442,-0.89308774,-0.86289614,-0.83174247,-0.79809099,-0.76083755,-0.72081703,-0.68122762,-0.64363533,-0.60549331,-0.56752634,-0.53080815,-0.49604622,-0.46060953,-0.42564026,-0.39224851,-0.35969940,-0.32778159,-0.29725078,-0.26694107,-0.23768348,-0.20987421,-0.18320726,-0.15719403,-0.13092966,-0.10482831,-0.08259420,-0.06194448,-0.04082382,-0.03360457,-0.02729133,-0.00701381,0.01593664,0.04332649,0.06368920,0.08645561,0.11581080,0.14925924,0.17637751,0.19696961,0.22048859,0.24364109,0.26425377,0.28720716,0.30725330,0.32556453,0.34188658,0.35414705,0.36736739,0.38155651,0.38747245,0.38516679,0.39623669,0.40832233,0.42176729,0.43638015,0.45211488,0.47009656,0.49030489,0.51228416,0.53460157,0.55623370,0.57510072,0.59281039,0.60758078,0.62094110,0.62864876,0.62765706,0.61772138,0.59890413,0.57553315,0.54825848,0.53138369,0.54779923,0.47021481,0.20708396,0.10974495,-0.00816395,-0.08255237,-0.12176107,-0.13775240,-0.13854086,-0.13286346,-0.11440042,-0.07883576,-0.03448055,0.01032737,0.05830231,0.10640475,0.15153942,0.19259544,0.23089449,0.26664263,0.29973125,0.33051425,0.36106095,0.39286691,0.42642230,0.45675397,0.48172411,0.50061405,0.51133221,0.51448345,0.51263380,0.51225466,0.50824851,0.50420773,0.49632901,0.48292685,0.47276518,0.46041751,0.44182488,0.41749981,0.39750651,0.38459817,0.37717077,0.37207755,0.37218297,0.38031992,0.08303780,1.43535352,2.39137435,4.88988733,2.07724738,-0.75600272,-0.10462042,0.30808792,2.09512019,-0.64147162,-0.78245437,-0.72788084,-0.63746732,-0.57816201,-0.52494836,-0.47925112,-0.44110668,-0.40201586,-0.35765272,-0.32444301,-0.31706369,-0.31810185,-0.32343790,-0.32845062,-0.32163405,-0.31933343,-0.30881584,-0.29263309,-0.27377540,-0.25092053,-0.22595717,-0.20069978,-0.18203574,-0.16292518,-0.14430054,-0.12991719,-0.11410289,-0.10168186,-0.10525718,-0.09667359,-0.10095955,-0.13660987,-0.19354165,-0.24259625,-0.27795956,-0.28661889,-0.28300816,-0.31010258,-0.36547345,-0.37277031,-0.39547068,-0.42372352,-0.45080942,-0.46229663,-0.47582304,-0.48585322,-0.50811666,-0.56255990,-0.61834460,-0.63322377,-0.67166132,-0.75357097,-1.00306344,-0.87023556,-1.24897122,-0.93961889,-0.63330877
647,ja_ex_100,0.14042801,0.85957199,0.00000000,-1.63928533,-1.60734499,-1.57408023,-1.54302561,-1.51513636,-1.48721755,-1.46484447,-1.44789696,-1.42906654,-1.41032898,-1.37802815,-1.31509709,-1.21296906,-1.10448050,-1.03630662,-0.99148428,-0.97501445,-0.99675447,-1.02861130,-1.03967071,-1.03496385,-1.04069769,-1.04591370,-1.04292607,-1.04730499,-1.07669711,-1.09566486,-1.12134457,-1.10596192,-0.96701372,-0.62938738,-0.27882281,0.02961941,0.27242437,0.43811598,0.53246254,0.57502687,0.63632011,0.67746317,0.71264619,0.75108021,0.78685409,0.81942195,0.85554075,0.89995778,0.93570125,0.97097421,1.00437534,1.03411663,1.06070435,1.06834936,1.09355628,1.11668277,1.12433410,1.09312475,1.09035337,1.08747602,1.11556351,1.13424945,1.17581177,1.22102654,1.27010274,1.31507766,1.35990441,1.40142560,1.43860972,1.47984278,1.50350738,1.53279483,1.55527508,1.56645739,1.58652997,1.60435534,1.47308755,1.41435170,1.28370941,1.24292445,1.26555109,1.27924538,1.27642667,1.29556346,1.31554770,1.35100973,1.39811730,1.44638157,1.48858130,1.52287877,1.53594184,1.55702078,1.56247854,1.54682589,1.49805510,1.41437602,1.32012296,1.20144784,1.21196234,2.15603876,2.64347386,-1.75245631,-1.21284711,0.78330529,-0.58910102,-0.48647773,-0.60360253,-0.61717844,-0.65213931,-0.62683111,-0.59349322,-0.54708767,-0.48405382,-0.40696818,-0.33016250,-0.24804123,-0.17143422,-0.09982788,-0.03204729,0.02899795,0.08680268,0.13844153,0.19646782,0.25911990,0.32042760,0.37790698,0.42827055,0.46693456,0.49129751,0.49982640,0.49270988,0.48042113,0.45430833,0.42835304,0.39829296,0.36688221,0.33818120,0.31381965,0.27314261,0.23022138,0.19661447,0.17486277,0.19706240,0.17863874,0.17077513,0.46366715,-1.75245631,-1.75245631,2.32554913,1.28027463,-1.75245631,-1.75245631,3.97445107,-1.75245631,5.23159218,4.53532124,-0.67812717,-1.19009387,-1.10926950,-0.91139966,-0.91123998,-0.87710160,-0.86497098,-0.81709570,-0.75835055,-0.71884733,-0.72974980,-0.73363340,-0.74336034,-0.73609775,-0.73581785,-0.72120404,-0.70623046,-0.68787467,-0.66036218,-0.63183361,-0.59964192,-0.56578153,-0.54147220,-0.51720637,-0.49548823,-0.47269738,-0.45749113,-0.45189318,-0.44617933,-0.44993916,-0.48258877,-0.53456384,-0.60031044,-0.65159857,-0.68849677,-0.69268537,-0.72181571,-0.75405371,-0.79592651,-0.80864680,-0.83593100,-0.85948747,-0.87635666,-0.88811767,-0.90106517,-0.93957829,-0.95451719,-0.97156972,-1.03510606,-1.12573004,-1.04334855,-1.10146177,-1.27832937,-1.26525629,-1.12301075,-1.09070158,-0.40781319
192,NF_041,0.84615397,0.15384600,0.00000000,-1.62780607,-1.60371697,-1.57813764,-1.55585372,-1.53758001,-1.52141333,-1.50741267,-1.49597383,-1.48486197,-1.47163284,-1.44890809,-1.40261996,-1.31625903,-1.21746480,-1.15391767,-1.11877859,-1.11568999,-1.15361691,-1.19650662,-1.21864069,-1.22634971,-1.23801935,-1.25152600,-1.25443351,-1.26829541,-1.29212701,-1.30607116,-1.31678283,-1.30114591,-1.19897115,-0.91759986,-0.52960581,-0.09194323,0.36252075,0.71927637,0.93354124,1.06078434,1.11928761,1.14082003,1.17324364,1.20646882,1.22988677,1.26285410,1.29569018,1.32718873,1.35374022,1.38266540,1.40851974,1.43185246,1.44744742,1.46134973,1.47734082,1.49572170,1.45064306,1.45638716,1.43768096,1.41774225,1.43023062,1.44890857,1.48413360,1.47100556,1.44877887,1.48757231,1.52570462,1.56010008,1.58967566,1.61525595,1.63404918,1.64624977,1.65080285,1.64356208,1.61952674,1.57153988,1.52642870,1.43708491,1.32180321,1.27599454,1.27018869,1.26985919,1.27028501,1.28337896,1.30834389,1.34416080,1.38452578,1.42272079,1.45807648,1.48781240,1.50488544,1.50264871,1.48187613,1.44055188,1.36677039,1.26575160,1.13670552,1.00621545,0.92821497,1.05409527,0.88478917,1.01471746,0.91757721,0.37194854,-0.21073149,-0.57448792,-0.67567033,-0.70932573,-0.73822927,-0.73379105,-0.69489282,-0.65002811,-0.58953583,-0.51933765,-0.44228718,-0.36344078,-0.28144339,-0.20268452,-0.12589931,-0.05357849,0.01534101,0.08066333,0.13961971,0.20258811,0.26070896,0.31430650,0.35964578,0.39917126,0.42781830,0.44149745,0.44385171,0.43348670,0.41272631,0.38882357,0.35936296,0.32062346,0.28474724,0.25090697,0.20439219,0.15222959,0.09627803,-0.02218140,-0.04216595,-0.07883926,-0.06896624,-0.34339687,-1.25573993,0.32326332,-0.86199123,-1.01882482,-1.55204928,-1.15713263,0.19072030,-1.65841460,-1.13870943,-0.90674031,-0.92313695,-1.25328779,-1.28190625,-1.17822933,-1.15538704,-1.13328528,-1.11481512,-1.09069717,-1.01464760,-0.97412688,-0.98012733,-0.97570235,-0.95959431,-0.93819487,-0.92948693,-0.91114044,-0.88159549,-0.86504650,-0.83925259,-0.80876708,-0.77320373,-0.74518150,-0.72357833,-0.72043490,-0.70543092,-0.69115347,-0.66442466,-0.64227343,-0.63931686,-0.64519423,-0.66015393,-0.68465263,-0.72836220,-0.77872127,-0.82338697,-0.83217871,-0.84453017,-0.85076845,-0.88961971,-0.92590362,-0.97561961,-1.00516927,-1.06704760,-0.99613512,-1.04157829,-1.08334446,-1.05791581,-1.04589117,-1.15046835,-1.17311585,-1.18625760,-1.06906390,-0.92277402,-1.30386949,-1.03168964,-0.63324809,1.26872683
1363,QUE_T3.03.H,0.00000000,0.57999998,0.41999999,-1.36946869,-1.35043359,-1.32824588,-1.30258906,-1.27678680,-1.25403380,-1.23450184,-1.21575427,-1.19556522,-1.17275584,-1.14805472,-1.12282383,-1.09743118,-1.07167411,-1.04597294,-1.01955271,-0.99300569,-0.96718454,-0.94376671,-0.91993749,-0.89589936,-0.87133878,-0.84545803,-0.81764227,-0.78833425,-0.75814313,-0.72894323,-0.70059419,-0.66561067,-0.61933243,-0.57173598,-0.52843863,-0.48620906,-0.44639188,-0.40942922,-0.37227669,-0.32978994,-0.29543629,-0.26253244,-0.22696462,-0.19207972,-0.15736955,-0.12218971,-0.09123120,-0.06149960,-0.03284030,-0.00426971,0.02431304,0.05342599,0.08256079,0.11297940,0.14054711,0.16522370,0.18910564,0.21126671,0.23249103,0.25454694,0.27590775,0.29544905,0.31617039,0.32187387,0.32655153,0.35039982,0.37431893,0.39894199,0.41864550,0.43874258,0.46021724,0.48470101,0.50832397,0.53189343,0.55536753,0.58389699,0.61266905,0.61950350,0.62588334,0.62886608,0.63621050,0.64834380,0.66238290,0.67893893,0.69663846,0.71476460,0.73431015,0.75481158,0.77593839,0.79778212,0.81857288,0.83358610,0.84825599,0.86217445,0.87472659,0.88269126,0.88450283,0.87904668,0.84640348,0.77438182,0.32042131,-0.03256966,0.29850492,0.48396316,0.44318116,0.41824234,0.38167292,0.35644358,0.34247485,0.34055531,0.35358846,0.37760362,0.40628314,0.43622380,0.47375309,0.51247716,0.54805565,0.57911861,0.60817325,0.63648677,0.66262734,0.68757296,0.71226501,0.74248892,0.77431571,0.80078191,0.82341647,0.84107584,0.85003877,0.85101855,0.84703034,0.84327281,0.83950996,0.83690095,0.83181095,0.82202280,0.81598932,0.81213719,0.80223119,0.78877568,0.78028375,0.77935749,0.77607489,0.78850901,0.79481173,0.89088786,1.43011069,-0.61311758,-0.28942129,1.27820480,3.29350710,3.59406877,2.69342613,2.34577203,4.64402246,0.63832891,-0.38059908,-0.15903714,-0.17115340,-0.14103933,-0.07784128,-0.02672491,0.02541293,0.09002427,0.13062139,0.14356992,0.14124405,0.13272509,0.11505156,0.09404752,0.08766966,0.08409562,0.08914794,0.09504142,0.10708733,0.13321228,0.15690900,0.17602284,0.19540533,0.20828445,0.23095924,0.24768539,0.25288400,0.26196402,0.26564276,0.28170234,0.27066049,0.23719208,0.18791765,0.12930588,0.08821785,0.07204223,0.06312360,0.05112969,0.01773792,-0.03555707,-0.02821394,-0.06492336,-0.07475314,-0.08996794,-0.08642276,-0.10953473,-0.14955817,-0.08378945,-0.08889751,-0.22814314,-0.20188989,-0.38423809,-0.61830348,-0.67095667,-0.40496123,-1.24296224,-1.64868677
149,Res065,0.79139102,0.11589400,0.09271520,-1.63701940,-1.61982787,-1.60404336,-1.59318435,-1.58658350,-1.57980418,-1.57502902,-1.57321525,-1.57080114,-1.56577194,-1.54981685,-1.50278866,-1.39797437,-1.26328528,-1.17529285,-1.13331664,-1.13871539,-1.20406055,-1.27974212,-1.32391989,-1.34503496,-1.37139702,-1.40139711,-1.41660905,-1.43855715,-1.47414148,-1.50354719,-1.52716565,-1.51905191,-1.41012454,-1.06012595,-0.53558457,0.04515628,0.56597656,0.90749454,1.08296597,1.17024291,1.19333720,1.20913363,1.22532392,1.24247491,1.25839102,1.27517474,1.29004037,1.30512357,1.32152903,1.33716440,1.35224771,1.36540282,1.37875080,1.39099777,1.40138376,1.40627527,1.40545607,1.39674258,1.35260928,1.29932380,1.27545869,1.27685118,1.29294646,1.31510639,1.34508002,1.38084376,1.41562033,1.44804800,1.47270012,1.49279809,1.50539422,1.50835097,1.50737774,1.49716401,1.48766088,1.46840668,1.41095901,1.30560100,1.16870105,1.08300078,1.05467319,1.04474199,1.03273749,1.03373539,1.04258406,1.06132627,1.08453774,1.10648751,1.12403607,1.14108038,1.14455366,1.13452268,1.10937762,1.06868374,1.00506127,0.91560113,0.80472565,0.69389015,0.62800318,0.55708051,0.66573280,0.79793072,0.85760522,0.45807704,-0.11591294,-0.72653127,-0.90459371,-0.98678303,-1.03754199,-1.05775249,-1.03470147,-0.98374993,-0.92739278,-0.86654502,-0.79229498,-0.71397769,-0.63546574,-0.55694538,-0.47971785,-0.40909278,-0.34174213,-0.27953961,-0.22337152,-0.17341405,-0.12524676,-0.08277113,-0.04658150,-0.01784111,0.00489362,0.02078236,0.02733516,0.02152675,0.00830137,-0.00908807,-0.03081582,-0.05791936,-0.09640236,-0.13386542,-0.17657219,-0.22680463,-0.27104309,-0.33041620,-0.35921970,-0.28922379,-0.40049997,-1.19743025,-1.72629547,-1.75243700,-1.74658060,-1.25626469,-1.55699670,-0.28773582,-0.92327595,-1.62943828,-1.74652159,-1.62849617,-1.65380096,-1.42891157,-1.56307244,-1.56414175,-1.53604424,-1.49715042,-1.49150550,-1.46583009,-1.44090211,-1.40175021,-1.37068963,-1.34765291,-1.32808542,-1.28270590,-1.25238025,-1.23031890,-1.19399166,-1.16466224,-1.12692785,-1.09136426,-1.06474006,-1.05048144,-1.03266990,-0.99963903,-0.98749959,-0.98596150,-0.96659285,-0.95856512,-0.95015889,-0.92747635,-0.94556957,-0.96676123,-0.97370368,-0.99484497,-1.05246925,-1.09061182,-1.08893144,-1.16412139,-1.18801618,-1.23960912,-1.21740925,-1.27644670,-1.36241066,-1.25366008,-1.32885933,-1.25051725,-1.31269538,-1.34051275,-1.49646282,-1.67043030,-1.68891895,-1.66816413,-1.62263131,-1.70867419,-1.26954663,-1.34868515,-1.71252501
1503,CHC_CEME09_20110807,0.55498701,0.44501299,0.00000000,-1.54432046,-1.53637838,-1.53313255,-1.52469802,-1.51243103,-1.50239742,-1.49566841,-1.48988008,-1.48551917,-1.48171973,-1.47399390,-1.46086216,-1.43501890,-1.40215564,-1.37742567,-1.35960734,-1.35070086,-1.35352838,-1.35795474,-1.35905147,-1.35352063,-1.34993577,-1.35140324,-1.34553623,-1.34341717,-1.34998119,-1.35179782,-1.35752606,-1.35114574,-1.30878925,-1.19051564,-1.03247964,-0.86914372,-0.71585935,-0.60095131,-0.53540182,-0.51657969,-0.47644767,-0.45872879,-0.44359660,-0.42730179,-0.41258994,-0.40078396,-0.38622764,-0.36851519,-0.35264423,-0.33948559,-0.32569519,-0.31195912,-0.30192670,-0.30128795,-0.29087842,-0.28004959,-0.27961722,-0.29490191,-0.29249915,-0.29820237,-0.29411253,-0.28368804,-0.26666832,-0.24760452,-0.22856630,-0.20516090,-0.18267310,-0.16293173,-0.13982901,-0.12081672,-0.10790453,-0.08999120,-0.08444924,-0.07743765,-0.08038637,-0.09634791,-0.12409826,-0.14885175,-0.19738494,-0.22192656,-0.22945139,-0.23067106,-0.23009752,-0.22474942,-0.20649603,-0.17534867,-0.14489429,-0.11485769,-0.08953919,-0.07135825,-0.05496000,-0.04153503,-0.03664152,-0.04233809,-0.06027164,-0.09211969,-0.14300643,-0.19592173,-0.26070276,-0.32550317,-0.43116960,-0.52357352,-0.63409066,-0.72549176,-0.79738438,-0.84158337,-0.86300671,-0.87672049,-0.87041044,-0.86563981,-0.85651052,-0.83316588,-0.80313706,-0.77659500,-0.74726218,-0.72164547,-0.69650191,-0.67368895,-0.65316325,-0.63335806,-0.61567247,-0.59356749,-0.57458073,-0.55340546,-0.53113586,-0.51172942,-0.49827603,-0.48623151,-0.47959563,-0.48585638,-0.48952800,-0.49143061,-0.50585973,-0.52156365,-0.54051244,-0.55631304,-0.56838214,-0.56607294,-0.57146990,-0.57416004,-0.57636702,-0.57391393,-0.57401603,-0.63855809,-0.64666700,-0.70370549,-1.04057550,-0.67936277,0.11179561,-1.01733017,-0.81372947,-0.96919334,-1.08996165,-1.11621583,-1.26168907,-1.14853990,-1.13357842,-1.07340074,-1.02278066,-0.98628122,-0.95451862,-0.93315464,-0.91674316,-0.90577787,-0.89270675,-0.87928295,-0.89007628,-0.90321428,-0.91893113,-0.92633492,-0.93043739,-0.92944306,-0.92977798,-0.93136001,-0.92996901,-0.92468518,-0.91917920,-0.91516739,-0.90706748,-0.89826375,-0.88840199,-0.88176692,-0.87010229,-0.85970372,-0.85160679,-0.85140628,-0.86181611,-0.88632709,-0.91861993,-0.95815587,-0.97779232,-0.99180079,-1.01370704,-1.02930140,-1.03656816,-1.02234304,-1.03798008,-1.04597676,-1.04305577,-1.05142891,-1.05953932,-1.06599557,-1.08484316,-1.11153018,-1.14278221,-1.18221617,-1.17464924,-1.22988451,-1.25715971,-1.25242138,-1.36402273,-1.02339244,-0.80667138
114,Res028,0.76490098,0.01324500,0.22185400,-1.64899838,-1.63444698,-1.61665606,-1.60132301,-1.59024036,-1.58021581,-1.57322764,-1.57035911,-1.56630909,-1.55866122,-1.53940880,-1.49429858,-1.40816557,-1.30607879,-1.23825705,-1.20040739,-1.19207168,-1.22545934,-1.26941860,-1.29410028,-1.30317414,-1.31820583,-1.33348966,-1.34159195,-1.36074150,-1.39032114,-1.41438532,-1.43607879,-1.42708945,-1.32284188,-1.04129398,-0.67956024,-0.30007085,0.06474503,0.33642524,0.49212605,0.58125830,0.59655315,0.60807461,0.62157404,0.63457000,0.64583904,0.65628093,0.66486782,0.67455083,0.68450844,0.69408840,0.70356667,0.71129948,0.71550858,0.72151536,0.72685772,0.72768325,0.71326089,0.70830137,0.66906095,0.62088948,0.59523171,0.59468204,0.60531020,0.60375243,0.59753060,0.62914443,0.65604442,0.68124312,0.70367765,0.71560973,0.72566926,0.73225945,0.73594362,0.73821837,0.73630959,0.74074137,0.66539532,0.54684943,0.42469254,0.35509315,0.32968596,0.31710085,0.31241617,0.31195527,0.32146579,0.33411610,0.35018736,0.36530834,0.37714928,0.39220315,0.39719215,0.38412043,0.35895956,0.32081136,0.27237764,0.21372055,0.13346539,0.06265616,0.03066928,0.02144098,-0.05154571,0.49644262,0.02107976,-0.05157551,-0.57424134,-0.96566850,-1.08680010,-1.13202512,-1.19013786,-1.21197879,-1.19422209,-1.16079557,-1.12287796,-1.08320618,-1.03149474,-0.97609538,-0.92069775,-0.86383611,-0.81127197,-0.76030517,-0.71269178,-0.66638315,-0.62751985,-0.59158206,-0.55828005,-0.53232175,-0.50669914,-0.48380843,-0.46481040,-0.45537117,-0.44911590,-0.44868374,-0.45620590,-0.46885902,-0.48364750,-0.49983308,-0.52503586,-0.55408370,-0.59088129,-0.63223445,-0.66564256,-0.70759046,-0.71708429,-0.72906268,-0.60855222,0.39010343,-0.55904281,-1.73959875,-1.75194800,-1.52642488,-1.35891283,-1.74977970,-1.75245619,-1.75225401,-1.52008784,1.41557825,-0.35898611,-1.50497437,-1.48738348,-1.56909859,-1.56647408,-1.55578256,-1.53810203,-1.51437926,-1.46951354,-1.44747722,-1.45391834,-1.43590891,-1.39924061,-1.37146854,-1.34342813,-1.32063961,-1.30732644,-1.29596663,-1.26906979,-1.24024284,-1.21749830,-1.20761824,-1.18705201,-1.17694414,-1.16005826,-1.14905632,-1.15515447,-1.14165437,-1.13300908,-1.13004661,-1.13324296,-1.13304019,-1.15577579,-1.18905735,-1.18090570,-1.21766102,-1.21477354,-1.22722042,-1.24037004,-1.25531781,-1.27819872,-1.30080855,-1.38090062,-1.32925832,-1.40963483,-1.45219445,-1.25722611,-1.41288960,-1.53267765,-1.26933277,-1.29451823,-1.58336926,-0.61258399,-0.86713576,-1.63762152,-1.55569768,-1.50021243
276,FSP_046,0.60897398,0.00000000,0.39102599,-1.56372607,-1.54682100,-1.52798009,-1.50770259,-1.48773777,-1.47002852,-1.45970309,-1.45356345,-1.44468284,-1.42969227,-1.40209699,-1.34890914,-1.24561346,-1.11463511,-1.02221024,-0.96817243,-0.95915937,-1.00328541,-1.05451155,-1.07989395,-1.08877516,-1.10634983,-1.12899101,-1.13197803,-1.14486337,-1.16588354,-1.18269527,-1.19197381,-1.17568994,-1.07896638,-0.77494639,-0.29979610,0.26165435,0.79753339,1.17044580,1.37762713,1.49512291,1.52749002,1.53833461,1.55865002,1.57702112,1.59318256,1.60856628,1.61941338,1.63036180,1.64179158,1.65477502,1.66594326,1.67693329,1.68920374,1.69802761,1.70887613,1.71397102,1.71236002,1.69038379,1.66090846,1.62184477,1.61433423,1.62155855,1.64236355,1.68605697,1.73732758,1.77223921,1.80284107,1.83154929,1.85692477,1.86838591,1.87093318,1.86753678,1.86109340,1.85639954,1.84684515,1.84923005,1.84164631,1.74337721,1.62749779,1.55585504,1.52407849,1.50927603,1.50106776,1.50257909,1.51563787,1.53151166,1.54917836,1.56452835,1.57956541,1.59573853,1.60212708,1.58309495,1.55436671,1.51048315,1.44867551,1.37316680,1.28597653,1.19986391,1.16317225,1.08704901,1.02595329,0.89431512,0.79162592,0.78442502,0.22068468,-0.14056686,-0.32046220,-0.37420323,-0.42718107,-0.44561619,-0.40928480,-0.36037183,-0.30583286,-0.24497704,-0.17124362,-0.09251537,-0.01313540,0.06311425,0.13715327,0.20878415,0.27691391,0.33863950,0.38995174,0.44120321,0.48574853,0.52123094,0.55318063,0.58307946,0.60669637,0.62000132,0.62556434,0.61947197,0.60605198,0.58825028,0.56873983,0.54327118,0.51175922,0.47404689,0.42901844,0.38072798,0.33510637,0.24807617,0.23934954,0.25318339,0.22672306,1.17272365,1.09716272,-0.71105164,2.12432146,-1.44204950,-1.12773335,0.20491749,-1.45472848,-1.75003707,-0.78707957,2.46953344,-0.42781070,-1.10924351,-1.19176972,-1.07587826,-1.00025022,-0.95179474,-0.91495943,-0.83793312,-0.76597673,-0.77810299,-0.76546675,-0.72537327,-0.69345754,-0.65065789,-0.62336481,-0.60444182,-0.56875271,-0.53265208,-0.49610490,-0.47063306,-0.43546700,-0.41807079,-0.40408185,-0.39492050,-0.38027796,-0.37176576,-0.38069141,-0.37919199,-0.37561584,-0.34589371,-0.34307960,-0.36188796,-0.38205948,-0.41836503,-0.45385504,-0.48198038,-0.49539649,-0.52746224,-0.57766640,-0.59500760,-0.62376982,-0.67791218,-0.75090563,-0.78826755,-0.73744899,-0.79668850,-0.83998752,-0.97427380,-0.88540506,-0.89768636,-1.17460883,-1.19841552,-1.35206723,-1.17883503,-1.45536911,-1.68363619,-1.68204212
256,FSP_025,0.42307699,0.00000000,0.57692301,-1.51603281,-1.49550998,-1.47136486,-1.44243622,-1.41146445,-1.38731432,-1.37339759,-1.36243880,-1.34653556,-1.32139289,-1.28567600,-1.23643303,-1.16221249,-1.07093096,-0.99705362,-0.94290340,-0.91178399,-0.90989959,-0.91589677,-0.90963566,-0.90010709,-0.89813095,-0.89543808,-0.88661677,-0.87766057,-0.87428892,-0.86914164,-0.86055803,-0.83833885,-0.77469534,-0.61019397,-0.35229060,-0.03022896,0.28290251,0.50519776,0.63392520,0.72642094,0.74792129,0.75701368,0.77669710,0.79434407,0.80730522,0.83146673,0.83900791,0.84236813,0.84754944,0.85840756,0.86825585,0.87718278,0.88367248,0.90939331,0.92182577,0.92912507,0.92210835,0.98171949,0.95612812,0.93256521,0.90482032,0.89845288,0.89648610,0.83605182,0.77255672,0.79218358,0.81316900,0.83065546,0.84950238,0.87280869,0.89852768,0.92012316,0.93471986,0.94945633,0.96963173,0.99227285,0.95437521,0.90866572,0.85989892,0.82287586,0.81904215,0.82482743,0.83204168,0.84241229,0.85493380,0.86934894,0.88396412,0.89890516,0.91652364,0.93567604,0.94581246,0.94203180,0.94026625,0.93977123,0.92787349,0.89980984,0.86406595,0.82321686,0.81449234,0.91435331,0.93467361,0.89897853,0.87210006,0.59367257,0.48148829,0.23118430,0.14291306,0.11383131,0.07581972,0.06679639,0.08574416,0.10943118,0.12903957,0.15627539,0.19184543,0.23065190,0.26940614,0.30690715,0.34344992,0.38066113,0.41443995,0.44693962,0.47233745,0.49804872,0.52107924,0.53968030,0.55530936,0.56922853,0.58294505,0.58989990,0.59387684,0.59270191,0.58711696,0.57827115,0.57193196,0.56433606,0.55202627,0.53483015,0.51357144,0.49606493,0.47918147,0.43195233,0.43131265,0.42470914,0.19367078,0.81249052,0.39581156,-0.47477329,0.16163120,-1.45868349,-0.99198610,-0.18474361,-1.31230450,-1.73016298,-1.49910200,1.45748615,0.90198183,-0.04837904,-0.34121731,-0.29420403,-0.23463611,-0.21708307,-0.21016730,-0.17769440,-0.12644796,-0.10143949,-0.10411044,-0.10091152,-0.08457848,-0.05925800,-0.03717125,-0.02191368,-0.01268607,0.00683046,0.03043510,0.04820819,0.07351594,0.07340844,0.06793752,0.06284279,0.05368238,0.04142915,0.01423014,-0.00093406,0.01629541,0.05161957,0.08326685,0.07975778,0.06625451,0.05491279,0.03581462,0.01418340,-0.01354125,-0.02564431,-0.05040668,-0.07025392,-0.10964668,-0.13929823,-0.15225554,-0.13482039,-0.19420786,-0.28863260,-0.19097131,-0.30403626,-0.27649543,-0.14088751,-0.27284041,-0.48712432,-0.59424835,-0.48632827,-0.20806113,-0.00325198,0.86140198
1003,SSC_ARCA02_20120228,0.68672103,0.31327900,0.00000000,-1.52943063,-1.52239347,-1.50908399,-1.49785459,-1.48206937,-1.46925521,-1.46041572,-1.45366776,-1.44866490,-1.44398248,-1.43667567,-1.42201769,-1.38962412,-1.34096718,-1.30714166,-1.28729391,-1.28271770,-1.29881179,-1.32244515,-1.33054948,-1.33217144,-1.33787179,-1.34847200,-1.34946716,-1.35180902,-1.36387181,-1.37271750,-1.38146567,-1.37779760,-1.33787620,-1.20043206,-1.00883806,-0.79157418,-0.58669251,-0.44591275,-0.37299842,-0.34879932,-0.31597957,-0.29731470,-0.28139502,-0.26474890,-0.24870943,-0.23386496,-0.21847521,-0.20175233,-0.18687795,-0.16975003,-0.15599470,-0.14227441,-0.12994547,-0.12450494,-0.11192182,-0.09925175,-0.10294932,-0.10006814,-0.10978176,-0.12978537,-0.13265976,-0.12622043,-0.11428881,-0.09624004,-0.08480473,-0.05613912,-0.02719773,-0.00479978,0.02005362,0.04210203,0.05911122,0.07574096,0.08422159,0.08879128,0.09225828,0.08291078,0.05811616,-0.00473025,-0.08785196,-0.12839124,-0.14684258,-0.15712193,-0.16446692,-0.16052639,-0.14650919,-0.12012024,-0.09037999,-0.06184328,-0.03686694,-0.01870751,-0.00702234,0.00534108,0.00518531,-0.00406462,-0.03568058,-0.08500046,-0.14547333,-0.21118538,-0.24280696,-0.18295999,-0.46831456,-0.54007202,-0.74381703,-0.83803070,-0.99496663,-1.04967558,-1.08093894,-1.10079432,-1.10810506,-1.10437500,-1.09675193,-1.07927644,-1.05530429,-1.02594578,-0.99402565,-0.95985931,-0.92707598,-0.89291811,-0.86166257,-0.82957977,-0.80085474,-0.77266431,-0.74311006,-0.71322441,-0.68526018,-0.65877157,-0.63692790,-0.61775994,-0.60358566,-0.59934002,-0.60210156,-0.61059880,-0.62832856,-0.64525115,-0.66397268,-0.68419862,-0.69934392,-0.69704014,-0.71068621,-0.72925979,-0.73600692,-0.73785836,-0.73362756,-0.70508486,-0.66017330,-0.54923582,1.05853522,2.54185390,-1.75245631,0.34326833,0.37306666,-0.30387452,-0.90437335,0.29168966,-1.05559921,-1.22190690,-1.32232487,-1.30106688,-1.29333889,-1.26797640,-1.25841141,-1.24109268,-1.22091055,-1.21993077,-1.18679047,-1.18895471,-1.17506790,-1.16623974,-1.17065799,-1.17301941,-1.16796660,-1.15691781,-1.15178573,-1.14486766,-1.12831748,-1.12044191,-1.11400783,-1.09703052,-1.08675551,-1.07851148,-1.06502175,-1.05696857,-1.04031694,-1.04550207,-1.03099251,-1.03351593,-1.04793930,-1.07921064,-1.09888172,-1.12334526,-1.14564764,-1.16908872,-1.18882334,-1.19359505,-1.21605623,-1.21096027,-1.21872091,-1.23507130,-1.25132287,-1.25721014,-1.25737858,-1.24308515,-1.27828765,-1.26664090,-1.31086385,-1.31342244,-1.31806314,-1.31675875,-1.31791055,-1.38037121,-1.18256748,-0.55341613,1.03981304
1328,COP_20160526_2-40-W,0.00785784,0.99214202,0.00000000,-1.47219872,-1.43690407,-1.39324105,-1.34680414,-1.30339420,-1.26353276,-1.22559965,-1.18851507,-1.15258443,-1.11674500,-1.07921183,-1.03856671,-0.99530643,-0.95177001,-0.90825564,-0.86308223,-0.81766772,-0.77322054,-0.73051232,-0.68751454,-0.63915867,-0.59181881,-0.54297447,-0.49250934,-0.44449174,-0.40038872,-0.35900840,-0.32157961,-0.27408859,-0.19935460,-0.11538508,-0.04337090,0.02271662,0.08320456,0.13926201,0.19342047,0.24684867,0.29936877,0.35067374,0.40170294,0.45214432,0.50119507,0.55015469,0.59684485,0.64190322,0.68594676,0.72906268,0.77069956,0.81176066,0.84987330,0.88605148,0.92157221,0.95697606,0.97576785,1.00237072,1.03058636,1.05780339,1.08643711,1.11090040,1.14195240,1.18078601,1.22521377,1.26264679,1.30131507,1.33990824,1.37658799,1.41089427,1.44351387,1.47491598,1.50537086,1.53537667,1.56905985,1.63371313,1.66620624,1.63299179,1.60087943,1.56736708,1.55730283,1.56363642,1.57435083,1.58963120,1.61551499,1.65301859,1.70021617,1.74758267,1.79342782,1.83772182,1.88116634,1.91528451,1.94592309,1.97128642,1.98782182,1.99351919,1.98864865,1.99707389,2.12722111,1.05669439,1.06426954,1.06933093,1.06690216,1.05866420,1.09219623,0.64745986,0.66444969,0.66515970,0.71614265,0.73882562,0.75312644,0.80990559,0.87588209,0.93687475,1.00538850,1.07233119,1.13131595,1.18054903,1.22491443,1.26644552,1.30661368,1.35019565,1.40352094,1.47369826,1.55051935,1.62139750,1.68280351,1.73373365,1.76623011,1.77464235,1.76499414,1.73728883,1.69302905,1.65142596,1.61155152,1.57014370,1.56124806,1.58582115,1.58936453,1.57841575,1.58788574,1.62872899,1.74016285,1.84303081,1.62585080,1.72596323,2.23387575,4.84601736,5.22221899,4.93884134,4.17602682,2.46825361,2.02679062,2.38779426,2.07354069,0.74362129,0.38653171,0.34189218,0.38130200,0.47082132,0.54545927,0.61949933,0.68862355,0.74654138,0.79119098,0.77489346,0.71417940,0.63104433,0.54437619,0.46197456,0.40029383,0.36327356,0.34769568,0.34656167,0.36181048,0.39238033,0.43315810,0.47617444,0.51503384,0.54955006,0.57684988,0.60002953,0.62007707,0.63713765,0.64828074,0.63940173,0.59509850,0.50223559,0.38480872,0.27889562,0.20847914,0.18011515,0.16716474,0.12619111,0.06911197,0.05554138,0.05063397,0.04339030,0.04989191,0.06358309,0.07707024,0.08902501,0.08854389,0.07918634,0.05247545,0.02644831,-0.04508757,-0.10748629,-0.12885867,-0.22465885,-0.16765660,0.28553700,0.89522290
1375,QUE_T3.04.J,0.00000000,0.57999998,0.41999999,-1.22710526,-1.19899511,-1.16810036,-1.13247347,-1.09654057,-1.06622899,-1.04179037,-1.01862335,-0.99323112,-0.96324456,-0.93029493,-0.89712602,-0.86364388,-0.82960784,-0.79556566,-0.76066738,-0.72514468,-0.69015640,-0.65926439,-0.62901741,-0.59994537,-0.57063532,-0.53952098,-0.50681460,-0.47422522,-0.43980134,-0.40569708,-0.37179020,-0.33398685,-0.28819638,-0.24454677,-0.20299070,-0.15783279,-0.11712465,-0.08258381,-0.04526554,0.00406170,0.03758832,0.06803019,0.10594654,0.14251456,0.17962049,0.21926343,0.25076231,0.27980876,0.30944887,0.33998433,0.37037092,0.40114760,0.43301412,0.46931827,0.50090945,0.52831125,0.56376392,0.59953219,0.62297261,0.64462018,0.66033715,0.67987096,0.69728285,0.68089491,0.66193181,0.68633729,0.71116602,0.73537332,0.75696903,0.77773434,0.79915214,0.82481575,0.85150254,0.88115132,0.91426706,0.95759100,0.99826145,1.01393890,1.02351654,1.01945746,1.02188683,1.03393579,1.04897487,1.06446004,1.08104920,1.09822381,1.11697400,1.13618577,1.15864158,1.18435442,1.20762265,1.22019184,1.23614252,1.25438249,1.28019035,1.30419290,1.32749867,1.33928192,1.32824659,1.13132322,0.43837565,1.08549786,0.99130601,1.21380925,1.16506863,1.15154302,1.10375011,1.07847309,1.05921698,1.04908037,1.05818820,1.06626785,1.07401919,1.08587551,1.10788441,1.13427019,1.15809464,1.17734611,1.19582260,1.21445012,1.23466802,1.25266492,1.27131808,1.29944503,1.32756555,1.34994483,1.37022614,1.38472211,1.39029312,1.38637459,1.37684953,1.36998522,1.36884952,1.36718142,1.36467063,1.35789371,1.35768259,1.36559427,1.36786115,1.36540592,1.36814320,1.37812102,1.39147615,1.40753198,1.42042351,1.33636510,1.07856333,0.78961921,1.53815985,0.94998878,2.20557809,1.91824090,1.29027510,0.90229642,-0.59859085,0.55132890,0.62653500,0.65497094,0.75745541,0.80279559,0.82773328,0.85817784,0.89469302,0.95118451,1.02745259,1.00523376,0.94507807,0.89835590,0.86214894,0.82896781,0.80483788,0.77429068,0.76459950,0.75716603,0.76982337,0.78754985,0.80807769,0.82143313,0.82889390,0.83582532,0.84882718,0.86541003,0.87781751,0.86962891,0.87680018,0.89658779,0.88609797,0.83791131,0.78920084,0.73814172,0.67455244,0.66695118,0.66371953,0.64132333,0.59754860,0.58344454,0.58222544,0.53835064,0.53871667,0.54844433,0.54835969,0.51790768,0.51657337,0.46874917,0.50315338,0.50328314,0.32027429,0.33496755,0.23399736,0.33677864,0.30871031,-0.23864709,-0.80985105
1695,CHI_CECU04_20111117,0.33802599,0.66197401,0.00000000,-1.60598803,-1.60905004,-1.60194397,-1.59266031,-1.58796382,-1.58522260,-1.57891345,-1.57082677,-1.56213772,-1.55912662,-1.54641509,-1.53238297,-1.49015486,-1.43497753,-1.39053619,-1.36326516,-1.35403240,-1.36920297,-1.40049279,-1.40509892,-1.40349364,-1.41298962,-1.42681992,-1.42790627,-1.43035257,-1.44669747,-1.45997870,-1.47367883,-1.46920300,-1.40753639,-1.21210790,-0.96109521,-0.71572250,-0.50987965,-0.37407458,-0.30583975,-0.30583799,-0.24755462,-0.22492541,-0.20795456,-0.18944512,-0.17413719,-0.16432330,-0.14688815,-0.12669033,-0.10902568,-0.09279350,-0.07945476,-0.06846363,-0.05857717,-0.06518641,-0.05587934,-0.04639862,-0.05784107,-0.06665487,-0.06699575,-0.08009294,-0.06701048,-0.05795279,-0.04899910,-0.02153774,-0.00565532,0.01736280,0.04554683,0.06762598,0.09094863,0.10875644,0.12419093,0.15001088,0.15716411,0.16950813,0.17045890,0.16288534,0.12507170,0.09253278,0.02767124,0.00576119,-0.00798118,-0.01114843,-0.01529766,-0.01129462,0.01148873,0.05622057,0.10277158,0.14718416,0.17987244,0.20643094,0.23449565,0.25842854,0.27161735,0.27171248,0.25138843,0.21090211,0.14374486,0.07391070,0.00099530,-0.26850468,-0.15678093,-0.37675065,-0.62467676,-0.73095322,-0.86297172,-0.92641431,-0.95721459,-0.98571986,-0.98096460,-0.97236747,-0.96430695,-0.92841959,-0.88939595,-0.84849411,-0.80439359,-0.76160192,-0.72073710,-0.68269491,-0.64691275,-0.61489761,-0.58317167,-0.54834312,-0.51179332,-0.47705019,-0.44054657,-0.40571776,-0.37923872,-0.35547048,-0.34619451,-0.35337272,-0.36327800,-0.37550423,-0.40042108,-0.43717551,-0.46974492,-0.49870455,-0.50444669,-0.49864495,-0.50550205,-0.51677340,-0.51230741,-0.51108724,-0.51297200,-0.54284751,-0.57731301,-0.66351891,-0.43920046,1.18942344,0.68306267,1.75575805,1.18061614,-0.46264732,-0.90967089,-0.39046848,-0.99553281,-1.23781061,-1.34481323,-1.26167107,-1.25445235,-1.21116638,-1.16428518,-1.12712073,-1.10954034,-1.12115967,-1.05538535,-1.05940390,-1.06462526,-1.07165432,-1.07815158,-1.07816279,-1.07181191,-1.06752193,-1.06308162,-1.05754960,-1.05114341,-1.05360913,-1.03967249,-1.03211689,-1.01740396,-1.01277626,-0.99664474,-0.97402686,-0.95696074,-0.94819152,-0.93166059,-0.93303049,-0.95477539,-0.99035215,-1.03483427,-1.09402180,-1.11711001,-1.14602041,-1.17846036,-1.18899822,-1.20258868,-1.19808626,-1.20226109,-1.21864629,-1.23119581,-1.26714778,-1.25881898,-1.27244461,-1.26267838,-1.28659272,-1.33721066,-1.33807647,-1.34349859,-1.40395546,-1.43650687,-1.38518727,-1.16715360,-0.91240656,0.74646121
485,QUE_T1.07.I,0.00000000,0.30300000,0.69700003,-1.34465647,-1.31951129,-1.29200101,-1.26027811,-1.22801638,-1.20047224,-1.17803729,-1.15697682,-1.13342643,-1.10547900,-1.07476544,-1.04382432,-1.01309609,-0.98235989,-0.95151907,-0.92000908,-0.88792956,-0.85660201,-0.82748497,-0.79901105,-0.77142328,-0.74297029,-0.71331775,-0.68292570,-0.65177470,-0.61951745,-0.58620322,-0.55136663,-0.51404780,-0.47475529,-0.43523866,-0.39486825,-0.35368159,-0.31333235,-0.27391949,-0.23505868,-0.19409275,-0.15899870,-0.12414361,-0.08861926,-0.05428561,-0.02031270,0.01332588,0.04470988,0.07502811,0.10459740,0.13379215,0.16223863,0.19076201,0.21884695,0.24675658,0.27341372,0.29759341,0.32148519,0.34276724,0.36544880,0.39169505,0.41529304,0.43637618,0.45636481,0.47221407,0.48915267,0.51145864,0.53156459,0.55433500,0.57793087,0.59462613,0.61596781,0.63821512,0.66119254,0.68383390,0.70336705,0.72364295,0.74796289,0.76351738,0.77923059,0.79235697,0.80591857,0.82031012,0.83635962,0.85156333,0.86871815,0.88648504,0.90504587,0.92457247,0.94483924,0.96318084,0.98166806,0.99683440,1.01076519,1.02625966,1.04379082,1.05969918,1.07163405,1.07889175,1.07520902,1.09062493,1.17106569,1.15426397,1.10605180,0.99627417,0.98996091,0.96734315,0.95875490,0.95233649,0.95492774,0.96147633,0.97212064,0.98701304,1.00235558,1.01625037,1.03575337,1.05591238,1.07397223,1.08926487,1.10403228,1.11897445,1.13168716,1.14553833,1.16079319,1.17976987,1.19838929,1.21513021,1.22915876,1.23852980,1.24174929,1.23958707,1.23454654,1.22990739,1.22749722,1.22821271,1.22803581,1.22415459,1.22491074,1.23155797,1.23563230,1.23800814,1.24246001,1.24893892,1.25325108,1.25911772,1.24237025,1.24399924,1.23067141,0.43139306,0.01871230,1.45783687,-0.99152231,1.21748567,1.37485516,1.53075516,1.14508355,1.20098579,0.78908259,0.78837019,0.81468797,0.86517960,0.90199327,0.92824328,0.96156722,0.98926139,1.01909053,1.00783789,0.97680861,0.93893945,0.90676558,0.88587993,0.86266947,0.84762889,0.84158796,0.84066546,0.84577549,0.86004198,0.86423093,0.86906660,0.86313313,0.85971618,0.85823882,0.85991603,0.85294646,0.84915835,0.85507029,0.87655687,0.87554181,0.84333313,0.79557836,0.73189372,0.69563115,0.69117737,0.68986505,0.67845792,0.63512087,0.62969512,0.62716532,0.60888630,0.62091798,0.61478961,0.61021364,0.61970103,0.55449182,0.61501378,0.60970342,0.61798292,0.45534021,0.36590105,0.30753282,0.15880308,0.04437741,-0.21022677,1.20256591
1600,SSC_BAPI04_20110930,0.54983097,0.45016900,0.00000000,-1.54498088,-1.54343343,-1.52472496,-1.50320101,-1.48315394,-1.46214879,-1.44553339,-1.43473148,-1.42221010,-1.41012537,-1.39268565,-1.35260987,-1.27368820,-1.17178357,-1.10437369,-1.06466877,-1.05309486,-1.07877040,-1.12047029,-1.13068986,-1.12927568,-1.14038002,-1.16461372,-1.16790664,-1.17909479,-1.21180785,-1.24375880,-1.27926719,-1.27662551,-1.16256440,-0.83885193,-0.45138788,-0.06720668,0.25343794,0.46087468,0.57137877,0.61905313,0.66819787,0.70142108,0.73097074,0.76191199,0.79166216,0.81205094,0.83596605,0.86830282,0.89553303,0.91988099,0.94621676,0.96950364,0.99332553,0.99827361,1.02043188,1.03892124,1.06724691,1.00045872,1.00148475,0.95996624,0.95117563,0.97042733,1.00019109,1.03749573,1.16875839,1.21922052,1.27465844,1.31926119,1.36496389,1.39146233,1.42054617,1.44154644,1.44637835,1.43948519,1.42365873,1.39776838,1.29846418,1.17863727,0.99866462,0.91683304,0.88152361,0.85646045,0.83143210,0.84097511,0.87002158,0.92545402,0.99519157,1.05181503,1.09961355,1.13794100,1.16127980,1.17541218,1.16485476,1.13037872,1.06768489,0.96775663,0.84487242,0.71393609,0.62073779,0.40669167,0.50689477,0.83386141,0.44027978,-0.63538384,-0.74865550,-0.78134465,-0.82211363,-0.84703910,-0.85380906,-0.85855097,-0.83859652,-0.79795420,-0.75325441,-0.71003002,-0.65306193,-0.59906101,-0.54567951,-0.49287242,-0.44292745,-0.39256459,-0.34716338,-0.29983866,-0.25340158,-0.20805097,-0.16842449,-0.13847670,-0.10998230,-0.08344880,-0.06878418,-0.07145828,-0.08974463,-0.12636021,-0.18235850,-0.22722451,-0.27070025,-0.30248797,-0.31680426,-0.31537330,-0.33439249,-0.36293980,-0.37149549,-0.37427336,-0.37252173,-0.40894192,-0.43138275,-0.38405523,-1.75245631,-1.75245631,-1.75245631,1.56611550,1.04343557,-1.75245631,0.76373476,3.06553650,3.10255122,-0.84504396,-1.25471377,-1.32223237,-1.34179437,-1.27168405,-1.24141181,-1.21139216,-1.19132638,-1.16788590,-1.15821135,-1.12778282,-1.12342978,-1.11851144,-1.10718513,-1.11003387,-1.10372519,-1.08630514,-1.08262444,-1.06628776,-1.05100632,-1.03474522,-1.02335894,-1.01260436,-0.99957311,-0.98049760,-0.96015388,-0.95120889,-0.93910211,-0.93282753,-0.93610024,-0.93868327,-0.96648473,-1.01566672,-1.04698455,-1.09359479,-1.12998152,-1.15008378,-1.16781998,-1.19880307,-1.21124697,-1.20452309,-1.21658361,-1.24379301,-1.23570180,-1.24167001,-1.27250779,-1.30422008,-1.28465641,-1.33379316,-1.36274159,-1.36403871,-1.39558446,-1.38526773,-1.35726190,-1.42774558,-1.23713613,1.46365464,-1.75245631
1134,OPE3_013,0.05769230,0.46153799,0.48076901,-1.47427225,-1.45637763,-1.43538356,-1.41043544,-1.38437474,-1.36245859,-1.34677112,-1.33230722,-1.31476212,-1.29180610,-1.26416159,-1.23431921,-1.20213163,-1.16825068,-1.13392591,-1.09900260,-1.06467640,-1.03210199,-1.00301301,-0.97576034,-0.95130092,-0.92915481,-0.90785897,-0.88424927,-0.85977584,-0.83495569,-0.80961424,-0.78331310,-0.75352800,-0.71511674,-0.67181480,-0.62840611,-0.58228564,-0.54199481,-0.50893843,-0.47714648,-0.44259849,-0.41554463,-0.39074603,-0.36368877,-0.33812416,-0.31200820,-0.28519329,-0.26380923,-0.24405234,-0.22309925,-0.20214732,-0.18101695,-0.15935150,-0.13752745,-0.11126495,-0.08893491,-0.06921855,-0.04305058,-0.00993110,0.00372339,0.01379858,0.02061641,0.03354789,0.04575203,0.05551895,0.06560559,0.08360878,0.10059144,0.11690414,0.13323250,0.15008451,0.16688825,0.18233222,0.19956589,0.21759515,0.24226379,0.27768424,0.29652089,0.29478434,0.29092354,0.27982512,0.27703941,0.28353938,0.29079965,0.29737210,0.30728999,0.31699193,0.32788536,0.33762050,0.35120124,0.36352623,0.37284744,0.37800983,0.38520208,0.39373752,0.40052265,0.40428624,0.41127118,0.41270271,0.40932921,0.26563436,0.21235351,0.09996916,0.17597096,0.04649129,0.11054334,0.07911213,0.01940107,0.00251786,-0.01981148,-0.03720397,-0.01736876,0.00150632,0.01677465,0.03453758,0.06332226,0.09392669,0.12161861,0.14751358,0.17206047,0.19546984,0.21479681,0.23620717,0.25711271,0.27442503,0.29056826,0.30370051,0.31734976,0.32728937,0.33117449,0.33379287,0.33328336,0.33539173,0.33373350,0.33102399,0.32692337,0.32203466,0.31967971,0.31247669,0.30101672,0.29551542,0.28821307,0.28246474,0.31321782,0.29028291,0.35574475,0.49754786,-0.90462792,-0.99907541,-0.44452119,-0.57480568,-0.60987580,-1.29066324,-0.44173479,-1.72742522,-1.29086244,-0.69706678,-0.52417952,-0.78692412,-0.73376429,-0.59731942,-0.55110532,-0.52938318,-0.48479331,-0.41843399,-0.37111777,-0.35394302,-0.32788712,-0.31859747,-0.30087087,-0.28145379,-0.26915300,-0.24481016,-0.22247159,-0.20393726,-0.18794383,-0.16251722,-0.14900555,-0.12789984,-0.12920305,-0.12497191,-0.12978992,-0.10952502,-0.10882936,-0.10746116,-0.10373030,-0.08526246,-0.09217542,-0.12998870,-0.14394002,-0.17568873,-0.21305805,-0.22393490,-0.22208607,-0.21694879,-0.25969204,-0.28938472,-0.33612245,-0.33073860,-0.37308207,-0.35187399,-0.34060124,-0.43173146,-0.40829161,-0.48756102,-0.46867436,-0.54707086,-0.69904977,-0.87576151,-1.05054235,-0.66155052,-0.74753797,0.21379930,-0.90434080
1006,SSC_ARCA06_20120228,0.47024399,0.52975601,0.00000000,-1.49832904,-1.48978615,-1.47886360,-1.46450078,-1.45382977,-1.44019783,-1.42766476,-1.41932225,-1.41065729,-1.40438664,-1.39586329,-1.38345814,-1.35798645,-1.32446229,-1.29897678,-1.28271329,-1.27423429,-1.27760482,-1.28784072,-1.28524673,-1.28237092,-1.28171408,-1.28294611,-1.27851212,-1.27735245,-1.28198361,-1.28267860,-1.28697145,-1.28058827,-1.24254847,-1.14367867,-1.03597498,-0.93728173,-0.85427493,-0.79702234,-0.76489526,-0.75594664,-0.72748858,-0.71165931,-0.69724560,-0.68089271,-0.66563368,-0.65107995,-0.63543510,-0.61805725,-0.60318857,-0.58725744,-0.57176149,-0.55753797,-0.54424667,-0.53617263,-0.52328509,-0.50833029,-0.51072103,-0.49775892,-0.49540386,-0.48756477,-0.47257724,-0.46217850,-0.44951719,-0.43394187,-0.40892056,-0.38636485,-0.36576372,-0.35156444,-0.33219844,-0.31224075,-0.29737279,-0.28369609,-0.27065769,-0.25906986,-0.25171202,-0.24986938,-0.25965604,-0.26768431,-0.27696276,-0.27739304,-0.27370948,-0.27024224,-0.26178429,-0.25256908,-0.23153991,-0.20836800,-0.18024066,-0.15334536,-0.12961510,-0.10792544,-0.08836042,-0.06874689,-0.05559876,-0.04972281,-0.05356528,-0.06656688,-0.09193049,-0.12451884,-0.17104740,-0.30528876,-0.08891609,-0.36913130,-0.43307593,-0.57791495,-0.62645328,-0.68346316,-0.71494341,-0.72952741,-0.73131418,-0.72533238,-0.71460229,-0.68866843,-0.65320194,-0.62060422,-0.58416194,-0.54704571,-0.51290959,-0.48062819,-0.45102689,-0.42048323,-0.39386642,-0.36435989,-0.33514762,-0.30291346,-0.26950055,-0.23659118,-0.20852262,-0.18430784,-0.17186835,-0.17035840,-0.17145689,-0.17900802,-0.19567597,-0.21368372,-0.23595196,-0.25851548,-0.26932269,-0.25907817,-0.25832734,-0.26918632,-0.26955897,-0.26374462,-0.26675445,-0.28211102,-0.31774309,-0.27664044,-0.00782973,1.64236891,1.82829320,0.08901121,0.71244985,-0.38804600,-0.59155041,0.96122181,-0.87499934,-1.09865880,-1.01893759,-0.97260028,-0.96386158,-0.88990164,-0.86123461,-0.82538462,-0.80135000,-0.78089404,-0.74288297,-0.72986376,-0.73858088,-0.75339460,-0.77609521,-0.78108853,-0.78121001,-0.78320229,-0.78573972,-0.77769703,-0.76998359,-0.75699615,-0.73742330,-0.72212982,-0.70803702,-0.68846440,-0.67841339,-0.66050482,-0.64815617,-0.63235247,-0.63135499,-0.63527232,-0.65392107,-0.71491152,-0.75444543,-0.79324728,-0.83170283,-0.84643358,-0.86663717,-0.89206785,-0.93244690,-0.91107559,-0.91726291,-0.94650090,-0.95567650,-0.94412553,-0.92965758,-0.93376517,-0.95760095,-1.01820040,-1.03062212,-1.03452969,-1.11548102,-1.14484513,-1.21027696,-1.18723929,-1.12777698,-0.54448134,1.46603346
1261,SF_110,0.10256400,0.26282099,0.63461500,-1.30805969,-1.27259755,-1.23076987,-1.17719924,-1.12032795,-1.07473338,-1.04634535,-1.02354574,-0.99323624,-0.94822919,-0.88880849,-0.82106727,-0.74490666,-0.66332126,-0.58305866,-0.50532550,-0.43274370,-0.37133864,-0.32160941,-0.27705109,-0.24088240,-0.21287213,-0.18342790,-0.15477164,-0.13038427,-0.11041515,-0.09599008,-0.08349800,-0.05241515,0.02215043,0.12489104,0.21775080,0.30710956,0.37978211,0.42825863,0.46705541,0.51078504,0.53225851,0.54999506,0.57267404,0.59278750,0.61107582,0.63253057,0.64378977,0.65190548,0.66095954,0.67191094,0.68416137,0.69634914,0.70979923,0.73199493,0.74739027,0.76131082,0.77675879,0.81118476,0.81911719,0.82339311,0.82210344,0.82943314,0.83774698,0.82407790,0.81051189,0.82649922,0.84018028,0.85689121,0.87048852,0.88749963,0.90277672,0.91824007,0.93521839,0.95210439,0.97347057,0.99534255,1.01098776,1.01595902,1.01896107,1.01152134,1.01186073,1.02028489,1.03083217,1.03998113,1.05124366,1.06275690,1.07472098,1.08586216,1.09973836,1.11321282,1.12333000,1.13071084,1.14005268,1.14726782,1.15208900,1.15582108,1.15407956,1.14765179,1.12662029,1.08664560,0.81615341,0.65587920,0.67095643,0.90376133,0.81292504,0.85301685,0.83873004,0.87720287,0.86568516,0.87118107,0.88899517,0.90362394,0.91210490,0.92498428,0.94694811,0.96863657,0.98737764,1.00365782,1.01898074,1.03508747,1.05140281,1.06487978,1.07853413,1.09704077,1.11220169,1.12368691,1.13194048,1.14159572,1.14779580,1.14792597,1.14478171,1.14177561,1.14120865,1.13928354,1.13537991,1.12736917,1.12320495,1.12137198,1.11792696,1.11002970,1.10245228,1.08404624,1.08208811,1.04419208,0.84746480,1.19915402,-1.09219599,-0.41326985,-0.16896111,-1.68725300,-1.56825829,-1.25969958,-1.52944863,-1.55850208,-1.75056911,-1.75106812,-1.46700692,-0.27029893,0.23512669,0.37255737,0.47711772,0.56189883,0.61737758,0.68445349,0.72445464,0.71199900,0.70985931,0.69710755,0.70033336,0.69737566,0.69405425,0.69047159,0.69736022,0.69831377,0.70807719,0.71472394,0.72776878,0.73744571,0.71081173,0.68765569,0.68631673,0.65078151,0.63224798,0.61799741,0.60608429,0.66700023,0.68381405,0.68361843,0.65552908,0.64459729,0.60445642,0.62582958,0.64663017,0.57765013,0.51273566,0.51484829,0.44767699,0.44867754,0.40682304,0.37812856,0.44234025,0.29458499,0.23172140,0.17544158,-0.04851378,-0.10158615,0.07128906,0.12566407,-0.52569133,-0.65652275,-0.83615369,-1.41004193,-1.74998701
262,FSP_031,1.00000000,0.00000000,0.00000000,-1.67071724,-1.65340698,-1.63453066,-1.61997879,-1.61042106,-1.60201848,-1.59597123,-1.59314871,-1.59014487,-1.58480823,-1.56850958,-1.52405143,-1.43131101,-1.31939793,-1.24893117,-1.21605527,-1.22327399,-1.28003180,-1.34129810,-1.37592268,-1.39273190,-1.41513991,-1.44055665,-1.45102322,-1.47262979,-1.50566292,-1.53079820,-1.55013847,-1.54067636,-1.43874741,-1.12864494,-0.66156602,-0.06109994,0.62500060,1.21304238,1.59811223,1.83333957,1.91541612,1.96092141,2.01530147,2.06528473,2.11286759,2.16551852,2.19951677,2.23027563,2.26426554,2.30219173,2.33808637,2.37469625,2.41107225,2.45581698,2.48682046,2.50277400,2.49056172,2.48483467,2.39741611,2.28435183,2.22951651,2.22829556,2.25708413,2.29355669,2.34698868,2.42577457,2.50189471,2.57097578,2.62842417,2.67132020,2.70062947,2.71611428,2.71496677,2.70366001,2.69149470,2.66736889,2.52090645,2.25890636,1.96131754,1.78460085,1.72661877,1.70147943,1.68215311,1.68213725,1.70580530,1.74471152,1.79021955,1.83551574,1.87667239,1.91148543,1.92537022,1.89935327,1.84804082,1.76380122,1.63609004,1.46443510,1.26704586,1.08046043,1.01387835,1.26859200,1.23117900,1.16436958,1.10081136,0.80290127,0.03239998,-0.68685496,-0.92813146,-1.01913548,-1.10255814,-1.12561119,-1.08985579,-1.05271137,-1.00689232,-0.94998318,-0.87892622,-0.79963356,-0.71833986,-0.63653445,-0.55504096,-0.47663930,-0.40177351,-0.32960683,-0.26391745,-0.20053174,-0.14054079,-0.08888091,-0.04481330,-0.00633673,0.02449932,0.04112789,0.04834737,0.04128822,0.02067181,-0.00507990,-0.03530418,-0.07237750,-0.11226761,-0.15830174,-0.21557288,-0.27408287,-0.32676059,-0.39412528,-0.39591113,-0.37092486,-0.08789403,1.30102432,1.41665483,-0.77519000,0.33000356,-1.68590426,-1.17533207,-1.54197133,-0.24950852,-1.27121258,-1.51024425,1.06825376,-0.59333086,-1.45325923,-1.54152584,-1.52917778,-1.56023335,-1.54539800,-1.51670563,-1.48269486,-1.44098258,-1.42592347,-1.41831839,-1.40255916,-1.37520373,-1.34744179,-1.31538272,-1.29531336,-1.27114964,-1.25007868,-1.22108889,-1.19151127,-1.16850471,-1.14018428,-1.11533499,-1.09652007,-1.08440852,-1.07126844,-1.04111731,-1.02770388,-1.03591502,-1.02015305,-1.03224182,-1.04761791,-1.08875895,-1.12491775,-1.13162196,-1.16182888,-1.19539118,-1.21712470,-1.25838840,-1.27153754,-1.29624689,-1.31650960,-1.35916162,-1.37811267,-1.38210797,-1.34917402,-1.44495523,-1.44554484,-1.34662557,-1.51670754,-1.53226793,-1.53814626,-1.49444163,-1.50678527,-1.51668787,-0.32872689,1.37955713
1369,QUE_T3.04.D,0.00000000,0.50000000,0.50000000,-1.23077452,-1.20227849,-1.17016339,-1.13275313,-1.09494710,-1.06300747,-1.03739476,-1.01323581,-0.98637694,-0.95446783,-0.91935790,-0.88406861,-0.84902304,-0.81370604,-0.77804428,-0.74159271,-0.70456290,-0.66830701,-0.63587046,-0.60375011,-0.57328886,-0.54305273,-0.51086849,-0.47703722,-0.44321796,-0.40652141,-0.36935869,-0.33200970,-0.29233357,-0.24596111,-0.20359766,-0.16253686,-0.11500844,-0.07355989,-0.03965884,-0.00202179,0.04942599,0.08361439,0.11409237,0.15336032,0.19122010,0.23025808,0.27261207,0.30463889,0.33379054,0.36482733,0.39676514,0.42835936,0.46151274,0.49814013,0.54089165,0.57650888,0.60619271,0.65559822,0.71676272,0.74120790,0.75289530,0.75693583,0.77170479,0.78874928,0.78964657,0.78904778,0.81444842,0.83975649,0.86361277,0.88684452,0.90998226,0.93353957,0.95834357,0.98113751,1.01125324,1.04632664,1.09776199,1.13891006,1.14418268,1.15572870,1.15018821,1.14910603,1.16046596,1.17468500,1.18849623,1.20404279,1.22043002,1.23719704,1.25591636,1.27775168,1.30206227,1.32462621,1.33778048,1.35397029,1.37294364,1.39642680,1.41754532,1.43842411,1.45212173,1.45773220,1.36082029,0.77202386,0.79307193,1.11312187,1.28617609,1.28596056,1.29934478,1.25948858,1.23444927,1.21155787,1.19981718,1.20845330,1.21385813,1.21528935,1.21984649,1.23872077,1.26001680,1.28053927,1.29791725,1.31332433,1.33073270,1.34788370,1.36453688,1.38202989,1.40810883,1.43467927,1.45606339,1.47516418,1.48892140,1.49287248,1.48941827,1.48176157,1.47613418,1.47355521,1.47358453,1.47241068,1.46606874,1.46684825,1.47661698,1.47876561,1.47699535,1.48223281,1.49456692,1.50534272,1.53025913,1.55603349,1.56919706,2.16695023,1.98960674,2.62166357,0.00304385,1.62537909,3.06668210,5.32548666,3.52701092,-0.38188022,1.02340925,1.05222523,0.90290034,0.96946299,1.00142956,1.01475549,1.04349017,1.08390856,1.15132773,1.21204579,1.18426120,1.13158178,1.08727670,1.05905032,1.02867448,0.99586517,0.96941179,0.96006072,0.94927990,0.95446336,0.97022820,0.98806661,1.00070477,1.00559437,1.01077104,1.01740217,1.02897394,1.03470540,1.03740764,1.04094219,1.06331146,1.05922306,1.01661015,0.95543259,0.90137786,0.86629772,0.84021038,0.85105217,0.83190167,0.78959417,0.76385093,0.75613463,0.75851321,0.73478460,0.76062161,0.79999590,0.73391092,0.75350785,0.75754583,0.76191080,0.72639966,0.72187018,0.57923383,0.47523138,0.30720234,0.25724173,-0.16189355,2.31192756
1129,OPE3_008,0.03205130,0.72435898,0.24359000,-1.48714149,-1.46884441,-1.44935536,-1.42634833,-1.40263689,-1.38241339,-1.36725056,-1.35308123,-1.33684981,-1.31622827,-1.29181612,-1.26515973,-1.23641753,-1.20579338,-1.17577255,-1.14618242,-1.11765969,-1.09114969,-1.06730044,-1.04359865,-1.02218115,-1.00263393,-0.98208010,-0.96021998,-0.93748713,-0.91322803,-0.88954043,-0.86439979,-0.83444667,-0.79418427,-0.74723566,-0.70059395,-0.64906108,-0.60606617,-0.57166153,-0.53728467,-0.50079203,-0.46928030,-0.43976641,-0.40805930,-0.37760141,-0.34509894,-0.31115523,-0.28602862,-0.26299170,-0.23805182,-0.21153152,-0.18518020,-0.15812516,-0.12941667,-0.09429865,-0.06448759,-0.04032892,0.00108621,0.04503720,0.06166846,0.07091523,0.07352939,0.08634260,0.09816706,0.11166718,0.12769918,0.15036602,0.17163159,0.19562246,0.21610448,0.23569113,0.25626642,0.27508807,0.29785028,0.32482761,0.36431175,0.43134606,0.46120936,0.45542926,0.44890168,0.41950348,0.40784320,0.41401902,0.42291766,0.43219915,0.44438833,0.45455676,0.46850938,0.48309907,0.49924165,0.51462203,0.52583659,0.53538358,0.54703522,0.55878383,0.57198876,0.58116835,0.60017908,0.61610758,0.63651758,0.54164141,0.27888882,0.29972285,0.15421796,0.45868543,0.43313682,0.31356934,0.23955755,0.21969418,0.16328757,0.13291511,0.15028445,0.15806217,0.16162442,0.16975482,0.19642809,0.22517070,0.25377962,0.28114960,0.30636773,0.33084682,0.35408816,0.37537509,0.39745343,0.42057112,0.44168559,0.45846736,0.47509933,0.48531640,0.49115378,0.49011490,0.48685521,0.48560151,0.48006681,0.47710955,0.47441849,0.46491009,0.45782346,0.45448384,0.45221934,0.44489831,0.44497824,0.44771975,0.45944127,0.49739197,0.60236323,0.36574888,-0.74779129,0.81510025,-0.26487499,-1.14845550,-1.74530733,-1.14584243,-0.43501687,-1.20677805,-1.14297462,2.13988018,-0.94147873,-0.56485248,-0.42364195,-0.42832395,-0.43468112,-0.40418515,-0.36166978,-0.29742888,-0.25792241,-0.24353944,-0.23080230,-0.23259866,-0.22356072,-0.20700449,-0.21351603,-0.19865122,-0.17376581,-0.16950509,-0.15824541,-0.13400857,-0.10866260,-0.09121612,-0.10318444,-0.09514577,-0.07868384,-0.05931981,-0.07246105,-0.07038761,-0.05955014,-0.03618624,-0.05086290,-0.07086241,-0.12440502,-0.15608199,-0.19862586,-0.21089311,-0.21847732,-0.23836137,-0.28592789,-0.27644682,-0.32614812,-0.33480486,-0.37126082,-0.38634741,-0.36519241,-0.41448435,-0.46397007,-0.51538116,-0.57842040,-0.57369655,-0.53341216,-0.57462782,-0.37840387,-0.70079172,-0.84981960,-0.16037682,-1.46523356
1462,sn_a_040,0.21479100,0.78520900,0.00000000,-1.53352118,-1.51028121,-1.48242211,-1.45308089,-1.42554319,-1.40007603,-1.37825704,-1.35792994,-1.33598983,-1.31395197,-1.28631794,-1.25393236,-1.21252263,-1.16962564,-1.13533616,-1.10484958,-1.08011854,-1.06270099,-1.04861617,-1.03457010,-1.01527977,-0.98876452,-0.96364897,-0.94586712,-0.92518145,-0.90927517,-0.88778377,-0.87052757,-0.84206247,-0.78086752,-0.67984295,-0.57613426,-0.49172521,-0.42126563,-0.35567486,-0.30807236,-0.28474560,-0.23226246,-0.19724166,-0.16535622,-0.13125628,-0.09866875,-0.06700756,-0.03374702,0.00425405,0.03810542,0.06936543,0.10081569,0.13149023,0.16047159,0.17881964,0.20663287,0.23847379,0.24448600,0.24437615,0.27653971,0.31283474,0.36416170,0.39809033,0.44402093,0.48430812,0.53073442,0.56599057,0.59636247,0.62580037,0.66261172,0.69418561,0.72105002,0.74586827,0.77431923,0.79463786,0.79215902,0.77261329,0.80584872,0.81724769,0.82571161,0.85657847,0.88177884,0.90392429,0.92388624,0.94238937,0.97073770,1.00579655,1.04848623,1.09082448,1.12993515,1.16686571,1.20368397,1.22709036,1.24493504,1.25642169,1.25591803,1.24592447,1.20932114,1.15679216,1.03866458,0.60382748,4.27339458,0.33265838,0.75174844,0.17624311,0.40000567,0.17340599,0.17937016,0.14446518,0.16937689,0.19098756,0.20666617,0.26024666,0.33318308,0.39517140,0.45895746,0.52274543,0.57559270,0.61754447,0.65521520,0.69200289,0.72598249,0.76345426,0.80567223,0.85973603,0.91970873,0.97126544,1.01561379,1.04981065,1.07032239,1.06601000,1.04832149,1.02466249,0.99892825,0.97127223,0.94594592,0.91366220,0.90453845,0.90898263,0.89413816,0.86528176,0.84237278,0.82546782,0.79879898,0.61679798,0.62073660,-0.02551308,1.08338761,0.84656245,3.94031215,-1.75245631,-1.75245631,-1.75245631,-1.75245631,1.63522530,-0.77768654,-0.56681401,-0.58415973,-0.31113702,-0.19310576,-0.08707987,-0.02149871,0.02951155,0.06778900,0.14599535,0.16235140,0.11105402,0.04701015,-0.01280889,-0.06099991,-0.11239405,-0.15048674,-0.17782365,-0.18272978,-0.17730315,-0.16169044,-0.13428155,-0.10604248,-0.08122706,-0.05305753,-0.02607763,-0.00183692,0.01339658,0.02546867,0.03313444,0.04555419,0.05332759,0.00221671,-0.07677575,-0.17262034,-0.23645912,-0.29166490,-0.30423048,-0.31265888,-0.32598254,-0.36678743,-0.39311290,-0.42504662,-0.42576483,-0.43210554,-0.43763149,-0.41035172,-0.43140858,-0.50197595,-0.47823200,-0.55459875,-0.49879688,-0.56817460,-0.65887195,-0.76994354,-0.80407518,-0.93136179,-0.70054698,-0.61587095
909,SSC_SALE11_20120126,0.64942098,0.35057899,0.00000000,-1.24374306,-1.22423232,-1.20434332,-1.17757893,-1.15958738,-1.13770735,-1.12996387,-1.12299609,-1.11486602,-1.10881579,-1.09961450,-1.07375383,-1.01805198,-0.93009818,-0.87497020,-0.84180355,-0.83652490,-0.86972386,-0.90537888,-0.92885357,-0.93159276,-0.93969965,-0.95761734,-0.95850414,-0.96445835,-0.98486406,-0.99638891,-1.00904834,-1.00370514,-0.93992865,-0.70549715,-0.35543904,0.05128044,0.41566184,0.65692437,0.78265786,0.81856728,0.87290287,0.89776552,0.92072475,0.94460481,0.96639216,0.98757511,1.00730669,1.02993965,1.05254269,1.07378006,1.09465778,1.11490631,1.13162494,1.14155102,1.15714717,1.16797769,1.18719554,1.15372455,1.13926017,1.12421834,1.11865723,1.13165629,1.15707147,1.19235516,1.22469056,1.26276183,1.31172490,1.34904158,1.38360500,1.40876138,1.43552995,1.45683217,1.47284222,1.48113763,1.49065256,1.48213530,1.42065704,1.33695567,1.20759702,1.15366518,1.13534904,1.11333132,1.10038161,1.11212242,1.13894343,1.19195247,1.24434733,1.29324937,1.33365250,1.36819112,1.39198899,1.40508401,1.40335870,1.38808346,1.34414113,1.26727569,1.17823076,1.07718301,1.00174904,1.71060014,4.26550627,0.42039886,0.97084403,-0.54536515,-0.33476257,-0.35844481,-0.39175370,-0.42734304,-0.42892942,-0.42842877,-0.39763236,-0.35174781,-0.30222610,-0.24593693,-0.17929935,-0.11411481,-0.04508067,0.02024200,0.08534310,0.14420867,0.20126678,0.25479889,0.31475359,0.36637855,0.42630801,0.47444701,0.51616621,0.55323625,0.58190149,0.58891356,0.57712007,0.54006267,0.48335198,0.42158663,0.38422489,0.34228578,0.32060057,0.32276598,0.30067268,0.28141791,0.27936912,0.28315702,0.28959414,0.22123089,-0.12958097,2.83702683,-1.75245631,-1.75245631,4.34114790,-1.75245631,1.67441094,0.94883233,-1.75245631,-1.75245631,-1.75245631,-0.32608128,-0.95366257,-0.93513417,-0.87411124,-0.78488034,-0.72733325,-0.69965219,-0.67194074,-0.67766291,-0.63833350,-0.58572155,-0.58701694,-0.58837885,-0.59349716,-0.60368359,-0.56917316,-0.57028925,-0.55841058,-0.53864455,-0.51862729,-0.49625424,-0.47139603,-0.45132348,-0.42800096,-0.40031838,-0.38588163,-0.36453086,-0.34055915,-0.32479745,-0.32151544,-0.33891460,-0.36763021,-0.41836199,-0.49760899,-0.54382938,-0.61157525,-0.63351840,-0.67613775,-0.72948277,-0.72382736,-0.72195035,-0.74384272,-0.80317777,-0.81769788,-0.76852274,-0.75817049,-0.82579845,-0.85745829,-0.85890865,-0.93255311,-0.92645925,-0.98225355,-0.92847562,-1.05742133,-0.94204772,-0.13162076,1.72440588,-1.75245631
1709,CHI_ADFA07_20111216,0.61855000,0.38145000,0.00000000,-1.48787689,-1.48126197,-1.47425151,-1.46424651,-1.45572829,-1.44742608,-1.43950415,-1.43262005,-1.42488778,-1.41793919,-1.40845871,-1.38997722,-1.35923874,-1.32425737,-1.29531562,-1.27051306,-1.25744271,-1.25937092,-1.26698852,-1.26362658,-1.25401258,-1.25268555,-1.25652719,-1.25308168,-1.24899101,-1.25614429,-1.26402271,-1.27258635,-1.26411152,-1.20543134,-1.05413795,-0.87585157,-0.71307731,-0.58313918,-0.50086844,-0.45511606,-0.43046507,-0.40694538,-0.38912788,-0.37276423,-0.35707685,-0.34118518,-0.32667074,-0.31360847,-0.29546645,-0.28132525,-0.26712748,-0.25356635,-0.24197082,-0.23009436,-0.22509953,-0.21283931,-0.20144628,-0.20102839,-0.20042422,-0.20540339,-0.19832005,-0.18605024,-0.18483992,-0.16539712,-0.15820369,-0.13770075,-0.11475053,-0.09158938,-0.07170077,-0.04911947,-0.03055967,-0.01299505,0.00837593,0.02628225,0.04185055,0.04441095,0.04889942,0.04644934,0.02586494,-0.00317520,-0.02242085,-0.02671930,-0.03014797,-0.02748696,-0.01818199,0.00368950,0.03789636,0.08192565,0.11913920,0.15243714,0.18056518,0.20831904,0.22924374,0.24269454,0.24900497,0.24595983,0.22873913,0.19153622,0.14983338,0.08959773,-0.02019537,-0.05222852,-0.06935515,-0.31884661,-0.40782195,-0.53859162,-0.61810321,-0.64701813,-0.66664290,-0.67206132,-0.66290891,-0.64899242,-0.62191153,-0.58223283,-0.54682428,-0.50466859,-0.46495637,-0.42824179,-0.39275929,-0.36066782,-0.32904953,-0.29878271,-0.26888201,-0.23500597,-0.20417053,-0.16953139,-0.14098778,-0.11698723,-0.10019704,-0.09703411,-0.10485986,-0.11876607,-0.12494386,-0.14764342,-0.17506996,-0.20851222,-0.23897664,-0.25102723,-0.23203236,-0.22856969,-0.24023207,-0.23734656,-0.25202462,-0.23929906,-0.24547650,-0.27281085,-0.23150368,-0.65350938,-0.13500679,0.34849688,-0.68819630,-0.01663722,-0.65414500,-0.78976643,-0.79559481,-0.85968745,-0.99309790,-0.98669374,-0.92833364,-0.91646892,-0.87088448,-0.82992041,-0.80005568,-0.77407515,-0.75396669,-0.72612011,-0.71332139,-0.72641903,-0.74260050,-0.75566161,-0.76490742,-0.76939976,-0.77128518,-0.77549756,-0.77359605,-0.76884562,-0.76624280,-0.75659668,-0.74653065,-0.73679811,-0.71865994,-0.70468581,-0.69022161,-0.67250460,-0.65525597,-0.65328550,-0.64812773,-0.66342199,-0.71242368,-0.76019901,-0.81435961,-0.84867322,-0.87570548,-0.89064759,-0.92525750,-0.94332546,-0.93377012,-0.92541641,-0.95286244,-0.96267450,-0.94222981,-0.96700585,-0.96020234,-0.95821953,-0.97994214,-1.00359094,-1.01649749,-1.01320195,-1.13477838,-1.15923822,-1.10109818,-0.87219036,-0.44372913,0.20445554
90,Res004,0.99006599,0.00993378,0.00000000,-1.66942930,-1.65725982,-1.64498723,-1.63564909,-1.63070309,-1.62572086,-1.62187910,-1.62076771,-1.61928582,-1.61582291,-1.60297441,-1.56556165,-1.48304534,-1.37864542,-1.31120992,-1.27885318,-1.28288734,-1.33453631,-1.39448762,-1.42993796,-1.44698739,-1.46770418,-1.49037683,-1.50270140,-1.52453625,-1.55719459,-1.58143973,-1.60100520,-1.59412038,-1.50025189,-1.20184720,-0.74674189,-0.20567872,0.33963561,0.74620414,0.97928345,1.10516679,1.14669657,1.17582631,1.20498371,1.23436999,1.26089585,1.28693497,1.31454849,1.34425306,1.37321150,1.40164721,1.42907929,1.45376480,1.47498631,1.49323404,1.51024687,1.52292228,1.50339985,1.47393084,1.41832423,1.35353768,1.32958293,1.33540142,1.36497474,1.38337564,1.40918183,1.47266829,1.53276491,1.58641636,1.63378978,1.67034328,1.69645631,1.70909536,1.71236658,1.70214343,1.68933141,1.63658738,1.51384461,1.34043324,1.12419879,1.00244510,0.97022820,0.94765300,0.93409514,0.93254721,0.95056045,0.97735524,1.01330411,1.05082929,1.08233142,1.10821307,1.11400783,1.09923589,1.06531847,1.00461626,0.91280979,0.78810608,0.64672953,0.50885803,0.47938693,0.53800172,0.72737265,0.75748885,0.61614567,0.26854417,-0.23639649,-0.78718060,-1.08359516,-1.15336084,-1.19540644,-1.21517122,-1.18951988,-1.15290582,-1.11088800,-1.05785120,-0.99876058,-0.93283248,-0.86598939,-0.79795647,-0.73343635,-0.67184597,-0.61176550,-0.55525047,-0.50617331,-0.45660335,-0.41141468,-0.37204459,-0.33758789,-0.30623379,-0.28235221,-0.26990172,-0.26434270,-0.26709849,-0.27997890,-0.30066648,-0.32512233,-0.34977311,-0.38129124,-0.41552418,-0.45753974,-0.50440824,-0.53598028,-0.55502903,-0.59137058,-0.59574950,-0.55073231,-1.00356317,-1.69933796,-1.75241506,-1.75200760,-1.55261314,-1.40450239,-1.72218347,-1.30595458,-1.72415793,-1.48406076,0.21404915,-1.04440081,-1.55313575,-1.67656267,-1.67897606,-1.59152019,-1.58357799,-1.56268585,-1.53162694,-1.49906862,-1.47941601,-1.46721470,-1.45181262,-1.42855060,-1.39646006,-1.35984004,-1.34257972,-1.32965970,-1.30026901,-1.27592242,-1.24803865,-1.22549129,-1.21508861,-1.19284439,-1.17935896,-1.16194236,-1.13674200,-1.12463653,-1.11610901,-1.09721279,-1.11028707,-1.12217283,-1.12798691,-1.11331415,-1.16852164,-1.21016049,-1.23960459,-1.26287794,-1.27696466,-1.31555390,-1.32063878,-1.39246404,-1.36692166,-1.34910381,-1.44772255,-1.50599337,-1.54168987,-1.56897748,-1.28440249,-1.42874348,-1.47882330,-1.45506120,-1.55426300,-1.67230392,-1.69173992,-1.74854183,-1.03708363,-0.83610690
92,Res006,0.23509900,0.30463600,0.46026501,-1.57248127,-1.56104016,-1.54682279,-1.53135419,-1.51597798,-1.49962974,-1.48706114,-1.47906101,-1.46984482,-1.45570290,-1.43066299,-1.38877320,-1.32603574,-1.25498223,-1.19756901,-1.15351641,-1.12593114,-1.12346184,-1.13300085,-1.13745701,-1.13722599,-1.14215004,-1.15024364,-1.14914048,-1.14789426,-1.15840089,-1.18068552,-1.21449614,-1.20644593,-1.08442390,-0.84287584,-0.60466146,-0.40670767,-0.25139195,-0.14965470,-0.08704446,-0.04087968,-0.01779857,0.00071787,0.02127971,0.04420843,0.06679008,0.08679064,0.10385393,0.11796815,0.12903455,0.13986091,0.15255131,0.17212930,0.19698948,0.22088498,0.24054384,0.25504780,0.25942582,0.26400277,0.26207691,0.25900981,0.26314804,0.27784762,0.29698107,0.32434171,0.35266036,0.37531248,0.39979109,0.42026192,0.44374350,0.46386513,0.47916231,0.48938662,0.49685887,0.50795025,0.51749516,0.51454866,0.49652463,0.46568438,0.42076206,0.40391344,0.40936637,0.41398421,0.41699356,0.42426506,0.43832609,0.45405802,0.47132218,0.48858261,0.50594169,0.52299386,0.53117150,0.53056777,0.52516419,0.50876409,0.47761461,0.43280822,0.37660378,0.31867260,0.26284820,0.05774559,0.07867274,0.36471117,0.36700374,0.56132299,-0.27143598,-0.61624861,-0.74664938,-0.80665535,-0.82947755,-0.83999443,-0.81346840,-0.77757609,-0.72600853,-0.66737968,-0.60856545,-0.54293263,-0.47902429,-0.41451019,-0.35470515,-0.29938138,-0.24803725,-0.19840162,-0.15287325,-0.11432808,-0.07989743,-0.04729680,-0.02263458,0.00022671,0.01786039,0.03060922,0.03827499,0.04117417,0.03730517,0.02637983,0.01265592,-0.00370411,-0.02796152,-0.05857869,-0.09227289,-0.13289863,-0.16608542,-0.18949795,-0.18272078,-0.27282885,-0.47929320,-0.71811485,-1.59067953,-0.91508007,-1.66561794,-1.73736334,-1.75243688,-1.75245631,-1.75245631,-1.75245631,-1.75245476,-1.74176741,-1.23368382,-1.24985373,-1.35893273,-1.27731693,-1.25601649,-1.24703753,-1.21418095,-1.17422783,-1.17571056,-1.11855078,-1.08602142,-1.05252397,-1.03558600,-1.00606608,-0.97294486,-0.93845689,-0.92443931,-0.88896161,-0.85745013,-0.83036751,-0.79722357,-0.77470452,-0.75552899,-0.74724102,-0.74148428,-0.71937603,-0.70881784,-0.68412620,-0.68320662,-0.68770725,-0.69572115,-0.70872879,-0.71321964,-0.74978286,-0.79089469,-0.80266911,-0.82651794,-0.88787353,-0.94054437,-0.90159786,-0.89645678,-0.99580765,-0.98453605,-1.09387386,-1.04159760,-1.05245781,-1.39419222,-1.23065364,-1.24182856,-1.10689628,-1.26934063,-1.42495298,-1.70545042,-1.47967517,-1.64250112,-1.53021395,-1.65284586
234,NF_091,0.00000000,0.05128210,0.94871801,-1.05860507,-1.02834797,-0.99936873,-0.96876496,-0.93961090,-0.91440469,-0.89342749,-0.87380707,-0.85294199,-0.82815635,-0.80034077,-0.77179003,-0.74302286,-0.71406978,-0.68549860,-0.65765673,-0.63032907,-0.60320610,-0.57734048,-0.55368280,-0.53019220,-0.50725973,-0.48288709,-0.45701504,-0.43044707,-0.40323696,-0.37393445,-0.34491628,-0.31547928,-0.28477985,-0.25152284,-0.21698058,-0.18693662,-0.15157482,-0.11340255,-0.08033448,-0.05521032,-0.02028582,0.00824762,0.03348222,0.06014052,0.08244135,0.10536411,0.13532440,0.16679768,0.19446111,0.22111472,0.24674490,0.27083299,0.28950322,0.30152458,0.31956634,0.34338567,0.33865306,0.34686014,0.37110621,0.40387022,0.44465056,0.47539568,0.50753146,0.52483791,0.53878093,0.56127012,0.58160681,0.60177028,0.62241191,0.63978082,0.65796417,0.67178285,0.68265736,0.68647611,0.68441379,0.66549581,0.66574961,0.69277370,0.71078950,0.74582595,0.77399129,0.79259378,0.80901933,0.82399237,0.83973968,0.85847676,0.87757492,0.89329517,0.90641803,0.91338921,0.92296237,0.93546218,0.94401282,0.94394433,0.93976098,0.93675089,0.92808735,0.91868228,0.90090179,0.84795237,0.98305148,0.98441148,0.95367312,0.88871026,0.84626561,0.82836199,0.86250001,0.87622893,0.89730531,0.90730709,0.91575724,0.93481946,0.95953858,0.98374373,1.00263441,1.01972437,1.03349638,1.04600358,1.05736005,1.06694472,1.07439291,1.08216357,1.09314466,1.10075462,1.10654807,1.11232185,1.11771774,1.12208343,1.12630880,1.12814748,1.13246548,1.13788331,1.14328456,1.14340472,1.14324152,1.14265883,1.14021349,1.13633561,1.13250768,1.12698185,1.11447513,1.08646965,1.06309605,1.00427437,1.08233416,0.62019110,-0.91548377,-1.71834469,-1.75243652,-1.73319960,-0.13439000,0.26463544,-1.67550540,-1.71956623,-0.29445106,-0.28229344,0.27503762,0.77262032,0.87612468,0.88319284,0.90799451,0.92885792,0.96111012,0.98568666,1.02422631,1.02527618,1.02340806,1.03887236,1.04524994,1.05850482,1.06296349,1.06860781,1.06846523,1.06854916,1.07488644,1.09137022,1.09491980,1.07944512,1.05178261,1.02626598,0.99442405,0.96399534,0.93239439,0.88399851,0.88677669,0.95108467,0.98778921,1.01027954,1.00752282,0.99924332,0.96708000,0.96566087,0.95688444,0.95180732,0.88977981,0.88743138,0.90892655,0.85576844,0.83377981,0.84064978,0.79824179,0.77430731,0.82383275,0.81034946,0.76729172,0.85767204,0.62591213,0.57988286,0.30533797,0.76085275,0.15876603,-1.00459290,0.85822153
208,NF_061,0.98717898,0.01282050,0.00000000,-1.62589312,-1.61112547,-1.59419656,-1.57955062,-1.56863964,-1.55947649,-1.55389464,-1.55254376,-1.55091274,-1.54730475,-1.53362453,-1.49334717,-1.40629780,-1.30110180,-1.23631787,-1.20677662,-1.21898341,-1.27801967,-1.33914804,-1.37191510,-1.38824761,-1.41075480,-1.43618190,-1.44744420,-1.46824718,-1.49938881,-1.52337170,-1.54188311,-1.53175509,-1.43153286,-1.11400509,-0.60259742,0.07593273,0.82377076,1.43059945,1.80750358,2.00576782,2.07534790,2.10993457,2.14597988,2.17611909,2.21122003,2.25015950,2.26272154,2.27243352,2.29148531,2.31388640,2.33506846,2.35608506,2.38089943,2.42113066,2.44327521,2.44527483,2.47173977,2.48383427,2.39444256,2.26889443,2.18924046,2.17502856,2.18542385,2.21932626,2.27143407,2.33041978,2.38336849,2.43449616,2.47509241,2.50194907,2.51799059,2.52602816,2.52688169,2.53097153,2.55012703,2.60075498,2.50271153,2.26150441,1.99602699,1.80658364,1.73831975,1.71020532,1.69038379,1.68799257,1.70469773,1.73332489,1.76384890,1.79555583,1.82528114,1.84428585,1.84823108,1.83110368,1.79127014,1.72596133,1.62701654,1.49406791,1.34483790,1.20646226,1.18354368,1.28999877,1.30277348,1.24473548,1.00139427,0.48929361,-0.23770754,-0.67829269,-0.84180397,-0.90940315,-0.96790993,-0.98324150,-0.94040662,-0.89837360,-0.84569758,-0.78327787,-0.70449638,-0.62241727,-0.53685027,-0.45266199,-0.36945906,-0.28925243,-0.21406761,-0.14472391,-0.07995586,-0.01893655,0.03641154,0.08325399,0.12495029,0.16247129,0.18972301,0.20481512,0.20682663,0.19789164,0.18002447,0.15347192,0.12329322,0.08903529,0.04815152,0.00477968,-0.04610507,-0.09955910,-0.14126883,-0.19012514,-0.19522595,-0.15505888,-0.10802548,0.52245611,-0.47973797,-0.34866095,-0.92418319,-0.93051708,-1.09710622,-0.63651842,-0.99561834,-1.33658385,-0.93827540,-0.06666609,-1.48529506,-1.62807429,-1.61819863,-1.55329514,-1.54790592,-1.51248407,-1.49093449,-1.47966218,-1.43113852,-1.39273691,-1.37498891,-1.33688200,-1.31214249,-1.28176820,-1.24712598,-1.20991480,-1.17927432,-1.14830017,-1.11213982,-1.07692432,-1.03914225,-1.02167463,-1.00818241,-0.99702770,-0.97220629,-0.95455587,-0.93837231,-0.93408990,-0.91248971,-0.90600914,-0.92248994,-0.93663508,-0.98108774,-1.02685869,-1.05900526,-1.07168114,-1.10157490,-1.13372982,-1.18039322,-1.19782257,-1.21814549,-1.25277174,-1.30514777,-1.33229625,-1.37522233,-1.42914176,-1.47523785,-1.38981056,-1.51234317,-1.42763281,-1.47416961,-1.57285619,-1.66176641,-1.46558487,-1.48328006,-0.91637176,-0.94498247
1555,CHC_ADFA04_20110909,0.31626099,0.68373901,0.00000000,-1.60559535,-1.59859848,-1.58903623,-1.57875562,-1.56865072,-1.55737889,-1.55131245,-1.54348493,-1.53620756,-1.53143120,-1.52080357,-1.50504339,-1.47705066,-1.44125009,-1.41676199,-1.39562988,-1.38177955,-1.38058197,-1.37694395,-1.37991953,-1.37031567,-1.35943878,-1.35272682,-1.34032595,-1.33212638,-1.33139670,-1.32476330,-1.32143879,-1.30600655,-1.25660670,-1.12865996,-0.97108716,-0.82766980,-0.71350324,-0.63763046,-0.58929896,-0.56541622,-0.53109193,-0.50814545,-0.48672360,-0.46524793,-0.44469273,-0.42696697,-0.40891552,-0.38835520,-0.36975157,-0.35313386,-0.33673516,-0.32091385,-0.30556747,-0.30292189,-0.29004195,-0.27485812,-0.25362220,-0.27845973,-0.26674265,-0.26099899,-0.24470371,-0.23115650,-0.21392201,-0.19457200,-0.16698338,-0.15253565,-0.13008803,-0.11493996,-0.09975858,-0.08297213,-0.07436400,-0.06137094,-0.04955138,-0.04043374,-0.04518211,-0.06388307,-0.06497046,-0.07747574,-0.10355372,-0.11487954,-0.12558122,-0.13010871,-0.13234191,-0.12933943,-0.11244769,-0.08025105,-0.04830238,-0.01804702,0.00335481,0.02222744,0.03944850,0.05162155,0.05905220,0.05860171,0.04607118,0.02646829,-0.00940769,-0.05570557,-0.10869228,0.02590584,-0.31040570,-0.14437999,-0.63688141,-0.66800678,-0.68819910,-0.76284391,-0.79019350,-0.81202888,-0.80648667,-0.79670495,-0.78076911,-0.74724394,-0.71021551,-0.67485666,-0.64007318,-0.60550207,-0.57391310,-0.54605478,-0.52054906,-0.49701568,-0.47540280,-0.45250949,-0.42480484,-0.40171567,-0.37544757,-0.35512808,-0.33815712,-0.32783043,-0.32499975,-0.34113353,-0.35290238,-0.36805782,-0.39087296,-0.42273080,-0.45616758,-0.47821108,-0.48673436,-0.47593358,-0.48074833,-0.48718509,-0.48002240,-0.47533175,-0.47531587,-0.69391167,-0.81067318,-1.23000884,0.24318160,-1.75245631,0.80444777,0.75802779,-0.98289442,0.92382944,2.80913162,-1.75245631,-0.65213579,-1.32124007,-1.30301702,-1.19675422,-1.10359943,-1.01905727,-0.97104192,-0.93999380,-0.92252642,-0.92860281,-0.90547740,-0.90206367,-0.91135222,-0.92826879,-0.95001650,-0.96136725,-0.96332639,-0.96815038,-0.97946131,-0.97761303,-0.97803175,-0.97616506,-0.96782345,-0.96629214,-0.95587385,-0.95125651,-0.92964214,-0.91370916,-0.90727180,-0.88679242,-0.87648922,-0.88937169,-0.89973736,-0.92956716,-0.98241830,-1.03478646,-1.04882205,-1.07276106,-1.10765362,-1.11556852,-1.12089705,-1.12543106,-1.13628602,-1.14847255,-1.14801085,-1.15336549,-1.16181111,-1.16306341,-1.18659675,-1.20956719,-1.30623579,-1.27437985,-1.29268754,-1.37582445,-1.37602198,-1.45337129,-1.18449044,-0.93765765,-0.17552501
992,CHC_ARGL08_20120226,0.66910499,0.33089501,0.00000000,-1.59307635,-1.59007573,-1.58515739,-1.57957053,-1.56422591,-1.54386330,-1.52675915,-1.51629496,-1.51020777,-1.50491905,-1.49519718,-1.47258186,-1.42862391,-1.37048054,-1.32515764,-1.29156327,-1.27434969,-1.27929032,-1.29146373,-1.29337895,-1.28516054,-1.28351045,-1.29135764,-1.28464687,-1.28689456,-1.30741966,-1.32117045,-1.34291756,-1.33692884,-1.23750257,-0.97041047,-0.63391137,-0.28309777,0.02607692,0.23064768,0.34686947,0.37977347,0.45748854,0.49766776,0.53274632,0.56688619,0.59766471,0.62883663,0.65248275,0.67271566,0.69705659,0.72068357,0.74202895,0.76252335,0.77744079,0.79447240,0.80253315,0.80686587,0.81370962,0.80846798,0.77116752,0.69511980,0.64452672,0.63589942,0.64664537,0.68081218,0.79933214,0.85361350,0.90319788,0.96248388,1.01165712,1.04187655,1.07381976,1.09080231,1.10338020,1.10286808,1.09105515,1.09835780,1.03108978,0.87903684,0.71855229,0.58334517,0.52620333,0.50435960,0.48334309,0.47579980,0.49160671,0.53345704,0.59229994,0.63938910,0.67829055,0.70524824,0.72752196,0.73650384,0.73318946,0.70472306,0.65689540,0.57260275,0.47597158,0.37084001,0.33462864,0.40160078,0.30552939,0.09520105,-0.21120957,-0.45412940,-0.63469821,-0.74085230,-0.79559666,-0.82032007,-0.83065653,-0.83083445,-0.81026071,-0.78733450,-0.76284862,-0.73553830,-0.69998348,-0.66470748,-0.63084209,-0.59615946,-0.56557792,-0.53555232,-0.50685847,-0.47899017,-0.45004541,-0.42776221,-0.39535323,-0.37368029,-0.35305512,-0.34263635,-0.34089175,-0.35447192,-0.35485137,-0.35382873,-0.36580113,-0.39160368,-0.41859981,-0.44385591,-0.45506442,-0.44643724,-0.45367599,-0.46833152,-0.46631357,-0.45934907,-0.44669256,-0.44078121,-0.40978086,-0.37974918,-0.33401629,-0.33774015,-0.28260264,-0.36125025,-0.57709342,-0.66826284,-0.78401697,-0.88018441,-0.96967912,-0.97331327,-0.96702826,-0.97076893,-0.96960521,-0.95094156,-0.94618684,-0.92531091,-0.90933037,-0.89387113,-0.88665712,-0.88677990,-0.89563900,-0.90034008,-0.91342288,-0.91440779,-0.91450822,-0.91860557,-0.91617727,-0.91339570,-0.91364008,-0.91275895,-0.90375209,-0.89976889,-0.89989763,-0.89248967,-0.88468391,-0.87822616,-0.87901390,-0.87305480,-0.85342830,-0.84868914,-0.86087281,-0.89514726,-0.91552472,-0.94419205,-0.96733302,-0.97798854,-1.00469327,-1.02345276,-1.03729737,-1.01696062,-1.03138089,-1.05771708,-1.06680048,-1.06460094,-1.04866636,-1.07233179,-1.08763123,-1.10943687,-1.15466559,-1.15257251,-1.12985754,-1.15116024,-1.19668102,-1.19609511,-1.15077829,-1.25644255,-0.94342285
287,FSP_057,0.54487199,0.00000000,0.45512801,-1.57068276,-1.55263746,-1.53336930,-1.51689780,-1.50445819,-1.49306941,-1.48614705,-1.48296595,-1.47846699,-1.46878409,-1.44505227,-1.39263844,-1.29273009,-1.16895127,-1.08069277,-1.02904439,-1.01931238,-1.06271207,-1.11657047,-1.14533067,-1.15752470,-1.18334675,-1.21356165,-1.22370255,-1.23802137,-1.26805007,-1.30351806,-1.33610117,-1.32524097,-1.20552456,-0.91413766,-0.52428937,-0.07663237,0.35995102,0.66543549,0.82914001,0.92341179,0.95079839,0.95559245,0.96881282,0.98237813,0.98873252,1.00224364,1.01224959,1.02161145,1.02937913,1.03963125,1.04847336,1.05650043,1.06088853,1.06921148,1.07674873,1.08300543,1.06101215,1.07804751,1.05163276,1.02723014,1.01991391,1.02461123,1.04268742,1.03718233,1.03140688,1.05929434,1.08331203,1.10650313,1.12810981,1.14453304,1.15932333,1.16722703,1.16990685,1.16851997,1.16629851,1.16859126,1.13229203,1.05571234,0.97560143,0.93198794,0.92170143,0.92165565,0.92237878,0.92886728,0.94233704,0.95775014,0.97426218,0.99202162,1.00840867,1.02517033,1.03320837,1.01924372,1.00127971,0.97595525,0.93576717,0.87806058,0.81007081,0.73502743,0.69666839,0.67235106,0.72141439,0.52546334,0.54241598,0.41991064,-0.01594740,-0.41088578,-0.59208083,-0.64289933,-0.69497663,-0.70116812,-0.66069102,-0.61087108,-0.55609709,-0.49405938,-0.42157531,-0.34556592,-0.27046791,-0.19800101,-0.12947568,-0.06400508,-0.00313734,0.05274060,0.09947391,0.14407195,0.18207057,0.21216443,0.24089396,0.26532561,0.28632954,0.29699042,0.30237579,0.30199367,0.29162353,0.27843496,0.26189390,0.24178302,0.21429431,0.18122929,0.14030977,0.09426138,0.05304093,-0.01734375,-0.03433564,-0.07311746,-0.18377906,1.04676676,0.83692503,-0.95929402,-0.62520123,-1.37269247,-1.75120616,-1.66093302,-0.45909071,-0.52190697,-1.37811518,-0.14663176,-0.47660893,-1.50604248,-1.44252813,-1.33015192,-1.28529716,-1.25450850,-1.21448302,-1.17426467,-1.13504183,-1.07650995,-1.04924810,-1.01331663,-0.97220165,-0.91768527,-0.87430125,-0.83795488,-0.80917042,-0.77289259,-0.73526931,-0.70586771,-0.66753548,-0.63924348,-0.61861467,-0.61177349,-0.60479742,-0.59771627,-0.58822423,-0.59307414,-0.58702755,-0.57231700,-0.56523192,-0.57036990,-0.59243280,-0.61821991,-0.65104097,-0.67933679,-0.71999246,-0.75740176,-0.79513359,-0.84561765,-0.85092992,-0.89894414,-0.91381127,-0.95623469,-1.01187217,-1.13704515,-1.18945098,-1.18889189,-1.26908934,-1.33724999,-1.34207880,-1.51141608,-1.60936272,-1.64425528,-1.53768349,-1.58283043,-0.95421469
1250,SF_099,0.22435901,0.73076898,0.04487180,-1.49700284,-1.47628081,-1.45201385,-1.42668509,-1.40330482,-1.38257146,-1.36415851,-1.34631336,-1.32762623,-1.30572653,-1.27803850,-1.24079990,-1.18738484,-1.12627542,-1.07852197,-1.04318702,-1.02207565,-1.01833534,-1.01769030,-1.00632155,-0.99064595,-0.97887647,-0.96868563,-0.94959235,-0.93113071,-0.92027175,-0.91018450,-0.90056407,-0.87412107,-0.80506980,-0.67629516,-0.50970817,-0.30632016,-0.09427435,0.07168160,0.17834063,0.24484523,0.28215763,0.31096616,0.33918968,0.36716244,0.39276737,0.41959673,0.44285256,0.46527657,0.48657075,0.50801128,0.53029621,0.55270875,0.57480180,0.59865338,0.62014109,0.63922501,0.65284878,0.66615421,0.66944265,0.66732818,0.67471397,0.69024462,0.70919299,0.70946968,0.71081054,0.73944473,0.76475775,0.79183698,0.81570840,0.83869052,0.85907578,0.87739617,0.89540470,0.91497010,0.93651181,0.96696478,0.98852378,0.97106260,0.94132197,0.92846018,0.92604768,0.93432325,0.94626772,0.96005511,0.98079115,1.00519526,1.02926815,1.05611086,1.08224678,1.10492718,1.12597501,1.14156759,1.15542626,1.15708101,1.14855754,1.14035702,1.13098931,1.11681902,1.05110037,0.92573524,0.78235424,0.93822896,0.65406340,0.74946594,0.89803499,0.48045245,0.39070666,0.35933235,0.32722113,0.31947193,0.35347041,0.38519156,0.41181621,0.45165467,0.50479549,0.55881375,0.61107022,0.65942824,0.70581037,0.75103557,0.79196364,0.83032733,0.87379146,0.92092478,0.96617806,1.00577831,1.03717601,1.06103456,1.07698059,1.08186746,1.07330370,1.06610799,1.05694735,1.04426634,1.02750492,1.00589335,0.99443364,0.99242711,0.98217475,0.97198272,0.95657057,0.91513157,0.89467013,0.78935111,0.66287839,1.41192389,-1.17618513,0.03060828,0.28931180,-1.46028817,-1.41129446,-0.90241730,-0.35628405,-0.39703941,-1.63405919,-0.47731966,-0.38437343,-0.27837360,-0.24041905,-0.04342863,-0.02702945,0.01463261,0.02878387,0.05690046,0.10119817,0.14801492,0.11200070,0.06490162,0.04499794,0.02090447,0.00385778,0.00092086,0.00823207,0.01753248,0.03174439,0.05605802,0.09695219,0.11376400,0.12538840,0.15602624,0.17461234,0.17609365,0.20570278,0.22237051,0.22311747,0.24532762,0.21520863,0.16669169,0.08360235,0.02748263,-0.04392166,-0.04176863,-0.07170193,-0.11041421,-0.15300658,-0.17571245,-0.24576923,-0.27916309,-0.21598996,-0.20767865,-0.28778151,-0.36296564,-0.33729094,-0.35448116,-0.47943658,-0.62932163,-0.64249206,-0.59094054,-0.85380208,-0.76760453,-0.69909596,-1.51909792,-1.71849096
249,FSP_018,0.00000000,0.94230801,0.05769230,-1.54397058,-1.51105905,-1.46781301,-1.41741025,-1.36333323,-1.30520439,-1.24301600,-1.17854881,-1.11423206,-1.05180478,-0.99361128,-0.93959361,-0.88712728,-0.83652759,-0.78742689,-0.73872018,-0.68948448,-0.64182723,-0.59464097,-0.54792309,-0.49971971,-0.45246637,-0.40326196,-0.35364547,-0.30426192,-0.25570035,-0.20662785,-0.15896305,-0.10898291,-0.05029064,0.01392467,0.07700083,0.13482179,0.19142263,0.24419431,0.29338741,0.34432286,0.39108598,0.43280494,0.47612488,0.51963085,0.56014901,0.60130632,0.64319682,0.68421561,0.72282422,0.76116008,0.79776645,0.83332640,0.86640429,0.89620310,0.92692721,0.95826060,0.96666723,0.98693305,1.01464057,1.04929626,1.08418524,1.10815549,1.13661492,1.16582119,1.19860291,1.22929895,1.25996065,1.28965473,1.32045090,1.34993625,1.37870598,1.40451372,1.43037677,1.45335186,1.46590865,1.47725475,1.49388349,1.49489903,1.49158001,1.49338472,1.50508642,1.51593614,1.52600014,1.53898036,1.56019258,1.59075701,1.62929904,1.67046499,1.70946753,1.74801624,1.78338456,1.81148446,1.83745873,1.85711145,1.86827719,1.86521828,1.84552717,1.80561578,1.73272097,1.55449641,1.36583340,1.14492548,1.29552209,1.34470701,1.20576513,1.02300096,0.87207317,0.80976796,0.79080719,0.78246784,0.79232568,0.82237476,0.86541849,0.91191721,0.96786225,1.02548301,1.07560194,1.11423039,1.14846516,1.18338919,1.21461606,1.24994421,1.29671359,1.35692239,1.42331910,1.48691654,1.53766477,1.57164061,1.58794987,1.58035767,1.55858231,1.53325307,1.50287354,1.47228217,1.44476187,1.41155112,1.40814459,1.42367733,1.41444361,1.39278173,1.37132275,1.32184148,1.33903301,1.35040534,1.40031993,0.77670807,0.23633292,-1.27671862,0.71987933,-1.26375782,-1.49790633,-0.33757105,-0.40850559,-1.33270121,-1.48872876,1.39850414,0.67347568,0.30870026,0.30824170,0.42192271,0.46465978,0.53904760,0.61063433,0.69746214,0.74771720,0.67973423,0.60880125,0.52563399,0.43262404,0.33843175,0.27451080,0.23689829,0.21295090,0.21001983,0.21776810,0.23346892,0.25950390,0.30578178,0.34522340,0.37181953,0.42006886,0.44772047,0.47523770,0.50338596,0.51704991,0.51295137,0.46093217,0.35481688,0.23685038,0.14559475,0.08364115,0.05227866,0.05606667,0.03068412,-0.00882292,-0.02839519,-0.06749030,-0.09175088,-0.09862866,-0.07322672,-0.02542613,-0.02848938,-0.10697947,-0.10408496,-0.22370656,-0.25458667,-0.19189906,-0.23620893,-0.45915428,-0.45923421,-0.48593143,1.70106554,-0.22229992
1407,QUE_T3.08.J,0.00000000,0.11000000,0.88999999,-1.25966299,-1.22983420,-1.19712591,-1.15878534,-1.11939561,-1.08791077,-1.06507337,-1.04425073,-1.01951718,-0.98814374,-0.95257765,-0.91650629,-0.88149911,-0.84683454,-0.81225616,-0.77704817,-0.74144363,-0.70715457,-0.67627662,-0.64698917,-0.62063575,-0.59423727,-0.56672364,-0.53848869,-0.50981665,-0.47922271,-0.44888896,-0.41746953,-0.38309684,-0.34361714,-0.30489260,-0.26763675,-0.22658832,-0.18981943,-0.15790044,-0.12430102,-0.08446151,-0.05333647,-0.02384794,0.00866714,0.04000486,0.07199688,0.10455030,0.13018176,0.15334268,0.17781301,0.20252350,0.22668193,0.25133890,0.27723011,0.30583182,0.32953191,0.35081935,0.37987655,0.40614593,0.42477855,0.43976185,0.45202464,0.46652696,0.48055014,0.49035609,0.50259715,0.52100867,0.54115951,0.55944246,0.57755715,0.59204334,0.60955012,0.62768418,0.64565790,0.66575265,0.69174159,0.73143142,0.75864130,0.76607007,0.77347970,0.76877862,0.77097774,0.77963281,0.79215902,0.80382514,0.81643057,0.82892478,0.84006387,0.85286957,0.86692131,0.88188708,0.89571834,0.90560776,0.91558945,0.92871606,0.94382000,0.95983046,0.97766471,0.99333864,1.02444673,1.16629004,1.39120758,1.12898767,1.10464251,1.09934270,1.00887609,0.97302490,0.94912404,0.93959665,0.91610318,0.91238862,0.92366564,0.92999685,0.93045074,0.93433261,0.94610059,0.95799673,0.97058344,0.98278314,0.99438661,1.00687730,1.01726902,1.02834189,1.03940618,1.05198431,1.06245446,1.07178593,1.07955968,1.08630812,1.09071004,1.09087574,1.08772254,1.08732712,1.08790159,1.08912981,1.09008813,1.08833683,1.08808935,1.09103203,1.09214973,1.09496748,1.10182309,1.11440802,1.12618208,1.14968491,1.20885086,1.18267143,1.92801595,4.06579733,4.65915537,1.25171435,0.65010327,2.16406274,0.90652812,3.57250500,0.54487777,0.86918765,0.64710701,0.72327924,0.67778385,0.69439149,0.69918954,0.72540563,0.75089860,0.78905874,0.84111631,0.85718149,0.84425771,0.83413672,0.83115304,0.83132112,0.82326597,0.82857025,0.82797611,0.82783073,0.83870685,0.84657013,0.85707700,0.85122490,0.83987522,0.82562023,0.81561774,0.80963331,0.79685026,0.78021878,0.76632297,0.80462450,0.82288545,0.81258518,0.78235424,0.74914032,0.72399724,0.70096999,0.69856548,0.67092210,0.65273684,0.63498557,0.63010389,0.62830377,0.60731715,0.57431847,0.59489375,0.58599627,0.55042464,0.49838668,0.46379688,0.51771694,0.46582299,0.38942656,0.26433745,0.11628104,0.30030340,-0.69016397,-1.36783385
797,CHC_ADFA05_20110521,0.51900601,0.48099399,0.00000000,-1.65327311,-1.64955068,-1.64068699,-1.62782335,-1.61513209,-1.60477102,-1.59590816,-1.59053409,-1.58497310,-1.57973373,-1.56991959,-1.54760838,-1.50014651,-1.43491244,-1.38723326,-1.35728431,-1.34942830,-1.36976671,-1.40178633,-1.41341639,-1.41471267,-1.42643595,-1.44308984,-1.44448888,-1.44997191,-1.47030616,-1.48577321,-1.50360596,-1.49976277,-1.43529987,-1.22877109,-0.94204921,-0.61324042,-0.29864681,-0.07845748,0.04079694,0.09177320,0.13342859,0.15970208,0.18252060,0.20473611,0.22490075,0.24406740,0.26209328,0.28124708,0.29930681,0.31705362,0.33238658,0.34583199,0.35564214,0.35842109,0.36481029,0.37335742,0.36753428,0.34712353,0.32216904,0.28301468,0.26548243,0.26596928,0.27613398,0.30082762,0.36366200,0.40296292,0.44121465,0.47798017,0.50637078,0.53347504,0.55545986,0.56609344,0.57537746,0.57394058,0.56360221,0.53572810,0.47497055,0.37698919,0.24531290,0.16961424,0.13731955,0.11535528,0.10008614,0.09914086,0.11920791,0.15957259,0.20308734,0.24117045,0.27416348,0.29672655,0.31295887,0.32030490,0.31109050,0.28261596,0.23151526,0.15421154,0.05793760,-0.04067026,-0.11266622,-0.23412357,-0.11958408,0.16004448,-0.69171965,-0.97567230,-1.04832327,-1.10523236,-1.12770283,-1.14880133,-1.14819312,-1.14313257,-1.13191521,-1.10472763,-1.07226682,-1.04038942,-1.00528586,-0.97008198,-0.93661648,-0.90364623,-0.87249184,-0.84201670,-0.81451732,-0.78601605,-0.75813538,-0.72866625,-0.70085794,-0.67601168,-0.65376073,-0.63606405,-0.62787896,-0.63102973,-0.63174379,-0.63983339,-0.65754664,-0.68092912,-0.70346063,-0.72153372,-0.73346639,-0.73945278,-0.75456393,-0.76815557,-0.77304083,-0.77618945,-0.77883178,-0.88500988,-0.97792673,-0.99815959,3.88206863,-1.75245631,-1.75245631,-1.75245631,-1.75245631,-0.60022014,-0.46545407,-1.75245631,-0.65996683,-1.46213293,-1.54567683,-1.53152430,-1.47758269,-1.44222450,-1.41736174,-1.39714289,-1.37577105,-1.37138093,-1.35327291,-1.34072697,-1.32683766,-1.32232046,-1.31903613,-1.31425107,-1.30941987,-1.30249095,-1.29461014,-1.28857756,-1.28175628,-1.27707791,-1.27178574,-1.26284897,-1.25342405,-1.24562180,-1.23446500,-1.22736847,-1.21797597,-1.21493983,-1.20450687,-1.21184742,-1.21225679,-1.22697568,-1.25740409,-1.28527951,-1.30650318,-1.31994331,-1.34221590,-1.35261238,-1.35918736,-1.36720204,-1.37929475,-1.39006853,-1.39564502,-1.40874422,-1.41941965,-1.44313288,-1.46100342,-1.44707000,-1.52137196,-1.48485851,-1.53554082,-1.56599379,-1.57117474,-1.56027114,-1.50230861,0.30518907,0.52965444
1562,CHC_ADFA11_20110909,0.34356001,0.65644002,0.00000000,-1.61183918,-1.60533857,-1.59534478,-1.58858716,-1.57631671,-1.56708062,-1.55819070,-1.55001676,-1.54242921,-1.53722286,-1.52719343,-1.50737059,-1.47342622,-1.43411660,-1.40449011,-1.38384092,-1.37353563,-1.37751889,-1.38684225,-1.38843894,-1.38183105,-1.37931979,-1.37959361,-1.37171912,-1.36799717,-1.37340057,-1.37576413,-1.38019145,-1.37023699,-1.31566942,-1.17724025,-1.00653100,-0.84185541,-0.70769191,-0.62066215,-0.56845611,-0.53947651,-0.50815231,-0.48543850,-0.46330371,-0.44270250,-0.42290258,-0.40416574,-0.38533753,-0.36690813,-0.34952420,-0.33331281,-0.31828707,-0.30275244,-0.29143479,-0.28115067,-0.27087015,-0.25732926,-0.26299062,-0.25302505,-0.25482973,-0.25600907,-0.25394604,-0.24988294,-0.23667742,-0.22162236,-0.17238230,-0.14417852,-0.12700970,-0.10682159,-0.08591782,-0.06751624,-0.04659144,-0.03025093,-0.01816808,-0.00851079,-0.01384205,-0.00995214,-0.02341439,-0.04792200,-0.09378202,-0.12456699,-0.13801627,-0.14343120,-0.14682704,-0.14145242,-0.12110151,-0.08959411,-0.04777324,-0.01596376,0.01209511,0.03740263,0.05871307,0.07504787,0.08381726,0.08443031,0.07205053,0.04524767,0.00061398,-0.05658155,-0.11326302,-0.28093868,0.13391916,-0.51158482,-0.46884173,-0.68000662,-0.78770363,-0.82082611,-0.85836124,-0.87544435,-0.87475938,-0.87013006,-0.85365379,-0.82524878,-0.78815711,-0.75746602,-0.72163749,-0.68952793,-0.65843374,-0.63031864,-0.60389978,-0.57942259,-0.55997735,-0.53508323,-0.51139450,-0.48716557,-0.46027905,-0.43971020,-0.42180938,-0.41007349,-0.40824568,-0.42039898,-0.43578768,-0.44898117,-0.47119036,-0.50083280,-0.53217661,-0.55698830,-0.56294942,-0.55314547,-0.55771375,-0.56007618,-0.55229706,-0.54731965,-0.54231745,-0.63251489,-0.74762154,-0.57806796,2.00781274,-1.75245631,4.18062162,-1.75245631,0.95758933,-0.07320802,0.59933329,3.53887081,0.08532721,-1.25908625,-1.25908077,-1.21376991,-1.13857651,-1.06649375,-1.02437985,-0.99228060,-0.98062766,-0.95915323,-0.96223098,-0.94079000,-0.94587737,-0.96066076,-0.98546731,-0.98769104,-0.99029118,-0.98989218,-0.99248928,-0.99542564,-0.99176556,-0.98460895,-0.98741597,-0.97684079,-0.96621811,-0.95600510,-0.93605268,-0.92633301,-0.90590006,-0.89208257,-0.88072729,-0.87908578,-0.89912301,-0.93920481,-0.99008524,-1.03016090,-1.06140184,-1.07766986,-1.10930288,-1.13297284,-1.13462746,-1.12389934,-1.13637495,-1.15138221,-1.14558864,-1.15406203,-1.16707027,-1.18423998,-1.18416774,-1.23599136,-1.28881717,-1.28724277,-1.25212801,-1.30259442,-1.46943080,-1.39263630,-1.31415451,-0.31947333,-1.75245631
394,COP_20160220_2-10-W,0.35601801,0.64398199,0.00000000,-1.43542445,-1.41877663,-1.39881074,-1.37909091,-1.36281955,-1.34865332,-1.33617949,-1.32521534,-1.31441879,-1.30234861,-1.28575325,-1.25729144,-1.21121967,-1.16023159,-1.12268209,-1.09622538,-1.08413672,-1.08904052,-1.09650183,-1.09474945,-1.08749473,-1.08126068,-1.07639790,-1.06438720,-1.05851138,-1.06081843,-1.05987918,-1.05878198,-1.04025769,-0.96591926,-0.79868281,-0.60436010,-0.42273524,-0.26492164,-0.15207604,-0.08180902,-0.03295238,-0.00292711,0.02523063,0.05470443,0.08375941,0.11227486,0.14011753,0.16803792,0.19639419,0.22463290,0.25122952,0.27792731,0.30397445,0.32848391,0.35149035,0.37511894,0.39803681,0.41162643,0.42284754,0.43565914,0.44952735,0.47187796,0.49511439,0.52024859,0.56727207,0.62192506,0.65709895,0.69195801,0.72556788,0.75794548,0.78853500,0.81863642,0.84669703,0.87384897,0.89920944,0.92600703,0.95927727,0.97402287,0.95725024,0.93477178,0.92775571,0.93867695,0.95736706,0.97825485,1.00414181,1.03631997,1.07443750,1.11736596,1.16056156,1.20296276,1.24419093,1.28363299,1.31273019,1.33709025,1.35429347,1.35969079,1.35022819,1.32757819,1.31039643,1.35571826,0.37748888,0.37928641,0.34194967,0.35196272,0.51189613,-0.04309125,0.02579915,0.01577199,-0.00292185,0.01976392,0.04108395,0.06153746,0.11806023,0.19185781,0.26580450,0.34324917,0.42094412,0.49534225,0.56352299,0.62756288,0.68910033,0.74790961,0.80617172,0.86476898,0.93219382,1.00302279,1.06633961,1.12171030,1.16918933,1.20277369,1.22355890,1.23116219,1.22244143,1.20389247,1.18101513,1.15339339,1.11985230,1.09943378,1.09559774,1.07580543,1.04635322,1.03097737,1.04021609,1.08854270,1.09117579,0.97085291,0.97171772,1.00445485,1.08817744,1.12614071,0.95432711,0.75997442,0.39312613,0.13407026,-0.07729134,-0.32154945,-0.46928215,-0.49653727,-0.46640402,-0.41545370,-0.34664243,-0.27745554,-0.21286185,-0.14894092,-0.09178850,-0.03589724,-0.01342907,-0.01336444,-0.03036872,-0.05660539,-0.08331242,-0.09733187,-0.09842205,-0.09028463,-0.07484382,-0.04755471,-0.01064044,0.02959522,0.06869069,0.10189513,0.12873468,0.14794071,0.17181857,0.19564278,0.21379533,0.22502837,0.22526185,0.20097545,0.14359154,0.06234192,-0.01801254,-0.08100386,-0.11226036,-0.12884967,-0.16488831,-0.21171488,-0.23501801,-0.24942999,-0.26923341,-0.28067222,-0.28065717,-0.28277069,-0.29588246,-0.31316793,-0.31446564,-0.33818668,-0.38673085,-0.43986854,-0.48089254,-0.51697409,-0.56931514,-0.60421389,-0.51584464,-0.30707520
1483,CHC_ADFA09_20110807,0.56762803,0.43237200,0.00000000,-1.55140984,-1.54439545,-1.53802192,-1.52747226,-1.51515877,-1.50512874,-1.49588919,-1.48627222,-1.47848022,-1.47217691,-1.46019483,-1.43983483,-1.40472269,-1.36453271,-1.33465767,-1.31129539,-1.29713225,-1.29510486,-1.29867518,-1.29649079,-1.28944826,-1.28346837,-1.28356087,-1.27416193,-1.26924407,-1.27586436,-1.27963436,-1.28810918,-1.27925515,-1.21950197,-1.08080208,-0.92914772,-0.79431140,-0.68675381,-0.61333215,-0.56830406,-0.54586101,-0.51443410,-0.49348617,-0.47350115,-0.45318225,-0.43438548,-0.41667080,-0.39923018,-0.38155723,-0.36384383,-0.34894350,-0.33339730,-0.31765068,-0.30508018,-0.29670343,-0.28438112,-0.27353305,-0.26648813,-0.26921168,-0.26299834,-0.26566660,-0.26451892,-0.25469393,-0.24212414,-0.22755757,-0.19720754,-0.17663237,-0.15228848,-0.13483207,-0.11062234,-0.08978704,-0.07834985,-0.05428561,-0.04452407,-0.02954988,-0.02084417,-0.01762761,-0.04435661,-0.06183253,-0.10044618,-0.12932669,-0.13326593,-0.13341247,-0.13223895,-0.12643418,-0.10631184,-0.07274643,-0.03686916,-0.00245487,0.02740609,0.05053663,0.07053123,0.08837947,0.09961344,0.10257771,0.09436561,0.07140522,0.03288798,-0.01536625,-0.05697525,-0.08751786,-0.26831150,-0.27761588,-0.43132609,-0.53965002,-0.64763659,-0.71134788,-0.74437594,-0.76037359,-0.75943935,-0.75202972,-0.73846191,-0.71500582,-0.68266660,-0.65203404,-0.61809450,-0.58759725,-0.55977362,-0.53337502,-0.51075536,-0.48826650,-0.46788147,-0.44393456,-0.42081255,-0.39627597,-0.36942333,-0.34840220,-0.33208999,-0.31966907,-0.31448025,-0.32489386,-0.33563492,-0.34510350,-0.36896536,-0.39454913,-0.42587796,-0.44591194,-0.45489112,-0.44530976,-0.44664115,-0.44949615,-0.44482175,-0.43807042,-0.42966387,-0.40479609,-0.39301020,-0.45172805,-0.78720647,-0.56535953,0.89694118,-0.79883474,-0.66782063,-0.78443193,-0.90040541,-0.84894758,-1.04275358,-1.05772185,-1.05913341,-0.99234045,-0.97192043,-0.92718452,-0.89233047,-0.86429387,-0.83817512,-0.81850982,-0.80918545,-0.79523766,-0.80934054,-0.82047969,-0.83242279,-0.84532690,-0.85462224,-0.85850829,-0.85710776,-0.85992658,-0.85514945,-0.85003698,-0.84606427,-0.83890522,-0.82621682,-0.81649071,-0.80062115,-0.79168612,-0.78483218,-0.77637106,-0.76750720,-0.77224714,-0.78762716,-0.81884724,-0.86749572,-0.91406417,-0.93425572,-0.95947301,-0.98758072,-1.00783479,-1.01589942,-1.00277841,-1.01723135,-1.01764274,-1.01859951,-1.02351236,-1.04683685,-1.04550838,-1.03493440,-1.08065355,-1.11030555,-1.12577856,-1.15111947,-1.22058427,-1.22165620,-1.25257170,-1.23558939,-1.09836483,-0.85496831
1565,CHC_ARCA04_20110909,0.17742801,0.82257199,0.00000000,-1.51820278,-1.51399422,-1.50762403,-1.49195230,-1.47891164,-1.46118450,-1.44975233,-1.43547404,-1.42734194,-1.41640592,-1.40592706,-1.39166582,-1.37151706,-1.34958827,-1.32891822,-1.31413579,-1.30095553,-1.29459369,-1.29332435,-1.28139675,-1.27175152,-1.26510930,-1.25974429,-1.24985456,-1.24433720,-1.24377942,-1.24097896,-1.24100530,-1.23307669,-1.19604111,-1.12012351,-1.04147732,-0.97087622,-0.91459358,-0.87321657,-0.84511417,-0.82482380,-0.80628622,-0.79036415,-0.77491069,-0.75988597,-0.74616462,-0.73114753,-0.71790373,-0.70480198,-0.69320494,-0.67910212,-0.66777259,-0.65556461,-0.64430875,-0.63441646,-0.62422383,-0.61068690,-0.61658460,-0.59841532,-0.59269047,-0.59320992,-0.58080500,-0.57874137,-0.57199603,-0.55895656,-0.52181613,-0.50744402,-0.49441043,-0.47972533,-0.46656680,-0.45513347,-0.43851203,-0.42757443,-0.41602236,-0.41046169,-0.40804514,-0.40477577,-0.40342462,-0.42043990,-0.43494207,-0.43838161,-0.44444454,-0.44487038,-0.44262877,-0.43608767,-0.42161152,-0.39990866,-0.37710920,-0.35475951,-0.33471629,-0.31944948,-0.30086294,-0.28725216,-0.27580711,-0.26940623,-0.26890901,-0.27420896,-0.29203546,-0.32263029,-0.35350433,-0.11181396,-0.31951553,-0.35495117,-0.56134063,-0.66531235,-0.68843436,-0.74163383,-0.76417929,-0.78204823,-0.77848375,-0.77912277,-0.77105331,-0.74568933,-0.72513139,-0.70728183,-0.68336099,-0.66203207,-0.64315873,-0.62679064,-0.61215419,-0.59915543,-0.58694136,-0.56934887,-0.55367458,-0.53564900,-0.51515734,-0.49899951,-0.48573637,-0.47334012,-0.46863103,-0.47562298,-0.48470277,-0.49330094,-0.50784671,-0.52664518,-0.54355526,-0.55795330,-0.56328553,-0.54620981,-0.54495311,-0.54448968,-0.53770316,-0.53046077,-0.52878332,-0.48416847,-0.50401139,-0.58554530,0.45231587,-1.75245631,0.60862482,3.84602284,-1.75245631,1.29334176,2.52941728,4.92051125,-0.02731132,-0.90637201,-0.91311526,-0.88092399,-0.90670943,-0.84069210,-0.81601173,-0.79549706,-0.77707851,-0.76307309,-0.74287081,-0.73416817,-0.75017667,-0.77801925,-0.79283577,-0.80708838,-0.81307280,-0.82677293,-0.82859164,-0.82995737,-0.82774079,-0.82587940,-0.81320155,-0.80975056,-0.79582769,-0.77766538,-0.76560766,-0.75623864,-0.73800105,-0.73349702,-0.72086799,-0.72684872,-0.74516350,-0.77460146,-0.81206703,-0.85356659,-0.88644862,-0.90946978,-0.93143237,-0.95384449,-0.95138413,-0.95043880,-0.94333214,-0.97620845,-0.96952558,-0.96326137,-0.96244472,-0.92941213,-0.97545832,-0.98104209,-1.03001571,-1.07866597,-1.09515655,-1.15952170,-1.11232233,-1.15521169,-1.00230241,-0.80168319,2.73609829
410,COP_20160310_2-50-E,0.58255702,0.41744301,0.00000000,-1.57764292,-1.56732690,-1.55355144,-1.53946543,-1.52914834,-1.52057052,-1.51370776,-1.50845313,-1.50303054,-1.49516201,-1.47982907,-1.44671607,-1.38875175,-1.32505119,-1.28244662,-1.25716078,-1.25364280,-1.27545917,-1.30018747,-1.31238806,-1.31602848,-1.32270086,-1.33137655,-1.33085191,-1.33969212,-1.35868979,-1.37181866,-1.38461685,-1.37427723,-1.28862548,-1.07378948,-0.82133079,-0.58189905,-0.36732194,-0.21197839,-0.11845767,-0.05794274,-0.02844006,-0.00279949,0.02474250,0.05178118,0.07880689,0.10567029,0.13025223,0.15421598,0.17929643,0.20349799,0.22639610,0.24868828,0.26933366,0.28939641,0.30867338,0.32498115,0.33368558,0.33528027,0.33593702,0.33719209,0.34891358,0.36632827,0.38703516,0.43084496,0.48535565,0.51913279,0.55190194,0.58279222,0.61106694,0.63692731,0.66151297,0.68460894,0.70648509,0.72825187,0.75434881,0.79644310,0.79504246,0.74206030,0.68014538,0.64327794,0.63976139,0.64813042,0.65922767,0.67722458,0.70352012,0.73706239,0.77525926,0.81427568,0.85211307,0.88502008,0.91265273,0.92965561,0.93873847,0.93775100,0.92195618,0.88636535,0.83191007,0.78053051,0.70117497,0.28800905,0.34254029,0.35143238,0.38683882,0.52443314,1.38143039,-1.08022344,-1.40228212,-1.18494916,-0.96945357,-0.88585973,-0.87705255,-0.78815550,-0.67784464,-0.58921367,-0.50722420,-0.42721507,-0.34960657,-0.27558908,-0.20503855,-0.13870528,-0.07716326,-0.01683191,0.04149249,0.09974946,0.15796810,0.21105333,0.25651088,0.29622638,0.32619184,0.34481019,0.35336712,0.34908608,0.33130491,0.30770296,0.27832627,0.24357402,0.20826973,0.17665704,0.13174312,0.07579834,0.02311932,-0.02392752,-0.09331516,-0.08654606,0.14658245,0.24637282,0.83643842,3.44191217,3.10347152,2.97377443,2.27070808,0.79982924,-0.10081569,0.32652137,0.51789623,-0.79863733,-1.13169992,-1.20657146,-1.21042681,-1.19016969,-1.16637158,-1.13139224,-1.09045124,-1.04477036,-0.99806154,-0.96790159,-0.94373447,-0.92137039,-0.90211260,-0.88443559,-0.86675239,-0.84525484,-0.82023895,-0.79368794,-0.76454777,-0.73076516,-0.69679731,-0.66641587,-0.64081770,-0.62073594,-0.60586256,-0.59073460,-0.57880205,-0.56884748,-0.56362462,-0.56346363,-0.57683879,-0.60569650,-0.65153456,-0.69554657,-0.73566884,-0.76303917,-0.78465009,-0.81839734,-0.85542279,-0.87894678,-0.89587241,-0.91545963,-0.94171256,-0.95937133,-0.96646446,-0.98957014,-1.01725662,-1.04336321,-1.06201816,-1.09683394,-1.11368024,-1.14383698,-1.18318903,-1.16998625,-1.16810048,-0.80578142,-0.41691038
638,Plant5-10,1.00000000,0.00000000,0.00000000,-1.26753867,-1.36373794,-1.38377953,-1.37977123,-1.39606583,-1.39920270,-1.39502013,-1.39240611,-1.39319026,-1.38831067,-1.37611139,-1.32984173,-1.19965887,-1.04281247,-0.95637250,-0.91140974,-0.92099488,-1.00072515,-1.08742642,-1.12384987,-1.13709462,-1.17081666,-1.22092044,-1.23651791,-1.25655937,-1.30910301,-1.34326088,-1.38491225,-1.38343096,-1.27668810,-0.81111503,-0.04561636,0.85755897,1.74008262,2.39814162,2.75566483,2.93403363,2.95163560,2.97908401,2.99380970,3.01088858,3.02744484,3.03145313,3.04129982,3.05567718,3.07615447,3.08730841,3.09820032,3.10795951,3.11283898,3.11432028,3.11318779,3.09811282,3.11048651,3.05820417,3.00252390,2.88236189,2.80289268,2.80559397,2.83190942,2.88933301,2.94902158,3.01812124,3.07205915,3.11824179,3.16416287,3.18403053,3.19527102,3.19230843,3.17305088,3.13932896,3.09584761,3.01236987,2.87704682,2.62957740,2.37670565,2.28407931,2.24974680,2.22273445,2.20617867,2.21175528,2.23388791,2.27170515,2.30786729,2.34124112,2.36694646,2.38219523,2.37661815,2.35657716,2.30028629,2.21114516,2.07826161,1.90442312,1.70313644,1.53043091,1.45000350,1.05640554,0.67300266,0.28977409,-0.09345446,-0.47685748,-0.87577063,-0.93458819,-0.97101140,-0.99445140,-0.99802393,-0.98338497,-0.93467534,-0.85721046,-0.77608597,-0.68058372,-0.57662940,-0.47084492,-0.36131370,-0.25945061,-0.15384050,-0.05999398,0.03106439,0.11340874,0.19322613,0.26345867,0.32532591,0.38240072,0.43145895,0.47032186,0.49785730,0.51258355,0.51293176,0.50195253,0.48452523,0.45881981,0.42440063,0.38074529,0.32759157,0.26720566,0.20202707,0.13162042,0.08291066,0.05476567,0.04378622,0.03995216,0.01137128,-0.15445051,-0.28602734,-0.41760418,-0.54909396,-0.68058372,-0.81224781,-0.94373757,-1.07540154,-1.20697856,-1.33846831,-1.47013235,-1.55657232,-1.53583360,-1.51570499,-1.47466350,-1.45340192,-1.43632317,-1.41035628,-1.39118612,-1.34587491,-1.30509472,-1.27764666,-1.24575448,-1.21116102,-1.17412782,-1.12716091,-1.09274197,-1.04411936,-1.00821900,-0.96543467,-0.92718148,-0.89302379,-0.86818981,-0.83673334,-0.82749683,-0.80841374,-0.78723949,-0.77495325,-0.76031417,-0.75421464,-0.75160050,-0.76589090,-0.79168350,-0.82401127,-0.86400717,-0.90557158,-0.93833506,-0.97057575,-0.99933100,-1.03923976,-1.06834352,-1.09509456,-1.13787889,-1.15826893,-1.19225228,-1.22989547,-1.25289977,-1.29524827,-1.30492055,-1.34012389,-1.36905336,-1.39536881,-1.42586672,-1.44538534,-1.44686663,-1.48268008,-1.19050956,-1.06607795
1399,QUE_T3.08.B,0.00000000,0.27000001,0.73000002,-1.21252143,-1.18101299,-1.14623415,-1.10578024,-1.06475985,-1.03135645,-1.00621641,-0.98289514,-0.95570737,-0.92198157,-0.88408393,-0.84564364,-0.80801612,-0.77074671,-0.73321491,-0.69485629,-0.65607810,-0.61864609,-0.58474189,-0.55178183,-0.52141905,-0.49140140,-0.45989236,-0.42723399,-0.39393011,-0.35804197,-0.32247359,-0.28615367,-0.24721713,-0.20351353,-0.16069223,-0.11922719,-0.07253175,-0.03123839,0.00438552,0.04229158,0.08733790,0.12227853,0.15574859,0.19282962,0.22821186,0.26507038,0.30277079,0.33256888,0.35995123,0.38879505,0.41803223,0.44706675,0.47628546,0.50755227,0.54295868,0.57248563,0.59756869,0.63630259,0.67213792,0.69311655,0.70982683,0.72121948,0.73641807,0.75583947,0.77055210,0.78421187,0.80673170,0.82889837,0.85285091,0.87530226,0.89749485,0.91913939,0.94112474,0.96397597,0.98804957,1.01720023,1.06239390,1.09405148,1.10359728,1.11400580,1.11338687,1.11962140,1.13220525,1.14672649,1.16170192,1.17782271,1.19399166,1.20894885,1.22678792,1.24543989,1.26318371,1.28141427,1.29643154,1.31133902,1.32889307,1.34749365,1.36355722,1.38203979,1.39673352,1.40509295,1.22690833,1.07852733,0.70345283,1.09766829,1.30144131,1.33832252,1.34115422,1.32610178,1.32134998,1.30158055,1.29543376,1.30642796,1.31085181,1.30984509,1.31280935,1.32589817,1.34100437,1.35681176,1.37120235,1.38472474,1.39904630,1.41189492,1.42544365,1.44066930,1.45856726,1.47640014,1.49253261,1.50592732,1.51547611,1.52242768,1.52063394,1.51450968,1.51180136,1.51260984,1.51325417,1.51406360,1.51125312,1.51358867,1.52010620,1.52252817,1.52483916,1.53199923,1.54477477,1.55725467,1.58661652,1.61039352,1.56993234,1.31093001,-0.12917279,3.58025932,1.46570206,4.18603277,4.47020149,3.98855186,5.12382030,2.51507330,1.39120924,1.17088008,1.17550886,1.17922103,1.18565392,1.18357289,1.19997025,1.22354043,1.26081419,1.28888464,1.28249037,1.26077867,1.23089862,1.20070922,1.18430161,1.17265725,1.15988123,1.14997900,1.14742398,1.15556836,1.16568565,1.17979956,1.18232107,1.17243826,1.16599369,1.16112316,1.16119897,1.15771461,1.14483154,1.14372492,1.17829788,1.18200839,1.15606201,1.11320460,1.07033741,1.03637624,1.01976132,1.01615858,0.99598455,0.96356905,0.96242523,0.93943352,0.94442439,0.92570740,0.92835265,0.94463730,0.91550225,0.89493048,0.91498762,0.84774995,0.77871197,0.72397578,0.79869735,0.83777386,0.62020445,0.59648514,0.05360467,0.79102129
431,QUE_T1.02.E,0.00000000,0.83329999,0.16700000,-1.31891441,-1.29359889,-1.26539636,-1.23343515,-1.20117950,-1.17289543,-1.14859498,-1.12533629,-1.10052025,-1.07241976,-1.04220963,-1.01199293,-0.98149931,-0.95099807,-0.92048806,-0.88935173,-0.85762399,-0.82628763,-0.79746860,-0.76790816,-0.73960155,-0.71027040,-0.67877668,-0.64619291,-0.61276913,-0.57741970,-0.54243153,-0.50691223,-0.46849418,-0.42416725,-0.37827602,-0.33418599,-0.28339425,-0.24083506,-0.20543377,-0.16639242,-0.12171035,-0.08479187,-0.04851519,-0.00941411,0.02819454,0.06838288,0.11151421,0.14218432,0.16962804,0.19984460,0.23069187,0.26193786,0.29435197,0.33078888,0.37401977,0.40831438,0.43566543,0.48942962,0.53460622,0.55559355,0.56450623,0.56710988,0.57996142,0.59392291,0.60696584,0.61936373,0.64622891,0.67327446,0.69817472,0.72394347,0.74906462,0.77413267,0.80337572,0.83444571,0.87128180,0.92087990,1.00482905,1.05334127,1.05076408,1.05511642,1.03430104,1.02786767,1.03840959,1.05203152,1.06774545,1.08597386,1.10310531,1.12365305,1.14729404,1.17384458,1.20097268,1.22610223,1.24693859,1.27323103,1.30463111,1.33839118,1.36930764,1.40465069,1.43885934,1.51746225,1.60408068,1.75272274,2.10621047,1.96424866,1.85373914,1.60790205,1.39693379,1.28320503,1.24220598,1.18691671,1.15455854,1.16994429,1.16352284,1.14373541,1.13405168,1.14883769,1.17070973,1.19178605,1.21050823,1.22861159,1.24800622,1.26675403,1.28661478,1.31109107,1.34325135,1.37881529,1.41051173,1.43459070,1.45150518,1.45855117,1.45219791,1.43899441,1.43125618,1.42799020,1.42509353,1.42360699,1.41757631,1.42277682,1.43769705,1.44484699,1.44804823,1.46260321,1.49001145,1.53172266,1.60985494,1.75203204,1.95269859,3.51253533,-1.75245631,4.71361303,4.09184742,2.84607506,4.29524994,3.28579640,4.27996016,4.32973576,1.53250217,1.00544930,1.09047353,1.01897156,1.01020455,0.99945599,1.02172160,1.05475688,1.09200883,1.11005306,1.08438432,1.01302767,0.94270861,0.88076144,0.81926584,0.77274603,0.73947394,0.72119051,0.71581447,0.72482973,0.74443722,0.75735557,0.77546394,0.78241408,0.79866111,0.82063240,0.83995330,0.85790581,0.86820626,0.86770332,0.88434952,0.86546075,0.81488150,0.74476278,0.67140847,0.61254966,0.60352898,0.60397518,0.58636367,0.56636596,0.53223658,0.50769389,0.49232307,0.48951587,0.54364115,0.57825196,0.59109956,0.61385405,0.60036910,0.50772262,0.59849375,0.61964166,0.56358117,0.44268030,0.33271098,0.58901364,0.70735288,1.19371641
818,SSC_SALE04_20110606,0.27408400,0.72591603,0.00000000,-1.35831606,-1.33976579,-1.31156278,-1.28683937,-1.26167035,-1.24554420,-1.23305714,-1.22422373,-1.21409690,-1.20634353,-1.19825637,-1.17703807,-1.13720906,-1.08251476,-1.04543424,-1.01961136,-1.00802314,-1.01077747,-1.00844741,-1.01669466,-1.00135934,-0.98843312,-0.98492241,-0.96875417,-0.96058714,-0.97392452,-0.99010187,-1.01529682,-1.00959015,-0.91014457,-0.67033601,-0.42774501,-0.21954787,-0.05706173,0.04946958,0.10775390,0.11124812,0.16708283,0.18950461,0.21042065,0.23296688,0.25532591,0.27044058,0.29086345,0.31695476,0.33878675,0.35922062,0.37878111,0.39846590,0.41756994,0.42148334,0.43528262,0.44939178,0.48008457,0.41587710,0.42505223,0.42227072,0.44256857,0.46600762,0.49300927,0.52615750,0.57890242,0.60699505,0.64515775,0.67746925,0.70194066,0.72295767,0.74361336,0.76087052,0.76415288,0.76890039,0.77223468,0.73246610,0.69263488,0.65542340,0.55739272,0.53208625,0.52619791,0.52323085,0.50887698,0.52002209,0.54199106,0.57802105,0.62095189,0.65523946,0.68445587,0.70735782,0.72263372,0.73854768,0.74210167,0.72915918,0.69531679,0.64642823,0.57346141,0.49759930,0.44414034,0.43953186,3.37670803,2.74389338,0.42652887,-0.36698970,-0.56177413,-0.60654962,-0.61787671,-0.64318472,-0.64036381,-0.62493151,-0.61131501,-0.57693672,-0.53121132,-0.47980025,-0.42648354,-0.37295237,-0.32206061,-0.27375367,-0.22547454,-0.18143836,-0.13875307,-0.09941828,-0.05798773,-0.02009323,0.01934872,0.05839078,0.08583146,0.11162897,0.13034652,0.13598081,0.12749678,0.10515937,0.07283454,0.03830234,0.01154190,-0.01702473,-0.03337470,-0.03802210,-0.05076380,-0.07117525,-0.08496529,-0.08702705,-0.09219179,-0.08357220,-0.05262047,0.47581172,-1.75245631,2.88080716,-1.75245631,-1.75245631,-1.75245631,3.79925799,-1.75245631,3.55107665,1.22866869,0.66259444,-0.99099445,-0.96988428,-0.96099263,-0.92046195,-0.87811929,-0.84287715,-0.81299442,-0.80116659,-0.77871680,-0.73606652,-0.71925098,-0.71472043,-0.71811372,-0.69926447,-0.69706070,-0.68586832,-0.67040682,-0.65655792,-0.63742048,-0.61747634,-0.60080731,-0.58020496,-0.56717449,-0.54336649,-0.53304744,-0.51418787,-0.48934653,-0.47816411,-0.47403580,-0.47901064,-0.50289267,-0.54819250,-0.60596061,-0.65416402,-0.69481188,-0.71276331,-0.76931036,-0.80114263,-0.80795503,-0.79043847,-0.81693882,-0.85711312,-0.84053808,-0.85476959,-0.86979634,-0.87479091,-0.90573066,-0.95662308,-1.02659452,-0.98306292,-1.03319824,-1.08318865,-1.10583472,-1.17567456,-1.11782610,3.87048626,2.96780205
787,CHI_CECU07_20110519,0.64300102,0.35699901,0.00000000,-1.61550641,-1.60643995,-1.59657359,-1.58199751,-1.56175089,-1.54401982,-1.53182197,-1.52424490,-1.51879203,-1.51336169,-1.50402939,-1.48144424,-1.43720555,-1.37818718,-1.33617818,-1.31011665,-1.30612886,-1.32558680,-1.34998691,-1.36123085,-1.35973585,-1.36559129,-1.37895095,-1.37867355,-1.38139188,-1.39943063,-1.42004335,-1.44332302,-1.44253385,-1.37068522,-1.15613019,-0.86850184,-0.51854104,-0.13010825,0.19373551,0.38523456,0.44757321,0.51868290,0.54817367,0.56709278,0.58766246,0.60446179,0.61674583,0.62992227,0.64702493,0.66283727,0.67636865,0.68801117,0.69878191,0.70228893,0.69164437,0.69296771,0.69338697,0.68324727,0.64120460,0.59624839,0.51484382,0.46984485,0.45892966,0.47453234,0.50442648,0.57479244,0.63021326,0.67582178,0.72584105,0.76349235,0.79702908,0.81613845,0.83080387,0.82992113,0.81581426,0.79225296,0.75518668,0.66245580,0.50267053,0.31143594,0.19826980,0.15175654,0.12542439,0.09978347,0.09651688,0.11512787,0.15408064,0.20028891,0.23995300,0.27017856,0.29117736,0.30690527,0.30849552,0.29116637,0.24716021,0.17395535,0.07374827,-0.04563354,-0.16708609,-0.24392344,-0.19910172,-0.41756794,-0.54847807,-0.86503875,-1.06899345,-1.18947291,-1.25461435,-1.28368700,-1.29925787,-1.30362678,-1.30419552,-1.29342270,-1.27591634,-1.25247347,-1.22800469,-1.19792759,-1.16801810,-1.13801110,-1.10872424,-1.07931101,-1.05167305,-1.02551305,-0.99906009,-0.97235525,-0.94835591,-0.92369652,-0.90091604,-0.88114858,-0.86680579,-0.86146885,-0.86324686,-0.86137629,-0.85920185,-0.86708599,-0.88178945,-0.90049815,-0.91971397,-0.93535078,-0.94604588,-0.96234816,-0.97836077,-0.98772693,-0.99224204,-0.99350631,-1.01154888,-1.00886154,-1.00741792,-1.10198569,-0.29805303,-0.75405955,-1.11052704,-1.19751585,-1.27507019,-1.42146134,-1.21474874,-1.51185656,-1.50017941,-1.49975777,-1.47915530,-1.47126615,-1.46017873,-1.45099413,-1.44099855,-1.43297470,-1.43007243,-1.41793931,-1.40547764,-1.39739561,-1.39413404,-1.39441633,-1.38914645,-1.38461697,-1.38161552,-1.37564933,-1.36697483,-1.36404777,-1.35753417,-1.35302341,-1.34582305,-1.33910298,-1.33281255,-1.32486415,-1.31369877,-1.31117153,-1.30128062,-1.29243243,-1.29175830,-1.30211353,-1.31749010,-1.33203983,-1.34548163,-1.36536670,-1.37647629,-1.38352394,-1.40180457,-1.41007173,-1.41031909,-1.41351628,-1.43078625,-1.43923259,-1.43880832,-1.44581234,-1.45374334,-1.46418440,-1.48713481,-1.49821508,-1.50780523,-1.53418112,-1.54790151,-1.54616094,-1.53055716,-1.48133755,-1.30926859,-0.94530559
845,SSI_SALE11_20110608,0.28921899,0.71078098,0.00000000,-1.27561939,-1.25249994,-1.22969627,-1.20637691,-1.18497956,-1.16952538,-1.15889609,-1.15001702,-1.14261818,-1.13653409,-1.12622297,-1.10575759,-1.06000495,-0.99674863,-0.94846296,-0.91542172,-0.90060103,-0.90448654,-0.91810620,-0.92041063,-0.91486067,-0.91572964,-0.92313838,-0.91781175,-0.92080575,-0.94166279,-0.96017015,-0.98621577,-0.98395687,-0.90200245,-0.70341450,-0.49920881,-0.32558918,-0.18887520,-0.09926216,-0.05075515,-0.03615410,-0.00613853,0.00966045,0.02194067,0.03638198,0.04943733,0.06138578,0.07441133,0.09039588,0.10402046,0.11787513,0.13138646,0.14223444,0.15342611,0.15494308,0.16333081,0.17461082,0.17123462,0.16334377,0.15969250,0.15675919,0.16386403,0.17310485,0.19255289,0.20799090,0.23576756,0.25844118,0.28234228,0.30249196,0.32464743,0.34415108,0.35928842,0.37106764,0.38006189,0.38393253,0.38517123,0.37474710,0.35166028,0.31307641,0.25769630,0.23805566,0.23287503,0.22809711,0.22531210,0.23616605,0.25694582,0.29023919,0.32680255,0.35897851,0.38662472,0.40834782,0.42399183,0.43832284,0.44268849,0.43854859,0.41715717,0.38469374,0.33217412,0.27841157,0.23200022,0.23486820,0.57010031,0.26120514,-0.17580290,-0.43610588,-0.48611441,-0.52922976,-0.54264528,-0.56165391,-0.55055761,-0.54567534,-0.53217685,-0.49972859,-0.45970726,-0.41789913,-0.37562716,-0.33179912,-0.29023978,-0.25058046,-0.21335442,-0.17842256,-0.14512545,-0.11150241,-0.07723267,-0.04612073,-0.01091997,0.01872293,0.04442147,0.06768335,0.08489775,0.08985880,0.08172278,0.06832819,0.03814948,0.00471798,-0.01798368,-0.03749086,-0.04865437,-0.04157745,-0.05190096,-0.06232229,-0.06449670,-0.06215775,-0.06419789,-0.04489685,-0.09825786,-0.29809475,-0.56203276,-1.75245631,3.08553743,3.21969390,-1.75245631,0.14165506,1.31117034,3.65193748,-0.55349290,-1.02494621,-0.84021336,-0.81296909,-0.76247555,-0.71194804,-0.67839319,-0.64185905,-0.61918283,-0.59069115,-0.55700403,-0.55494511,-0.54801649,-0.55086005,-0.55981034,-0.55791998,-0.55687642,-0.55137014,-0.53989029,-0.52999926,-0.51449794,-0.50008690,-0.47857592,-0.46389970,-0.44909170,-0.43247831,-0.41585502,-0.39944705,-0.38595536,-0.36955875,-0.35830036,-0.35575843,-0.37966305,-0.42785335,-0.48257345,-0.54234785,-0.56990969,-0.60237652,-0.64390457,-0.68193603,-0.67295963,-0.66971290,-0.68544960,-0.71060008,-0.70656681,-0.71201992,-0.71775740,-0.73797894,-0.75691831,-0.79024082,-0.76011068,-0.82721525,-0.84583855,-0.86055362,-1.02039087,-1.01451159,-1.04953039,0.06781856,0.46400535
1233,SF_082,0.24359000,0.58333302,0.17307700,-1.50652921,-1.48638642,-1.46312451,-1.43863380,-1.41669273,-1.39672494,-1.38189852,-1.37022173,-1.35736406,-1.34111917,-1.31626976,-1.27793050,-1.21771789,-1.14785254,-1.09618998,-1.06149709,-1.04631734,-1.05592835,-1.06923532,-1.07061779,-1.06517780,-1.06397355,-1.06195652,-1.05328476,-1.04944706,-1.05073321,-1.05542278,-1.05947101,-1.04171813,-0.96799123,-0.80884087,-0.59575570,-0.34184721,-0.08481290,0.11044950,0.22629979,0.28767905,0.32096118,0.34418964,0.36405841,0.38350433,0.39967471,0.41669816,0.43342897,0.45077589,0.46678287,0.48215064,0.49727347,0.51151639,0.52313179,0.53479743,0.54617208,0.55657589,0.55446285,0.56219172,0.55625361,0.54556280,0.54595447,0.55557770,0.57315552,0.60003817,0.63261050,0.65819746,0.68230820,0.70547497,0.72612226,0.74666548,0.76156557,0.77206099,0.78369957,0.78949696,0.79778677,0.81525242,0.79113555,0.73732626,0.68833721,0.65913206,0.66153568,0.67147410,0.68118262,0.69262224,0.71055746,0.73224080,0.75607198,0.77847075,0.80119604,0.81852168,0.83206969,0.83884621,0.84324783,0.83887351,0.82284832,0.79652190,0.75230026,0.70704812,0.68139386,0.61215585,0.56410515,0.35382661,0.35397995,0.34228507,0.13112471,-0.03637391,-0.20248190,-0.23522462,-0.28427759,-0.29309946,-0.26521003,-0.22826503,-0.19431736,-0.15129213,-0.09771493,-0.03934250,0.01445615,0.06782674,0.11803383,0.16343388,0.20780672,0.25161585,0.29236186,0.33441502,0.37157670,0.40211803,0.43104294,0.45335686,0.46728656,0.47326672,0.47041887,0.46376720,0.45241871,0.43805477,0.42073354,0.40364584,0.38563821,0.37125275,0.34424013,0.31946656,0.29357204,0.31353730,0.33770415,0.34828699,0.23632474,-0.17106868,-1.24034321,0.66755325,-1.20621467,-1.69672298,-0.28753576,-0.24391526,-1.23571444,-1.74676991,-1.03889525,1.70766735,-0.04171382,-1.00222409,-0.83621150,-0.77230078,-0.69183683,-0.64578843,-0.57074749,-0.52027982,-0.50575644,-0.50147730,-0.50463110,-0.49613935,-0.48863858,-0.49032605,-0.49400911,-0.48222721,-0.45417392,-0.43316358,-0.41189826,-0.39032650,-0.35953909,-0.35438976,-0.33704275,-0.32046032,-0.30603153,-0.29049197,-0.29567388,-0.28909630,-0.26679724,-0.24879333,-0.26193526,-0.29539460,-0.35273024,-0.37535220,-0.40689969,-0.43832704,-0.46338460,-0.51908809,-0.53819245,-0.56672221,-0.54482830,-0.56856596,-0.66824716,-0.64046597,-0.62906665,-0.57422149,-0.69478768,-0.75244677,-0.75653607,-0.70251805,-1.09284163,-0.84908432,-1.14390814,-1.58563483,-0.80356997,1.47421384,0.57638109
1498,CHC_CEME02_20110807,0.49269599,0.50730401,0.00000000,-1.56324422,-1.55671918,-1.55161595,-1.53997374,-1.52792096,-1.51317120,-1.50500846,-1.49962282,-1.49697530,-1.48968601,-1.48318481,-1.46488369,-1.42975760,-1.38281286,-1.35012245,-1.32937944,-1.32221794,-1.33542430,-1.35359740,-1.35672760,-1.35560250,-1.35747695,-1.36216390,-1.35745537,-1.35900605,-1.37142670,-1.37706387,-1.38717449,-1.37989068,-1.31948078,-1.15061605,-0.92793995,-0.68706113,-0.46270916,-0.30420431,-0.21521880,-0.17502087,-0.13964227,-0.11718449,-0.09655779,-0.07625923,-0.05786876,-0.04145112,-0.02403305,-0.00635075,0.01137958,0.02792471,0.04414311,0.05817073,0.07113177,0.07779267,0.08828294,0.09912590,0.10152445,0.09120876,0.08552540,0.06131753,0.05839218,0.06691360,0.08232940,0.10136727,0.15125848,0.18259329,0.21413329,0.23879656,0.26291621,0.28562370,0.30434489,0.31947100,0.32849678,0.33508441,0.33121002,0.32446513,0.28686008,0.23157018,0.14790379,0.10395361,0.09262732,0.09106339,0.08788212,0.09512673,0.11348856,0.14859430,0.18651183,0.21954671,0.24894257,0.27187490,0.29283303,0.30335391,0.30399033,0.29063699,0.25985214,0.20792031,0.13641331,0.05628765,-0.01216067,-0.11248590,-0.37412530,-0.34538969,-0.58463991,-0.73939854,-0.87048358,-0.93399006,-0.96097434,-0.97668296,-0.97618473,-0.97030705,-0.95734298,-0.92825896,-0.89256263,-0.85477757,-0.81523663,-0.77611768,-0.73792869,-0.70217592,-0.66858929,-0.63449383,-0.60426289,-0.57276344,-0.54239029,-0.51033211,-0.47956839,-0.45217714,-0.42875132,-0.41304347,-0.40598419,-0.40985391,-0.41239268,-0.41636404,-0.43246791,-0.45739844,-0.48942366,-0.51496643,-0.53137398,-0.53291059,-0.54432046,-0.55679536,-0.56419504,-0.56369442,-0.56688362,-0.57904851,-0.61117339,-0.63208312,-0.65758532,0.07248899,-0.65304977,-0.49888125,-0.64567733,-1.21270859,-1.16138697,-1.10035563,-1.34157681,-1.33835971,-1.28483975,-1.24450457,-1.19992757,-1.17920792,-1.14878201,-1.12202561,-1.10487533,-1.09387219,-1.07720709,-1.06639826,-1.06419027,-1.06694400,-1.07488954,-1.07511246,-1.07231796,-1.07270348,-1.06802559,-1.06007171,-1.05702376,-1.04809988,-1.03774238,-1.02814484,-1.01682234,-1.00986958,-0.99751651,-0.98265600,-0.97039288,-0.95420599,-0.95123470,-0.94658709,-0.96019208,-0.99273425,-1.03107250,-1.06332445,-1.08981812,-1.11167908,-1.13348043,-1.15778327,-1.16394377,-1.15897393,-1.17657673,-1.19157910,-1.20522475,-1.18631279,-1.21115375,-1.22680593,-1.23356092,-1.27519095,-1.27665675,-1.32810116,-1.32070088,-1.35555732,-1.40523291,-1.42194521,-1.42528689,-1.04805839,-0.25566807
1339,QUE_T3.01.D,0.00000000,0.94999999,0.05000000,-1.25996184,-1.23442709,-1.20570123,-1.17309272,-1.13993347,-1.11030221,-1.08415329,-1.05849576,-1.03149021,-1.00151336,-0.96940774,-0.93735147,-0.90468216,-0.87151152,-0.83824825,-0.80494559,-0.77104723,-0.73807383,-0.70751756,-0.67670208,-0.64556116,-0.61292082,-0.57864559,-0.54274142,-0.50614023,-0.46816626,-0.42948741,-0.39046755,-0.34969902,-0.30397666,-0.25741571,-0.20963033,-0.15967251,-0.11014999,-0.06291442,-0.01685131,0.03354181,0.07380763,0.11360355,0.15596806,0.19805302,0.23982492,0.28132373,0.32144031,0.36042404,0.39871272,0.43679360,0.47429487,0.51256621,0.55043256,0.58724129,0.62249911,0.65658081,0.68394917,0.71612442,0.74824214,0.78121442,0.81408006,0.84494203,0.87615252,0.89624166,0.91657412,0.94757235,0.98085195,1.01547050,1.04603827,1.07580292,1.10646272,1.13812447,1.16636133,1.19358528,1.21116960,1.22324634,1.25316274,1.27932811,1.30160165,1.33007538,1.35372853,1.37378502,1.39330971,1.41493297,1.43984675,1.46684778,1.49784386,1.52977705,1.56344736,1.59485698,1.62487876,1.65189648,1.67826772,1.70245874,1.72167373,1.73286378,1.73548567,1.72687030,1.68577814,1.53657639,1.26775551,1.38984990,1.37263858,1.31230569,1.36052513,1.30786574,1.27809966,1.25297081,1.26132798,1.27351928,1.28171718,1.30451334,1.33977318,1.37905788,1.42056966,1.46272171,1.50068641,1.53019905,1.55594540,1.57948339,1.60456455,1.63010192,1.66070914,1.70484102,1.75271666,1.79518867,1.82896066,1.85062063,1.85714698,1.84566653,1.82664096,1.81417489,1.80860531,1.80340457,1.79832184,1.78416121,1.78664827,1.80185711,1.80701292,1.80155277,1.79539037,1.79435980,1.79069841,1.76893866,1.71147954,1.58099556,3.45684314,3.56178665,2.97551179,0.72308642,2.55363512,1.39203310,4.77453518,2.70984983,1.35208011,3.05084109,1.34360874,1.16797376,1.20842898,1.27029836,1.33180547,1.38884163,1.42576241,1.46136558,1.49148130,1.42960048,1.34205031,1.25173521,1.15993357,1.08284843,1.01948023,0.97785306,0.95793712,0.95175034,0.96167523,0.97681957,1.00225925,1.02777886,1.04990530,1.07309687,1.10016537,1.12686670,1.15002525,1.17527187,1.18337333,1.19420457,1.17040098,1.08938527,0.99287331,0.90021932,0.83271897,0.81831926,0.84225827,0.81547445,0.77148396,0.76103246,0.72391683,0.71742344,0.72508126,0.74335390,0.74794066,0.78309304,0.79019600,0.78946567,0.75440139,0.73722720,0.64836067,0.44642588,0.25124937,0.39469087,0.57773054,0.51264334,2.09460616
522,QUE_T1.11.F,0.00000000,0.33329999,0.66700000,-1.22193491,-1.18868482,-1.15321386,-1.11320627,-1.07316422,-1.03999031,-1.01410043,-0.99070978,-0.96420860,-0.93187892,-0.89491248,-0.85627693,-0.81736308,-0.77866817,-0.74029058,-0.70201474,-0.66385382,-0.62780768,-0.59570736,-0.56487107,-0.53522933,-0.50574338,-0.47520381,-0.44324300,-0.41064808,-0.37730715,-0.34411803,-0.31098604,-0.27315533,-0.22629665,-0.17499973,-0.12549089,-0.07698797,-0.02998238,0.01472165,0.05646165,0.09860856,0.13228956,0.16561401,0.19957151,0.23165619,0.26317704,0.29402617,0.32286039,0.35047999,0.37752721,0.40382978,0.42969459,0.45562440,0.48138988,0.50702029,0.53079587,0.55276507,0.57258594,0.58838749,0.60891646,0.62986010,0.65304601,0.67123431,0.69296747,0.71211493,0.73400491,0.75736403,0.78127891,0.80482054,0.82594883,0.84838754,0.86916876,0.89095306,0.91586149,0.93657792,0.95367688,0.96742028,0.98449373,1.00285947,1.01768100,1.03818643,1.05577242,1.07234216,1.08873951,1.10554159,1.12423456,1.14373004,1.16439879,1.18682110,1.20895648,1.22912931,1.24864864,1.26590049,1.28478551,1.30017960,1.31295693,1.32227433,1.32759476,1.32707262,1.30627978,1.15168285,1.06798899,1.28092980,1.13976145,1.16002047,1.15301144,1.14531446,1.13545239,1.13077378,1.13951933,1.15299535,1.16469276,1.18468213,1.21167672,1.23653615,1.26261950,1.28890872,1.31251144,1.33159554,1.34936500,1.36599183,1.38209772,1.39885521,1.41892707,1.44389176,1.46808290,1.49100316,1.51073754,1.52482522,1.53158486,1.53088510,1.52529097,1.52031648,1.51800942,1.51689625,1.51428461,1.50823343,1.50910616,1.51768291,1.52240872,1.52151036,1.52228677,1.52610385,1.52800119,1.52435911,1.50600207,1.43854177,0.92246968,-0.09945171,1.09375417,0.12963496,0.22082983,0.94404763,1.48488152,2.26892114,0.95491725,0.79278564,0.89816564,0.96101171,1.07561755,1.15876031,1.20277321,1.23683083,1.27161181,1.28887367,1.30079222,1.26846457,1.23521352,1.18698215,1.13272655,1.08755708,1.05711472,1.04351270,1.03238130,1.03100789,1.03728497,1.04671466,1.06884527,1.07585013,1.07742262,1.08698380,1.09233510,1.09994173,1.09705591,1.09732866,1.10783136,1.12840545,1.11893117,1.07461464,1.01805282,0.96534020,0.92000091,0.89880252,0.89963740,0.86816722,0.85447311,0.83180773,0.82255781,0.81027955,0.78873527,0.78962737,0.82774568,0.79127955,0.73657864,0.76218075,0.77531695,0.69981754,0.66447210,0.53487992,0.36451158,0.28370649,0.12103666,-0.17129995,-0.51962912
914,SSI_BAPI05_20120127,0.56279600,0.43720400,0.00000000,-1.54865289,-1.53727663,-1.51220083,-1.48511207,-1.45353734,-1.42513907,-1.39977694,-1.37839723,-1.35747087,-1.34125054,-1.31777751,-1.27847505,-1.20793343,-1.12427330,-1.06456304,-1.02141345,-0.99990243,-1.00394809,-1.01454091,-1.02523744,-1.01616585,-1.01547074,-1.02613986,-1.01897311,-1.02036440,-1.04425621,-1.06570172,-1.09510696,-1.08874369,-0.96792322,-0.67789954,-0.37154654,-0.09796981,0.11360028,0.24804275,0.32816091,0.36412945,0.41572261,0.45116293,0.48599067,0.51995951,0.55384487,0.58244330,0.61103493,0.64226615,0.67176533,0.70111585,0.73096466,0.75844729,0.78753561,0.80533963,0.83216739,0.85640156,0.89140064,0.85321432,0.86562109,0.85186929,0.86222541,0.88300520,0.91761672,0.95307946,1.08448160,1.13925898,1.18742621,1.23643100,1.27506483,1.30646014,1.33538091,1.36432219,1.37411988,1.38326442,1.38008237,1.37128675,1.34611094,1.25571191,1.13948894,1.05575955,1.03089392,1.01639926,1.00557995,1.01090193,1.04843760,1.09998381,1.16348350,1.21689391,1.25944281,1.29500270,1.33291650,1.34508884,1.34405279,1.32119203,1.27188277,1.19616437,1.08758569,0.97148514,0.87498111,0.80722696,3.19756532,0.40877646,0.32867044,-0.34072989,-0.41564757,-0.49374047,-0.53690696,-0.56268859,-0.56790626,-0.56404507,-0.54029018,-0.49867427,-0.44453311,-0.38737020,-0.32633978,-0.26207048,-0.19970658,-0.13963339,-0.08370776,-0.02712457,0.02325838,0.07711067,0.12738717,0.17768773,0.22989745,0.27046511,0.30349648,0.33135843,0.35079247,0.34904563,0.32871765,0.29988107,0.24918680,0.20250118,0.15187095,0.11590803,0.09674722,0.10753105,0.09173077,0.06911360,0.06069175,0.07046836,0.07393863,0.10186732,-0.11696643,-0.19600716,0.99296236,4.98914814,2.28841615,2.74912500,1.02555788,-1.75245631,5.01458979,-1.75245631,0.93336427,-0.67073160,-0.92734796,-1.02676404,-0.98232812,-0.91433144,-0.88477880,-0.84233856,-0.80581862,-0.80359614,-0.75808728,-0.74396592,-0.72444671,-0.73043519,-0.73784208,-0.74047929,-0.72523093,-0.71989304,-0.71480620,-0.69954759,-0.67988509,-0.66328061,-0.63806075,-0.62545013,-0.60642773,-0.58900273,-0.57214230,-0.55351335,-0.52014321,-0.52832234,-0.51388967,-0.53341460,-0.57188362,-0.61498743,-0.67837775,-0.76528257,-0.80124635,-0.83820540,-0.86611170,-0.90866941,-0.90409303,-0.90024227,-0.91458678,-0.96632808,-0.97839940,-0.97176427,-1.01871991,-1.01009822,-1.00125825,-1.05548966,-1.12692928,-1.08988476,-1.20063114,-1.18573785,-1.26013875,-1.10415351,-0.84874159,1.60724807,0.26469061
1280,COP_20160316_2-10-W,0.48353299,0.51646698,0.00000000,-1.48080587,-1.45292783,-1.42686808,-1.40393341,-1.38583302,-1.37056410,-1.35791957,-1.34725022,-1.33679533,-1.32417190,-1.30535269,-1.27170718,-1.21749902,-1.15918458,-1.11745405,-1.08912003,-1.07882261,-1.08656991,-1.09766495,-1.10022593,-1.09314382,-1.08971882,-1.08671558,-1.07550585,-1.07254040,-1.08026505,-1.08500397,-1.09064364,-1.07345951,-0.98410136,-0.78168797,-0.54727709,-0.33026791,-0.14684679,-0.02033560,0.05668755,0.10930848,0.14168602,0.17081580,0.20113146,0.23111115,0.25976869,0.28841782,0.31552067,0.34252605,0.36983386,0.39609787,0.42188859,0.44599983,0.46755931,0.48873758,0.50919038,0.52864242,0.54013956,0.54439771,0.54549801,0.54645276,0.56032240,0.58076352,0.60615015,0.64222085,0.68567145,0.72279549,0.76040518,0.79594457,0.82820141,0.85813761,0.88553029,0.91141194,0.93689275,0.96065927,0.98802477,1.02189410,1.01557362,0.96268511,0.89949292,0.86178273,0.85780531,0.86950368,0.88432711,0.90818757,0.94533938,0.99099469,1.04091597,1.08864534,1.13408113,1.17543685,1.21097136,1.23555291,1.25188243,1.25755084,1.24806666,1.22012830,1.17623341,1.13707602,1.03462613,0.34653971,0.47276422,0.48187441,0.55912626,0.90506387,-0.03060863,-0.52582669,-0.34438831,-0.31314909,-0.24991134,-0.21165352,-0.18929145,-0.12713206,-0.04864303,0.02530962,0.10088032,0.17648700,0.24861535,0.31665021,0.38115779,0.44312578,0.50298417,0.56199634,0.62190664,0.68673325,0.75371122,0.81301546,0.86472803,0.90930778,0.94055796,0.95648831,0.95794129,0.94184107,0.90795314,0.87168634,0.83487082,0.80070221,0.78002596,0.76935571,0.74575049,0.71346396,0.69333392,0.69094694,0.71243024,0.70781893,0.65069622,0.67849809,0.82487416,1.24178123,1.52840340,1.10914648,0.92971218,0.27762932,-0.04043386,-0.06265663,-0.27337959,-0.52286029,-0.57648224,-0.57143754,-0.53585112,-0.48483855,-0.43655953,-0.38802552,-0.34151334,-0.29629442,-0.25713176,-0.25079364,-0.26151517,-0.28195244,-0.30772156,-0.33178732,-0.34203616,-0.34216297,-0.33329573,-0.31796244,-0.29510537,-0.26161531,-0.22491279,-0.19167399,-0.16318811,-0.14039764,-0.12199631,-0.10565439,-0.09018379,-0.07989579,-0.07205684,-0.07421558,-0.10002408,-0.15248492,-0.22470407,-0.29520130,-0.35072246,-0.38014531,-0.39670342,-0.42818838,-0.46684551,-0.48226285,-0.49530721,-0.51047128,-0.51993316,-0.52085906,-0.52148473,-0.53071362,-0.53787690,-0.55099463,-0.57116127,-0.60144329,-0.63651478,-0.67098683,-0.70439005,-0.73460323,-0.72954762,-0.60204852,-0.23842552
530,QUE_T1.12.D,0.00000000,0.31060001,0.68900001,-1.22638106,-1.19405460,-1.15899265,-1.11949241,-1.07949281,-1.04707491,-1.02284050,-1.00091720,-0.97543138,-0.94356209,-0.90669572,-0.86824125,-0.82941526,-0.79072940,-0.75251585,-0.71416700,-0.67637557,-0.64161938,-0.61066514,-0.58186352,-0.55382884,-0.52575457,-0.49751738,-0.46787775,-0.43780759,-0.40803882,-0.37748396,-0.34730023,-0.31218946,-0.26619399,-0.21454826,-0.16473289,-0.11952846,-0.07304255,-0.02671066,0.01509070,0.05746244,0.09020213,0.12268800,0.15552633,0.18666783,0.21679465,0.24483798,0.27505842,0.30491468,0.33288556,0.35925639,0.38498822,0.41121814,0.43583885,0.45698279,0.47922963,0.50181627,0.51126182,0.51798314,0.54122144,0.56790918,0.60036725,0.62302476,0.64807713,0.66526371,0.67789418,0.70221364,0.72534490,0.74771208,0.76731205,0.78871447,0.80980557,0.83017749,0.84992427,0.86862999,0.87608451,0.87316793,0.88642401,0.91027093,0.92655605,0.95869321,0.98463887,1.00243473,1.02135503,1.03909516,1.05862939,1.07908249,1.10121012,1.12331295,1.14400530,1.16375184,1.18233514,1.19721210,1.21080172,1.22177672,1.23132658,1.23864031,1.23944545,1.23207390,1.19115901,1.13849378,1.12832856,1.13530934,1.04081905,0.97911191,0.97717601,1.00845802,1.03186059,1.03641784,1.06411409,1.08829236,1.09814179,1.12453949,1.16348851,1.19874954,1.22928774,1.25748181,1.28217089,1.30139124,1.31898212,1.33576417,1.35157299,1.36639547,1.38477266,1.40617812,1.42700505,1.44554305,1.46251225,1.47469842,1.48249388,1.48236716,1.47862303,1.47567761,1.47490668,1.47424245,1.47182500,1.46591759,1.46427798,1.46983182,1.47294104,1.47135246,1.46732295,1.46066654,1.45067906,1.42571962,1.37487698,1.30196083,1.58133090,0.54143035,-0.73066926,3.36393666,1.87316823,0.58068639,0.96706879,1.06193423,0.05668848,0.66509032,0.83328760,0.89346439,0.97638321,1.05836022,1.12743855,1.16614187,1.20168364,1.22972131,1.25611508,1.25094354,1.21929932,1.18162024,1.14439988,1.12017930,1.09700155,1.07604575,1.06925547,1.07278609,1.07820714,1.08974218,1.10516369,1.10469186,1.09789288,1.09963226,1.10487878,1.10657465,1.10608292,1.09843791,1.10388803,1.12959206,1.13816869,1.10414207,1.05007017,0.99856299,0.95901060,0.93941367,0.94269252,0.92059946,0.88848895,0.86941695,0.84814143,0.83580756,0.82587802,0.81790745,0.82894719,0.80774581,0.79033065,0.79536474,0.82907438,0.67653066,0.65748298,0.59093434,0.42958710,0.38479939,0.25914490,-0.14796501,-1.43534768
1205,SF_052,0.03846150,0.92307699,0.03846150,-1.42765212,-1.40470147,-1.37917173,-1.35467029,-1.33044124,-1.30696917,-1.28386140,-1.26171970,-1.24026060,-1.21826720,-1.19420969,-1.16634059,-1.13247454,-1.09737718,-1.06663406,-1.03850293,-1.01320684,-0.99245286,-0.97349739,-0.94996673,-0.92585862,-0.90205640,-0.87618095,-0.84935290,-0.82498431,-0.80181938,-0.77902377,-0.75624019,-0.72553009,-0.67176801,-0.58741343,-0.49573630,-0.40380210,-0.32809186,-0.27418101,-0.23015232,-0.18749882,-0.15389776,-0.12174424,-0.08683844,-0.05244997,-0.01767178,0.01944419,0.04968776,0.07754469,0.10615876,0.13608821,0.16625932,0.19676395,0.22781758,0.26433089,0.29492855,0.32164037,0.35152259,0.38850337,0.41073900,0.42563161,0.43624669,0.45434245,0.47291756,0.49034509,0.51214415,0.54061705,0.57016575,0.60266775,0.63073003,0.65898043,0.68590981,0.71278524,0.74228626,0.77597463,0.81816149,0.87498182,0.90288746,0.91453934,0.90109015,0.88977861,0.89635897,0.91152108,0.93199563,0.95194453,0.97630680,1.00500691,1.03815019,1.07159781,1.10577273,1.14144075,1.17008913,1.19642377,1.22396231,1.24494743,1.26392758,1.27639520,1.28665197,1.29634500,1.26022148,1.01051986,1.09564829,1.02192461,0.98426002,1.02577960,1.02030027,0.80345893,0.76881301,0.69344962,0.62631059,0.62971073,0.64571333,0.66326493,0.67972767,0.70723838,0.74991328,0.79694605,0.83742678,0.87346965,0.90544975,0.93733728,0.96831918,0.99842811,1.03720343,1.08560371,1.13505733,1.18112803,1.21877301,1.24761164,1.26112211,1.25985527,1.24539649,1.22683799,1.21164012,1.19124150,1.16894555,1.14328408,1.12985921,1.13863218,1.13822937,1.13646042,1.13453317,1.12229204,1.11227584,1.18325293,1.72680175,0.75752974,-1.01343620,-0.12743379,-1.66702282,-1.24369168,-0.23984736,-0.60132587,-1.67778885,-1.65118206,-0.26766983,-0.85833442,0.11334003,-0.01874712,0.02716524,0.14266367,0.25562158,0.33812672,0.38676986,0.44701979,0.46394762,0.46125284,0.39698178,0.33188713,0.26858929,0.18663278,0.16059242,0.12389773,0.12432498,0.12107417,0.12552010,0.13497838,0.16266015,0.18714860,0.22069988,0.23833285,0.27099496,0.27965054,0.31179610,0.35431230,0.35846525,0.35299715,0.32824716,0.25467828,0.15805821,0.07604655,0.02351057,0.03485988,0.00770375,-0.04016239,-0.10253657,-0.12653549,-0.16633889,-0.14760673,-0.06862630,-0.05822776,0.00730222,-0.09346638,-0.28042299,-0.20959620,-0.14724377,-0.41568989,-0.24316864,-0.39671955,-0.69459307,-1.10104072,-0.30357933,-0.64131880,-0.09900413
1070,Resid049,0.00000000,0.18934900,0.81065100,-1.23812103,-1.20001948,-1.15730917,-1.10795033,-1.05615878,-1.01188767,-0.97808689,-0.94711667,-0.91222137,-0.86862636,-0.81663436,-0.75938660,-0.69829977,-0.63555807,-0.57142049,-0.50618291,-0.44155425,-0.38206720,-0.32989839,-0.28439540,-0.24594791,-0.21126239,-0.19212075,-0.15649602,-0.11953092,-0.09357459,-0.07844159,-0.06863740,-0.03408217,0.05341559,0.14916763,0.21521798,0.26555419,0.30816829,0.34476531,0.38081095,0.42305952,0.44801518,0.47529238,0.50382090,0.53064513,0.55714613,0.58300960,0.60562199,0.62708050,0.64980924,0.67158371,0.69318718,0.71422821,0.73735738,0.76119816,0.78415364,0.80420870,0.82814157,0.85119689,0.87135589,0.88975149,0.90840912,0.92673367,0.94541746,0.99115872,1.04619277,1.06551480,1.09009981,1.10839140,1.12413776,1.14798999,1.16448271,1.18241787,1.20395887,1.22215748,1.23427975,1.26589274,1.30112386,1.31538785,1.32085454,1.32477260,1.33274055,1.34056687,1.34998930,1.36211610,1.37679183,1.39064157,1.40674162,1.41837966,1.43333304,1.45201588,1.46995437,1.47846031,1.48858035,1.49975944,1.50660396,1.51413786,1.52105510,1.53048980,1.50778496,1.42725122,1.31411290,1.38052034,1.42034030,1.37066877,1.32011688,1.25243652,1.22171271,1.20449412,1.19662941,1.19489825,1.20660150,1.22943878,1.26091456,1.28966880,1.32360792,1.35309243,1.37938559,1.40437210,1.42380643,1.44360709,1.46155000,1.47644126,1.49245942,1.51837528,1.53751171,1.55424190,1.57410634,1.59011340,1.60178328,1.60751450,1.60945153,1.60833180,1.60624778,1.60515809,1.60334849,1.59812534,1.59290206,1.60114872,1.59917498,1.59135866,1.59479666,1.63042605,1.67242646,1.65231037,1.75564766,1.66119504,0.20691030,-0.54983550,-0.19912381,1.04385829,1.05292284,2.93445015,1.63038588,0.43330231,0.22175699,1.17610788,0.79176664,0.79513168,0.82794362,0.86849821,0.87048852,0.93368685,1.00345683,1.03865850,1.16767204,1.19613445,1.21779323,1.24949491,1.28967488,1.28583562,1.29196656,1.29234612,1.32123053,1.33701432,1.37124300,1.40508783,1.45085895,1.44058979,1.41700673,1.39295375,1.37808633,1.32354486,1.30021405,1.30735254,1.30168271,1.37138379,1.39806914,1.36159623,1.28825247,1.25100100,1.26444674,1.25447547,1.21912563,1.21522415,1.17281365,1.09989262,1.21802676,1.27695942,1.23947847,1.25526881,1.12216818,0.89119029,0.79284918,1.25567937,1.10628319,1.19210279,1.05287361,1.32003248,0.52896774,1.39871073,1.49486184,-0.50636786,-0.98565137
723,SSI_SALE01_20110410,0.27335501,0.72664499,0.00000000,-1.42593348,-1.39756596,-1.37305641,-1.34990561,-1.33202493,-1.32123625,-1.31357646,-1.30879331,-1.30491042,-1.30139995,-1.29310226,-1.27443218,-1.22891057,-1.16310561,-1.11569500,-1.08594370,-1.08030438,-1.10586393,-1.14037895,-1.15629601,-1.16192055,-1.17106831,-1.18511426,-1.18989873,-1.19868481,-1.21851850,-1.23243368,-1.24635661,-1.24316740,-1.18679380,-0.98258519,-0.70969176,-0.42132533,-0.17192970,-0.01416283,0.06483665,0.10087740,0.12140184,0.13768439,0.15264514,0.16784990,0.18139219,0.19535577,0.20809093,0.22183949,0.23586431,0.24994920,0.26391792,0.27529913,0.28661281,0.29352623,0.30462956,0.31583479,0.30373862,0.31506795,0.29444498,0.27098536,0.26756278,0.27100220,0.28299436,0.29787412,0.28380582,0.31278893,0.34075281,0.37117001,0.39567038,0.42375764,0.44266698,0.45882285,0.47034478,0.48375794,0.49413651,0.49986848,0.45676073,0.40063950,0.31675726,0.27192867,0.26138276,0.25456914,0.24935742,0.26157185,0.28296655,0.31662196,0.35065761,0.38665864,0.41571465,0.44055042,0.45922625,0.47112891,0.47239450,0.46141925,0.43401116,0.38290414,0.31956401,0.24933685,0.21599697,0.21388508,0.10233183,-0.23988557,-0.34896430,-0.58243918,-0.70485878,-0.76066661,-0.79785347,-0.81767827,-0.81956637,-0.81607282,-0.79843998,-0.76726264,-0.72922242,-0.68770480,-0.64057159,-0.59095395,-0.54210687,-0.49513191,-0.44908190,-0.40413746,-0.36105031,-0.31892887,-0.27899927,-0.23853993,-0.19924873,-0.16266797,-0.13291827,-0.10656029,-0.08829241,-0.07895636,-0.08245946,-0.09643076,-0.11984258,-0.14727286,-0.16759631,-0.19007955,-0.20277697,-0.20882317,-0.22559047,-0.24548374,-0.25692737,-0.25899181,-0.25382274,-0.20836426,-0.21037297,-0.21659249,-0.29385906,1.66591644,0.95000166,1.36275697,4.08135653,-0.43347490,-0.90938079,-0.60164595,-0.66242486,-1.09192467,-1.07893479,-1.04474890,-1.03338623,-1.00134218,-0.97818315,-0.95702618,-0.93408573,-0.91034436,-0.88062263,-0.86617881,-0.86097676,-0.85821176,-0.85526967,-0.85216832,-0.84137034,-0.82463390,-0.81731057,-0.80485064,-0.78412056,-0.76661450,-0.74759871,-0.72860152,-0.70981014,-0.69545364,-0.67691690,-0.66642123,-0.64571249,-0.63291210,-0.63172680,-0.62960476,-0.64805388,-0.68373168,-0.73100895,-0.77262461,-0.80763179,-0.83092862,-0.86250877,-0.89101493,-0.90146190,-0.90258157,-0.91685611,-0.93618220,-0.94533086,-0.93587589,-0.96124327,-0.96453488,-0.98550367,-1.00833988,-1.00573635,-1.05184495,-1.08062553,-1.11291277,-1.13925683,-1.12549400,-1.12810731,-0.88183433,0.17857283
1519,SSC_BAPI02_20110907,0.76689899,0.23310199,0.00000000,-1.66278350,-1.65743661,-1.64717984,-1.63101959,-1.61206448,-1.59286332,-1.57687461,-1.56601071,-1.55831981,-1.55018616,-1.53909326,-1.51457489,-1.46871448,-1.40839446,-1.36613929,-1.33974087,-1.33084226,-1.34289968,-1.36687803,-1.37290907,-1.37041962,-1.37857795,-1.39148092,-1.39024806,-1.39380062,-1.41187322,-1.43181622,-1.45572841,-1.45301151,-1.37794888,-1.17769742,-0.93820256,-0.70175004,-0.50355047,-0.37217805,-0.29854092,-0.26541594,-0.22505629,-0.19881682,-0.17425673,-0.14983793,-0.12714878,-0.10602145,-0.08510517,-0.06357001,-0.04317668,-0.02203778,-0.00195507,0.01701304,0.03442761,0.04854370,0.06389721,0.08285691,0.08299071,0.07320931,0.06448677,0.04073524,0.04341834,0.05293950,0.07413413,0.10100138,0.21063730,0.25058186,0.28978369,0.32971725,0.36510405,0.39167753,0.41661963,0.43198201,0.44275859,0.44085214,0.42991430,0.41589066,0.40249711,0.28794640,0.16811259,0.11551876,0.07955609,0.06229331,0.05042059,0.05352345,0.08348643,0.12751968,0.18161575,0.22624488,0.26471421,0.29446390,0.32091632,0.32923111,0.32462403,0.30429509,0.25614721,0.18430808,0.08902010,-0.01213554,-0.09825424,0.21661726,1.51994061,-1.75245631,2.03194070,-0.14133544,-1.05986691,-1.11935818,-1.11799657,-1.13008523,-1.13709116,-1.13934660,-1.12483478,-1.09422719,-1.05765784,-1.02409005,-0.98550880,-0.94431150,-0.90381950,-0.86435407,-0.82753664,-0.79159319,-0.75674266,-0.72176254,-0.68998915,-0.65731108,-0.62677455,-0.60252774,-0.58382457,-0.56633615,-0.55359340,-0.55696738,-0.57285106,-0.59731358,-0.63461071,-0.67052543,-0.70175588,-0.72967070,-0.74349523,-0.74067807,-0.75175488,-0.77398795,-0.77940297,-0.77603221,-0.78064704,-0.82973927,-0.80708402,2.09235406,-1.75245631,-1.75245631,-1.75245631,-1.75245631,1.40771127,4.22552299,-1.75245631,-1.75245631,0.36071879,3.09551287,0.25838670,-1.34721673,-1.39522231,-1.39231229,-1.37658226,-1.36350667,-1.35377443,-1.31788027,-1.30879116,-1.29603255,-1.29277110,-1.28776538,-1.28609908,-1.28096712,-1.26767778,-1.26285362,-1.25236058,-1.24537277,-1.23357725,-1.22671950,-1.21797597,-1.21025658,-1.20113468,-1.19293427,-1.18363607,-1.17049229,-1.16279006,-1.15821719,-1.15782237,-1.15906060,-1.17866135,-1.21884155,-1.24139559,-1.27633131,-1.29624939,-1.31057191,-1.34120405,-1.35462928,-1.35389030,-1.35386348,-1.35996199,-1.39212692,-1.38247895,-1.38465106,-1.39169633,-1.39138210,-1.41201854,-1.42688811,-1.42313623,-1.41273177,-1.46899402,-1.46363163,-1.41114938,-1.41018307,-0.77235883,-1.75245631,-1.75245631
805,SSC_ARCA01_20110606,0.48244700,0.51755297,0.00000000,-1.55504072,-1.54112875,-1.52167118,-1.49840462,-1.47598171,-1.45435512,-1.43720484,-1.42357194,-1.41251171,-1.40353394,-1.39228737,-1.37305784,-1.34251142,-1.30307150,-1.27279031,-1.24988806,-1.23683786,-1.23581004,-1.23927319,-1.23942363,-1.23229134,-1.22946358,-1.23048627,-1.22443414,-1.22190952,-1.23195469,-1.23807430,-1.24969435,-1.24371886,-1.18334997,-1.04705215,-0.90961272,-0.79152364,-0.69411117,-0.62236130,-0.58109903,-0.56834108,-0.53115982,-0.50932676,-0.49122575,-0.47024789,-0.45096391,-0.43794632,-0.41746381,-0.39311117,-0.37386259,-0.35413957,-0.33545801,-0.31626624,-0.29857177,-0.29261437,-0.27600661,-0.25690693,-0.24210416,-0.27080470,-0.25657433,-0.25405121,-0.22984579,-0.21292824,-0.18681893,-0.16513453,-0.10518321,-0.07486814,-0.05079524,-0.02909916,-0.00333834,0.01795189,0.03595077,0.04407428,0.05494318,0.05723129,0.05029590,0.02629756,0.01189458,-0.02513246,-0.07686527,-0.08474033,-0.08542876,-0.08721893,-0.08574452,-0.07680883,-0.05905898,-0.03064661,0.00145070,0.02875033,0.05503620,0.07629616,0.09130646,0.10523089,0.10982465,0.09927619,0.07414068,0.03484387,-0.01977105,-0.08000740,-0.12653305,-0.28318319,1.39510465,0.22875783,-0.43490142,-0.85376036,-0.80296731,-0.87362182,-0.89906752,-0.90688843,-0.91171336,-0.90682352,-0.89646709,-0.86965477,-0.83613455,-0.80185157,-0.76426679,-0.72541630,-0.68846005,-0.65172857,-0.61613059,-0.58327991,-0.55049300,-0.51923776,-0.48648778,-0.45358402,-0.41760406,-0.38828355,-0.36246514,-0.33748224,-0.32351854,-0.32135254,-0.32427451,-0.33018073,-0.34585819,-0.36376554,-0.38180533,-0.40354103,-0.41965121,-0.41932634,-0.43230069,-0.44919676,-0.46011743,-0.46519020,-0.47095326,-0.47615084,-0.46220559,-0.34022647,-1.75245631,-1.75245631,-1.75245631,1.40587008,-1.75245631,-1.75245631,-1.75245631,-1.75245631,-1.75245631,-0.91266584,-1.15950024,-1.24593306,-1.17692125,-1.14855683,-1.12004042,-1.08905649,-1.06456196,-1.04593003,-1.01643813,-0.99792588,-0.98817194,-0.98718727,-0.99028063,-0.98888814,-0.98875093,-0.98052508,-0.97213483,-0.96438736,-0.95527893,-0.94200820,-0.92808968,-0.91519964,-0.89835954,-0.88975382,-0.87431872,-0.85598326,-0.84431279,-0.83716995,-0.83296591,-0.84031624,-0.85442227,-0.88693434,-0.92840809,-0.96250457,-0.98558253,-0.99949455,-1.02557838,-1.05023420,-1.06212282,-1.05814564,-1.07144237,-1.09073806,-1.09933567,-1.11195469,-1.11581385,-1.14622211,-1.15183592,-1.16196835,-1.24085128,-1.21074891,-1.21971536,-1.32045972,-1.34679306,-1.33125913,-1.08307230,-0.75820655,-1.75245631
113,Res027,0.51655602,0.00000000,0.48344401,-1.60771060,-1.59227395,-1.57310998,-1.55472958,-1.53864515,-1.52510250,-1.51659346,-1.51191044,-1.50514007,-1.49303484,-1.46870708,-1.42293930,-1.34523571,-1.25531900,-1.19021893,-1.14701962,-1.12550604,-1.13665771,-1.15878761,-1.16860533,-1.16913390,-1.17681706,-1.18657410,-1.18890619,-1.19920337,-1.22030783,-1.23932076,-1.25867915,-1.24647450,-1.14174664,-0.89307648,-0.59552735,-0.29900894,-0.03306444,0.15471835,0.26501220,0.34031108,0.35406104,0.36768270,0.38583267,0.40210351,0.41803947,0.43422574,0.44437969,0.45318553,0.46296716,0.47419530,0.48555315,0.49590763,0.50564671,0.52153546,0.53235644,0.53851914,0.53561050,0.55009437,0.52299058,0.49346524,0.47500467,0.47584677,0.48495156,0.45827946,0.42021328,0.44266066,0.46554276,0.48644921,0.50016671,0.51228482,0.52604085,0.53654331,0.55261105,0.56172359,0.56916004,0.57861239,0.52848136,0.45217890,0.38166192,0.32367936,0.30372974,0.29696518,0.29793113,0.29963824,0.30925626,0.32061410,0.33278927,0.34561697,0.35900515,0.37285352,0.37817085,0.37040132,0.35274240,0.32565522,0.29243898,0.24980359,0.20091224,0.12821722,0.07792109,0.06282748,-0.16510123,-0.15814818,-0.28574371,-0.10443239,-0.43320367,-0.86945093,-1.00650311,-1.01724958,-1.07475960,-1.07785916,-1.04882824,-1.00991476,-0.97396612,-0.92842543,-0.87225389,-0.81386930,-0.75351173,-0.69528067,-0.64000225,-0.58692288,-0.53863299,-0.49639821,-0.45621139,-0.41992524,-0.38787982,-0.36159781,-0.33891669,-0.31692275,-0.29963672,-0.28680435,-0.28035274,-0.28169617,-0.28633186,-0.29591498,-0.30760807,-0.32563442,-0.34821618,-0.37764627,-0.41283968,-0.44775763,-0.48467588,-0.52451187,-0.50272453,-0.46790755,-0.51533264,0.66455275,0.91806430,-1.35107815,-1.75141501,-1.53055573,-1.16644979,-1.40605795,-1.31925976,-1.74137115,-1.74329138,-1.68103874,-1.69939089,-1.58602011,-1.53461814,-1.53085053,-1.50746059,-1.48048770,-1.46472847,-1.42353129,-1.38138437,-1.35898912,-1.34033227,-1.30725586,-1.27822447,-1.26125205,-1.20896959,-1.19294834,-1.15829897,-1.12804770,-1.09318697,-1.07913542,-1.04983759,-1.03142488,-1.01036930,-0.99117559,-0.98441148,-0.97608894,-0.96536058,-0.95163798,-0.95589572,-0.95401126,-0.95048141,-0.96194154,-0.96975875,-0.97759283,-0.98526525,-1.02524745,-1.06336296,-1.06124425,-1.08338034,-1.14006734,-1.17177737,-1.05277872,-1.20939791,-1.20813453,-1.17050540,-1.15398002,-1.28908312,-1.33524120,-1.54963231,-1.30497766,-1.27119088,-1.10994542,-1.45558214,-0.94101882,-1.15291286,-1.48176181,-1.69566989
703,SSC_BAPI09_20110406,0.64297199,0.35702801,0.00000000,-1.63355625,-1.62334394,-1.61051309,-1.59381640,-1.57587492,-1.56073797,-1.54894578,-1.54081535,-1.53265965,-1.52547801,-1.51386201,-1.48950005,-1.43811297,-1.36885130,-1.31970525,-1.28814530,-1.28089941,-1.30133808,-1.32981002,-1.34333563,-1.34558547,-1.35640132,-1.37306023,-1.37434494,-1.38086176,-1.40026319,-1.41864610,-1.43811476,-1.43317533,-1.36042249,-1.13282323,-0.84007692,-0.54395235,-0.29812315,-0.13888057,-0.05215233,-0.01129789,0.02694613,0.05550831,0.08235511,0.10971691,0.13575259,0.15886126,0.18164694,0.20639028,0.22864471,0.25137815,0.27470502,0.29643837,0.31844029,0.33377230,0.35680187,0.37955800,0.39354610,0.38147870,0.37681317,0.35864076,0.36801854,0.38043842,0.40769807,0.43697357,0.49635893,0.53534710,0.56993949,0.60633945,0.63477802,0.66762590,0.68849081,0.70949072,0.72294784,0.72678018,0.72836757,0.72532499,0.67455196,0.59458107,0.49262083,0.44760525,0.42877632,0.41959673,0.41404778,0.42390117,0.45111290,0.49107733,0.53455037,0.57505846,0.60769320,0.63747096,0.66028291,0.67108148,0.66767246,0.64508063,0.59784657,0.52261710,0.42916617,0.33355612,0.25874990,0.06597814,0.69357115,-0.09289680,-0.36551145,-0.70924425,-0.87136948,-0.94884056,-0.98669302,-1.00868797,-1.01269364,-1.00886369,-0.99060833,-0.95426232,-0.90950406,-0.86348933,-0.81023943,-0.75550503,-0.69911754,-0.64289510,-0.58882946,-0.53669649,-0.48840055,-0.43926227,-0.39185736,-0.34788558,-0.30637625,-0.27140653,-0.24095285,-0.21318275,-0.19521882,-0.19262290,-0.20105585,-0.21851763,-0.24767160,-0.27803516,-0.30830586,-0.33777323,-0.35799477,-0.36560690,-0.38723251,-0.41627184,-0.43048012,-0.43837777,-0.43737942,-0.46408236,-0.44299245,-0.48030463,5.28843069,3.65050316,-1.75245631,-1.75245631,-1.75245631,0.14318369,0.03322185,1.73330498,-0.39901248,-1.05859649,-1.32098138,-1.34212995,-1.33033168,-1.29223537,-1.27527022,-1.25485206,-1.23775971,-1.22558618,-1.19430709,-1.17541492,-1.16403615,-1.15778804,-1.15167356,-1.14043236,-1.12208939,-1.10456586,-1.09055865,-1.07719254,-1.06290317,-1.04761648,-1.03476191,-1.02266920,-1.00708079,-0.99909961,-0.98592508,-0.97239417,-0.95863962,-0.94900465,-0.94536740,-0.95111549,-0.96984237,-0.99393976,-1.03180206,-1.07255793,-1.10093224,-1.12851393,-1.15261149,-1.17529047,-1.19220781,-1.18610656,-1.19835782,-1.21249521,-1.22824538,-1.23116744,-1.24454403,-1.27039766,-1.27385819,-1.29054689,-1.30821514,-1.30960023,-1.33377171,-1.38234389,-1.42375231,-1.43337870,-1.35555959,-0.99093938,-0.04980707
138,Res052,0.00331126,0.87748301,0.11920500,-1.54298711,-1.52560079,-1.50679505,-1.48546374,-1.46280277,-1.44237530,-1.42620933,-1.41173267,-1.39568698,-1.37561405,-1.34976757,-1.32045555,-1.28828573,-1.25402367,-1.22058523,-1.18817902,-1.15662146,-1.12841904,-1.10473132,-1.08233678,-1.06123960,-1.04269421,-1.02238393,-1.00147724,-0.98023057,-0.95957136,-0.94307470,-0.93087626,-0.90542924,-0.84795576,-0.78281188,-0.73024577,-0.68274301,-0.64468962,-0.61469692,-0.58506471,-0.54451734,-0.52434766,-0.50364798,-0.47715619,-0.45202348,-0.42602134,-0.39911133,-0.37982199,-0.36261320,-0.34485576,-0.32694465,-0.30909663,-0.28865492,-0.26675877,-0.23944128,-0.21626493,-0.19935016,-0.17995109,-0.14975508,-0.13866916,-0.12837814,-0.12381359,-0.11234123,-0.10141285,-0.09664111,-0.09255254,-0.06985648,-0.05410856,-0.03929459,-0.02227968,-0.00422086,0.01524425,0.02979225,0.04844285,0.07421699,0.10426551,0.13712651,0.17044149,0.16185276,0.15440470,0.14243031,0.14194277,0.14874914,0.16376050,0.17663483,0.19245940,0.21046974,0.22503281,0.24361867,0.26457140,0.28980657,0.30895945,0.31825915,0.32568091,0.33639324,0.34501702,0.34967974,0.35578308,0.35513780,0.34177276,0.17624229,0.13125266,0.10143166,0.00559431,0.16242619,0.05628005,-0.03389438,-0.10231360,-0.12566851,-0.15683223,-0.17223740,-0.14971523,-0.11974640,-0.09577366,-0.07468712,-0.03715477,0.00410517,0.04543593,0.08482763,0.12070314,0.15706782,0.19509950,0.22632387,0.25479934,0.28831780,0.32319579,0.34597692,0.37074769,0.39379197,0.41025192,0.41954181,0.42387709,0.42121595,0.41806120,0.41490084,0.41023439,0.39759204,0.38928562,0.38708377,0.37664396,0.36580801,0.35228267,0.32095137,0.35111174,0.45293242,0.72151631,2.22546053,0.60890222,-1.46642077,-1.75207746,-1.75237799,-1.63919997,-1.08632731,-1.73626828,-1.74419832,-0.57234937,1.02149534,-0.70038885,-0.66140032,-0.62927181,-0.49532765,-0.49285442,-0.45424452,-0.39933127,-0.31604514,-0.25654393,-0.27999187,-0.30785465,-0.31247798,-0.30803648,-0.29254729,-0.28377441,-0.30261290,-0.29254624,-0.28348938,-0.27418944,-0.24757776,-0.21583407,-0.19714023,-0.19097704,-0.16520196,-0.15455393,-0.13872643,-0.13262226,-0.10244144,-0.09990080,-0.11221829,-0.11347769,-0.14083178,-0.18957016,-0.24511798,-0.27624184,-0.26752689,-0.28379834,-0.30921620,-0.35677031,-0.35300204,-0.39840701,-0.41867635,-0.36680192,-0.39659217,-0.43589646,-0.39294136,-0.54422849,-0.46701053,-0.28039983,-0.19492854,-0.30708396,0.03389473,-0.36603671,-0.63498908,-0.03681050,-0.66924489,-1.00263977
235,FSP_004,0.00000000,0.77564102,0.22435901,-1.44297099,-1.40008032,-1.34980595,-1.29464793,-1.23909771,-1.18896210,-1.14500546,-1.10326505,-1.06055391,-1.01428354,-0.96446455,-0.91319948,-0.86125046,-0.80869365,-0.75588787,-0.70284027,-0.64972007,-0.59833109,-0.54922211,-0.50089604,-0.45420316,-0.40834245,-0.36337337,-0.31596801,-0.27087411,-0.22817564,-0.18590568,-0.14493345,-0.09401749,-0.01839643,0.06625942,0.13941100,0.20607252,0.26474598,0.31696317,0.36760649,0.42017168,0.46682402,0.51059949,0.55519670,0.59818596,0.63968241,0.68116391,0.71766996,0.75121063,0.78360790,0.81659889,0.84791052,0.87901580,0.90988785,0.94204324,0.97043437,0.99421155,1.01148164,1.03450108,1.05008483,1.06661749,1.08367860,1.09705460,1.11570287,1.14070499,1.17313635,1.19987202,1.22241175,1.24790561,1.27151370,1.29181314,1.31485963,1.33741820,1.35774922,1.38031983,1.39966738,1.41924345,1.41404724,1.40479887,1.38896668,1.37969697,1.38340461,1.39228249,1.40058255,1.41055238,1.42568624,1.44563675,1.46749747,1.49043477,1.51493227,1.53633523,1.55471718,1.56680191,1.57899392,1.58788347,1.59573734,1.59106386,1.57994092,1.56177926,1.57080889,1.55438352,1.36858284,1.40706015,1.28176486,1.32706535,1.14695704,1.03851974,0.98732924,0.95234209,0.91248727,0.89776480,0.90686631,0.92689776,0.94978637,0.97882557,1.01740825,1.05499530,1.08782542,1.11583352,1.14122009,1.16685748,1.18910789,1.21310759,1.24361992,1.27842522,1.31220782,1.34482920,1.37397850,1.39604115,1.41044772,1.41294217,1.40519392,1.39333260,1.37801862,1.36217666,1.35001504,1.33298922,1.32154512,1.32475412,1.32028234,1.30580688,1.29584622,1.27968752,1.26382387,1.19132054,1.16979980,2.24540019,-0.63311779,-1.50096130,1.13632441,-0.99621385,-1.70650649,-0.95414078,-1.44119215,-1.28429675,-0.53254551,0.94010150,-0.67039984,0.07078610,0.26003489,0.33998924,0.46963379,0.51567048,0.59445322,0.66995609,0.70205587,0.68471718,0.68691128,0.64723784,0.59192437,0.55821145,0.52954596,0.50687611,0.49675417,0.49225575,0.50883257,0.52421761,0.53837615,0.57337052,0.60868788,0.62658846,0.63119954,0.65887314,0.65770054,0.68119264,0.68900079,0.69142330,0.67635441,0.60904944,0.52683222,0.46681583,0.41929689,0.41384608,0.38453880,0.39193672,0.33471537,0.29597235,0.27781934,0.22609459,0.19731855,0.25740999,0.29777059,0.28737754,0.25561434,0.21263865,0.21465075,0.08753364,-0.15846090,-0.44148797,-0.39045915,-0.40904722,-0.09603087,0.49380976,1.18722928
854,CHI_ADFA08_20110609,0.52721798,0.47278199,0.00000000,-1.59623039,-1.59215915,-1.57821727,-1.55832291,-1.53928208,-1.52316642,-1.50912273,-1.49638498,-1.48483872,-1.47533131,-1.46131527,-1.43337131,-1.38589466,-1.32655728,-1.28141248,-1.24692893,-1.23024786,-1.23173261,-1.23594379,-1.24479747,-1.23640811,-1.23829699,-1.25140691,-1.25036061,-1.25152326,-1.27309990,-1.29724932,-1.32996535,-1.33025444,-1.23812962,-1.01326704,-0.76923263,-0.53886557,-0.34395173,-0.21529651,-0.14528437,-0.12647064,-0.08563618,-0.06703572,-0.05018231,-0.03393785,-0.01786986,-0.00590586,0.00643734,0.02065136,0.03407773,0.04657005,0.05674387,0.06786074,0.07409172,0.07542041,0.07861384,0.08034804,0.10423712,0.05636302,0.05306173,0.01910846,0.00227234,0.00454480,0.01832000,0.03707811,0.09771412,0.13196328,0.15525626,0.18384871,0.20555156,0.22491501,0.23935211,0.24552605,0.25101963,0.24692906,0.24626507,0.22916918,0.19776870,0.12358782,0.03351728,-0.03218589,-0.05536329,-0.07131045,-0.08217970,-0.08454343,-0.06821927,-0.03899905,-0.00592678,0.02320264,0.04708552,0.06521025,0.08091084,0.09050971,0.09021288,0.07623083,0.04507530,-0.00372701,-0.06794173,-0.13943869,-0.19119102,-0.21995875,-0.38339227,-0.41224426,-0.57268476,-0.75393862,-0.90699935,-0.97115111,-1.01314437,-1.03171647,-1.03989553,-1.03977585,-1.02745950,-1.00565958,-0.97874397,-0.95114845,-0.91729635,-0.88521165,-0.85394627,-0.82326412,-0.79461861,-0.76761705,-0.74142200,-0.71644765,-0.69003254,-0.66385162,-0.63762885,-0.61235136,-0.59291488,-0.57597733,-0.56839335,-0.57071781,-0.57328016,-0.57728845,-0.59102935,-0.61010718,-0.63001305,-0.64887965,-0.65608591,-0.65772182,-0.66844583,-0.68009079,-0.68489593,-0.68138981,-0.68133557,-0.65900528,-0.64472771,-0.64797443,-0.83822584,3.02602386,0.80498672,-0.25244007,-0.70654881,-1.03956389,-1.04673696,-0.77048129,-1.32801282,-1.33642626,-1.34031188,-1.32484961,-1.29922402,-1.28420341,-1.25569069,-1.23039770,-1.21391666,-1.19265950,-1.17238748,-1.15738511,-1.15207469,-1.15547979,-1.15202272,-1.14537644,-1.14256358,-1.13889277,-1.13255334,-1.12716448,-1.11795223,-1.11153698,-1.10273600,-1.09220278,-1.08829761,-1.06962729,-1.05895877,-1.05223179,-1.03769374,-1.03545284,-1.02095497,-1.02327764,-1.03158641,-1.05096841,-1.08693779,-1.11859989,-1.13835967,-1.15737021,-1.17221367,-1.19649112,-1.20870757,-1.20618510,-1.21961510,-1.22569895,-1.23639870,-1.24139106,-1.25069070,-1.26235545,-1.27016556,-1.29120874,-1.32772231,-1.34952104,-1.35531425,-1.40001798,-1.41079140,-1.42876971,-1.34219515,-1.28346419,-0.63110149
17,Resop077,0.14201200,0.61538500,0.24260400,-1.32008529,-1.28259933,-1.23909819,-1.19218266,-1.14664447,-1.10735345,-1.07421482,-1.04374278,-1.01227987,-0.97666472,-0.93674201,-0.89115971,-0.83593810,-0.77429241,-0.71651554,-0.66451687,-0.62174416,-0.59115404,-0.56521344,-0.53599089,-0.50561410,-0.47600171,-0.45620754,-0.42071018,-0.38685846,-0.35930488,-0.33282119,-0.30589199,-0.26966953,-0.20634013,-0.10321331,0.00788862,0.11379181,0.21021031,0.28347886,0.33536953,0.37574157,0.41187114,0.44385055,0.47436076,0.50384641,0.53226930,0.55921549,0.58707935,0.61485696,0.64157319,0.66688174,0.69172919,0.71565413,0.73862600,0.75892383,0.78032488,0.80331868,0.81988287,0.83223796,0.85143667,0.87069327,0.89283544,0.91206634,0.93378735,0.98742086,1.04996145,1.07669520,1.09880161,1.12442994,1.14897823,1.17228031,1.19185412,1.21536183,1.23454738,1.25576329,1.26666796,1.27752376,1.30841410,1.31324017,1.31757092,1.32416332,1.33321893,1.34094274,1.35183334,1.36420083,1.38330948,1.40475023,1.43108559,1.45691931,1.48034108,1.50366402,1.52730703,1.54413044,1.56078672,1.57215524,1.57769263,1.57320583,1.56267440,1.55493581,1.51251137,1.35867965,1.28355217,1.25509393,1.25306368,1.15999031,1.00777602,0.92916036,0.88230217,0.84601927,0.84045768,0.84838217,0.85949600,0.88944930,0.92953384,0.97285962,1.02051282,1.07057977,1.11396348,1.15358996,1.18864131,1.22011340,1.25202703,1.28400481,1.31613171,1.35351992,1.39639461,1.43840313,1.47292089,1.49446309,1.50813031,1.51086998,1.50594556,1.49854672,1.49263966,1.48924601,1.48244059,1.46604490,1.46140277,1.46440017,1.45298207,1.43754447,1.43520045,1.44309759,1.46430814,1.47115076,1.49298573,1.54253161,1.21210217,0.33051330,-0.32563558,0.34810469,2.12948871,1.52592599,1.21695530,1.65443742,0.34536245,0.34862962,0.46123600,0.44481578,0.50907844,0.56735176,0.61267513,0.70171767,0.77889031,0.83786130,0.88868010,0.88766670,0.87347174,0.82873803,0.77458847,0.76654547,0.74960685,0.74000776,0.75238484,0.77262121,0.79252273,0.83048320,0.85571235,0.90229970,0.91919595,0.89695495,0.92878407,0.92731822,0.93742239,0.92069668,0.95602155,0.94298959,0.92113745,0.87203389,0.80260468,0.68716395,0.66756773,0.65669465,0.65022713,0.64400858,0.61481041,0.57113057,0.61722523,0.70621562,0.76827800,0.78584415,0.65262836,0.53020483,0.67736739,0.52630448,0.32194072,0.50234801,0.62139618,0.50718063,-0.35731769,-0.48291233,-0.12298845,-0.76276821,-0.63283360
588,QUE_T2.04.B,0.00000000,0.52270001,0.47700000,-1.29384923,-1.26707149,-1.23700333,-1.20297813,-1.16887009,-1.13935459,-1.11467886,-1.09127402,-1.06608975,-1.03627717,-1.00441527,-0.97224832,-0.94012451,-0.90813679,-0.87611759,-0.84304148,-0.80935931,-0.77709484,-0.74699223,-0.71787965,-0.68864495,-0.65821874,-0.62680477,-0.59500992,-0.56147462,-0.52784973,-0.49185225,-0.45562953,-0.41847628,-0.38083550,-0.34148797,-0.30180693,-0.26805523,-0.22818300,-0.18458937,-0.14619319,-0.11363604,-0.07358127,-0.03770904,-0.00477337,0.02836855,0.05803669,0.08593967,0.12096070,0.15670368,0.18845473,0.21820585,0.24784899,0.27741477,0.30217221,0.32056317,0.34438971,0.37025991,0.36761701,0.37618610,0.40832585,0.45007518,0.49331966,0.52393949,0.55642653,0.57753730,0.59310418,0.61850971,0.64120090,0.66342479,0.68899447,0.71119946,0.73404437,0.75323349,0.77035087,0.77932876,0.77430028,0.74347520,0.75090188,0.78513438,0.81735307,0.86738688,0.90349936,0.92439485,0.94337988,0.96186244,0.98135698,1.00420594,1.02954972,1.05398166,1.07519901,1.09141695,1.11017931,1.13111830,1.14875007,1.15914309,1.16112649,1.15726566,1.14213049,1.11649752,1.03834999,1.13751543,1.26394987,0.95691341,0.78600705,0.69180608,0.68607879,0.72627366,0.74863946,0.75437963,0.80159801,0.83289939,0.83892238,0.87805313,0.93841076,0.99388367,1.03690350,1.07494426,1.10722578,1.13281417,1.15325975,1.17065620,1.18670201,1.20390391,1.22674823,1.25193131,1.27845097,1.30523598,1.32512999,1.33718288,1.34063041,1.33623493,1.32752252,1.32253730,1.31859112,1.31474292,1.31104481,1.30162239,1.29898608,1.30491173,1.30497229,1.29712677,1.28143275,1.26414526,1.23786068,1.18310356,1.09155416,0.95778191,1.78917694,0.26115581,3.44443727,2.69913316,1.18843102,3.21506381,0.93447447,1.50855613,1.47396779,0.18964110,0.22325233,0.42352557,0.55365998,0.67521387,0.77700114,0.84576476,0.89212984,0.88980359,0.90908736,0.91795027,0.90952021,0.87044203,0.81183755,0.77818799,0.75934196,0.74555767,0.74096930,0.74525100,0.75145489,0.76610839,0.78852046,0.80348325,0.81022906,0.81802714,0.82911432,0.84155452,0.84220845,0.85044008,0.85630035,0.88011783,0.87105137,0.82777017,0.75907743,0.69832289,0.65654224,0.64101976,0.62235069,0.61782682,0.58217382,0.54987139,0.54358572,0.53063577,0.51501280,0.49305484,0.48283592,0.47993615,0.46121356,0.42775449,0.41673812,0.39301252,0.41184333,0.37094611,0.32143191,0.14699847,0.08678842,0.15674131,-0.12940873
1446,Plant6-4,1.00000000,0.00000000,0.00000000,-1.37344754,-1.46251416,-1.47483766,-1.46587503,-1.47035635,-1.46889997,-1.46598709,-1.46486676,-1.46531487,-1.46240199,-1.45220697,-1.41523600,-1.31059694,-1.18108642,-1.11039340,-1.07106960,-1.07476687,-1.13526464,-1.20282090,-1.23127723,-1.23956776,-1.26757610,-1.31003678,-1.32392883,-1.33972549,-1.38588321,-1.41512394,-1.44996631,-1.44895804,-1.35966742,-0.95018572,-0.26745468,0.55834281,1.40789151,2.06843996,2.43434095,2.60317492,2.63745689,2.66613770,2.67868519,2.69448209,2.70927048,2.70826221,2.71879315,2.73716688,2.75654888,2.76819968,2.77895498,2.78545284,2.78881431,2.77649021,2.77144885,2.75778103,2.75083470,2.67061901,2.61953163,2.51366019,2.45820379,2.46346903,2.49450231,2.54514146,2.59040308,2.64675570,2.69929910,2.74366426,2.78590107,2.80158567,2.81637454,2.80584311,2.78825378,2.75542831,2.70310831,2.58256078,2.47949004,2.25766420,2.03034878,1.95808709,1.93108702,1.90711188,1.89019477,1.89915740,1.92111611,1.95987964,1.99371362,2.02508283,2.05118656,2.05970120,2.05891705,2.03830290,1.98799992,1.90341485,1.77793753,1.61728144,1.42066312,1.25171697,1.11257172,0.79159600,0.43320155,0.07447092,-0.28392363,-0.64243013,-0.98065877,-0.99611932,-1.05448878,-1.07801580,-1.06894100,-1.05516100,-1.01404464,-0.94458407,-0.86033499,-0.77653408,-0.67850488,-0.58125997,-0.48255873,-0.38620999,-0.29221401,-0.20662072,-0.12427612,-0.04764528,0.02472813,0.08970746,0.14751662,0.20084457,0.24397743,0.28162056,0.30335507,0.31366211,0.31411016,0.30290681,0.28464535,0.26436737,0.23243798,0.19244200,0.14393148,0.08735473,0.03021774,-0.03364126,-0.08394417,-0.11464126,-0.12696496,-0.13099813,-0.16382395,-0.36089045,-0.47426823,-0.58764589,-0.70079964,-0.81417722,-0.92766702,-1.04093266,-1.15419829,-1.26757610,-1.38095379,-1.49433148,-1.63571763,-1.53813660,-1.54272985,-1.50542283,-1.49545193,-1.47147667,-1.45467162,-1.42890406,-1.38565910,-1.35686660,-1.32370472,-1.29726493,-1.27317774,-1.23228562,-1.19721913,-1.15699923,-1.12439752,-1.08563399,-1.04575002,-1.01740575,-0.98626041,-0.96127701,-0.93864626,-0.92217737,-0.90201139,-0.88655084,-0.87019390,-0.85462129,-0.85081208,-0.85260469,-0.86425614,-0.87545949,-0.91657567,-0.94984961,-0.98693264,-1.01606131,-1.04115677,-1.08686638,-1.11240995,-1.13190377,-1.16024816,-1.18657601,-1.22287476,-1.25424409,-1.28505325,-1.29569650,-1.33401191,-1.34555113,-1.39675057,-1.40548909,-1.44907010,-1.48951411,-1.49903691,-1.52592492,-1.46385849,-1.60927773,-1.22634780
201,NF_054,0.04487180,0.60256398,0.35256401,-1.12797844,-1.08384919,-1.03222191,-0.97127914,-0.90642542,-0.84867930,-0.80409873,-0.76513565,-0.72237873,-0.67061800,-0.61011356,-0.54448414,-0.47637811,-0.40859896,-0.34313792,-0.27895018,-0.21786006,-0.16395846,-0.11932349,-0.07889127,-0.04581666,-0.01963655,0.00665751,0.03479794,0.06050407,0.08198618,0.09112556,0.09442779,0.12277704,0.20870468,0.32266968,0.40840343,0.48094955,0.53313613,0.56999701,0.60702825,0.64518160,0.68147498,0.71159399,0.74411702,0.77447885,0.80636287,0.84135306,0.86338139,0.88120973,0.90114743,0.92349315,0.94588304,0.96996057,0.99671543,1.03377163,1.06111062,1.08183050,1.11872113,1.17287481,1.18504143,1.18979263,1.18379009,1.19207633,1.20032215,1.19261503,1.19076610,1.20939422,1.22651935,1.24425519,1.26324069,1.28398192,1.30488563,1.32731199,1.34764791,1.37727094,1.41947341,1.48717129,1.51589453,1.51001692,1.50749838,1.48196852,1.47897124,1.48953533,1.50296044,1.51322985,1.52770185,1.54265165,1.55893326,1.57640100,1.59671032,1.61608756,1.63400805,1.65113711,1.67084253,1.69627893,1.72206211,1.74792206,1.77299464,1.79421449,1.80420697,1.62309098,1.43094230,1.70307899,1.56504738,1.75214756,1.77977479,1.76320732,1.71423113,1.68095386,1.64751053,1.63505304,1.65395069,1.65266728,1.64141226,1.63971591,1.65505314,1.67821920,1.69829261,1.71833408,1.73945236,1.75982356,1.77694631,1.79707968,1.82116520,1.84736300,1.87629175,1.90119994,1.92276096,1.94245613,1.95588803,1.96425581,1.96518600,1.96484339,1.96363270,1.95933557,1.95457351,1.95283043,1.95417416,1.96865237,1.97618866,1.97817624,1.99251747,2.00154591,2.01087856,2.09803438,2.15787053,2.22921872,1.40869808,-1.53651655,-1.70304382,-1.59942532,-1.65832698,-0.61843061,-1.35908282,-1.67761552,-1.56915784,0.60339463,1.07391560,1.48955667,1.56847882,1.51883173,1.54265845,1.59433150,1.65713716,1.69497681,1.73400128,1.72259295,1.68457210,1.64498138,1.60992742,1.58638954,1.56767142,1.53557909,1.54326844,1.55214119,1.56673598,1.58671093,1.60306454,1.59711170,1.58844507,1.57509339,1.56386220,1.56862354,1.55528677,1.55268288,1.55540931,1.59204721,1.61867833,1.58506012,1.52624381,1.46499133,1.42280161,1.39853966,1.35363579,1.31932271,1.30820835,1.27680016,1.29726863,1.27927744,1.26172781,1.24320114,1.24695182,1.26824582,1.26889157,1.25780809,1.26923168,1.11722291,1.06412911,0.85410362,0.63295990,0.49783114,0.62788332,1.26944196,1.63549984
644,ja_ex_040,0.16480300,0.83519697,0.00000000,-1.63895476,-1.60880458,-1.57384932,-1.53890765,-1.50565064,-1.47328210,-1.44428313,-1.42025840,-1.39647245,-1.37118542,-1.33399260,-1.27279568,-1.17982805,-1.08300424,-1.01792741,-0.96964210,-0.94282579,-0.94492954,-0.95603716,-0.94791734,-0.93330711,-0.93487614,-0.93332136,-0.91433299,-0.90881813,-0.92422813,-0.93397135,-0.95103550,-0.92889762,-0.78889471,-0.48034272,-0.18553254,0.07502250,0.26845863,0.38910452,0.47187236,0.53134328,0.58210647,0.62955624,0.67765206,0.72279686,0.76956183,0.81367034,0.85328913,0.88931793,0.92146844,0.95543748,0.98844433,1.02189708,1.05175292,1.09274316,1.11990023,1.13956511,1.16674745,1.19508147,1.19329798,1.16304374,1.14328086,1.15184760,1.16684306,1.19273102,1.24359536,1.29031575,1.33837533,1.37994301,1.42202234,1.46386266,1.49524260,1.52991962,1.55975783,1.58913922,1.61631691,1.69000173,1.70263731,1.61468148,1.50304806,1.42489767,1.39163554,1.39459443,1.39943016,1.40750420,1.43156219,1.46103144,1.50199401,1.54251266,1.58408761,1.61598897,1.65101624,1.67286420,1.68645382,1.68699718,1.66860044,1.62267959,1.55131984,1.46463740,1.41620696,1.92892766,2.42565179,-1.75245631,-1.75245631,2.74306273,0.35044235,0.02648710,-0.08568713,-0.09175462,-0.13754451,-0.16773467,-0.12020344,-0.07816744,-0.02283839,0.00979169,0.07508865,0.14000173,0.20020746,0.25295576,0.29948539,0.34607413,0.38618815,0.43321231,0.47836721,0.52903765,0.58751476,0.63829970,0.68005794,0.71356916,0.73443985,0.73283607,0.71896058,0.69271296,0.66146719,0.62777227,0.59843510,0.55726045,0.53837919,0.52898878,0.49859774,0.46333036,0.43811482,0.43891904,0.44514370,0.72559988,0.64549667,1.47067511,5.08155823,-1.75245631,-1.75245631,-1.75245631,-1.75245631,-1.75245631,-1.75245631,2.19285655,-1.75245631,-1.75245631,-0.95030504,-0.67113626,-0.65251803,-0.54116952,-0.48419803,-0.43261224,-0.39214486,-0.35625824,-0.31248194,-0.32470948,-0.33250460,-0.36457446,-0.39578772,-0.41999382,-0.43638098,-0.44138420,-0.43133834,-0.42584455,-0.40009868,-0.37512141,-0.33971006,-0.31147683,-0.27675498,-0.24481659,-0.22897309,-0.20910142,-0.19077007,-0.17975909,-0.17387670,-0.18859018,-0.22492296,-0.29677236,-0.37067032,-0.43169349,-0.47326744,-0.48768023,-0.49518824,-0.54077679,-0.56978500,-0.60659403,-0.61313897,-0.61714703,-0.61596489,-0.62561750,-0.64244896,-0.61384773,-0.70228797,-0.63310158,-0.70805115,-0.83608311,-0.76670849,-0.93747473,-1.02811539,-1.06252038,-1.02384555,0.22709188,-1.75245631
1058,Resid037,0.00000000,0.80473399,0.19526599,-1.28409934,-1.24824917,-1.20812404,-1.16331244,-1.11772287,-1.07736599,-1.04268551,-1.00992882,-0.97536987,-0.93594944,-0.89383417,-0.85066134,-0.80607063,-0.76007938,-0.71348244,-0.66600090,-0.61838573,-0.57237965,-0.52904642,-0.48753333,-0.45011702,-0.41547698,-0.38013947,-0.34121278,-0.30036533,-0.26121390,-0.22307003,-0.18625848,-0.14673273,-0.09916914,-0.04910077,-0.00158462,0.04551060,0.08873519,0.12767418,0.16640936,0.20813954,0.24125598,0.27521828,0.30915508,0.34204084,0.37490720,0.40704507,0.43631750,0.46431878,0.49228427,0.52049005,0.54816711,0.57488990,0.60233706,0.63265419,0.65911597,0.68318933,0.71119970,0.73839486,0.76332039,0.78410178,0.80272716,0.82315028,0.84496075,0.87895668,0.91857147,0.93977660,0.96580362,0.98820382,1.00980425,1.03796577,1.06238103,1.08526182,1.11096716,1.13515651,1.15499830,1.18318307,1.20643795,1.22284877,1.23645103,1.24275446,1.25556302,1.27115238,1.28816581,1.30340850,1.32252908,1.34445226,1.36744857,1.39039946,1.41378844,1.43959856,1.46586895,1.48760140,1.50901735,1.53203452,1.55106020,1.56591451,1.57164574,1.57700968,1.56077337,1.45362508,1.40898454,1.57156587,1.55164075,1.48896110,1.39067292,1.30599737,1.26029706,1.23042178,1.21787405,1.21736479,1.22483075,1.23875928,1.26041389,1.28643668,1.31935990,1.35118830,1.37896705,1.40130055,1.42073536,1.44210434,1.45889521,1.48082089,1.50467765,1.54236066,1.58086157,1.61477995,1.64505088,1.66563642,1.68226326,1.68336475,1.67879570,1.67133701,1.66408265,1.65665901,1.64982152,1.63630950,1.63684356,1.65016246,1.65427876,1.64498353,1.64267838,1.63466358,1.66021228,1.63761759,1.70006537,1.74739790,1.30900300,-1.43902826,-0.14093988,1.73198128,-0.05344281,2.40306687,1.88278091,1.64556694,1.34229732,1.13515270,0.76305205,0.92815959,1.05565441,1.09204900,1.13036096,1.18491662,1.24434984,1.26481664,1.34905469,1.30202579,1.30048490,1.26070583,1.20078385,1.15235126,1.13595879,1.09059644,1.09445798,1.08286333,1.10610867,1.12825191,1.20002818,1.20858657,1.19249892,1.17458546,1.20877838,1.18331587,1.15571773,1.17232394,1.19985056,1.21196353,1.17106307,1.15185642,1.05120134,0.95936817,0.93761075,0.93355685,0.88916016,0.88041067,0.85939223,0.76659524,0.74187165,0.75088626,0.81986278,0.91371220,0.90363795,0.71207827,0.72020584,0.88215023,0.97224730,1.05804157,0.54665190,0.20786867,0.31275904,-0.32049972,-0.23580775,0.34085307,0.08314204
733,SSI_BAPI03_20110507,0.81421602,0.18578400,0.00000000,-1.66727865,-1.64950359,-1.63188219,-1.61381555,-1.59591603,-1.58136725,-1.57036626,-1.56480324,-1.55857706,-1.55338335,-1.54304171,-1.52027178,-1.47098887,-1.40494370,-1.36331820,-1.34147382,-1.33937168,-1.36559653,-1.39739835,-1.41084528,-1.41494656,-1.42432153,-1.43916583,-1.44140673,-1.44937932,-1.46679366,-1.47911322,-1.49234426,-1.48733926,-1.43076336,-1.24186337,-0.96407276,-0.62776935,-0.30384904,-0.07790696,0.03972499,0.08285620,0.12333015,0.14690311,0.16576500,0.18792689,0.20750944,0.22613479,0.24315800,0.26446599,0.28178042,0.30187213,0.32139078,0.33667088,0.35321194,0.35326687,0.37074745,0.39089176,0.39077535,0.37028539,0.35541099,0.32177430,0.32645804,0.33309242,0.36107823,0.39386022,0.36105347,0.39495382,0.43526694,0.46965227,0.50433320,0.52688366,0.54541695,0.55852276,0.56370389,0.56018639,0.55182153,0.53443938,0.46561897,0.36828709,0.23257540,0.17754658,0.15782519,0.14239314,0.12846415,0.13403136,0.15433143,0.19195960,0.23494393,0.27168021,0.30301455,0.32676959,0.34162739,0.34868407,0.33776563,0.30692235,0.25011232,0.16621864,0.06524753,-0.03428259,-0.09197641,-0.07754200,-0.30845368,-0.46324939,-0.72038311,-1.03272533,-1.13218796,-1.18468881,-1.20851552,-1.22734749,-1.23093247,-1.22706676,-1.21431601,-1.18646049,-1.15275776,-1.11549342,-1.07255816,-1.02882421,-0.98307788,-0.93813932,-0.89483982,-0.85241586,-0.81239063,-0.77229655,-0.73492074,-0.69970769,-0.66593319,-0.63788426,-0.61320066,-0.59245616,-0.57729840,-0.57639194,-0.58246791,-0.59839898,-0.62584680,-0.65316665,-0.68153912,-0.70487922,-0.72153807,-0.72878045,-0.74894601,-0.77377504,-0.78714532,-0.79241776,-0.79606950,-0.82704020,-0.80204040,-0.73611927,1.13670111,4.41417694,-1.75245631,-1.75245631,-1.75245631,0.34269783,-0.67986643,-1.75245631,-0.83592254,-1.32126343,-1.46119869,-1.48764944,-1.45783091,-1.44405425,-1.43921173,-1.42112625,-1.40698063,-1.38902700,-1.37697148,-1.36987066,-1.35979855,-1.35123801,-1.34394360,-1.33450186,-1.32600534,-1.31382143,-1.30162525,-1.28840578,-1.27366602,-1.26160729,-1.25313199,-1.24112356,-1.23009133,-1.22102642,-1.21230125,-1.19890308,-1.19173968,-1.18543124,-1.18491542,-1.18160295,-1.20510793,-1.22785282,-1.25184917,-1.27952313,-1.30670834,-1.32599902,-1.34242022,-1.36210525,-1.36799657,-1.36319888,-1.38167083,-1.39581168,-1.40399599,-1.40651417,-1.42140436,-1.42612779,-1.43809080,-1.45715737,-1.47909188,-1.46835220,-1.51214087,-1.49791217,-1.47823477,-1.49398780,-1.40514171,-0.84327030,1.04496562
1322,COP_20160501_5-40-W,0.03707510,0.96292502,0.00000000,-1.62372899,-1.60484803,-1.57861745,-1.55096006,-1.52760613,-1.50776231,-1.49144793,-1.47736859,-1.46469486,-1.45158911,-1.43329287,-1.40527403,-1.36871350,-1.33390355,-1.30665946,-1.28387189,-1.26513362,-1.24953461,-1.23608971,-1.21942592,-1.19639695,-1.17181027,-1.14552081,-1.11235654,-1.09070718,-1.08938253,-1.09426630,-1.11054075,-1.08961272,-0.95241910,-0.71988624,-0.53034025,-0.39283338,-0.28368396,-0.20139275,-0.14002241,-0.08932381,-0.04426932,-0.00231710,0.03863223,0.07893416,0.11671903,0.15267506,0.18774599,0.22184604,0.25539860,0.28779262,0.31969747,0.35077354,0.37984991,0.40819263,0.43646991,0.46176025,0.47594726,0.47983238,0.48288429,0.48235819,0.49249578,0.51451731,0.54174125,0.59498489,0.66085762,0.70329273,0.74405974,0.78082597,0.81372082,0.84279490,0.86890113,0.89150554,0.91092604,0.92703331,0.94668722,0.97249830,0.94284254,0.85901058,0.76043016,0.69855684,0.68202800,0.67851561,0.67667764,0.68491369,0.70727950,0.74210513,0.78393137,0.82557321,0.86353326,0.89478278,0.91767001,0.93237358,0.93708676,0.92710716,0.89646834,0.84296620,0.76789755,0.69128513,0.53185463,0.41279668,0.48551294,0.49398318,0.53536606,0.70323312,1.51802862,-1.16473556,-1.12111461,-0.95030189,-0.77418536,-0.70093447,-0.69985062,-0.63206595,-0.54568315,-0.47798786,-0.41798946,-0.36021569,-0.30699667,-0.25944090,-0.21510369,-0.17412071,-0.13594843,-0.09649071,-0.05345450,-0.00664897,0.04208485,0.08882587,0.12894468,0.16060026,0.18323764,0.19279772,0.19015318,0.17498559,0.14646956,0.11553290,0.08189819,0.04616899,0.01942970,0.00495392,-0.02129233,-0.05946390,-0.09740993,-0.14116997,-0.22951987,-0.24774650,0.02578711,0.09901302,0.59872562,2.60355544,3.43084598,2.54762340,2.11849093,0.60991681,-0.00607157,0.40391695,0.14443761,-0.68232244,-0.86592126,-0.91589248,-0.90836674,-0.87529039,-0.84258521,-0.80576628,-0.76708931,-0.72965711,-0.69413888,-0.68258584,-0.68714058,-0.69866729,-0.71503329,-0.73113340,-0.74284887,-0.74609369,-0.74372143,-0.73528159,-0.72121763,-0.70168424,-0.67872739,-0.65517312,-0.63449860,-0.61616987,-0.60124671,-0.58870625,-0.57687652,-0.56770819,-0.56271350,-0.56362826,-0.58182323,-0.62502003,-0.68024772,-0.73154056,-0.77198750,-0.79261303,-0.80545121,-0.82958817,-0.86055148,-0.87029147,-0.87676102,-0.88427854,-0.89085811,-0.89293647,-0.89233994,-0.89210045,-0.90777844,-0.91707575,-0.91604674,-0.93673337,-0.97694564,-0.99615097,-0.98376101,-1.03566146,-0.99319398,-0.74617457,-0.50347549
1531,CHI_ADFA02_20110908,0.25628099,0.74371898,0.00000000,-1.59991550,-1.59458208,-1.58593190,-1.57474637,-1.56390965,-1.55453074,-1.54732120,-1.53813756,-1.52777326,-1.52201724,-1.51204109,-1.49443817,-1.46273053,-1.42464662,-1.39799786,-1.37601185,-1.36347187,-1.36409426,-1.37080276,-1.36370325,-1.35533440,-1.34797192,-1.34353828,-1.33119667,-1.32010221,-1.31988025,-1.31311858,-1.30827689,-1.29267001,-1.24013591,-1.11023450,-0.94467211,-0.77676153,-0.63684189,-0.54109323,-0.48059922,-0.45259061,-0.41243020,-0.38368163,-0.35903168,-0.33617073,-0.31243297,-0.29046988,-0.27121115,-0.25103423,-0.23303771,-0.21294880,-0.19483669,-0.18147412,-0.16736749,-0.15204845,-0.14139937,-0.12672481,-0.12392765,-0.10192668,-0.10252991,-0.10509954,-0.11602944,-0.10876929,-0.10519011,-0.09381894,-0.07537962,-0.05328365,-0.03093374,-0.01401769,0.00764743,0.02795101,0.04378049,0.06397656,0.07811157,0.09067062,0.10661627,0.12838528,0.10643467,0.07112464,0.02203579,-0.01980494,-0.03689558,-0.04442123,-0.05072325,-0.04707921,-0.02669500,0.00798094,0.04712408,0.08329922,0.11474656,0.13960429,0.15792662,0.17655993,0.18887508,0.19439332,0.18744554,0.16556996,0.12976713,0.08640711,0.07412595,0.10908552,-0.02978746,-0.01750222,-0.23369971,-0.39212263,-0.58233130,-0.68053871,-0.74138743,-0.77349073,-0.78405803,-0.78526795,-0.76792920,-0.74582314,-0.72283113,-0.69711328,-0.66440552,-0.63364321,-0.60553396,-0.57932770,-0.55551678,-0.53175300,-0.51084417,-0.48743483,-0.46338588,-0.43566123,-0.40712452,-0.38495713,-0.36294696,-0.35049295,-0.35229504,-0.36767334,-0.38552403,-0.40196973,-0.42879209,-0.46190199,-0.49681178,-0.52136171,-0.52541065,-0.50900096,-0.51246494,-0.50847811,-0.49750686,-0.48449859,-0.47212255,-0.52001077,-0.53367162,-0.57746994,-0.68961638,0.34308064,-0.20877561,0.09195912,-0.73183179,-0.84287935,-1.15254700,-0.68739945,-1.22659349,-1.18429601,-1.13938141,-1.09814787,-1.03740132,-1.00814533,-0.98202616,-0.96034491,-0.93732321,-0.94565463,-0.93791616,-0.93744957,-0.95339191,-0.97344714,-0.99049520,-1.00341642,-1.01848280,-1.03046799,-1.03069031,-1.03123796,-1.03087497,-1.02276790,-1.02275980,-1.01290774,-1.00616610,-0.98552024,-0.97514689,-0.95944631,-0.94443500,-0.93124801,-0.91746914,-0.92021817,-0.93509257,-0.98053759,-1.03794026,-1.07878017,-1.11355317,-1.12294233,-1.14333785,-1.17371774,-1.18693852,-1.17008793,-1.17125118,-1.17658591,-1.18601453,-1.19522750,-1.20263898,-1.23396850,-1.21287203,-1.23361182,-1.23786104,-1.29398823,-1.33432949,-1.37259686,-1.41627514,-1.33569407,-1.40812242,-0.79091579,-0.75809324
29,Resop089,0.07692310,0.03550300,0.88757402,-1.45759141,-1.43556321,-1.41026115,-1.38104475,-1.35105789,-1.32532275,-1.30607724,-1.28910458,-1.26902103,-1.24263620,-1.20866299,-1.16778636,-1.11969733,-1.06783700,-1.01741552,-0.96896994,-0.92486304,-0.88973868,-0.86129785,-0.83539230,-0.80901980,-0.79211116,-0.77476078,-0.75385445,-0.73413306,-0.72130156,-0.71602786,-0.71545154,-0.69042552,-0.61074066,-0.50463122,-0.41380399,-0.34226814,-0.27359086,-0.21633820,-0.17677529,-0.14318381,-0.12253352,-0.09998658,-0.08047554,-0.06135738,-0.04662872,-0.03475821,-0.01344180,0.00867392,0.02605496,0.04247178,0.05823489,0.07310367,0.08431531,0.08759312,0.09864549,0.11564112,0.10132614,0.09385143,0.11108171,0.13501917,0.17314120,0.19730955,0.22174834,0.23657621,0.25440109,0.26981327,0.28663945,0.30218157,0.31675658,0.33149984,0.34563357,0.35859007,0.36305526,0.36675155,0.34745985,0.30785745,0.30728391,0.31916949,0.33811644,0.37394825,0.40001780,0.41344032,0.42795947,0.44050741,0.45442611,0.47311714,0.48995900,0.50215894,0.51569712,0.52896494,0.53565818,0.53932828,0.54184711,0.53815109,0.52861434,0.51102740,0.47986931,0.43822023,0.34095147,0.22244436,0.14041424,0.03394814,-0.03624946,-0.10010262,-0.17313020,-0.18319663,-0.18412824,-0.19295442,-0.16945110,-0.14759749,-0.12929700,-0.07558157,-0.00770457,0.05540933,0.11272068,0.16526109,0.21185125,0.25357303,0.29102123,0.32296160,0.35202792,0.37964097,0.40265954,0.42470118,0.44604656,0.46159548,0.47682512,0.48874459,0.50071126,0.50597066,0.51304489,0.51489919,0.51691389,0.51705760,0.51195973,0.50150919,0.48585182,0.47256231,0.45365414,0.43262568,0.40562662,0.35619864,0.33207667,0.26059139,0.11269087,-0.02179448,-0.74279839,-1.62594342,-1.57949805,-1.11490369,0.07473818,-0.16018973,-0.79734617,-1.00300360,-1.09040225,-1.04232049,-0.87777919,-0.81437325,-0.76462990,-0.70312983,-0.63884604,-0.60207677,-0.54035002,-0.42638817,-0.35272568,-0.36253771,-0.30626851,-0.24688140,-0.19736810,-0.17197283,-0.13957413,-0.07787564,-0.03830654,0.00796715,0.04010490,0.08168188,0.10237507,0.13623381,0.13072842,0.10864156,0.10101762,0.07441273,0.04329190,0.04501336,0.07670856,0.07078727,0.07017586,0.09051427,0.08333649,0.04747174,0.01785104,0.03398997,-0.04350260,-0.04041914,-0.05192188,-0.10710369,-0.02265457,-0.10372831,-0.22822309,-0.27682847,-0.43007860,-0.46452433,-0.45665231,-0.55972785,-0.62514144,-0.68072134,-0.65592217,-0.46153691,-1.14343393,-1.49014843,-1.57175529,-1.66494286,-1.60970879
955,CHI_ADFA01_20120225,0.56599897,0.43400100,0.00000000,-1.61728179,-1.61647844,-1.60995924,-1.59994173,-1.59231782,-1.58444285,-1.57742226,-1.57329965,-1.56647396,-1.56250417,-1.55332744,-1.53569746,-1.49196625,-1.43020046,-1.38691032,-1.36005056,-1.35333133,-1.37063563,-1.39963686,-1.41226995,-1.41326725,-1.42401552,-1.44080544,-1.44273710,-1.44441068,-1.46109426,-1.47892165,-1.49502063,-1.49152732,-1.43404341,-1.24370527,-0.99091542,-0.72857374,-0.49015835,-0.33109584,-0.25119552,-0.23267777,-0.18951617,-0.16956984,-0.15436193,-0.13745558,-0.12176633,-0.11339577,-0.09777757,-0.07708368,-0.06139010,-0.04771096,-0.03424858,-0.02291154,-0.01509701,-0.02442429,-0.01596703,-0.00780519,-0.01618789,-0.03990787,-0.04101091,-0.05989745,-0.05004172,-0.04948302,-0.03570910,-0.01423926,0.01644463,0.04224308,0.06676659,0.09065204,0.11904232,0.14324108,0.15926397,0.17573127,0.18488269,0.18696220,0.17700773,0.14390403,0.11063952,0.06910636,-0.00591404,-0.04261703,-0.05699874,-0.06583592,-0.07412233,-0.07160704,-0.05227761,-0.01107668,0.03303838,0.07338320,0.10502394,0.12733072,0.15029427,0.16454451,0.16894183,0.15774456,0.12637387,0.07294567,-0.00340810,-0.08027606,-0.17295574,-0.35073134,-0.45085487,-0.53963691,-0.71157098,-0.86685932,-0.98985970,-1.04820454,-1.07522535,-1.09832573,-1.09679973,-1.08671045,-1.07768428,-1.05003560,-1.01262772,-0.97408068,-0.93339807,-0.89322495,-0.85440671,-0.81625366,-0.78273028,-0.74924397,-0.72103137,-0.68817550,-0.65696329,-0.62680316,-0.59158766,-0.56291574,-0.53973144,-0.51844746,-0.50990742,-0.51559579,-0.52199119,-0.53623140,-0.55832797,-0.58981633,-0.62213194,-0.64735073,-0.65499854,-0.65303332,-0.65857083,-0.67272186,-0.67631203,-0.67874026,-0.68010575,-0.68986869,-0.69029754,-0.74097615,-0.76058829,-0.73740274,-0.86871499,-0.94998282,-1.06681836,-1.06615078,-1.14096844,-1.19972062,-1.34093261,-1.34811270,-1.33184361,-1.30384576,-1.29332185,-1.26430368,-1.23375165,-1.20931602,-1.19312882,-1.18616629,-1.16622412,-1.14360845,-1.15086734,-1.16052389,-1.16103077,-1.16701496,-1.16124570,-1.16181898,-1.15560806,-1.15295935,-1.14752066,-1.14272773,-1.13522887,-1.12756455,-1.10973287,-1.09713984,-1.08561373,-1.07294357,-1.05868530,-1.04917395,-1.03457475,-1.03139806,-1.05540490,-1.08266115,-1.12345207,-1.16273963,-1.19458818,-1.20999122,-1.23485255,-1.25388801,-1.26638842,-1.25212646,-1.26894891,-1.28952861,-1.28517604,-1.28580582,-1.30047202,-1.30861759,-1.31712568,-1.30413914,-1.35916746,-1.34705746,-1.40842175,-1.44637537,-1.44002414,-1.37610507,-1.40489411,-1.16674888,-0.75150651
376,COP_20160125_5-10-E,0.30482399,0.69517601,0.00000000,0.06342930,0.07467286,0.08631304,0.09704042,0.10471951,0.11172140,0.11836220,0.12467929,0.13123514,0.13935700,0.15076685,0.17106166,0.20323026,0.23688871,0.25965720,0.27448604,0.28025237,0.27590796,0.27056584,0.27116019,0.27633733,0.27971551,0.28286442,0.29064423,0.29414535,0.29211760,0.29254296,0.29315647,0.30542186,0.35489729,0.46784374,0.59811443,0.71668416,0.81631398,0.88573360,0.92868549,0.95909894,0.97720802,0.99479520,1.01323867,1.03167331,1.05006361,1.06819975,1.08680081,1.10564327,1.12455261,1.14301503,1.16117132,1.17907774,1.19590843,1.21240878,1.22921836,1.24561191,1.25438738,1.26157594,1.27415335,1.28594589,1.30432045,1.32263446,1.34316742,1.37675607,1.41542292,1.44104815,1.46665215,1.49160588,1.51620770,1.54045653,1.56360185,1.58710349,1.61046314,1.63353014,1.65958822,1.69982111,1.71933484,1.71004915,1.69989455,1.69805312,1.71101332,1.73050690,1.75112212,1.77546549,1.80493152,1.83773124,1.87422490,1.91062045,1.94742012,1.98253644,2.01535273,2.04169679,2.06540132,2.08730388,2.10307860,2.10956454,2.10744119,2.12110472,2.36671782,1.35847139,1.26423585,1.26088881,1.24972630,1.22691369,1.44053352,1.36507285,1.22551489,1.20435202,1.21599174,1.22840691,1.25298345,1.30008829,1.35461152,1.40996790,1.47188509,1.53418219,1.59310544,1.64898217,1.70134437,1.75185609,1.80140209,1.85090220,1.89947391,1.95575452,2.01526189,2.06618834,2.11153007,2.15117550,2.18331861,2.20052123,2.20746088,2.20517921,2.19088674,2.17352009,2.15219879,2.12923908,2.11636066,2.11414170,2.10025692,2.07801366,2.07213354,2.09856963,2.18750072,2.23634481,2.03089142,2.09481955,2.59425068,4.06516886,4.11762238,3.97112966,3.69623470,2.80582714,1.79805195,2.22265172,2.20296168,1.09239066,0.89212841,0.87323403,0.90229547,0.94374496,0.98327070,1.03753269,1.09089375,1.14668775,1.18124712,1.17841399,1.17841589,1.16859961,1.14785540,1.12356544,1.10809898,1.10327542,1.10962725,1.12223577,1.14313400,1.17317379,1.20456958,1.23659718,1.26688957,1.28961897,1.30792296,1.32759035,1.34446955,1.36153245,1.36490858,1.36348772,1.34314597,1.29597294,1.22869837,1.16126716,1.10975349,1.08647716,1.07670152,1.04666197,0.99977577,0.98214298,0.96655411,0.95085561,0.93115985,0.92181152,0.93515295,0.93208021,0.92031318,0.89203656,0.86111218,0.83733612,0.81037188,0.79602849,0.67777425,0.72924358,0.71094096,0.95455915,1.68384171
454,QUE_T1.04.H,0.00000000,0.53380001,0.46599999,-1.31542408,-1.28823817,-1.25793946,-1.22378266,-1.18889177,-1.15944231,-1.13494349,-1.11178327,-1.08670628,-1.05758119,-1.02570105,-0.99341530,-0.96133357,-0.92905140,-0.89650649,-0.86306977,-0.82876086,-0.79503113,-0.76422650,-0.73316067,-0.70407802,-0.67408031,-0.64200908,-0.60880572,-0.57529593,-0.53947592,-0.50385845,-0.46762484,-0.42851105,-0.38388881,-0.34072065,-0.29924792,-0.24906924,-0.20764032,-0.17450973,-0.13656932,-0.08927812,-0.05420860,-0.02132645,0.01720902,0.05401029,0.09355005,0.13627097,0.16559123,0.19083868,0.21891192,0.24871702,0.27872288,0.30983332,0.34465405,0.38741869,0.42169857,0.44807947,0.50176299,0.55096543,0.56986171,0.57695460,0.57640511,0.58590674,0.59702784,0.61050183,0.62620658,0.65133637,0.67356896,0.69787139,0.72323602,0.74797547,0.77354628,0.79832220,0.82742900,0.86556756,0.91587716,1.00732815,1.05273294,1.04520476,1.04467428,1.01433671,0.99881911,1.00505412,1.01565301,1.02778196,1.04354906,1.05600774,1.07110441,1.09032881,1.11239707,1.13750327,1.16068316,1.17477381,1.19486952,1.22072196,1.25109541,1.28124809,1.31751108,1.35142779,1.43243444,1.53756762,2.07688403,2.36588264,2.08063173,1.89107680,1.52629578,1.31446338,1.19303012,1.14989674,1.08245671,1.04725897,1.06241453,1.05560946,1.03338957,1.02004623,1.03099597,1.04958332,1.06825066,1.08593297,1.10249436,1.12069130,1.13945246,1.15699410,1.17639983,1.20463860,1.23308432,1.25683844,1.27652419,1.29063010,1.29573011,1.28899598,1.27725756,1.26977897,1.26730442,1.26641560,1.26552045,1.25858414,1.26183212,1.27427530,1.27859700,1.28074753,1.29588056,1.32536876,1.36303973,1.44810557,1.60110784,1.81994820,2.50357819,5.97723818,3.80284214,4.01274109,2.88016510,3.05010915,3.77790904,4.57462263,5.07836342,1.48645306,0.97144425,0.88017321,0.85215837,0.80711991,0.77505612,0.78354973,0.81469589,0.85851699,0.92023087,0.89340639,0.83088779,0.78263938,0.74466413,0.71702284,0.68301147,0.65985823,0.64464378,0.64121515,0.64868295,0.66780496,0.68613935,0.69383126,0.70060027,0.70737088,0.71881568,0.73445809,0.74108237,0.74712592,0.75165749,0.76214874,0.75420880,0.72185898,0.65681100,0.57966602,0.54233557,0.53879613,0.53631985,0.51454818,0.48418355,0.46883798,0.45452920,0.43674406,0.43436736,0.41163883,0.45781296,0.50274462,0.45077029,0.41652590,0.42429286,0.47620600,0.43717855,0.31701460,0.19461747,0.30699083,0.51043707,0.19230749,0.42506695
85,Resop163,0.00000000,0.98224902,0.01775150,-1.45539808,-1.36905897,-1.24654889,-1.10809290,-0.98015696,-0.87219256,-0.78046769,-0.70047790,-0.62941182,-0.56419188,-0.50248051,-0.44292676,-0.38449964,-0.32830465,-0.27416512,-0.22037956,-0.16525163,-0.11040545,-0.05957363,-0.01084974,0.03889096,0.08388083,0.13084458,0.17365094,0.21343096,0.25397688,0.29165718,0.32905185,0.37178960,0.42710710,0.47913054,0.52780288,0.57770461,0.61620879,0.65068477,0.68889749,0.74663091,0.76396239,0.79410875,0.82858425,0.86136508,0.89634120,0.93080854,0.95609683,0.97746372,1.00262880,1.02694595,1.04996359,1.07207108,1.09650397,1.12717915,1.14977896,1.16739273,1.19955719,1.23475242,1.24562359,1.24609411,1.24133420,1.24616444,1.24997997,1.26173115,1.27836823,1.30175769,1.32214367,1.34792137,1.37271011,1.39352894,1.41646338,1.43869460,1.46112978,1.49197471,1.52823579,1.57139313,1.57359898,1.55843318,1.53584206,1.50884461,1.50684977,1.51653886,1.52405536,1.53681588,1.55428994,1.57945812,1.61398411,1.65052640,1.69003582,1.73013651,1.76218486,1.78403759,1.81100023,1.83813298,1.86229908,1.88237560,1.88713253,1.88264096,1.90465009,1.80384541,1.85467219,1.96312678,1.87332249,1.68818259,1.47204471,1.28173709,1.15572119,1.09205067,1.04849350,1.03705823,1.04911113,1.06010437,1.07814407,1.10706198,1.15327096,1.19911110,1.24305904,1.27832758,1.30838645,1.33891356,1.37155831,1.40342975,1.44514036,1.50400829,1.56463349,1.62232351,1.67362630,1.70720577,1.72381365,1.72015309,1.70039594,1.67178535,1.63928306,1.60651112,1.57569075,1.54334140,1.54407299,1.56952035,1.57520485,1.57001138,1.56913519,1.53295517,1.55796945,1.62017834,1.63273430,1.47847712,2.40357685,-0.28815699,0.35530722,1.72742248,0.48073432,1.06094110,0.97542542,0.05770247,-0.31429327,0.28954294,0.38012755,0.36967680,0.51430368,0.61950797,0.68676007,0.76096517,0.83795196,0.90657020,0.92713124,0.86604041,0.77591693,0.66577929,0.57753938,0.51375633,0.45122346,0.41819161,0.40645352,0.40903029,0.41449675,0.43088400,0.47882435,0.52847415,0.57042778,0.56294078,0.59800810,0.61593318,0.62282723,0.64872783,0.65939081,0.63256890,0.59018594,0.46630841,0.34757951,0.26031536,0.20601188,0.17484209,0.14533018,0.06628723,0.04946081,0.08468962,0.03399266,-0.01066860,-0.03784436,-0.08186827,-0.08127567,-0.10549418,-0.12771158,-0.15402900,-0.38912904,-0.80706000,-1.03502643,-0.80115378,-1.18194628,-1.39469290,-1.32245409,-1.48262095,-0.67114925
1303,COP_20160418_2-0-W,0.36289400,0.63710600,0.00000000,-1.55825067,-1.53970098,-1.51895750,-1.50044751,-1.48473525,-1.47010505,-1.45767260,-1.44699109,-1.43621266,-1.42371452,-1.40312994,-1.36692584,-1.31160426,-1.25460851,-1.21473539,-1.18803692,-1.17720509,-1.18315387,-1.19226491,-1.19284952,-1.18680739,-1.18320155,-1.18172371,-1.17211878,-1.17206645,-1.18394947,-1.19213796,-1.20173597,-1.18507671,-1.08939600,-0.88680458,-0.66205335,-0.45723182,-0.28559473,-0.16594391,-0.09011612,-0.03558114,0.00046428,0.03438449,0.06891903,0.10316680,0.13638830,0.16842192,0.19817865,0.22742306,0.25734454,0.28656396,0.31490481,0.34253889,0.36834645,0.39365619,0.41713053,0.43673775,0.44614357,0.44188985,0.43103778,0.41713589,0.42426366,0.44510958,0.47398776,0.52450770,0.58599210,0.63155878,0.67550039,0.71605545,0.75179356,0.78282708,0.80934399,0.83076578,0.84747863,0.86147958,0.87594402,0.88703191,0.85252833,0.76509827,0.66686660,0.61721587,0.61183190,0.61858034,0.62736839,0.64414132,0.67149490,0.70784116,0.74920720,0.79056925,0.82933146,0.86421525,0.89180213,0.90696847,0.90816325,0.89232898,0.85515165,0.79476035,0.71710134,0.64158791,0.55310303,0.34380096,0.43903989,0.52605045,0.99053192,2.10345793,-1.09106338,-0.77075875,-0.63802403,-0.60316181,-0.54356259,-0.50669253,-0.49216214,-0.43990627,-0.37226862,-0.30940387,-0.24766715,-0.18622692,-0.12760931,-0.07220127,-0.01887567,0.03281004,0.08126411,0.13079071,0.18252738,0.23653299,0.29003516,0.34000653,0.38586748,0.42411196,0.45201436,0.46857715,0.47466344,0.47095665,0.45610377,0.43713599,0.41280439,0.38404074,0.36177611,0.34982908,0.32817987,0.29973501,0.27878928,0.26724914,0.26196590,0.27068949,0.30735427,0.33133718,0.43374684,0.82749629,0.74979872,0.59907269,0.47218484,0.03578833,-0.19904867,-0.23671341,-0.37609437,-0.59325844,-0.63014126,-0.61573386,-0.58811098,-0.53711921,-0.49759659,-0.46232444,-0.42987970,-0.39945453,-0.35096565,-0.33866826,-0.35420173,-0.37800235,-0.40206787,-0.41665247,-0.42405015,-0.42694768,-0.42210197,-0.40946254,-0.38895807,-0.36091977,-0.33090654,-0.30388725,-0.27993694,-0.26230186,-0.24779606,-0.23400682,-0.22166514,-0.21283253,-0.20391588,-0.20145750,-0.21885163,-0.25985634,-0.31992429,-0.38081691,-0.42761287,-0.44841194,-0.46131197,-0.49071705,-0.52290702,-0.53070092,-0.53807801,-0.54729450,-0.54911566,-0.54292059,-0.53921366,-0.53786963,-0.54468888,-0.54963064,-0.55928773,-0.57436055,-0.60961145,-0.63304895,-0.66837943,-0.71923321,-0.66199106,-0.56720650,-0.29480502
1266,SF_120,0.92948699,0.07051280,0.00000000,-1.61838436,-1.59587526,-1.57317686,-1.55319345,-1.53691745,-1.52171957,-1.50894475,-1.49832416,-1.48824883,-1.47618794,-1.45498765,-1.41183805,-1.33201087,-1.24127018,-1.18427908,-1.15468931,-1.15527856,-1.19360161,-1.23419535,-1.25395155,-1.26228297,-1.27433217,-1.28615832,-1.28954768,-1.30513871,-1.32726812,-1.34221458,-1.35234678,-1.33642614,-1.23630714,-0.95494097,-0.53820795,-0.01322480,0.55133075,1.01746619,1.32682955,1.51027048,1.58479154,1.63742149,1.68886721,1.73470521,1.78357387,1.83262074,1.86034918,1.88386488,1.91327178,1.94358897,1.97359931,2.00435996,2.03922558,2.08550096,2.11451507,2.12679148,2.16062307,2.17860961,2.11617112,2.02039814,1.95940995,1.95395839,1.96666360,2.00003719,2.05577016,2.11370564,2.16985965,2.21672273,2.25804615,2.28962445,2.31290436,2.33223033,2.34530163,2.35704660,2.38226032,2.42551756,2.32482123,2.13170576,1.88813400,1.71804404,1.66441453,1.64428258,1.63248932,1.63511562,1.65684831,1.68878281,1.72601557,1.76361847,1.80028319,1.82637131,1.83529401,1.82758915,1.80048990,1.75029087,1.66864812,1.54706919,1.40798736,1.28286612,1.26192117,1.24368358,1.28059089,1.33002543,1.31874239,1.06481802,0.50969851,-0.19288781,-0.48794982,-0.60396814,-0.73086601,-0.77235252,-0.73379511,-0.70542568,-0.66995192,-0.62171346,-0.55412441,-0.47924832,-0.40043664,-0.32255083,-0.24710600,-0.17546998,-0.10582793,-0.04029982,0.02275705,0.08351751,0.13823819,0.18818046,0.23305453,0.26939282,0.29797298,0.31055599,0.31216958,0.29975790,0.27583155,0.25003287,0.21706507,0.17826140,0.13965721,0.10480844,0.05242870,0.00837698,-0.03024146,-0.06144105,-0.05070280,-0.07315029,0.22993508,1.30811238,0.42999446,-1.33730090,-1.53516328,-1.56819403,-1.43233323,-1.30824995,-0.52711105,-0.36777839,-0.64498001,-0.56053507,-0.27964526,-1.24092591,-1.12515533,-1.29056537,-1.31919825,-1.29256368,-1.25450993,-1.20392919,-1.19121206,-1.16989028,-1.14164710,-1.11414397,-1.09733832,-1.08818185,-1.07377958,-1.05419695,-1.01628780,-0.98253071,-0.94638425,-0.92493409,-0.90464777,-0.88948184,-0.87316936,-0.85302734,-0.82375371,-0.81825554,-0.80951810,-0.78431451,-0.76329666,-0.75944000,-0.78823304,-0.82754171,-0.85926914,-0.89226300,-0.92242688,-0.94982749,-0.99915147,-1.02557003,-1.03140879,-1.07060778,-1.11360538,-1.14784372,-1.16080964,-1.15583670,-1.16994476,-1.20156097,-1.15586686,-1.27558827,-1.30676448,-1.55133653,-1.55055547,-1.18566167,-0.80469465,-1.14870274,-1.16537476,0.33832562,-0.42349389
562,QUE_T2.01.F,0.00000000,0.78030002,0.22000000,-1.31102026,-1.28495419,-1.25730765,-1.22602737,-1.19303894,-1.16421521,-1.14053738,-1.11878860,-1.09525871,-1.06768751,-1.03734732,-1.00622165,-0.97490436,-0.94325364,-0.91165811,-0.87989843,-0.84805602,-0.81777710,-0.78914624,-0.76083893,-0.73309386,-0.70510173,-0.67652470,-0.64719379,-0.61666745,-0.58620000,-0.55499035,-0.52363086,-0.48960292,-0.45046654,-0.40569088,-0.36265036,-0.32365668,-0.28297040,-0.24197596,-0.20395795,-0.17179987,-0.13331605,-0.09715343,-0.06361733,-0.03082541,0.00064051,0.03101110,0.06272359,0.09367520,0.12294860,0.15125708,0.17851979,0.20623964,0.23287059,0.25457543,0.27663484,0.30076849,0.30015826,0.30303347,0.33107752,0.36750787,0.40609920,0.43296644,0.45860362,0.50634462,0.56574076,0.59256780,0.61855930,0.64406276,0.66905677,0.69500107,0.71968347,0.74444538,0.76615840,0.78579766,0.79940015,0.80616045,0.82384276,0.85069883,0.87438416,0.90257567,0.92579365,0.94388169,0.96105355,0.97971207,1.00133812,1.02426183,1.04986608,1.07592893,1.10201263,1.12403989,1.14642477,1.17109227,1.19674349,1.21850979,1.23309863,1.24342251,1.24568927,1.24202204,1.20066583,1.10694015,1.12967622,1.05619967,1.14510691,1.05726683,1.00254464,0.97855890,0.96220016,0.95364487,0.97033012,0.98581684,0.99499756,1.01878703,1.05266953,1.08758628,1.12314582,1.15703988,1.18586051,1.20948803,1.22967112,1.24798346,1.26573730,1.28485394,1.30992043,1.33948481,1.37344658,1.40573490,1.43103039,1.44668543,1.45116603,1.44482780,1.43314815,1.42508602,1.41830981,1.41496801,1.41165626,1.40197086,1.40307212,1.41414487,1.42011690,1.41978705,1.41794348,1.41634881,1.41589212,1.39792728,1.35817885,1.33137333,1.42512155,0.75749862,2.84671283,3.89950442,2.48740602,3.45847225,1.89252913,2.70398474,2.61497831,1.20529854,0.98944885,0.90817237,0.99544328,1.04143465,1.09776711,1.13805151,1.16508150,1.16214478,1.15419221,1.12646067,1.07309902,1.00380862,0.93158239,0.86893737,0.83466727,0.80933696,0.79266131,0.78553611,0.79369015,0.80971420,0.82842648,0.84466296,0.84854650,0.86642349,0.88284975,0.90492904,0.92283076,0.92126530,0.92764986,0.94090503,0.93236470,0.88592291,0.80070782,0.71905971,0.67609572,0.65754235,0.65017480,0.62638140,0.59760839,0.60278744,0.57252818,0.57337868,0.58393115,0.60742444,0.59012824,0.62842059,0.59274918,0.61276394,0.53333342,0.53287715,0.53427321,0.48083645,0.41764727,0.25636527,0.04323955,0.07762860,1.22892225
1445,Plant5-9,1.00000000,0.00000000,0.00000000,-1.20793700,-1.33785832,-1.37079608,-1.37341022,-1.39850569,-1.40477955,-1.40111983,-1.39850569,-1.40059698,-1.39615297,-1.38203681,-1.33132303,-1.19303644,-1.03645122,-0.94731015,-0.89711928,-0.89581227,-0.96325630,-1.04377091,-1.07723141,-1.08951783,-1.12611532,-1.18388724,-1.20087898,-1.22466743,-1.29211140,-1.33550560,-1.39092469,-1.39484596,-1.26649308,-0.73373741,0.03977792,0.87577039,1.63177133,2.15903735,2.43691754,2.61336970,2.58905864,2.61859798,2.63820386,2.65728712,2.67898369,2.69048595,2.70329523,2.71636581,2.74198437,2.75531626,2.77021670,2.78537869,2.79557347,2.82014585,2.82197571,2.80995083,2.86118746,2.84158158,2.80602956,2.69571447,2.60186744,2.61049461,2.64003396,2.71218324,2.76498842,2.82145286,2.88000894,2.92941546,2.97777653,2.99581409,3.00731659,2.99137068,2.97856092,2.94300938,2.88889718,2.82406712,2.75688434,2.49312043,2.25941944,2.16714120,2.11851883,2.09159327,2.07982969,2.08218265,2.10623240,2.14309144,2.17550611,2.20243216,2.22543573,2.23275495,2.22935700,2.21184254,2.14753532,2.06336093,1.93239403,1.76482964,1.56929410,1.40643489,1.29141402,0.92177880,0.55711043,0.19218057,-0.17274912,-0.53767908,-0.86757988,-0.91829360,-0.96534747,-0.99697834,-0.99723965,-0.98547632,-0.93868357,-0.86810267,-0.78445113,-0.70236802,-0.60355461,-0.50029725,-0.40096098,-0.29691949,-0.20281143,-0.10870338,-0.01982375,0.06147506,0.13231748,0.20159142,0.26250017,0.31138405,0.35974512,0.39686540,0.42222235,0.43189436,0.43450877,0.43189460,0.40679896,0.39137578,0.35660812,0.31818086,0.26615998,0.20708103,0.14120561,0.07898966,0.03977792,0.00030489,-0.00779888,0.00291893,-0.09458742,-0.15628029,-0.28777006,-0.41899842,-0.55048817,-0.68171656,-0.81346774,-0.94469601,-1.07592440,-1.20741415,-1.33890402,-1.47039378,-1.64083374,-1.56031919,-1.54123616,-1.50176299,-1.48999953,-1.46594977,-1.44765091,-1.40922356,-1.37654722,-1.33550560,-1.30544341,-1.27433538,-1.24035203,-1.19512784,-1.15983725,-1.12219417,-1.08402824,-1.04350936,-0.99776250,-0.96482480,-0.93267113,-0.90783715,-0.88195741,-0.86574996,-0.85006523,-0.83542621,-0.81346774,-0.81033081,-0.79438466,-0.80013573,-0.81451339,-0.83516484,-0.86679554,-0.91071266,-0.94443464,-0.96848446,-1.00978732,-1.04246366,-1.05422735,-1.10807800,-1.13186646,-1.16741824,-1.19460499,-1.22153044,-1.27721095,-1.26152623,-1.31668401,-1.35720265,-1.36373794,-1.39118612,-1.43824005,-1.40608656,-1.51065099,-1.54960120,-1.58018637,-1.58541453,-1.75245631
1387,QUE_T3.06.B,0.00000000,0.00000000,1.00000000,-1.20953190,-1.17525899,-1.13734710,-1.09337747,-1.04816067,-1.01257217,-0.98770320,-0.96536571,-0.93812031,-0.90276635,-0.86172217,-0.81990188,-0.77935398,-0.73880506,-0.69808906,-0.65669638,-0.61536974,-0.57654107,-0.54299557,-0.51068944,-0.48274219,-0.45666796,-0.42946765,-0.40087298,-0.37175992,-0.33967185,-0.30868003,-0.27765644,-0.24184391,-0.19694145,-0.15311305,-0.11317596,-0.06424148,-0.02552476,0.00214473,0.03468003,0.07938640,0.10783009,0.13351332,0.16663922,0.19724669,0.23048198,0.26725543,0.28916550,0.30721566,0.32875970,0.35191339,0.37491000,0.39958870,0.42910609,0.46824270,0.49624068,0.51735467,0.57181138,0.62868029,0.64178240,0.63662183,0.62591839,0.63053250,0.63524055,0.62716556,0.61839849,0.63618898,0.65490198,0.67064935,0.68710834,0.70190138,0.71970874,0.73675227,0.75790930,0.78687394,0.82409984,0.89915216,0.94202101,0.93318057,0.93047810,0.90520829,0.89150858,0.89567584,0.90482712,0.91393471,0.92429763,0.93287838,0.93907595,0.94807088,0.95981878,0.97384316,0.98645747,0.99312359,1.00344634,1.01858008,1.03714514,1.06000113,1.09067380,1.12123609,1.15118337,1.07484138,0.95482910,1.12592995,1.31907141,1.27322078,1.32723713,1.24114692,1.19485688,1.18220615,1.12727034,1.10191453,1.11329782,1.10824621,1.08290100,1.06265152,1.06175733,1.06629026,1.07300806,1.08196068,1.09195149,1.10171747,1.11398101,1.12517691,1.13208818,1.14254200,1.15035391,1.15672302,1.16256905,1.16863918,1.17303777,1.17670131,1.17779160,1.17886388,1.18086827,1.18412375,1.18777525,1.18906391,1.19051230,1.19388413,1.19749677,1.20282555,1.21856380,1.24145734,1.27556634,1.33188486,1.45229566,1.47453964,0.97197640,0.38344195,-1.45301390,0.52452099,2.07751584,1.93468654,2.56219864,1.09314954,1.91069055,2.05653405,1.03013122,0.77683312,0.83157074,0.83188248,0.80575168,0.80991423,0.84313798,0.90264720,0.96652842,0.97737139,0.95451498,0.96052366,0.97168732,0.98485297,0.98688656,0.98652524,0.99423426,0.99946815,1.00778699,1.01836395,1.01993454,1.01680064,1.00753832,0.99607551,0.98091060,0.97625959,0.96021098,0.94509232,0.92995083,0.96081161,0.97785777,0.96970046,0.95291287,0.92885888,0.91350889,0.90598893,0.89779872,0.88492095,0.86302936,0.84771585,0.82404566,0.81823373,0.78572470,0.78794014,0.78108704,0.77744359,0.69353658,0.70166719,0.67617375,0.73238426,0.60192454,0.53727955,0.33814707,0.23805566,0.19516355,0.04130096,0.61058009
232,NF_089,0.00000000,0.35897401,0.64102602,-1.13089502,-1.10462749,-1.07876635,-1.05309892,-1.02851832,-1.00621343,-0.98621792,-0.96733570,-0.94740683,-0.92456454,-0.89863664,-0.87027174,-0.84049952,-0.81042647,-0.78239644,-0.75515479,-0.72863483,-0.70300025,-0.67812079,-0.65366995,-0.62885636,-0.60454720,-0.57652080,-0.54903460,-0.52289021,-0.49863851,-0.47191781,-0.44583726,-0.41207612,-0.35867104,-0.29386771,-0.23514119,-0.18734118,-0.13950752,-0.09241499,-0.05103445,-0.01523385,0.02637141,0.06283262,0.09757026,0.13326475,0.16511653,0.19710471,0.23553430,0.27456781,0.31033677,0.34510723,0.37857261,0.41058451,0.43673190,0.45620543,0.48015025,0.50949937,0.50999951,0.51768261,0.54241157,0.57706606,0.61973679,0.65376872,0.69100493,0.72113138,0.74888372,0.77939814,0.80760837,0.83297819,0.85706019,0.88065463,0.90304548,0.92009509,0.93300527,0.93648821,0.93177128,0.90661907,0.90036869,0.91164917,0.92142004,0.94914597,0.97216880,0.98683095,1.00068116,1.01625133,1.03361297,1.05490327,1.07687819,1.09637356,1.11245787,1.12387371,1.13493705,1.14594471,1.15055561,1.14807677,1.13962245,1.12469053,1.10183620,1.07613993,1.02423477,1.10599995,1.01098120,1.01663351,0.87313730,0.79687363,0.73995680,0.75764519,0.78419524,0.80121148,0.82356864,0.83451372,0.84645724,0.87735826,0.91041112,0.94117147,0.96493703,0.98909664,1.01062107,1.02975333,1.04547822,1.05990386,1.07228780,1.08385754,1.09589458,1.10888541,1.12121773,1.13377476,1.14219236,1.14771032,1.15036047,1.14896464,1.14761913,1.15191483,1.15286636,1.14795220,1.14332199,1.13629091,1.12768519,1.12165546,1.11493993,1.10955083,1.09833348,1.07047904,1.05022252,1.00465167,0.86338162,0.22031868,-0.94625396,-1.48014450,-1.58799613,-0.37938386,-1.33616686,-1.55783367,-1.56390667,-1.65528142,-0.85646844,0.00858826,0.32238781,0.49887705,0.63568461,0.68309069,0.71154118,0.72367543,0.75923353,0.78758049,0.81534755,0.83244228,0.84295845,0.84204721,0.85077548,0.84662461,0.83863819,0.83902943,0.85017574,0.84376717,0.85331041,0.86553419,0.86956888,0.85655487,0.81891549,0.80098265,0.78016359,0.76249510,0.73751277,0.70038569,0.70285451,0.76877749,0.80163074,0.80156672,0.77790564,0.75933027,0.73785472,0.72349054,0.70388287,0.67328542,0.65871912,0.63753521,0.59863257,0.60509354,0.57632476,0.55712491,0.50380594,0.48286700,0.49873331,0.47015896,0.54145658,0.43738186,0.37674072,0.51897293,0.31619355,-0.02463417,-0.56112468,-0.92310852,0.08545435
1382,QUE_T3.51.G,0.00000000,0.04000000,0.95999998,-1.53010690,-1.51795101,-1.50405884,-1.48680902,-1.46940291,-1.45589840,-1.44677567,-1.43841517,-1.42753327,-1.41252983,-1.39465106,-1.37582505,-1.35693812,-1.33765066,-1.31780767,-1.29712474,-1.27618039,-1.25614750,-1.23829770,-1.22128332,-1.20543396,-1.18959260,-1.17286623,-1.15524614,-1.13670468,-1.11709845,-1.09656954,-1.07511318,-1.05051756,-1.02213573,-0.99247408,-0.96274757,-0.93279928,-0.90339869,-0.87545431,-0.84823859,-0.81894934,-0.79465014,-0.77083176,-0.74644989,-0.72283858,-0.69980741,-0.67728847,-0.65697974,-0.63708508,-0.61807644,-0.59960961,-0.58153504,-0.56322008,-0.54532194,-0.52732050,-0.51034826,-0.49600568,-0.48268834,-0.47479513,-0.46121356,-0.44245547,-0.42722839,-0.41275144,-0.40080884,-0.39748862,-0.39469999,-0.37883496,-0.36489010,-0.35057628,-0.33592099,-0.32448789,-0.31035990,-0.29862437,-0.28486305,-0.27135840,-0.26045150,-0.24848202,-0.23251849,-0.22650290,-0.22290000,-0.21998504,-0.21229006,-0.20428586,-0.19578782,-0.18650517,-0.17574213,-0.16586234,-0.15569390,-0.14608988,-0.13659970,-0.12680392,-0.11789067,-0.11264951,-0.10789833,-0.10332607,-0.09995537,-0.10077047,-0.10529610,-0.11248754,-0.14908886,-0.62947470,-0.88351148,-0.65883833,-0.81960773,-0.73370993,-0.53645545,-0.55653721,-0.56610626,-0.57618707,-0.57434994,-0.56520587,-0.54457170,-0.50642991,-0.46638754,-0.42935619,-0.38976535,-0.35237920,-0.31740338,-0.28571555,-0.25649953,-0.22971866,-0.20627142,-0.18564777,-0.16824500,-0.15127391,-0.13672824,-0.12560144,-0.11508241,-0.10730702,-0.10004558,-0.09524066,-0.09248207,-0.09012652,-0.08967416,-0.08975549,-0.09154871,-0.09783051,-0.10641655,-0.11516398,-0.12712762,-0.13983789,-0.15329044,-0.15965077,-0.16791125,-0.17434636,-0.17099482,-0.23884529,-0.75514776,1.57323456,0.52488512,-0.24490763,0.27440587,1.53893745,2.22759724,1.84117091,0.25200054,-0.56644332,-0.97449970,-1.23244977,-1.14579403,-1.09225440,-1.04877234,-1.01871800,-0.98436546,-0.95221043,-0.88900846,-0.84997290,-0.80897158,-0.77114695,-0.74172163,-0.70836890,-0.66599000,-0.63333482,-0.61032826,-0.58248359,-0.55222404,-0.52319115,-0.50228071,-0.48653510,-0.47979358,-0.47236937,-0.47062418,-0.46376264,-0.46325454,-0.47425795,-0.47774702,-0.46057948,-0.44356844,-0.45659479,-0.46363291,-0.47895944,-0.50110775,-0.52152145,-0.53708225,-0.55445206,-0.58736062,-0.62800521,-0.63212299,-0.65297568,-0.67819041,-0.69805509,-0.75868988,-0.79986680,-0.77628386,-0.84247226,-0.97238970,-1.04730463,-0.99272561,-1.13107550,-1.27849627,-1.11702955,-1.19797707,-1.59868634,-0.68758631
1231,SF_080,0.17948700,0.75000000,0.07051280,-1.49473059,-1.47362673,-1.44952083,-1.42485666,-1.40245402,-1.38192821,-1.36527669,-1.35054934,-1.33509266,-1.31685460,-1.29126537,-1.25421464,-1.19920874,-1.13640094,-1.08886600,-1.05513787,-1.03732049,-1.03974879,-1.04573631,-1.04125607,-1.03128064,-1.02510595,-1.01893795,-1.00590670,-0.99670678,-0.99416393,-0.99423027,-0.99396592,-0.97284472,-0.90016985,-0.75569326,-0.57438660,-0.36699322,-0.16174583,-0.00632726,0.08871392,0.14467074,0.17647322,0.20084047,0.22382845,0.24629101,0.26598144,0.28729269,0.30618355,0.32465935,0.34245357,0.35986805,0.37757650,0.39520693,0.41073948,0.42760983,0.44281679,0.45614442,0.45906591,0.47266445,0.46809778,0.46727368,0.47210726,0.48348916,0.50185651,0.53589356,0.57656825,0.60102028,0.62739038,0.65119404,0.67289513,0.69241542,0.71200395,0.72801375,0.74315363,0.75555271,0.76856434,0.78202355,0.77185673,0.74880499,0.70904762,0.69149435,0.69688040,0.70892048,0.71824330,0.73203045,0.75226027,0.77325183,0.79678994,0.81997824,0.84387046,0.86431110,0.87895411,0.89210248,0.90176046,0.90488321,0.89721251,0.87982869,0.85227293,0.82046342,0.76734900,0.61464942,0.53981704,0.52446187,0.54435188,0.58867097,0.27348500,0.17127201,0.02122023,-0.02424445,-0.05201327,-0.06760833,-0.04016064,0.00230775,0.03956898,0.07998578,0.13413969,0.18866017,0.24307621,0.29511926,0.34418452,0.38639709,0.42780989,0.46650943,0.50752699,0.54943293,0.59002447,0.62388414,0.65331084,0.67655194,0.69113839,0.69702715,0.69410449,0.68859082,0.67944956,0.66916615,0.65380466,0.63243967,0.61842304,0.60784137,0.59201151,0.56887048,0.55876142,0.52872372,0.51795816,0.50938088,0.58376426,1.50665677,-1.08119202,-0.63734418,-1.29463160,-1.74657643,-1.27985775,-0.72332168,-0.94452280,-0.42133516,-1.34726155,-0.29183996,0.93767947,-0.45106125,-0.56155610,-0.46262875,-0.41257545,-0.38730323,-0.34965238,-0.30523315,-0.27999878,-0.24722998,-0.24516402,-0.24952196,-0.26465660,-0.27054527,-0.27979368,-0.27158251,-0.24693188,-0.23282443,-0.20300694,-0.17643733,-0.16844203,-0.13724546,-0.12150842,-0.11751462,-0.08837689,-0.08179243,-0.07168207,-0.05695621,-0.05503386,-0.03795398,-0.05445739,-0.10575197,-0.16023122,-0.20336454,-0.25595346,-0.27007806,-0.29681340,-0.30866203,-0.36185443,-0.39446265,-0.42117167,-0.43457618,-0.46016055,-0.51007605,-0.46044615,-0.44538993,-0.43652400,-0.56236362,-0.75196368,-0.59453547,-0.66823661,-0.81367850,-1.36346948,-0.86941046,0.19444859,0.22892120,-1.20803261
480,QUE_T1.07.D,0.00000000,0.34850001,0.65200001,-1.35832345,-1.33431911,-1.30690658,-1.27544987,-1.24400616,-1.21720636,-1.19470477,-1.17304385,-1.14915669,-1.12086201,-1.09023702,-1.05934787,-1.02836406,-0.99753684,-0.96633756,-0.93452615,-0.90219176,-0.87093002,-0.84204364,-0.81378132,-0.78552586,-0.75594288,-0.72520673,-0.69342285,-0.66048706,-0.62617832,-0.59036231,-0.55339903,-0.51470000,-0.47445017,-0.43454486,-0.39251927,-0.35161376,-0.30892241,-0.26548243,-0.22461282,-0.18205619,-0.14732218,-0.11213006,-0.07711418,-0.04267488,-0.00947885,0.02213922,0.05520471,0.08823012,0.11912973,0.14878690,0.17775832,0.20718889,0.23546395,0.26023847,0.28536543,0.31107906,0.32892075,0.34655654,0.37177768,0.39972660,0.42958382,0.45515719,0.47718200,0.48856041,0.49724638,0.52032691,0.54345721,0.56439918,0.58500040,0.61000699,0.63211876,0.65317059,0.67189807,0.68850321,0.69935083,0.69776410,0.71479994,0.73498559,0.75455821,0.78302902,0.80630845,0.82348591,0.83966255,0.85644972,0.87473756,0.89499241,0.91669518,0.93887377,0.96090865,0.98003483,0.99923396,1.01585078,1.02988660,1.04183829,1.05342448,1.06211209,1.06184375,1.05432618,1.02364349,1.03217626,1.02847111,1.05736923,0.83355218,0.79404372,0.75341016,0.75977761,0.76165324,0.75787026,0.77724773,0.79372543,0.80472708,0.83064544,0.86668104,0.90029180,0.93307918,0.96350992,0.98960286,1.01109338,1.02975941,1.04731989,1.06349480,1.07934427,1.09824908,1.12209201,1.14660239,1.16842139,1.18607461,1.19778383,1.20088124,1.19609559,1.18829572,1.18281424,1.17937648,1.17782593,1.17568958,1.16803944,1.16681612,1.17037833,1.17119884,1.16624725,1.16037667,1.15448022,1.14701283,1.12985528,1.07399344,1.03516459,1.95552623,2.49602699,0.65650904,2.95585465,5.94825411,3.47961903,1.60060251,2.98741436,2.35148787,1.01213014,0.51403046,0.49172568,0.54157972,0.60924810,0.66962820,0.71494341,0.75445211,0.79718262,0.83326542,0.82252997,0.78998452,0.75872427,0.72015655,0.69265169,0.67251933,0.65933007,0.65079719,0.64767331,0.66039884,0.67555815,0.68799669,0.69197506,0.69219267,0.69749880,0.71016663,0.71314168,0.70731413,0.70921332,0.71739489,0.74006826,0.74530268,0.69685841,0.63726830,0.57644135,0.53778040,0.53215426,0.52466589,0.50858831,0.48654154,0.46286386,0.42587796,0.42935735,0.44524863,0.43627989,0.43910557,0.47630414,0.50034362,0.46989113,0.42797792,0.42747706,0.45320284,0.31226099,0.35008687,0.25212327,0.32653773,0.68977976,1.55737281
942,CHC_CEME09_20120128,0.59107000,0.40893000,0.00000000,-1.59659600,-1.59523892,-1.60037482,-1.59577060,-1.59281003,-1.58550251,-1.58358264,-1.58261752,-1.58180249,-1.58059299,-1.57852006,-1.56921685,-1.55144632,-1.52253723,-1.50192714,-1.48916173,-1.48799026,-1.49715197,-1.50914097,-1.51441276,-1.51382887,-1.51686800,-1.52363372,-1.52282763,-1.52376771,-1.53122520,-1.53811467,-1.54527426,-1.54327011,-1.51253617,-1.41182733,-1.25436759,-1.06273139,-0.85403824,-0.69155777,-0.59906006,-0.56786138,-0.52988952,-0.51180416,-0.49788699,-0.48328593,-0.46909612,-0.46108514,-0.44849584,-0.43250018,-0.41855201,-0.40631175,-0.39583912,-0.38331455,-0.37502569,-0.38029584,-0.37165079,-0.36286935,-0.36062390,-0.39378837,-0.39309210,-0.41212976,-0.40953651,-0.40164110,-0.38411424,-0.36641136,-0.37580058,-0.35671318,-0.32971400,-0.31178209,-0.28351638,-0.27063373,-0.26444882,-0.25585657,-0.24798898,-0.24835826,-0.25870422,-0.28671739,-0.32235393,-0.36785096,-0.44055358,-0.47537711,-0.48939690,-0.50221294,-0.50734121,-0.50471056,-0.49161115,-0.46444020,-0.43262649,-0.40600196,-0.38557988,-0.36534539,-0.35023728,-0.34805456,-0.35076058,-0.36747023,-0.39732745,-0.44637156,-0.50882459,-0.57710665,-0.65309101,-0.79426521,-0.87459022,-0.92352194,-1.07247770,-1.16869426,-1.24250209,-1.27849436,-1.29272068,-1.30299544,-1.30393922,-1.29976988,-1.29584372,-1.27929831,-1.25696290,-1.23519838,-1.21229851,-1.18710017,-1.16571045,-1.14362764,-1.12403584,-1.10188746,-1.08507621,-1.06438780,-1.04617715,-1.02605200,-1.00590360,-0.98926467,-0.97643703,-0.96429795,-0.95983881,-0.96439421,-0.96715128,-0.96727628,-0.97663957,-0.99122345,-1.00678205,-1.02399802,-1.03584707,-1.03718543,-1.04040933,-1.05140913,-1.05456448,-1.05605268,-1.06131887,-1.10648608,-1.07820606,-1.13286066,-1.11759162,-1.06173015,-0.99734247,-1.20577860,-1.24683690,-1.29399300,-1.34871173,-1.40911269,-1.41661978,-1.42105889,-1.44283020,-1.43546152,-1.39609790,-1.38870466,-1.38287115,-1.36653721,-1.35257709,-1.35384798,-1.32856762,-1.32607377,-1.33921087,-1.34333467,-1.35242105,-1.35247302,-1.35232401,-1.34733772,-1.34803259,-1.34683359,-1.34070992,-1.34167671,-1.34077954,-1.33365357,-1.32599485,-1.32311451,-1.31535435,-1.31752419,-1.30584264,-1.29040205,-1.28599691,-1.28280652,-1.28897250,-1.31354380,-1.32485330,-1.35495782,-1.35580599,-1.35915828,-1.37559760,-1.40681291,-1.39770222,-1.39580238,-1.39709532,-1.40710032,-1.39369273,-1.41582203,-1.42909694,-1.41752088,-1.42942202,-1.45849502,-1.43903840,-1.45068085,-1.48870778,-1.46379113,-1.45741832,-1.42250407,-1.30755913,-1.15311241,-0.91843975
404,COP_20160220_5-50-W,0.48522401,0.51477599,0.00000000,-1.56993258,-1.55765581,-1.54194510,-1.52637994,-1.51452661,-1.50419569,-1.49604821,-1.49007654,-1.48395538,-1.47549856,-1.45848703,-1.42268384,-1.36190474,-1.29703844,-1.25340486,-1.22703207,-1.22144902,-1.23978293,-1.26150513,-1.27035677,-1.27027261,-1.27369988,-1.27975404,-1.27560151,-1.28146386,-1.30002058,-1.31400537,-1.32845390,-1.31620741,-1.21894228,-0.99344426,-0.74929684,-0.53574854,-0.35587072,-0.23101521,-0.15700763,-0.10915352,-0.08345570,-0.06005030,-0.03486642,-0.01027642,0.01415675,0.03845822,0.06169779,0.08472129,0.10823267,0.13106592,0.15328541,0.17519593,0.19599114,0.21639569,0.23623639,0.25394392,0.26497504,0.27177045,0.27558148,0.27750731,0.29041144,0.30773079,0.32886910,0.37144136,0.42135152,0.45499617,0.48792097,0.51949394,0.54860860,0.57698476,0.60285985,0.62616169,0.64789438,0.66796273,0.69203889,0.72359830,0.72502375,0.68710226,0.64086431,0.61570442,0.61805630,0.62998444,0.64381737,0.66386211,0.69162029,0.72552323,0.76321751,0.80139327,0.83851874,0.87412077,0.90518612,0.92500693,0.93707508,0.93847412,0.92460167,0.89230067,0.84440637,0.79800344,0.77980226,0.19683768,0.25653845,0.28433263,0.56079334,1.84818780,-0.66257328,-0.90845114,-0.78962868,-0.76773709,-0.71256787,-0.67920053,-0.66161990,-0.59854609,-0.51765513,-0.44106880,-0.36236405,-0.28334704,-0.20620424,-0.13274461,-0.06194635,0.00564597,0.06863997,0.13095981,0.19249855,0.25408462,0.31575438,0.37253472,0.42202204,0.46420473,0.49785918,0.51916438,0.53043693,0.52721298,0.51077521,0.48930225,0.46183246,0.42596373,0.39252755,0.36794376,0.33112448,0.28350481,0.24565320,0.22135195,0.20867780,0.22500032,0.27094984,0.30253965,0.41171220,0.62185919,0.58597195,0.32554933,0.23541604,-0.31902236,-0.60637522,-0.68211073,-0.87880492,-1.02428901,-1.05046225,-1.04976606,-1.02980292,-0.99155128,-0.95770162,-0.91871554,-0.87873375,-0.83804089,-0.78593957,-0.75575382,-0.74306071,-0.73572451,-0.73123533,-0.72505963,-0.71727115,-0.70391721,-0.68460381,-0.66102940,-0.63227946,-0.59854561,-0.56380248,-0.53178012,-0.50327748,-0.48087886,-0.46204305,-0.44463480,-0.42844817,-0.41696951,-0.40753692,-0.40643764,-0.42306420,-0.46059528,-0.51248199,-0.56923568,-0.61682975,-0.64331210,-0.66315454,-0.69739175,-0.73991686,-0.75985557,-0.77253538,-0.79818565,-0.81367517,-0.82580793,-0.84057808,-0.85647267,-0.86998147,-0.87994534,-0.90963894,-0.93620372,-0.94981402,-0.99377745,-1.01338291,-1.03876948,-1.08867645,-0.98333716,-0.78019309
26,Resop086,0.10059200,0.45562100,0.44378701,-1.38047755,-1.35050559,-1.31702793,-1.27958882,-1.24204469,-1.20903921,-1.18195903,-1.15725470,-1.13033402,-1.09843659,-1.06122446,-1.01853204,-0.96867746,-0.91494876,-0.86349308,-0.81488025,-0.77141315,-0.73682427,-0.70722413,-0.67902899,-0.64948893,-0.62519795,-0.60080487,-0.57462943,-0.54794323,-0.52606332,-0.50682139,-0.48854756,-0.45681122,-0.39168233,-0.29800698,-0.20677462,-0.13298160,-0.05862076,0.00444558,0.04894745,0.08733919,0.11532267,0.14348228,0.16857548,0.19403772,0.21380958,0.23080054,0.25971353,0.28990382,0.31449205,0.33686557,0.35785595,0.37852916,0.39416009,0.39825228,0.41331249,0.43533239,0.41771975,0.40424976,0.42807376,0.46300504,0.51039803,0.54050207,0.57049578,0.59575897,0.62135857,0.64437199,0.66447330,0.68585885,0.70519918,0.72626716,0.74193174,0.76132745,0.77183199,0.77419490,0.75285530,0.70095062,0.70826793,0.72945440,0.75733316,0.81077361,0.84587342,0.86235112,0.88002688,0.89718473,0.92006725,0.94512087,0.97255909,0.99368012,1.01425159,1.03437543,1.04784071,1.06086564,1.07159948,1.07413721,1.06792355,1.05192029,1.02026129,0.97266191,0.84413081,0.67256093,0.55462033,0.39317262,0.35072234,0.34953856,0.33062410,0.35039562,0.36017537,0.35144970,0.38838652,0.41777864,0.43078420,0.49087355,0.56852108,0.63758385,0.69687784,0.75330287,0.80010015,0.83949828,0.87416941,0.90607399,0.93630892,0.96466732,0.99444765,1.02407110,1.05489802,1.08328307,1.10569584,1.12409854,1.14062572,1.14670694,1.14931214,1.14816201,1.14634860,1.14286411,1.13780308,1.12364769,1.11226642,1.10421669,1.09141791,1.06607246,1.04440916,1.00347221,0.97937578,0.91834170,0.74180853,0.37978798,-0.16246593,-1.54100668,-1.23424149,-0.41806284,0.48547322,-0.07646760,-0.63058203,-1.09871483,-1.18159902,-0.56308943,-0.32281762,-0.22581109,-0.07268169,0.03097370,0.13928911,0.19985898,0.30071849,0.34667668,0.33988944,0.44033352,0.46598005,0.45315188,0.42973012,0.43763477,0.45316264,0.48998564,0.50941193,0.54032725,0.54634058,0.59148777,0.63348275,0.63944918,0.67067128,0.67164099,0.68071538,0.65375000,0.64983845,0.62071699,0.65856814,0.68054152,0.66980302,0.60616934,0.60103613,0.53073162,0.47539195,0.44798666,0.45947143,0.44789973,0.35176522,0.29085341,0.33938554,0.29200542,0.30469313,0.38331154,0.29514265,0.12198497,0.19490960,0.17974307,0.46714118,0.20313993,-0.11314125,-0.77800363,-0.58485150,-1.05318558,-1.73483801,-1.71445215,-1.06320989
653,ja_b_000,0.09252230,0.90747797,0.00000000,-1.59577072,-1.56372023,-1.53194427,-1.49901128,-1.46532202,-1.43215966,-1.39924920,-1.36843669,-1.33695710,-1.30529749,-1.27046549,-1.22720325,-1.17412317,-1.12113774,-1.07827866,-1.04033959,-1.00824773,-0.98625320,-0.96452641,-0.93123150,-0.89654917,-0.89191437,-0.85430050,-0.81091607,-0.77789849,-0.75163376,-0.72317737,-0.69991511,-0.65867448,-0.56221938,-0.40058410,-0.24972926,-0.10425990,0.00836868,0.08756121,0.15404326,0.21047604,0.26631239,0.31730768,0.37195602,0.42223194,0.47303393,0.52688926,0.57084680,0.61099494,0.65259588,0.69490969,0.73680979,0.77888048,0.81947058,0.86963618,0.90882725,0.94363230,0.97263646,1.01616275,1.02808011,1.03358769,1.04252493,1.06002426,1.08546412,1.12154508,1.16383648,1.21010828,1.26088738,1.30369902,1.35297644,1.39478052,1.43104911,1.46737552,1.50207067,1.54431665,1.57259309,1.63253915,1.64809477,1.58805740,1.51471698,1.46440518,1.45150399,1.45886767,1.46563733,1.47764611,1.50250220,1.53816283,1.58396494,1.62956786,1.68191612,1.72853112,1.76692092,1.79770744,1.82743752,1.84736276,1.84721017,1.82246280,1.77931738,1.72622585,1.72732854,2.01828599,4.60074043,1.15912139,5.64213371,3.12785602,0.45621571,0.45309228,0.39852878,0.35881162,0.33233470,0.34542790,0.37558243,0.39686751,0.41682506,0.47001055,0.52804035,0.58810371,0.64390945,0.69071114,0.73051548,0.77438980,0.81693101,0.85401785,0.90328431,0.96751708,1.03303194,1.09371686,1.14622986,1.18408573,1.19988775,1.19318926,1.17045581,1.14139187,1.10840464,1.07440996,1.04471374,1.00488436,0.99325800,0.99201041,0.97320062,0.95089352,0.93867135,0.94100368,0.97968382,1.07513773,0.36704651,3.88779426,4.01004410,5.32880354,-1.75245631,2.25996780,2.03012538,-1.75245631,-1.75245631,1.90089488,-1.75245631,3.59444332,1.22960842,-0.25046012,-0.12358361,-0.06996528,0.00927236,0.08044597,0.14195597,0.16067563,0.17692091,0.16982307,0.13611333,0.08071124,0.01334785,-0.04565843,-0.08982678,-0.10818674,-0.11613041,-0.10269071,-0.08865795,-0.06176207,-0.02584133,0.00656577,0.04907775,0.08123887,0.11052850,0.13558231,0.16115814,0.17320698,0.18568259,0.17350894,0.12428851,0.03441733,-0.06190382,-0.13599624,-0.18506323,-0.20561421,-0.20381409,-0.24085318,-0.27725548,-0.31628948,-0.33297801,-0.32610700,-0.30035260,-0.30339891,-0.31621131,-0.29614213,-0.30044505,-0.31778586,-0.36004776,-0.41790554,-0.45485371,-0.56172031,-0.75931323,-0.74536121,-0.56808519,-0.51287115,5.03741884
1368,QUE_T3.04.C,0.00000000,0.56999999,0.43000001,-1.25015926,-1.22241485,-1.19049156,-1.15339148,-1.11642146,-1.08530331,-1.06050897,-1.03716326,-1.01105165,-0.97962582,-0.94530505,-0.91058725,-0.87614936,-0.84151679,-0.80665648,-0.77081376,-0.73463947,-0.69914937,-0.66827613,-0.63714796,-0.60779077,-0.57852101,-0.54679632,-0.51364821,-0.48050901,-0.44473529,-0.40911326,-0.37330857,-0.33436173,-0.28862035,-0.24614073,-0.20545469,-0.15836905,-0.11757971,-0.08428914,-0.04731807,0.00358795,0.03623730,0.06682946,0.10539847,0.14235142,0.18082519,0.22207415,0.25297213,0.28124613,0.31129736,0.34195834,0.37280256,0.40481326,0.44003668,0.48175240,0.51580930,0.54310709,0.59384483,0.64528376,0.66788560,0.68125480,0.68638617,0.70045769,0.71485436,0.69079852,0.65728664,0.68154091,0.70648956,0.72871327,0.75155890,0.77368534,0.79456705,0.82156658,0.84769201,0.88061702,0.91338640,0.97260118,1.01545250,1.01842046,1.02594161,1.01993990,1.01784575,1.02904868,1.04505849,1.05837464,1.07590008,1.09157145,1.10864234,1.12770951,1.14947581,1.17412078,1.19671571,1.20947373,1.22388160,1.24489188,1.27106941,1.29713166,1.32204604,1.33798826,1.35499716,1.33275616,1.32103300,1.27866089,1.46841455,1.53591049,1.29871166,1.22853029,1.16765189,1.14477706,1.11076272,1.09400523,1.10206032,1.10906255,1.10940015,1.11294067,1.13093555,1.15331531,1.17403269,1.19120038,1.20832968,1.22589719,1.24413788,1.26091170,1.27828598,1.30472100,1.33143497,1.35242212,1.37160254,1.38516295,1.38978410,1.38663793,1.37840497,1.37217999,1.37068093,1.37092829,1.36912608,1.36398089,1.36407018,1.37355101,1.37569070,1.37499475,1.38116956,1.39484870,1.40719640,1.43803406,1.51100111,1.40323138,0.94149983,0.25444689,1.48812973,-0.70716536,0.71602672,1.37240303,3.11550951,1.44193041,1.30374181,2.06003094,0.61946189,0.68032390,0.79929662,0.82739884,0.87388241,0.91050816,0.95544517,1.01437616,1.07178342,1.04306817,0.99244118,0.94791687,0.91374308,0.88086712,0.85089773,0.82474238,0.80884075,0.81121302,0.81602067,0.83083218,0.84672511,0.86466169,0.87261188,0.87524170,0.88958412,0.90032220,0.90483159,0.90832287,0.91154492,0.92777187,0.92330736,0.87929583,0.82971478,0.76656204,0.71247721,0.70108545,0.70029527,0.69595021,0.64780438,0.61129946,0.59926480,0.60548967,0.59844655,0.58647519,0.59625590,0.57282478,0.56701499,0.52636528,0.49374619,0.31463602,0.43137902,0.24969374,0.01805122,0.08417999,-0.05532403,-1.21891296,-1.36035824
1561,CHC_ADFA10_20110909,0.21448401,0.78551602,0.00000000,-1.60241616,-1.60672724,-1.59873688,-1.57714105,-1.56542361,-1.55276322,-1.53380561,-1.52182877,-1.51101339,-1.49646771,-1.48131239,-1.45535088,-1.40838552,-1.35373020,-1.31238592,-1.27930152,-1.26088631,-1.25939941,-1.26331127,-1.25685620,-1.24019480,-1.22447348,-1.21438932,-1.19271445,-1.17217302,-1.16646838,-1.15785742,-1.14747286,-1.12159812,-1.03964925,-0.84158450,-0.59786361,-0.35161468,-0.13463493,0.01900620,0.11539770,0.16723111,0.23359536,0.28073406,0.32291064,0.36417690,0.40173495,0.43851167,0.47548217,0.51007009,0.54268104,0.57457578,0.60290706,0.62873453,0.65316689,0.66464621,0.68678814,0.70632011,0.71228558,0.71960425,0.71997702,0.70213300,0.71091455,0.71101505,0.72748107,0.75196415,0.82974750,0.87339789,0.90759087,0.93858254,0.96955323,1.00065506,1.02243602,1.04824662,1.06228828,1.07392120,1.07293963,1.06908560,1.03862369,0.98064297,0.88538909,0.82682693,0.79054612,0.77036142,0.75771320,0.75516516,0.78249705,0.82586676,0.88185012,0.92847604,0.96531612,0.99185216,1.01891267,1.03542316,1.04221547,1.03585041,1.01019049,0.95945585,0.88557935,0.79333043,0.70276123,0.51783311,0.51887900,0.24221143,0.19420752,-0.22276585,-0.34830183,-0.44591698,-0.53073370,-0.56817156,-0.57617879,-0.57718414,-0.55406094,-0.52230966,-0.47957659,-0.44244695,-0.39826164,-0.35605386,-0.31841832,-0.28354034,-0.25111604,-0.22430477,-0.19553657,-0.16591832,-0.13577409,-0.10584850,-0.07060789,-0.04380059,-0.02063733,-0.00803493,-0.00904145,-0.03048535,-0.05056876,-0.07205333,-0.10614999,-0.14912742,-0.19275858,-0.22721691,-0.23866907,-0.22809277,-0.23939955,-0.24058568,-0.22964269,-0.22316889,-0.21835391,-0.32170582,-0.62018341,-0.30211356,0.46228704,-1.75245631,-1.75245631,-1.75245631,-1.75245631,-0.11943135,0.71980947,2.84874272,-1.75245631,-1.37323904,-1.23527563,-1.10531259,-1.04810369,-0.95787781,-0.91812849,-0.88185972,-0.86555344,-0.85906488,-0.84871280,-0.83572930,-0.84696752,-0.86645645,-0.89711756,-0.91359943,-0.91118509,-0.92371893,-0.92596000,-0.93488503,-0.92645609,-0.92490286,-0.92197990,-0.91375470,-0.89597571,-0.87938350,-0.86576957,-0.84957463,-0.82382715,-0.81374204,-0.80296409,-0.79342288,-0.81484324,-0.85468847,-0.91476822,-0.96451432,-0.99550593,-1.03349698,-1.05524051,-1.08715415,-1.08273590,-1.09063101,-1.09834778,-1.11057472,-1.11820471,-1.12770283,-1.12050378,-1.16123331,-1.16541660,-1.19982660,-1.29681373,-1.29868889,-1.31884944,-1.34063232,-1.31372058,-1.38212669,-1.41045690,1.02824187,1.12430739
268,FSP_038,0.00000000,0.01282050,0.98717898,-1.37722671,-1.34654629,-1.31052423,-1.26347518,-1.21058774,-1.16933477,-1.14735723,-1.13099575,-1.10614169,-1.06596792,-1.01272404,-0.95488119,-0.89509571,-0.83255124,-0.76799113,-0.70296502,-0.63970494,-0.58215344,-0.53467786,-0.49513751,-0.46440852,-0.43957230,-0.41487795,-0.38937983,-0.36656213,-0.34155610,-0.31770325,-0.29345763,-0.26533204,-0.22745134,-0.18912061,-0.14896160,-0.09717785,-0.05246107,-0.02201932,0.00707434,0.04913151,0.06609499,0.07764484,0.09817665,0.11656104,0.13470493,0.15591979,0.16503754,0.17062286,0.17797942,0.18865317,0.19922011,0.21066582,0.22434287,0.24869014,0.26473337,0.27710438,0.29352951,0.33420843,0.33951992,0.34511775,0.34292638,0.34641725,0.35176194,0.33769435,0.32349822,0.33741552,0.35039654,0.36316606,0.37751597,0.39248455,0.40812391,0.42170605,0.43758616,0.45670581,0.47636187,0.51139271,0.53895479,0.53881854,0.53960407,0.53165084,0.52867419,0.53516227,0.54384726,0.55241823,0.56202579,0.57025856,0.57653624,0.58368033,0.59357417,0.60840976,0.61883414,0.61801684,0.62130547,0.62875485,0.63811809,0.64394802,0.65293616,0.65387899,0.63801199,0.55801046,0.54243255,0.53244597,0.55859780,0.50902069,0.61916810,0.57480627,0.60504115,0.62533295,0.62758672,0.61843330,0.62535071,0.62738895,0.62496179,0.62149596,0.62587821,0.63097328,0.63427925,0.63987637,0.64659441,0.65376729,0.66185117,0.66956139,0.67432272,0.68156499,0.68599677,0.68869412,0.69142395,0.69496906,0.69759065,0.70019734,0.70156926,0.70260370,0.70401424,0.70561427,0.70849299,0.70844740,0.70770043,0.70537823,0.70282012,0.70016110,0.69668221,0.64344555,0.63227350,0.70703787,0.87511832,1.20831358,-0.08092159,-1.42791677,0.78954744,-1.00368285,-0.39017472,-0.74492449,-0.96925581,-1.50161147,-1.66944575,-0.83360445,-0.26584062,0.78309792,0.69647372,0.59974462,0.54832137,0.53787267,0.54417241,0.59359032,0.65685099,0.62692761,0.59673381,0.59761727,0.60265887,0.61876124,0.62041831,0.61080492,0.59644288,0.59582818,0.60397983,0.61645907,0.61608350,0.60658956,0.59617341,0.56960320,0.53888094,0.51717448,0.48653173,0.45013714,0.45695964,0.51572263,0.53461021,0.54143810,0.54361844,0.53615487,0.53753102,0.53925097,0.53485143,0.50207621,0.47646987,0.47361848,0.48057094,0.48052794,0.45171964,0.43796548,0.43646592,0.39854258,0.29252076,0.36099526,0.22211388,0.22022168,0.27228811,-0.00910373,0.21126649,0.28166661,-0.65816838,-0.00439557,-0.84537655
537,QUE_T1.13.A,0.00000000,0.34090000,0.65899998,-1.19160795,-1.15749729,-1.12023413,-1.07725143,-1.03384948,-0.99878651,-0.97283530,-0.94940931,-0.92199934,-0.88725704,-0.84688610,-0.80520517,-0.76364356,-0.72224110,-0.68138254,-0.64061236,-0.60020226,-0.56236780,-0.52857333,-0.49626967,-0.46621272,-0.43703818,-0.40711364,-0.37515727,-0.34261170,-0.30912855,-0.27562588,-0.24210182,-0.20413172,-0.15621381,-0.10465606,-0.05633077,-0.00669455,0.03776256,0.07737501,0.11675409,0.15987188,0.19238158,0.22361787,0.25730506,0.28884178,0.32154036,0.35461706,0.38192579,0.40649745,0.43208438,0.45783398,0.48325264,0.50928974,0.53714347,0.56838268,0.59367490,0.61646610,0.65040219,0.67876244,0.69720829,0.71149677,0.72381753,0.73777175,0.75459516,0.76694041,0.77786076,0.79703254,0.81891221,0.84028918,0.85737503,0.87705255,0.89912200,0.92012757,0.94153094,0.96635783,0.99118376,1.02399027,1.05191278,1.06194770,1.06988466,1.07385409,1.08029830,1.09264565,1.10702527,1.12073970,1.13651860,1.15179408,1.16710758,1.18451250,1.20309484,1.22143805,1.23805070,1.25091314,1.26479328,1.27932739,1.29490018,1.31179440,1.32876945,1.34064138,1.34422624,1.28908825,1.17857695,1.46461320,1.43401062,1.38427126,1.29126370,1.25367618,1.22642779,1.21750200,1.21064675,1.21069396,1.22162509,1.22928798,1.23684072,1.24596083,1.26218617,1.28061402,1.29747975,1.31224072,1.32666266,1.34003091,1.35341287,1.36644530,1.38285851,1.40251029,1.42142987,1.43734396,1.45247793,1.46416676,1.47024179,1.46933782,1.46656191,1.46499360,1.46685684,1.46894932,1.46936023,1.46718729,1.46888089,1.47400701,1.47706056,1.47785473,1.48159504,1.49383843,1.50603580,1.52215910,1.54855502,1.55353248,2.22135448,0.54624784,-0.30560568,1.79610646,1.42292547,0.39838693,1.38529634,2.44784665,2.06808281,1.22872853,1.08223462,1.03032219,1.09173322,1.13178301,1.15492725,1.17188323,1.20340610,1.22834444,1.26929522,1.24807274,1.21500957,1.17865527,1.15232456,1.12994170,1.11325347,1.09516239,1.08459282,1.08082044,1.08283389,1.09364009,1.10146809,1.09709013,1.09086657,1.08925772,1.09174240,1.09376216,1.09459627,1.08934093,1.08982813,1.11863267,1.12986434,1.10924423,1.08035827,1.04355752,1.00766921,1.00135803,1.00050640,0.98017043,0.95868617,0.94807929,0.91781515,0.92529279,0.92407602,0.90748239,0.91483849,0.88166547,0.90263575,0.89657706,0.87143254,0.79880768,0.77915508,0.74420935,0.64141405,0.58336669,0.57490766,0.35955578,0.83967775
1547,CHI_CECU07_20110908,0.52913499,0.47086501,0.00000000,-1.55321991,-1.55746353,-1.55425787,-1.54436862,-1.52947092,-1.51545906,-1.50386655,-1.49784899,-1.49339473,-1.48853409,-1.48071969,-1.46575522,-1.43447304,-1.39246392,-1.36426508,-1.34612405,-1.34158874,-1.35421097,-1.37048733,-1.37435555,-1.37135494,-1.37289381,-1.37798953,-1.37445378,-1.37611473,-1.38775253,-1.39367974,-1.40537024,-1.39982891,-1.34332800,-1.18340850,-0.96128041,-0.70254517,-0.43938228,-0.23505552,-0.11210670,-0.06200443,-0.00903292,0.02070756,0.04361116,0.06635173,0.08634190,0.10243548,0.11938648,0.13792150,0.15645079,0.17142721,0.18506955,0.19886217,0.20853594,0.20681283,0.21029560,0.21597360,0.21204594,0.19019175,0.16594847,0.11994413,0.09404285,0.09042054,0.10407246,0.12950362,0.18614209,0.23394267,0.27247113,0.30232555,0.33738795,0.36570331,0.38372427,0.40371618,0.41310307,0.41341066,0.40080801,0.37574065,0.30690178,0.22168571,0.08640944,0.00616073,-0.02326516,-0.03784845,-0.04780141,-0.04586995,-0.02767744,0.01300849,0.06186970,0.10502955,0.13843931,0.16445301,0.18331979,0.19289167,0.18586758,0.16254376,0.11288147,0.03830082,-0.06245318,-0.16911584,-0.24400511,-0.28876010,-0.31713554,-0.47060582,-0.77419430,-0.97731495,-1.10027826,-1.15549755,-1.18807387,-1.20029461,-1.19891810,-1.19502985,-1.18564415,-1.16326189,-1.13657773,-1.11052585,-1.08177793,-1.05258024,-1.02483928,-0.99780780,-0.97238183,-0.94848210,-0.92359298,-0.90078950,-0.87743771,-0.85352260,-0.83053887,-0.81058609,-0.79255325,-0.78251159,-0.78026730,-0.78893900,-0.79480451,-0.79446173,-0.80419034,-0.82113010,-0.84451258,-0.86863232,-0.88250721,-0.88270730,-0.89261639,-0.90334833,-0.90619087,-0.90836966,-0.90699285,-0.95345151,-0.96290839,-1.06288707,-0.49081382,-0.68600637,-0.64764911,-0.32052261,-0.21280786,-1.27280748,-1.22866225,-1.17684054,-1.36363780,-1.42552543,-1.41667414,-1.39509654,-1.37846756,-1.34724796,-1.33394587,-1.31777155,-1.31038833,-1.30202770,-1.29719722,-1.28474510,-1.28069890,-1.28931642,-1.29322696,-1.29673147,-1.29647803,-1.29899943,-1.29676557,-1.29274011,-1.29368162,-1.28817618,-1.28407097,-1.27515090,-1.26926410,-1.26313257,-1.25329983,-1.24665546,-1.24156368,-1.23433280,-1.22156990,-1.21788812,-1.23097157,-1.24771702,-1.26798713,-1.29970443,-1.31029260,-1.31304705,-1.33314598,-1.35274148,-1.35368383,-1.36589491,-1.36214709,-1.36456704,-1.37594128,-1.38910139,-1.41456747,-1.40837848,-1.42906582,-1.42383671,-1.45745051,-1.45980668,-1.50877833,-1.51048553,-1.48677278,-1.47599256,-1.37129939,-1.03773439,-0.06749392
1396,QUE_T3.07.F,0.00000000,0.55000001,0.44999999,-1.47311008,-1.45611894,-1.43557835,-1.41200089,-1.38836241,-1.36704934,-1.34773791,-1.32876098,-1.30847454,-1.28587389,-1.26174116,-1.23725808,-1.21245551,-1.18713224,-1.16154325,-1.13548112,-1.10886014,-1.08250034,-1.05752075,-1.03120852,-1.00519717,-0.97798568,-0.94845110,-0.91712862,-0.88480777,-0.85048819,-0.81607419,-0.78039914,-0.74163395,-0.69805306,-0.65345198,-0.60959309,-0.55965024,-0.51398152,-0.47451374,-0.43299836,-0.38582823,-0.34684378,-0.30933338,-0.26809472,-0.22830535,-0.18715478,-0.14458813,-0.11146373,-0.08155403,-0.05065103,-0.01918430,0.01285622,0.04552579,0.08047589,0.11999497,0.15323119,0.18094404,0.22084993,0.25901753,0.27447340,0.28206697,0.28764001,0.30460012,0.31976315,0.31641978,0.31422797,0.33896393,0.36655781,0.39156720,0.41357052,0.43473640,0.45818970,0.48218384,0.50942248,0.54337817,0.57803369,0.63895833,0.67093235,0.64734232,0.62538040,0.59424263,0.58454818,0.59056574,0.60276639,0.61549383,0.63247073,0.64939088,0.66762781,0.68833935,0.71044266,0.73262364,0.75284761,0.76428235,0.77368933,0.78052914,0.78759193,0.79313385,0.79167897,0.78104568,0.77183759,0.78719717,0.66918951,0.04117650,0.33938649,0.38167059,0.12776113,0.03582023,-0.03951686,-0.07058206,-0.10199410,-0.11092337,-0.08676049,-0.05139835,-0.01724466,0.01729561,0.06397270,0.11343492,0.16066185,0.20608070,0.24931231,0.28921807,0.32602122,0.36076084,0.39325514,0.42774796,0.46020672,0.48914331,0.51420695,0.53370690,0.54524845,0.54888159,0.54797924,0.54548073,0.54431844,0.54168749,0.53391725,0.51992160,0.50883585,0.49520928,0.47418290,0.45020843,0.43341121,0.42924938,0.43717411,0.46783999,0.53536791,0.43604103,0.05061504,0.03639951,-1.46471667,0.18618065,1.90374470,1.88517308,-1.04732990,1.13070571,1.16045225,0.64602578,-0.59803391,-0.65391982,-0.72153187,-0.71418369,-0.71190602,-0.65978825,-0.61900765,-0.57295835,-0.52129263,-0.47423983,-0.43968144,-0.41279268,-0.39266172,-0.37907979,-0.36729670,-0.34459072,-0.32477912,-0.30668780,-0.27999610,-0.25288916,-0.23089005,-0.20390642,-0.18515684,-0.16701469,-0.15318504,-0.13618100,-0.12505990,-0.11964228,-0.11437482,-0.10993462,-0.11444471,-0.15188041,-0.19090213,-0.23424743,-0.26307175,-0.28094381,-0.28763917,-0.31451929,-0.34050706,-0.37000564,-0.40410277,-0.41606277,-0.45998982,-0.47522050,-0.52514374,-0.49906600,-0.54138213,-0.55325252,-0.51615334,-0.63928008,-0.70748121,-0.71510851,-0.67679054,-0.83884972,-0.98011857,-0.45912224,1.32890260
351,COP_20151212_5-0-E,0.06668260,0.93331701,0.00000000,-1.33441353,-1.31981027,-1.30312169,-1.28332627,-1.26699233,-1.25335193,-1.24001360,-1.22612858,-1.21243048,-1.19595075,-1.17988586,-1.16271365,-1.14529264,-1.12901127,-1.11213863,-1.09413123,-1.07713509,-1.05844641,-1.04080689,-1.02659154,-1.01036048,-0.99461371,-0.97267133,-0.95188433,-0.93179351,-0.91141719,-0.88994247,-0.86884803,-0.84609312,-0.81897855,-0.78949094,-0.75866675,-0.72790152,-0.69775403,-0.66910219,-0.64223939,-0.61014712,-0.58870721,-0.56485164,-0.53953630,-0.51479149,-0.49029601,-0.46592477,-0.44213212,-0.41825870,-0.39379281,-0.37162310,-0.34865499,-0.32660517,-0.30540457,-0.28357935,-0.26306951,-0.24514602,-0.21684782,-0.20976858,-0.18854810,-0.16812615,-0.14621902,-0.12385999,-0.10483719,-0.03358131,0.05064998,0.07872918,0.10202893,0.12096759,0.13955766,0.16114050,0.18622376,0.21535423,0.24877077,0.28355366,0.32547361,0.38031593,0.40072224,0.40481210,0.41056746,0.41204011,0.42760864,0.44644320,0.46628389,0.49127039,0.51830524,0.55068427,0.58525634,0.62059897,0.65479589,0.68520516,0.70621610,0.72869271,0.76215851,0.80292743,0.84511453,0.88394099,0.91942573,0.97568393,1.29297340,-0.18380862,-0.27161220,-0.28646755,-0.36461839,-0.62806815,-0.09920081,1.48645663,0.90104508,0.79023552,0.69648445,0.66950947,0.70034343,0.71116042,0.72124147,0.74553078,0.78029543,0.81641072,0.84905970,0.87786263,0.90362698,0.92891520,0.95671922,0.98526758,1.01301014,1.05185950,1.09444654,1.12897205,1.15977347,1.18866634,1.20611513,1.21252513,1.21609664,1.20974481,1.19451213,1.17494822,1.15882790,1.14436972,1.14914763,1.17257106,1.18685126,1.19631302,1.22742200,1.30031431,1.45607603,1.53480387,1.20084476,1.26463294,1.64520788,2.51085234,3.22946715,3.46663594,3.08266020,1.85521066,1.30155206,1.23162317,1.01379824,0.40402189,0.22426386,0.21155536,0.28580856,0.35458854,0.42476264,0.50233912,0.58275551,0.66483885,0.69314182,0.66986614,0.65579456,0.62739295,0.58391434,0.52512819,0.48436305,0.46136478,0.45154342,0.45003101,0.45608693,0.47160757,0.49630052,0.52014107,0.53494066,0.54109591,0.54461271,0.54621488,0.54751480,0.54685503,0.54928267,0.55938262,0.54261464,0.48650134,0.40957740,0.33190909,0.27235895,0.23508556,0.20892134,0.17432673,0.13711680,0.12462752,0.11877542,0.10126689,0.09539095,0.09827586,0.10226826,0.10509580,0.09754128,0.07780868,0.03342484,0.01207805,-0.05115937,-0.08913064,-0.09917299,-0.16536954,-0.23928738,-0.18797339,-0.05035584
1337,QUE_T3.01.B,0.00000000,0.92000002,0.08000000,-1.25961781,-1.23551118,-1.20800042,-1.17568159,-1.14313400,-1.11469877,-1.08990204,-1.06582248,-1.04025948,-1.01084256,-0.97904861,-0.94694459,-0.91438329,-0.88095582,-0.84737194,-0.81379884,-0.78010488,-0.74747872,-0.71793586,-0.68787086,-0.65756696,-0.62538540,-0.59135234,-0.55606043,-0.51995879,-0.48221236,-0.44363645,-0.40453023,-0.36347234,-0.31733957,-0.27056503,-0.22284846,-0.17324063,-0.12450026,-0.07782153,-0.03260390,0.01821284,0.05640182,0.09527688,0.13663371,0.17743649,0.21811400,0.25810134,0.29622990,0.33362037,0.37053338,0.40645400,0.44244799,0.47854459,0.51478958,0.55011004,0.58294415,0.61363292,0.64439768,0.66901326,0.70088518,0.73182452,0.76076186,0.78983235,0.81891453,0.80041260,0.77544993,0.80450577,0.83534485,0.86451769,0.89452243,0.92087781,0.94793975,0.97636473,1.00662470,1.03416014,1.05675519,1.06873405,1.09191465,1.11355281,1.13252711,1.16008103,1.18316925,1.20165622,1.22039938,1.23991525,1.26242924,1.28905463,1.31904197,1.35067201,1.38346803,1.41327524,1.44317544,1.46888185,1.49212825,1.51444364,1.53610408,1.55484295,1.56352913,1.55478263,1.51520944,1.33705711,0.94971418,0.84654605,1.14127064,1.09189034,1.12860715,1.10211408,1.07510614,1.05874932,1.06077731,1.07271409,1.08026910,1.09975898,1.13506746,1.17207134,1.21214283,1.25233746,1.28808236,1.31535530,1.33927321,1.36019421,1.38209236,1.40602612,1.43424690,1.47379601,1.51813328,1.55759203,1.58825576,1.60913110,1.61541629,1.60426295,1.58497834,1.57268608,1.56487000,1.55826819,1.55358183,1.53994751,1.53995740,1.55017042,1.55282271,1.54637861,1.53865433,1.53406179,1.52725565,1.50667655,1.47098696,1.38669658,3.60617828,4.24699259,1.44022119,1.56647027,3.51151252,1.66270840,4.85979271,3.46520567,2.07223225,2.67759085,0.99217635,0.80985606,0.90201545,0.94851238,1.02032435,1.07783341,1.12569273,1.16756785,1.17757523,1.13162661,1.05448091,0.97347432,0.89577490,0.82159507,0.76553857,0.71862847,0.69562554,0.68822038,0.69526565,0.71071845,0.73640639,0.76247221,0.78201419,0.80531138,0.82151514,0.84950286,0.86638534,0.88404757,0.90216714,0.89914840,0.88316762,0.81471509,0.72504783,0.64102632,0.57350492,0.56595623,0.56231743,0.55539399,0.51617044,0.47232789,0.43979806,0.41695407,0.42057323,0.46839765,0.47483125,0.47276470,0.45307124,0.42344260,0.42907712,0.37175128,0.35914141,0.21551995,0.03720245,-0.04639289,-0.14040419,0.50238258,2.16185570
1421,QUE_T3.10.D,0.00000000,0.20999999,0.79000002,-1.26844394,-1.23893523,-1.20549285,-1.16612792,-1.12591898,-1.09318256,-1.06833661,-1.04512250,-1.01783574,-0.98386306,-0.94548661,-0.90674520,-0.86878097,-0.83115017,-0.79354298,-0.75549203,-0.71732819,-0.68061936,-0.64792991,-0.61605591,-0.58670121,-0.55732906,-0.52649957,-0.49470282,-0.46240380,-0.42764300,-0.39280990,-0.35686031,-0.31806937,-0.27383348,-0.23028998,-0.18771455,-0.14014779,-0.09774718,-0.06142095,-0.02331085,0.02340656,0.05784364,0.09017946,0.12720756,0.16254060,0.19876926,0.23631446,0.26535717,0.29149148,0.31908372,0.34757182,0.37506729,0.40350351,0.43393895,0.46878117,0.49704936,0.52177411,0.55784804,0.59536260,0.61689919,0.63341308,0.64327419,0.65841413,0.67480671,0.69118440,0.70612752,0.72826874,0.75345087,0.77570540,0.79540706,0.81731194,0.83769321,0.85957432,0.88194126,0.90582019,0.93547219,0.97592187,1.00700915,1.01422191,1.02673864,1.02526259,1.02856207,1.03984630,1.05336857,1.06780076,1.08361828,1.09932518,1.11459053,1.13151300,1.15040040,1.16963875,1.18728769,1.20037997,1.21509612,1.23172522,1.24924374,1.26371193,1.27980673,1.29415572,1.31881523,1.50107229,1.66982627,1.57605910,1.77345109,1.43321478,1.30231190,1.23039305,1.20052207,1.18717408,1.16203046,1.15628994,1.16922319,1.17760789,1.17885971,1.18419695,1.19957805,1.21642995,1.23168480,1.24726462,1.26217663,1.27714026,1.29073501,1.30533063,1.32075071,1.33903861,1.35737252,1.37233710,1.38442743,1.39441919,1.40029633,1.39800251,1.39192426,1.38826036,1.38778853,1.38825595,1.38841701,1.38458169,1.38628531,1.39156246,1.39282894,1.39621580,1.40154791,1.41520083,1.43167734,1.46616292,1.51211011,1.49339175,1.57864571,0.38430646,1.71511972,-0.75727636,1.00090623,1.69808507,2.20566535,1.28232646,0.66401452,0.58601618,0.86886537,0.89259869,0.90472007,0.93269211,0.95616484,0.98652083,1.02286768,1.06273544,1.11601722,1.10715377,1.08081591,1.05763769,1.03394878,1.01590264,0.99991292,0.98896831,0.98640835,0.98645884,0.99364156,1.00251698,1.00875545,1.01275861,1.00084031,0.99960440,0.99529558,0.99368316,0.98806757,0.98859227,0.97907919,1.01300919,1.02030849,0.98872781,0.94016647,0.88751829,0.85953295,0.83394814,0.82751405,0.80342621,0.77666503,0.74690831,0.74128670,0.73233682,0.69973016,0.67147672,0.71651447,0.69109792,0.65844774,0.66091353,0.63025111,0.54703403,0.48200434,0.39539367,0.32084152,0.32942769,0.14295781,0.42785546,-0.40875039
1437,QUE_T3.71.J,0.00000000,0.36000001,0.63999999,-1.39361072,-1.37425292,-1.35198152,-1.32629609,-1.30059636,-1.27865660,-1.25997376,-1.24185300,-1.22201729,-1.19909835,-1.17427337,-1.14916873,-1.12400210,-1.09870303,-1.07323194,-1.04697382,-1.02007151,-0.99336320,-0.96932626,-0.94439393,-0.92061764,-0.89561069,-0.86849618,-0.84043562,-0.81102246,-0.77949286,-0.74807179,-0.71500105,-0.67971766,-0.64056659,-0.60137540,-0.56218350,-0.51769745,-0.47750607,-0.44200262,-0.40484390,-0.36227629,-0.32907978,-0.29470548,-0.25831065,-0.22337364,-0.18701795,-0.14950512,-0.12027099,-0.09354152,-0.06531063,-0.03724300,-0.00884150,0.02000395,0.05069719,0.08587691,0.11399339,0.13639052,0.17907113,0.20437455,0.22138725,0.23484132,0.24408494,0.25860992,0.27253494,0.24501257,0.20678514,0.22963007,0.25073028,0.27099097,0.28975868,0.30742624,0.32567695,0.34722754,0.37281820,0.40324336,0.43583769,0.48872122,0.51830894,0.51560551,0.51317763,0.49874499,0.49914253,0.50952697,0.52185380,0.53591740,0.55069268,0.56585294,0.58167034,0.59891582,0.61742151,0.63571501,0.65348822,0.66610813,0.67709202,0.69242334,0.71448159,0.73758364,0.75759631,0.76706547,0.78193218,0.80970252,0.86841756,0.89363968,0.86428678,0.58649760,0.46564910,0.39445528,0.34671873,0.31853750,0.28914469,0.28206602,0.30187002,0.32222188,0.33777100,0.35909140,0.39047971,0.42242733,0.45341575,0.48225114,0.50879776,0.53435123,0.55619282,0.57846212,0.60021436,0.62416154,0.64724022,0.66779959,0.68462598,0.69701713,0.70475465,0.70411259,0.69926316,0.69581509,0.69333088,0.69166166,0.68829703,0.67843479,0.67494816,0.67265981,0.66426551,0.65513176,0.65234953,0.65570247,0.66754836,0.71111417,0.78162879,0.85073155,2.48587251,4.92056894,4.87978983,2.43448114,1.09579718,1.43729365,1.99375153,1.11026669,1.04464877,-0.10333800,-0.06293768,-0.32784271,-0.26224601,-0.25468504,-0.22158509,-0.17928849,-0.13625287,-0.08445835,-0.04721372,-0.02168229,-0.00933266,-0.00536024,-0.00271804,-0.00328528,0.00033095,0.01011387,0.02077277,0.03255271,0.05571492,0.07968685,0.09677398,0.11016320,0.12419619,0.13167955,0.13804491,0.14538336,0.15598594,0.15532310,0.15403180,0.16860808,0.15849666,0.14574690,0.09980322,0.05961746,0.02589930,0.01271692,0.00687428,-0.02591788,-0.05557200,-0.07471762,-0.11506044,-0.12547803,-0.14325032,-0.15113379,-0.16791593,-0.19952416,-0.20108460,-0.23511443,-0.31380704,-0.35085756,-0.33316427,-0.36642435,-0.46332335,-0.54214430,-0.45716110,-0.24650452,-0.85150802
728,SSI_SALE07_20110410,0.41799101,0.58200902,0.00000000,-1.39824867,-1.36573911,-1.33469677,-1.30486906,-1.28165340,-1.26783407,-1.25850070,-1.25257576,-1.24751306,-1.24282038,-1.23413050,-1.21235502,-1.15917695,-1.07958400,-1.02100015,-0.98373699,-0.97829783,-1.01273561,-1.05536067,-1.07755911,-1.08331764,-1.09505486,-1.11515474,-1.12074387,-1.13000786,-1.15020382,-1.16656184,-1.18083560,-1.17690146,-1.11838365,-0.87398964,-0.50297028,-0.05885109,0.36141151,0.64517528,0.79467362,0.85197842,0.90217769,0.93187642,0.95903373,0.98364979,1.00928140,1.03451955,1.05280161,1.06998658,1.09338868,1.11509728,1.13453519,1.15349412,1.17066252,1.18941915,1.20173967,1.20888710,1.23649848,1.20162523,1.17723680,1.11095989,1.07977331,1.08508253,1.10304272,1.13684416,1.19215393,1.23999143,1.28805339,1.32953513,1.37356246,1.40548372,1.42558241,1.44027495,1.45332754,1.44836700,1.45966768,1.47127223,1.40111005,1.24957633,1.06334233,0.95085120,0.90653259,0.87963635,0.85724133,0.86212349,0.88319802,0.92579365,0.96964997,1.01148021,1.04899716,1.07897091,1.09440207,1.09767413,1.08326554,1.05024421,0.98645234,0.89193213,0.78138196,0.67020899,0.65048844,0.57456154,0.50341588,0.36349559,-0.17332922,-0.44607428,-0.64134425,-0.74074185,-0.79486758,-0.82271302,-0.83917034,-0.84247029,-0.82013118,-0.79042369,-0.75421286,-0.71009505,-0.65737665,-0.60164875,-0.54472971,-0.48869610,-0.43327004,-0.38066137,-0.33017758,-0.28062165,-0.23206928,-0.18570386,-0.14132014,-0.10085180,-0.06766255,-0.03653542,-0.01426707,-0.00243045,-0.00731975,-0.02695256,-0.06103964,-0.09628153,-0.12473983,-0.14578722,-0.16650845,-0.18198970,-0.21112964,-0.23551093,-0.24698469,-0.24913679,-0.24178210,-0.17656121,-0.11595115,-0.08492193,0.80104482,5.78418398,6.01337862,1.35219562,1.83022249,-0.62417883,-0.48025519,0.06657038,-0.96124762,-1.10192478,-1.12707305,-1.13791907,-1.12524867,-1.11769605,-1.10202932,-1.08097982,-1.05979526,-1.03563654,-1.00352883,-0.99358368,-0.98511571,-0.97385627,-0.97039986,-0.95465797,-0.94172317,-0.92689532,-0.90952051,-0.89283365,-0.86931789,-0.84931457,-0.83091795,-0.81438738,-0.79407513,-0.77761346,-0.76147479,-0.74785525,-0.72971547,-0.71828270,-0.71195555,-0.70962077,-0.72739130,-0.76093709,-0.80899340,-0.85045075,-0.88939548,-0.91846174,-0.94907659,-0.98171157,-0.98539263,-0.98973817,-0.99913174,-1.01731658,-1.03186357,-1.04700017,-1.04525220,-1.07060575,-1.08729780,-1.09068406,-1.10585606,-1.14584029,-1.17482710,-1.16592157,-1.20228994,-1.25768733,-1.26073480,-0.96804982,0.07816685
924,CHC_ADFA10_20120128,0.49110699,0.50889301,0.00000000,-1.51257408,-1.50196421,-1.48409867,-1.46498597,-1.44975889,-1.43716061,-1.42488396,-1.41406560,-1.40203702,-1.39354718,-1.38080847,-1.35594809,-1.30632758,-1.23759282,-1.18433166,-1.14152133,-1.12389004,-1.13504517,-1.15388513,-1.16501796,-1.15765631,-1.15885663,-1.16657615,-1.15877199,-1.15024459,-1.15964210,-1.16653919,-1.17725146,-1.16181660,-1.07548547,-0.81772119,-0.46220535,-0.10065524,0.21304953,0.42312288,0.54047936,0.54834032,0.66120708,0.70367461,0.74083889,0.78190225,0.81990695,0.85214275,0.88698006,0.92713100,0.95941168,0.99388015,1.02653694,1.05644739,1.08372533,1.09113050,1.11633193,1.14248335,1.15494692,1.13825142,1.14854395,1.14716518,1.16760266,1.18518579,1.21413851,1.26216578,1.29853058,1.34447730,1.37955225,1.42387021,1.46596706,1.49690616,1.52191865,1.55325556,1.56294298,1.57393646,1.56290913,1.51731956,1.49231851,1.44256842,1.34827888,1.31080461,1.27828336,1.25692165,1.24588048,1.24776351,1.28470969,1.34567881,1.41114414,1.46753466,1.51914394,1.55741549,1.60453272,1.62117732,1.62693357,1.61545563,1.57606518,1.51047170,1.40747941,1.28170407,1.10970140,0.86514360,0.70629674,0.61046511,0.35588148,0.04963470,-0.15343909,-0.27792475,-0.34328154,-0.37996244,-0.38441947,-0.37171507,-0.36057809,-0.31051823,-0.24577321,-0.18286194,-0.11560360,-0.05075387,0.01009809,0.06660778,0.11361021,0.16393006,0.20625260,0.25911546,0.30508694,0.35124096,0.40545389,0.44748652,0.48595819,0.51348335,0.51551276,0.50910228,0.49313360,0.46203277,0.41912860,0.36833733,0.31748602,0.27333426,0.25921384,0.26538289,0.25050825,0.23155218,0.23345980,0.23568879,0.23958583,0.15331288,0.16243811,0.06423751,-0.18705101,-0.35310313,-0.14305912,-0.19754796,-0.42411092,-0.54741931,-0.64955789,-1.00172472,-0.93668151,-0.97578192,-0.93799710,-0.88420784,-0.81644183,-0.76659662,-0.70516938,-0.67443478,-0.65202349,-0.60236615,-0.54528350,-0.56453592,-0.56849128,-0.58364493,-0.59162343,-0.59494364,-0.59886044,-0.60857046,-0.61390346,-0.60528445,-0.58290911,-0.58290440,-0.56861174,-0.55845839,-0.53841633,-0.52316040,-0.49280557,-0.45860538,-0.42882341,-0.41961429,-0.40373349,-0.40019110,-0.42593032,-0.48954028,-0.55852312,-0.63270134,-0.68879849,-0.73139352,-0.76503402,-0.78239876,-0.79697084,-0.82036901,-0.81244707,-0.83644444,-0.82069790,-0.82720661,-0.86571443,-0.86921668,-0.90020871,-0.95058757,-0.92227513,-1.03380299,-1.12533164,-1.13771570,-1.18352139,-1.24630094,-1.26610458,-1.04668105,0.52569288
1178,SF_019,0.13461500,0.83333302,0.03205130,-1.51674449,-1.49442661,-1.46918404,-1.44278419,-1.41808140,-1.39460015,-1.37148607,-1.34916258,-1.32673371,-1.30472243,-1.28150678,-1.25404763,-1.21657574,-1.17454457,-1.14074004,-1.11348677,-1.09325194,-1.08246112,-1.07452190,-1.06164908,-1.04437315,-1.02813947,-1.01211548,-0.99331713,-0.97838598,-0.96628785,-0.95308727,-0.93991596,-0.91861081,-0.87007737,-0.77752703,-0.67239535,-0.57557893,-0.49805376,-0.44614777,-0.41101643,-0.37632704,-0.35335028,-0.33660090,-0.31502879,-0.29314855,-0.27493149,-0.25027126,-0.23023003,-0.21190570,-0.19467881,-0.17605941,-0.15803729,-0.14040408,-0.12588716,-0.10595355,-0.09040324,-0.07336766,-0.07469974,-0.03889143,-0.02667723,-0.01619677,-0.00936410,0.00337082,0.01737542,0.01058213,0.00663308,0.02561918,0.04464432,0.06327645,0.08270849,0.10461948,0.12724063,0.15010017,0.16831511,0.19014722,0.20515752,0.22906470,0.24409030,0.24942870,0.24214646,0.25269261,0.26688242,0.28581420,0.30879140,0.33037519,0.35416061,0.38013270,0.40940166,0.43836117,0.46837148,0.49963614,0.53002137,0.55112576,0.57447553,0.59778649,0.62261993,0.63605344,0.63892865,0.64102209,0.65970749,0.47618121,0.50099945,0.48918164,0.41709828,-0.02208043,0.26126871,0.30744869,0.30643106,0.31832108,0.27668065,0.27703428,0.30190834,0.34229559,0.38182881,0.42097849,0.46863300,0.52138680,0.56727535,0.60942739,0.65234208,0.69404560,0.73441744,0.77617753,0.81653905,0.86750865,0.92051345,0.96245283,1.00175953,1.03561056,1.06175935,1.07460809,1.07862806,1.07752264,1.07311440,1.06919730,1.06502914,1.05597603,1.05650747,1.07197762,1.07681370,1.07021749,1.07202744,1.02777004,0.99589646,1.00866294,0.53785282,0.26088354,0.64840621,-1.32664430,-0.85401708,-1.38189471,-1.75153959,-1.75245631,-1.75244737,-1.72629714,-0.98339093,-0.71351224,-1.15546227,1.00251567,0.23947154,0.27098748,0.35828388,0.42229643,0.48735628,0.61894536,0.62853587,0.58121085,0.52204216,0.46540323,0.40367037,0.33964545,0.30924389,0.30270535,0.29159710,0.29480445,0.30786517,0.32724592,0.36400276,0.39373472,0.41662407,0.44013789,0.47717452,0.50953585,0.54784012,0.55419618,0.55393535,0.57557470,0.55295676,0.46138513,0.36436972,0.27626792,0.21298456,0.18354686,0.18072984,0.16384149,0.13560989,0.09064737,0.10570219,0.09473454,-0.08504453,-0.03877398,0.11621957,-0.00639773,-0.05366882,-0.09271403,0.08111406,0.33890852,-0.38251817,-0.64900607,0.33381155,-0.51161557,-1.33121479,-0.57963598,0.83037031
1585,SSI_BAPI03_20110927,0.63572198,0.36427799,0.00000000,-1.65087950,-1.63465464,-1.62235951,-1.60261858,-1.58395696,-1.56796217,-1.55231321,-1.54305935,-1.53509438,-1.52467561,-1.51143420,-1.47699428,-1.41023540,-1.32918894,-1.27504277,-1.24284732,-1.23326755,-1.25579226,-1.29006672,-1.30784750,-1.31421387,-1.32553470,-1.34713614,-1.35031128,-1.36501753,-1.39883709,-1.42373204,-1.45334744,-1.45132315,-1.35617936,-1.07343197,-0.71499938,-0.35460454,-0.05639411,0.13980821,0.25171494,0.30094332,0.35581908,0.39168757,0.42351833,0.45439878,0.48502913,0.51195508,0.53583515,0.56019902,0.58490437,0.61089867,0.63470089,0.65766925,0.67596179,0.68872499,0.70482427,0.71891713,0.71512526,0.69093388,0.66447121,0.59806043,0.57984102,0.58864576,0.61512524,0.65235233,0.74086010,0.78891104,0.85010588,0.89410335,0.94332170,0.98046511,1.00912738,1.02845669,1.04016876,1.03389037,1.02634037,1.00894856,0.89762199,0.74448323,0.54900640,0.43776867,0.40656430,0.39136341,0.37185621,0.37603933,0.40554458,0.45851341,0.51751220,0.56987572,0.61376029,0.64476347,0.66396493,0.66761261,0.64851046,0.60497200,0.53249156,0.42586300,0.29808283,0.16512729,0.08470949,0.18700965,-0.20733099,0.40342686,0.01724676,-0.96803129,-1.11034131,-1.15067375,-1.18143260,-1.19581270,-1.20007885,-1.19726193,-1.17471123,-1.14170718,-1.10647881,-1.06167877,-1.01397562,-0.96805704,-0.91844231,-0.87173629,-0.82666415,-0.78216928,-0.74195373,-0.70279598,-0.66327828,-0.62518293,-0.59347051,-0.56403410,-0.54086745,-0.51980418,-0.50810766,-0.51442969,-0.53270632,-0.55841208,-0.60031807,-0.64052802,-0.67856181,-0.70732683,-0.72293544,-0.72396851,-0.74389613,-0.77187085,-0.78003770,-0.78551525,-0.78433043,-0.67048341,-0.81862473,-0.50684094,-1.75245631,-1.75245631,-1.75245631,-1.75245631,3.09819365,-1.75245631,2.88421035,-1.75245631,-1.75245631,-0.00742235,-1.25646091,-1.40096891,-1.41812932,-1.43261325,-1.40470171,-1.38350368,-1.36893725,-1.35209298,-1.32780087,-1.32719839,-1.32178819,-1.31570768,-1.30529618,-1.30532873,-1.29193950,-1.27875316,-1.26595771,-1.25561440,-1.24702215,-1.23682046,-1.22566295,-1.21654975,-1.21019995,-1.19287920,-1.18220496,-1.17472053,-1.16836238,-1.16140425,-1.16456306,-1.16414523,-1.18271661,-1.21229219,-1.24102914,-1.27579963,-1.30399251,-1.31174898,-1.34242213,-1.37139988,-1.37227106,-1.36072981,-1.38306868,-1.39569175,-1.40042388,-1.38944888,-1.41672492,-1.42458582,-1.45484209,-1.46704173,-1.50620031,-1.47248101,-1.50695884,-1.46803415,-1.42102945,-1.44283235,-0.89433491,-1.75245631,-1.75245631
225,NF_080,0.01282050,0.83974397,0.14743599,-1.47777581,-1.45454001,-1.42529607,-1.38947535,-1.35014164,-1.31169021,-1.27528310,-1.23916197,-1.20157003,-1.16145718,-1.11948597,-1.07665265,-1.03315282,-0.99074274,-0.95079380,-0.91222060,-0.87522864,-0.84135431,-0.81008631,-0.78047365,-0.75169396,-0.72473627,-0.69891798,-0.67019051,-0.64092827,-0.61583984,-0.59172499,-0.57049859,-0.53875172,-0.48308647,-0.41395497,-0.35517040,-0.31110874,-0.26784861,-0.22613759,-0.18985753,-0.15852343,-0.12439089,-0.09386919,-0.06535037,-0.03679613,-0.01119214,0.01278283,0.04147824,0.07093112,0.09627219,0.11971462,0.14298071,0.16608718,0.18616825,0.19958867,0.21690217,0.23780955,0.23672159,0.23884049,0.25776899,0.28335008,0.31662032,0.33763638,0.36142039,0.38999358,0.42043206,0.43789324,0.45579407,0.47246554,0.48979563,0.50439280,0.51842678,0.53174037,0.54314661,0.55150509,0.54938501,0.53434658,0.54553729,0.56568509,0.58236545,0.60481399,0.62406945,0.63454664,0.64547563,0.65914822,0.67486352,0.69329768,0.71569109,0.73819292,0.75903183,0.77289957,0.78911251,0.80668777,0.82086611,0.82766038,0.82841080,0.82906550,0.81692302,0.80217743,0.74837911,0.60880989,0.65096498,0.76302820,0.64168280,0.62443292,0.48621130,0.40532908,0.36019945,0.34889513,0.36181048,0.37476906,0.38578966,0.42363447,0.47317487,0.52067816,0.56363726,0.60382533,0.64128387,0.67328525,0.70105624,0.72660416,0.74976581,0.77528095,0.80290568,0.83625633,0.87226111,0.90242821,0.92982554,0.95185524,0.96601307,0.96875882,0.96667308,0.96407294,0.95484453,0.94393009,0.93153733,0.91689944,0.91158581,0.91767353,0.91671407,0.90820926,0.89426881,0.85814559,0.85560226,0.85745823,0.69310254,0.70191169,0.19251737,-0.17049420,-0.96291822,-1.37303197,-0.75072896,-1.01703811,0.95493150,-1.45502973,-1.71641409,-1.22084486,-0.46942800,-0.26082370,-0.10029800,0.07821430,0.16866277,0.23332682,0.27900219,0.30743536,0.34838983,0.39341500,0.37757465,0.34229231,0.31650135,0.27726799,0.25834629,0.24885024,0.25299853,0.26176980,0.27364579,0.29723653,0.31670913,0.33815032,0.33756697,0.36171162,0.37494904,0.38286138,0.41449511,0.41262046,0.43506339,0.42848626,0.42985165,0.38065016,0.31286258,0.24628377,0.20390618,0.18956023,0.17816137,0.14193073,0.09515325,0.04235340,0.01622202,0.00171679,0.04822701,0.07392683,-0.03314671,-0.06209056,-0.02875862,-0.06620228,-0.28216067,-0.20394568,-0.20703289,-0.49952829,-0.67692971,-0.72205073,-0.37609684,-0.66987222,-1.63717222
697,SSC_BAPI03_20110406,0.92857599,0.07142400,0.00000000,-1.65773940,-1.64734769,-1.63361669,-1.61948371,-1.60645342,-1.59640276,-1.58901918,-1.58496189,-1.58056009,-1.57644510,-1.56765056,-1.54262900,-1.48342574,-1.39928913,-1.34425521,-1.31555021,-1.31762505,-1.35476875,-1.39870048,-1.42079568,-1.42724407,-1.44299209,-1.46422780,-1.46909535,-1.47909820,-1.50081778,-1.51833987,-1.53468847,-1.52888465,-1.46473765,-1.23278654,-0.87659812,-0.43188688,0.02386699,0.35980821,0.53437483,0.59812611,0.64797080,0.67603773,0.69613200,0.71922141,0.74003744,0.75323629,0.77168214,0.79678130,0.81750453,0.83670789,0.85327393,0.86704069,0.87912148,0.86948705,0.87944400,0.89213616,0.87746459,0.82367265,0.78799391,0.72913700,0.72262019,0.72738224,0.75824630,0.78944182,0.84448582,0.89284641,0.93940359,0.98902279,1.02754629,1.05582619,1.07866108,1.08922470,1.08714223,1.07194328,1.05410087,1.00822055,0.91113991,0.76322335,0.58295000,0.51024234,0.48496512,0.45951512,0.44017249,0.44389355,0.46584964,0.50709790,0.55296326,0.59345663,0.62842178,0.65073478,0.66296065,0.66460580,0.64335346,0.59689277,0.51672179,0.40976509,0.28168505,0.15767957,0.08478685,-0.13305219,0.13050874,-0.51944399,-0.57125151,-1.03213143,-1.16680264,-1.19451797,-1.22590280,-1.24580634,-1.24869418,-1.24515891,-1.23006308,-1.20089793,-1.16002429,-1.11879480,-1.07048762,-1.02027464,-0.96867049,-0.91577053,-0.86331612,-0.81303090,-0.76649052,-0.71978903,-0.67515975,-0.63440931,-0.59700072,-0.56328094,-0.53455025,-0.50910509,-0.48892513,-0.48191342,-0.48496896,-0.50234580,-0.53026116,-0.55684829,-0.58267152,-0.60862046,-0.63102603,-0.64538759,-0.67158467,-0.70348412,-0.72175437,-0.73233861,-0.73589641,-0.73715615,-0.72090489,-0.74950343,-1.75245631,4.46320105,-1.75245631,-1.75245631,-1.75245631,0.56660151,4.42159796,-1.75245631,0.23973261,-1.12145245,-1.50931871,-1.50811410,-1.50587404,-1.47678471,-1.46395266,-1.45013511,-1.43564737,-1.42887747,-1.40853846,-1.38917959,-1.37717557,-1.36938381,-1.36204720,-1.35306013,-1.33289611,-1.31906009,-1.30323946,-1.28719604,-1.27188146,-1.25708711,-1.23857462,-1.22938037,-1.21743226,-1.20686758,-1.19592595,-1.18470895,-1.17287111,-1.16113770,-1.16329634,-1.16365480,-1.17688203,-1.20431638,-1.23350525,-1.25880361,-1.28868580,-1.30986679,-1.33404911,-1.35453749,-1.35715210,-1.35854018,-1.37128818,-1.39058232,-1.40619278,-1.41286433,-1.41616690,-1.43264103,-1.44887614,-1.47178435,-1.48657596,-1.50343120,-1.50888240,-1.51523125,-1.52476072,-1.53100598,-1.40269470,-0.28604686,1.01667607
775,SSC_BAPI06_20110511,0.75084901,0.24915101,0.00000000,-1.66109848,-1.64430285,-1.62644041,-1.60670602,-1.58692431,-1.56980145,-1.55722737,-1.54972088,-1.54283297,-1.53658128,-1.52480161,-1.49536324,-1.42966342,-1.33443880,-1.26958323,-1.23303902,-1.23017800,-1.26615024,-1.31275499,-1.33561945,-1.34177840,-1.35897744,-1.38456976,-1.39001751,-1.40048385,-1.42692065,-1.45110512,-1.47512615,-1.47067225,-1.39082408,-1.11725903,-0.72626770,-0.27338555,0.14997396,0.43986186,0.59274542,0.65605187,0.70410889,0.73428768,0.76185608,0.78826594,0.81359816,0.83426571,0.85436678,0.87547451,0.89712417,0.91794115,0.93732256,0.95562375,0.97273648,0.98204249,0.99756169,1.01210451,1.01873720,0.97404951,0.94895363,0.88941890,0.87273878,0.87954170,0.90056080,0.93288678,1.00171661,1.05144024,1.10158288,1.14781332,1.18676734,1.21942127,1.24126387,1.25305474,1.25837839,1.25240946,1.24025226,1.21551466,1.13365138,0.98357338,0.79195875,0.69606656,0.65559500,0.62933958,0.60866219,0.60856593,0.63338834,0.67791098,0.72787231,0.77260625,0.80826420,0.83720499,0.85446799,0.85503316,0.83563721,0.78786165,0.71211749,0.60189462,0.46871716,0.33519822,0.26228446,0.23335183,0.27780414,-0.28389406,-0.63163227,-0.87822932,-1.05444455,-1.12207210,-1.16144550,-1.18387628,-1.19155908,-1.19053090,-1.17236280,-1.13979161,-1.09972298,-1.05740178,-1.00759685,-0.95447671,-0.89966410,-0.84583485,-0.79257691,-0.74168658,-0.69350082,-0.64451021,-0.59885144,-0.55686069,-0.51767755,-0.48544845,-0.45641565,-0.42993686,-0.41139096,-0.40692434,-0.41291681,-0.43269733,-0.46637633,-0.49698532,-0.52799094,-0.55557507,-0.57481325,-0.58929652,-0.61848319,-0.64705145,-0.66617149,-0.67418969,-0.67463285,-0.67728812,-0.69129002,-0.70322353,-0.02290231,-1.75245631,-1.75245631,-1.75245631,-1.75245631,2.12504315,0.17518939,-1.75245631,-0.77656770,-1.34212613,-1.44358051,-1.50533736,-1.48839831,-1.45723403,-1.44185555,-1.43022919,-1.41677892,-1.39913607,-1.38221574,-1.36293113,-1.35423112,-1.34452951,-1.33407116,-1.31907094,-1.30371034,-1.29324508,-1.27938092,-1.26117766,-1.24615490,-1.23187280,-1.21756005,-1.20961165,-1.19463861,-1.18334389,-1.17514777,-1.15998149,-1.15105259,-1.14550078,-1.13683355,-1.14526653,-1.15326929,-1.18573117,-1.21575475,-1.24124539,-1.27084410,-1.29233086,-1.30957091,-1.33132017,-1.34176767,-1.34596241,-1.35533094,-1.37338221,-1.38230598,-1.38627708,-1.40535831,-1.41360867,-1.42995667,-1.44369173,-1.46643698,-1.48031867,-1.48633826,-1.49412620,-1.56728709,-1.52600706,-1.42685461,-0.28659692,1.23694170
1487,CHC_ARCA04_20110807,0.56564200,0.43435800,0.00000000,-1.49837518,-1.48594964,-1.46579361,-1.44346595,-1.41796255,-1.38919175,-1.36443353,-1.34515440,-1.33080602,-1.31701493,-1.30261123,-1.28107023,-1.24681139,-1.20648348,-1.17620778,-1.15216660,-1.13610649,-1.13215339,-1.13000679,-1.12955546,-1.12066805,-1.11508036,-1.11284757,-1.10458434,-1.10223448,-1.10940683,-1.11126387,-1.11772037,-1.10933423,-1.05396605,-0.92405045,-0.78183645,-0.65364707,-0.55065668,-0.48152333,-0.43835625,-0.41872883,-0.38836524,-0.36734226,-0.34794423,-0.32904613,-0.31009567,-0.29315683,-0.27620539,-0.25902957,-0.24207331,-0.22625294,-0.20971692,-0.19421044,-0.17853545,-0.16652621,-0.15063083,-0.13401768,-0.12110011,-0.12379022,-0.11612094,-0.11191668,-0.10300074,-0.09242118,-0.07657651,-0.05650688,-0.05967448,-0.03814551,-0.02395849,-0.00458465,0.01091062,0.02832028,0.04140543,0.05344912,0.06205971,0.07287345,0.07443015,0.07686036,0.06357889,0.05119782,0.01611965,0.00017844,0.00002314,0.00082561,0.00082223,0.00933278,0.02503126,0.04926110,0.07417586,0.09912403,0.12376802,0.13954036,0.15652266,0.16856414,0.17598824,0.17871775,0.16917987,0.15210502,0.12153494,0.09002894,0.06339063,-0.02732218,-0.06629962,-0.10604727,-0.26185057,-0.37810612,-0.46404919,-0.50991470,-0.53937119,-0.55345201,-0.55301309,-0.54420722,-0.53030372,-0.50027996,-0.46721163,-0.43442428,-0.39701474,-0.36063710,-0.32848638,-0.29874590,-0.27053323,-0.24031550,-0.21369857,-0.18823270,-0.15993509,-0.13194774,-0.10107945,-0.07627875,-0.05560308,-0.03415475,-0.02262196,-0.02007617,-0.02795849,-0.03624654,-0.05061960,-0.06997708,-0.08948590,-0.11009156,-0.12092306,-0.10908820,-0.10803062,-0.11732531,-0.11416588,-0.10903129,-0.10238816,-0.12981364,-0.11727084,-0.13699737,-0.11032844,0.34781489,0.07679889,-0.20751645,-0.38012418,-0.44187760,-0.65402669,-0.58693606,-0.78648585,-0.83640569,-0.79724401,-0.77173650,-0.73450679,-0.69760317,-0.65483421,-0.61914146,-0.58730358,-0.56162471,-0.54205877,-0.53294510,-0.54269761,-0.55247772,-0.56869274,-0.58304054,-0.59092939,-0.59109008,-0.59028155,-0.59137946,-0.57971615,-0.57054377,-0.55562806,-0.54977953,-0.53563029,-0.52074349,-0.50797027,-0.48956892,-0.46507567,-0.46319786,-0.44640172,-0.45477858,-0.47416490,-0.51648968,-0.55789745,-0.61129993,-0.64286065,-0.66359156,-0.69167137,-0.71932471,-0.72736961,-0.72935736,-0.73832053,-0.74432349,-0.74493015,-0.73287004,-0.74998444,-0.73892200,-0.76805729,-0.78621858,-0.80934888,-0.85411155,-0.89183241,-0.94247675,-0.94823515,-0.97129583,-0.91944426,-0.72591561,0.43474296
466,QUE_T1.05.J,0.00000000,0.00800000,0.99199998,-1.31450725,-1.28573000,-1.25432920,-1.21740305,-1.17921960,-1.14895082,-1.12764943,-1.10857368,-1.08555436,-1.05551505,-1.02037811,-0.98442656,-0.94889295,-0.91344124,-0.87783968,-0.84164608,-0.80554545,-0.77103776,-0.74034607,-0.71088666,-0.68478841,-0.65961647,-0.63314724,-0.60572958,-0.57876700,-0.54986453,-0.52103013,-0.49154806,-0.45827666,-0.41802227,-0.37886536,-0.34044790,-0.29516450,-0.25754404,-0.22797300,-0.19485632,-0.15143821,-0.12244213,-0.09685064,-0.06515872,-0.03514864,-0.00353828,0.03138774,0.05402980,0.07336719,0.09539527,0.11851423,0.14134444,0.16541640,0.19175322,0.22558579,0.25211927,0.27211329,0.31240916,0.35207677,0.36925423,0.37178308,0.37159678,0.37990788,0.38987601,0.39479837,0.39808705,0.41602644,0.43143582,0.44641072,0.46689764,0.48422351,0.50088584,0.51646399,0.53665477,0.56454641,0.60359234,0.67149913,0.70718813,0.70286220,0.70301902,0.68171805,0.67186022,0.67820710,0.68686855,0.69727468,0.70916915,0.71704316,0.72481060,0.73451233,0.74790698,0.76439291,0.77883935,0.78335506,0.79342252,0.80859303,0.82878035,0.85167503,0.88160050,0.91228116,0.97785234,1.06454766,1.26699758,1.69016850,1.62570608,1.41622424,1.19175148,1.08222950,1.02889442,1.01930630,0.97518492,0.95085937,0.96347344,0.95474893,0.92826688,0.90738893,0.90346736,0.90534294,0.90946293,0.91631210,0.92297286,0.93148589,0.94191563,0.95138150,0.95862192,0.96767831,0.97536254,0.97970223,0.98402560,0.98989290,0.99405664,0.99538553,0.99674064,0.99767786,1.00062394,1.00299311,1.00679791,1.00821555,1.01143444,1.01831865,1.02144766,1.02817011,1.04406309,1.06823456,1.09777772,1.15845764,1.26517522,1.41041398,1.97263217,3.74516916,4.61085320,4.59156561,1.07121360,3.89628887,3.72792530,4.69843149,3.47970128,1.52578127,1.16740811,0.98562610,0.94920182,0.90238637,0.84595525,0.83491641,0.85310614,0.90215451,0.95860857,0.94123411,0.90719098,0.89257270,0.89251268,0.89267159,0.89346576,0.87848133,0.87627262,0.87757725,0.88085800,0.88873619,0.88899308,0.88485879,0.86853766,0.85185945,0.83372188,0.82188797,0.80375785,0.78547627,0.77860069,0.81583953,0.83470583,0.83572954,0.81935793,0.78971362,0.77746391,0.76587868,0.75507963,0.74615645,0.74250364,0.71960425,0.70820576,0.70697403,0.68663973,0.69076556,0.68829471,0.68225259,0.68632632,0.69764066,0.67475814,0.67891693,0.62569267,0.66902006,0.65261132,0.43912262,0.39432323,0.30540082,0.69815326
372,COP_20160125_2-30-E,0.29757100,0.70242900,0.00000000,0.09741016,0.11284092,0.12897015,0.14369133,0.15465583,0.16411622,0.17277284,0.18089028,0.18911126,0.19905135,0.21271484,0.23569907,0.27113190,0.30819637,0.33442906,0.35213169,0.36019313,0.35716623,0.35071018,0.35107014,0.35655764,0.36012816,0.36390343,0.37262633,0.37644625,0.37439653,0.37467885,0.37453908,0.38777393,0.44337609,0.56239104,0.69389111,0.81290448,0.91126400,0.97863275,1.02025080,1.05276000,1.06897974,1.08556867,1.10383737,1.12182558,1.13972938,1.15772450,1.17391324,1.18996143,1.20677757,1.22257423,1.23827481,1.25408220,1.26909637,1.28506756,1.29926395,1.31111681,1.32899630,1.33419728,1.33778071,1.33915198,1.34663653,1.35900009,1.37352717,1.40755355,1.44648707,1.47113717,1.49283755,1.51300859,1.53135931,1.55038452,1.57006633,1.58953750,1.60950017,1.62991095,1.65265346,1.68774319,1.69961476,1.67290151,1.64840448,1.63183963,1.63208640,1.64190710,1.65398824,1.67018390,1.69221938,1.71755862,1.74641132,1.77547789,1.80380964,1.82885873,1.85034180,1.86648905,1.88312590,1.89850461,1.90779591,1.90679443,1.89801264,1.89509869,2.00600004,1.28753471,1.27267361,1.26585507,1.25611556,1.26978445,1.22121370,1.01783288,1.03945124,1.02921176,1.04770064,1.05748701,1.07259691,1.10999286,1.15581942,1.20008099,1.24881113,1.29729295,1.34302425,1.38605440,1.42565298,1.46390212,1.50078714,1.53745019,1.57359874,1.61527264,1.65925395,1.69757164,1.73044169,1.76085305,1.78239381,1.79408848,1.79685664,1.79265273,1.77925384,1.76310289,1.74461985,1.72304702,1.70965981,1.70266414,1.68982542,1.66606593,1.65525222,1.66361868,1.69599164,1.72738981,1.67686033,1.76596642,2.25804281,3.89437723,3.93892479,3.44888783,2.76252818,2.07486296,1.45865726,1.97521079,1.92098820,0.92792588,0.73442978,0.68982840,0.71294159,0.73782992,0.77117264,0.81248444,0.85487491,0.90310085,0.94823611,0.95287192,0.95413166,0.94841164,0.93832171,0.92383951,0.91427106,0.91047215,0.91634881,0.92639923,0.94258547,0.96299505,0.98973471,1.01459074,1.03489125,1.05149090,1.06697857,1.07850277,1.09119642,1.10147321,1.10655832,1.10449851,1.08602202,1.04854071,0.99882287,0.94831908,0.90907335,0.88865626,0.88130325,0.85727495,0.82161450,0.80893195,0.80200517,0.78563851,0.76678222,0.77856195,0.77112681,0.77221036,0.77535319,0.75163484,0.72428054,0.69179696,0.67384076,0.67482191,0.60697424,0.60906255,0.53802973,0.89113092,1.50187552
459,QUE_T1.05.C,0.00000000,0.00000000,1.00000000,-1.30190516,-1.27379823,-1.24227095,-1.20469022,-1.16613579,-1.13589740,-1.11502612,-1.09646010,-1.07347000,-1.04271305,-1.00644958,-0.96897799,-0.93210471,-0.89516217,-0.85811114,-0.82030362,-0.78294140,-0.74804676,-0.71793073,-0.68913096,-0.66416943,-0.64047742,-0.61587059,-0.59025955,-0.56440574,-0.53669548,-0.50973052,-0.48250169,-0.45088831,-0.40965128,-0.36809975,-0.32865149,-0.28356206,-0.24762194,-0.22042374,-0.18961072,-0.14800347,-0.12212427,-0.09938743,-0.07045901,-0.04353917,-0.01418830,0.01793705,0.03735226,0.05384037,0.07314807,0.09377068,0.11399959,0.13646555,0.16249654,0.19663808,0.22097987,0.23952506,0.28636762,0.33365637,0.34915432,0.34651214,0.33867294,0.34341699,0.35136998,0.34213409,0.32851431,0.34151450,0.35538271,0.36942530,0.38466477,0.39891303,0.41413495,0.43031514,0.44520798,0.47056445,0.50397635,0.56600249,0.59943122,0.59476006,0.59304458,0.57111794,0.55951023,0.56328833,0.57097864,0.57877952,0.58793455,0.59379274,0.59912360,0.60661364,0.61710131,0.63009828,0.64147902,0.64469123,0.65188044,0.66440880,0.68074226,0.70044017,0.72608602,0.75171947,0.80823684,0.92912602,1.14249945,1.53704619,1.41461635,1.19864881,1.00204051,0.89007354,0.83556968,0.82428122,0.78369975,0.75955117,0.77346826,0.76730597,0.74400645,0.72520536,0.72218007,0.72521329,0.72913301,0.73549718,0.74228513,0.75084138,0.75965375,0.76808262,0.77334249,0.78089815,0.78699899,0.79027832,0.79433191,0.79898435,0.80336124,0.80573863,0.80708110,0.80762798,0.81052166,0.81364161,0.81726354,0.81914711,0.82075161,0.82543629,0.82633632,0.83183110,0.84507412,0.86594105,0.89520091,0.95536155,1.05534589,1.23355389,1.89575493,0.51390243,1.55458748,2.78510737,1.39001286,-0.86455703,1.34947133,3.12706614,0.28080931,0.50488597,0.66853535,0.68317270,0.66354471,0.65339613,0.60960686,0.60508537,0.62764978,0.67424321,0.72015768,0.72645456,0.70623785,0.70148277,0.70512605,0.71748090,0.71974754,0.71791494,0.71482116,0.72044891,0.72646087,0.73355103,0.73740315,0.73289895,0.71668512,0.70156229,0.68808293,0.66937578,0.65489966,0.63274324,0.62060362,0.65454793,0.68251741,0.68620032,0.67624998,0.65664697,0.63675576,0.63712060,0.63285732,0.60477728,0.60096484,0.59620446,0.58294767,0.56309152,0.55591047,0.56661463,0.55180377,0.52399725,0.50577527,0.49336803,0.53024644,0.49828619,0.41253725,0.39236864,0.45918536,0.25061390,0.13402236,0.06792409,0.75027061
1434,QUE_T3.71.G,0.00000000,0.40000001,0.60000002,-1.41041374,-1.39106381,-1.36893272,-1.34363663,-1.31851614,-1.29686224,-1.27811992,-1.25995290,-1.24013579,-1.21755600,-1.19318616,-1.16851425,-1.14413488,-1.11956525,-1.09483659,-1.06922698,-1.04294002,-1.01682866,-0.99276042,-0.96784049,-0.94432366,-0.91922796,-0.89204550,-0.86372131,-0.83445317,-0.80311781,-0.77175903,-0.73883986,-0.70355952,-0.66488534,-0.62655449,-0.58879054,-0.54511893,-0.50602418,-0.47212443,-0.43578056,-0.39334792,-0.35993955,-0.32609928,-0.28923723,-0.25402889,-0.21709779,-0.17901200,-0.14955723,-0.12310729,-0.09488798,-0.06628186,-0.03790805,-0.00831598,0.02304137,0.05869228,0.08754451,0.11192147,0.14981924,0.17970602,0.19871071,0.21217799,0.22126384,0.23699552,0.25115728,0.27409175,0.29563135,0.31887686,0.34377527,0.36558926,0.38910404,0.41092527,0.43503907,0.45816773,0.48083529,0.50651801,0.53861475,0.58652425,0.61824167,0.62011957,0.62031263,0.60785425,0.60763687,0.61794579,0.63119859,0.64545947,0.66144007,0.67713994,0.69363075,0.71227902,0.73249644,0.75315493,0.77162421,0.78629643,0.80257010,0.82141393,0.83905375,0.84982002,0.85899633,0.86354804,0.87344486,0.69202769,0.60878444,0.49141765,0.65008271,0.66135007,0.60617590,0.52817541,0.46708578,0.44727641,0.42211577,0.41539097,0.43299848,0.45179701,0.46977380,0.49011910,0.52080464,0.55304343,0.58357424,0.61166036,0.63819289,0.66342157,0.68631017,0.70817697,0.73187315,0.75774592,0.78391761,0.80678290,0.82529300,0.83931994,0.84723717,0.84591997,0.83981776,0.83683759,0.83539999,0.83426225,0.82965887,0.82120103,0.81797153,0.81806827,0.81041181,0.80233610,0.79940104,0.80501336,0.81585962,0.84867269,0.88465363,0.77381533,0.26753613,-0.74044025,0.57257563,-0.83761847,1.86908567,1.50402033,-0.23093341,1.76080191,1.18477285,-0.72463787,-0.11276975,-0.21131802,-0.14738213,-0.07996474,-0.04538860,-0.00606304,0.03841861,0.08454693,0.14744733,0.16426896,0.16599789,0.16432820,0.15142840,0.14528029,0.14673951,0.14701647,0.15327805,0.16027959,0.17788500,0.20189303,0.21885419,0.22912501,0.24154253,0.25491458,0.26683989,0.27843285,0.29345495,0.29940030,0.29972261,0.31367123,0.30479503,0.27091455,0.22427556,0.17776930,0.13306282,0.11502550,0.09729529,0.07793780,0.05067253,0.01828693,0.00449513,-0.01144759,-0.04248662,-0.07056021,-0.07518447,-0.08604262,-0.07825941,-0.17613152,-0.17738308,-0.17119688,-0.22941984,-0.35074982,-0.48669067,-0.53100646,-0.71503586,-1.39214683,-1.63617933
608,QUE_T2.08.B,0.00000000,0.13640000,0.86400002,-1.32766855,-1.29986870,-1.27007890,-1.23495364,-1.19917119,-1.17025673,-1.14885163,-1.12941146,-1.10665512,-1.07784545,-1.04545712,-1.01236224,-0.97975761,-0.94754469,-0.91528761,-0.88231391,-0.84915680,-0.81762671,-0.78848469,-0.76161844,-0.73470175,-0.70780295,-0.68088448,-0.65394062,-0.62569427,-0.59773731,-0.56676644,-0.53513968,-0.50253451,-0.46992266,-0.43543336,-0.39892799,-0.37221161,-0.33567899,-0.29274303,-0.25714555,-0.22881474,-0.19272900,-0.16129370,-0.13385361,-0.10582384,-0.08296161,-0.06461684,-0.03369818,-0.00118706,0.02510640,0.04909808,0.07210194,0.09399470,0.10944474,0.11509901,0.12811229,0.14751814,0.11921715,0.10460254,0.13235885,0.17886311,0.23308048,0.26139703,0.29219964,0.31092668,0.32646528,0.34517968,0.36205330,0.37883484,0.39656156,0.41428545,0.42991361,0.44379070,0.45357493,0.45458621,0.43696842,0.38422608,0.38077566,0.41809204,0.44702843,0.50641263,0.54659140,0.56611001,0.58239138,0.59883523,0.61615407,0.63583517,0.65587777,0.67323637,0.68691504,0.69756168,0.70828545,0.72123349,0.72868472,0.73001832,0.72623557,0.71746808,0.69371629,0.66522026,0.56392521,0.37537885,-0.04187860,-0.05195659,-0.01542854,0.10165405,0.23168354,0.34933710,0.41695055,0.44422567,0.51009887,0.55452126,0.55719268,0.59693646,0.66035539,0.71546650,0.75128567,0.77926332,0.80228800,0.81925720,0.83236980,0.84308654,0.85202491,0.86167336,0.87351173,0.88465732,0.89673525,0.90811253,0.91681087,0.92188632,0.92446798,0.92382199,0.92192954,0.92068988,0.91914785,0.91743749,0.91641259,0.91021460,0.90505427,0.90462589,0.90451604,0.89678317,0.88015801,0.85497332,0.81761950,0.74077016,0.60744590,0.41771483,0.52003944,-0.52036572,-0.55417699,-0.91055745,-0.02593015,-0.24193636,0.04046191,1.80378711,0.94896066,0.01955135,0.07060041,0.25333673,0.37270135,0.46824899,0.56997526,0.62116879,0.65445280,0.67460316,0.69536263,0.71196842,0.71742344,0.71179289,0.68670940,0.67775065,0.67923528,0.68019044,0.67903447,0.67969757,0.68392998,0.69270146,0.70467401,0.70380926,0.68353546,0.66817051,0.66565752,0.65369415,0.64149398,0.62605631,0.63038665,0.66679132,0.68489993,0.66779047,0.62832385,0.58516049,0.56520087,0.56008470,0.55249935,0.52253556,0.51119828,0.49883404,0.49165556,0.45798054,0.45905307,0.45619258,0.44423407,0.45676333,0.44242463,0.38806140,0.37721097,0.35617855,0.37934741,0.33427784,0.20627820,0.27105457,0.23651429,0.06955989,0.70230454
722,SSI_BAPI12_20110410,0.38202301,0.61797702,0.00000000,-1.64329112,-1.63113189,-1.61580992,-1.59863925,-1.58151782,-1.56662452,-1.55503023,-1.54766142,-1.54091144,-1.53486931,-1.52209377,-1.49411619,-1.43809628,-1.36609721,-1.31683874,-1.28641260,-1.28078532,-1.30567479,-1.33706319,-1.35239041,-1.35465407,-1.36645031,-1.38299513,-1.38383496,-1.39315486,-1.41619301,-1.43278289,-1.45183229,-1.44714856,-1.37000132,-1.14078867,-0.85055447,-0.55495507,-0.29676127,-0.12222734,-0.03386774,-0.00613012,0.03869639,0.06214829,0.08184385,0.10442550,0.12505640,0.13733953,0.15725760,0.18334995,0.20356344,0.22353373,0.24224369,0.26110908,0.27875236,0.27335715,0.29066783,0.31212589,0.31498870,0.26253617,0.26470345,0.25319976,0.27703077,0.29397264,0.32765305,0.35621172,0.43330136,0.47285795,0.50177562,0.53876013,0.57001311,0.59130847,0.60737860,0.62021238,0.62673855,0.61559033,0.59464651,0.53338087,0.49637905,0.43230361,0.33619598,0.31010467,0.30389801,0.29294801,0.28591585,0.29479861,0.31916878,0.35915238,0.40441269,0.44419107,0.47736782,0.50231689,0.52121061,0.53067976,0.52534300,0.49837688,0.44692069,0.37234983,0.26762074,0.16721055,0.06252516,-0.04615345,-0.34673989,-0.51458812,-0.77942950,-0.91191101,-0.98113424,-1.01302397,-1.03471339,-1.05342686,-1.04461396,-1.03250647,-1.01737392,-0.97869098,-0.92957658,-0.87986147,-0.82659596,-0.77323526,-0.72094333,-0.66956872,-0.62023365,-0.57350373,-0.52874851,-0.48329645,-0.43943697,-0.39969867,-0.35975364,-0.32669002,-0.29752085,-0.27070922,-0.25339821,-0.25122425,-0.25875762,-0.27733588,-0.31187931,-0.34408531,-0.37381771,-0.40061158,-0.41761222,-0.42429718,-0.44513670,-0.46849394,-0.48272502,-0.49223906,-0.50342286,-0.56122047,-0.60555011,-0.73863876,-0.64657247,-1.75245631,-1.75245631,2.19385266,0.08316378,-1.24225950,-1.28775311,-0.84972346,-1.28765178,-1.44055569,-1.37964892,-1.34110725,-1.30455506,-1.26284671,-1.23510623,-1.21464062,-1.19554639,-1.18311810,-1.16760278,-1.14510727,-1.13656235,-1.13404799,-1.13132966,-1.12549973,-1.11379468,-1.10584450,-1.09534276,-1.08131647,-1.06586111,-1.04887187,-1.03741980,-1.02388394,-1.01289165,-0.99785423,-0.98635870,-0.97265738,-0.96023428,-0.95190012,-0.94390124,-0.94920725,-0.96352512,-1.00782526,-1.04493999,-1.09169829,-1.12415874,-1.14232671,-1.16536057,-1.19179022,-1.21605849,-1.20387053,-1.21644890,-1.23415124,-1.24592555,-1.23883569,-1.26273489,-1.29447925,-1.29144728,-1.30150902,-1.32030499,-1.35329390,-1.41769814,-1.40278959,-1.44088173,-1.46358454,-1.44643140,-1.23392546,-0.68821287
1468,sn_c_000,0.10021900,0.89978099,0.00000000,-1.55566692,-1.52978456,-1.50152504,-1.47319543,-1.44620848,-1.42190254,-1.40420139,-1.38678420,-1.36699963,-1.34449053,-1.31648839,-1.28132617,-1.23483741,-1.18792367,-1.15038526,-1.11829829,-1.09253478,-1.07672215,-1.06390500,-1.04215634,-1.02044225,-1.01289797,-0.98866940,-0.96095639,-0.93811148,-0.91954285,-0.89697778,-0.87592274,-0.84445578,-0.77587742,-0.65775865,-0.53588516,-0.42466322,-0.33341402,-0.26274616,-0.20759755,-0.16241123,-0.11695883,-0.07483202,-0.03401907,0.00555844,0.04540145,0.08355912,0.12207928,0.16039284,0.19272619,0.22766496,0.26152977,0.29589218,0.32954478,0.35905001,0.39064753,0.42381093,0.44420835,0.45729175,0.48524883,0.51457059,0.54546767,0.57646614,0.60677934,0.64000285,0.71020567,0.75123847,0.78632003,0.82541031,0.86620939,0.90080810,0.93914884,0.97583026,1.00858927,1.04750907,1.08469868,1.11683190,1.10692155,1.12133574,1.10700166,1.12149835,1.15876472,1.18913782,1.21678567,1.25135279,1.28289938,1.32637286,1.37297583,1.42266393,1.47029841,1.51782715,1.55685246,1.59448671,1.63213623,1.66265440,1.67852902,1.68037713,1.66671920,1.63998747,1.67896724,2.05888557,-1.75245631,-1.75245631,0.85735375,0.77978265,0.53388238,0.56490773,0.57590359,0.54037255,0.54233462,0.59006137,0.62513334,0.67967159,0.73896909,0.82218266,0.89531356,0.97059983,1.03291786,1.08749640,1.13454199,1.17757797,1.22126305,1.26246822,1.31263459,1.37465513,1.43815446,1.48839200,1.53657305,1.56721771,1.58105326,1.57384551,1.54756749,1.52047610,1.48479652,1.45346308,1.41781688,1.37631452,1.36108088,1.36463320,1.34799683,1.32529604,1.31251884,1.30738831,1.32148647,1.56553030,1.28022635,1.74411035,3.19026613,-1.75245631,-1.75245631,-1.75245631,-1.75245631,1.63519490,-1.75245631,0.94507480,-1.75245631,0.99272394,0.45323321,0.25530511,0.37627843,0.52596563,0.61459845,0.68087244,0.70906913,0.76677382,0.80966020,0.78626835,0.70873374,0.63137507,0.55658245,0.49646926,0.45632720,0.43235549,0.42464042,0.43674827,0.44360584,0.48027903,0.51072055,0.53771937,0.54244661,0.55794317,0.58556366,0.59617549,0.61344641,0.59476525,0.61144161,0.64371735,0.59739667,0.49624535,0.37920088,0.28613228,0.22726880,0.21254750,0.20160544,0.14239828,0.11123270,0.06778736,0.05297362,0.02980581,0.07785086,0.05524281,0.03063271,0.02374627,0.08462500,0.02083506,-0.04856438,-0.07568627,-0.13639134,-0.22197902,-0.29876003,-0.54564190,-0.58382887,-0.73687989,-1.75245631
785,CHI_CECU05_20110519,0.65499502,0.34500501,0.00000000,-1.60868311,-1.59788620,-1.58733320,-1.57083321,-1.54882967,-1.52984130,-1.51678967,-1.50841534,-1.50209641,-1.49584055,-1.48489344,-1.46058130,-1.41198361,-1.34684658,-1.30007780,-1.27066088,-1.26500416,-1.28697932,-1.31758797,-1.32851243,-1.32704520,-1.33682919,-1.35121238,-1.35125494,-1.35560036,-1.37442327,-1.39204359,-1.41141093,-1.40899861,-1.34062278,-1.12535441,-0.82884300,-0.47512504,-0.09058823,0.22247148,0.40131754,0.45654759,0.52848113,0.55807590,0.57662153,0.59829623,0.61594117,0.62543041,0.64141285,0.66650593,0.68468279,0.70059067,0.71469939,0.72734129,0.73272741,0.71103656,0.71410692,0.71991044,0.69986570,0.63549131,0.60307324,0.54245222,0.52330726,0.51990968,0.54475039,0.57662553,0.64618540,0.69787699,0.74222177,0.78994989,0.82873803,0.86024487,0.87983876,0.89246851,0.89085907,0.87172002,0.83084714,0.75159532,0.67100036,0.53954846,0.36771446,0.28460118,0.24849966,0.22446206,0.20065117,0.19700432,0.21832715,0.26164475,0.31326854,0.35521749,0.38756755,0.40958488,0.42738289,0.42979860,0.41259870,0.36705750,0.29083753,0.18690167,0.05591218,-0.07538290,-0.19907519,-0.27351117,-0.47029322,-0.67350388,-0.89559394,-1.06835616,-1.17724967,-1.22225058,-1.24467993,-1.25805271,-1.25547338,-1.25282502,-1.24414277,-1.22147310,-1.18985653,-1.15907657,-1.12567914,-1.09193420,-1.05799627,-1.02609181,-0.99494946,-0.96559930,-0.93706208,-0.90881687,-0.88154435,-0.85474503,-0.82684124,-0.80234557,-0.78074485,-0.76444405,-0.75768912,-0.75956380,-0.75704116,-0.75488788,-0.76415110,-0.78219008,-0.80272335,-0.82407475,-0.84240854,-0.85265517,-0.87026906,-0.88968414,-0.90124178,-0.91158271,-0.92000675,-0.95568955,-0.97167665,-0.99634683,-1.03878701,-0.39322978,-0.96742254,-1.11266744,-1.07268143,-1.35173774,-1.43125594,-1.23347116,-1.49716699,-1.52357459,-1.50196350,-1.47315407,-1.45654452,-1.43313563,-1.41924763,-1.40339196,-1.39263165,-1.38513446,-1.37308705,-1.35875118,-1.34862316,-1.34814358,-1.34846222,-1.34252667,-1.33959746,-1.33300257,-1.32876587,-1.32333755,-1.31622493,-1.31146073,-1.30529320,-1.29646289,-1.28838861,-1.28099799,-1.26997948,-1.26325631,-1.25593269,-1.24657154,-1.23733687,-1.23822641,-1.24787617,-1.26302767,-1.28224421,-1.30056012,-1.31695092,-1.32737863,-1.34427321,-1.36051345,-1.37032020,-1.37064517,-1.37791586,-1.39145410,-1.40194035,-1.40651727,-1.42509377,-1.43421197,-1.43603861,-1.46174586,-1.48357856,-1.48506784,-1.49170041,-1.53920341,-1.53968036,-1.51860642,-1.44237077,-1.11849153,-0.90884990
1699,CHI_CECU08_20111117,0.48353601,0.51646399,0.00000000,-1.53622162,-1.55012095,-1.52583146,-1.51448202,-1.48555601,-1.46655715,-1.45388710,-1.44499707,-1.43858111,-1.42826796,-1.41690624,-1.39077282,-1.34826601,-1.28705299,-1.23657799,-1.19905496,-1.18683410,-1.20294762,-1.23567140,-1.24055064,-1.24440646,-1.24992490,-1.26988280,-1.27058673,-1.27336419,-1.29285526,-1.31334245,-1.33770013,-1.33744824,-1.27254510,-1.04324269,-0.70593739,-0.30649090,0.10930673,0.42550680,0.59727955,0.61440396,0.72976804,0.76614064,0.79300255,0.82240236,0.84599727,0.86683619,0.89269382,0.92198026,0.94514728,0.96655321,0.98989779,1.00899875,1.02350974,1.01517272,1.02784872,1.03200245,1.01968980,0.99321592,0.96356416,0.88524866,0.86003029,0.83929867,0.87817395,0.90635401,0.93256450,1.00357628,1.05305660,1.11769176,1.16255212,1.21345913,1.25082624,1.26945233,1.29046655,1.27500939,1.26259637,1.22107160,1.13039982,0.97889805,0.78665984,0.64474595,0.58873242,0.56167847,0.53801876,0.53088260,0.55811143,0.61615527,0.68830520,0.74207711,0.79197627,0.82550126,0.85250103,0.87326068,0.86592025,0.83003449,0.75599205,0.63871431,0.48841363,0.33480534,0.21668246,0.21797867,0.65599298,-0.19369274,-0.60928029,-0.80431527,-0.97155362,-1.04491627,-1.09266949,-1.11082256,-1.11938882,-1.11869621,-1.10852849,-1.08436310,-1.05691803,-1.02583325,-0.99039567,-0.95539832,-0.92083102,-0.88652015,-0.85394746,-0.82581252,-0.79643601,-0.76517880,-0.73590809,-0.70543921,-0.67235607,-0.64301711,-0.61917394,-0.60086107,-0.59511530,-0.60422617,-0.60286093,-0.60448271,-0.61400270,-0.63462061,-0.66189772,-0.68683499,-0.70524663,-0.71083570,-0.72580379,-0.73917443,-0.74495679,-0.74348760,-0.74879831,-0.75224435,-0.66546720,-0.71451187,0.56004196,5.55253220,-1.75245631,2.77424741,4.70334148,0.04381730,-0.58019853,0.69606143,-0.89500558,-1.28954232,-1.32879353,-1.31919301,-1.32824194,-1.28858578,-1.27439201,-1.25501454,-1.24138689,-1.21800995,-1.23552549,-1.21609068,-1.20774651,-1.21342862,-1.21474504,-1.22259116,-1.22375047,-1.22581470,-1.21610665,-1.21302545,-1.21669805,-1.19766116,-1.19480014,-1.18859279,-1.17978787,-1.17161334,-1.14719450,-1.13654327,-1.13043773,-1.12293172,-1.11417949,-1.11801445,-1.12220955,-1.15117931,-1.16972101,-1.20572329,-1.23432183,-1.23668468,-1.24796903,-1.25543404,-1.28471661,-1.27854502,-1.28491211,-1.28377402,-1.31308711,-1.32527292,-1.32858729,-1.33423126,-1.37432647,-1.34752774,-1.36452794,-1.37167382,-1.33135509,-1.37545979,-1.36013222,-1.37072706,-1.19481778,1.01342082,-1.75245631
159,NF_006,0.42307699,0.42307699,0.15384600,-1.30909717,-1.27988064,-1.24679899,-1.21008158,-1.17390084,-1.14198792,-1.11997712,-1.10315859,-1.08369875,-1.05736852,-1.01911104,-0.96767008,-0.89806920,-0.82065856,-0.75771028,-0.70970541,-0.67908627,-0.67212772,-0.67236555,-0.66626835,-0.65599602,-0.65282714,-0.65159601,-0.64071918,-0.63380176,-0.63470185,-0.64217949,-0.65429491,-0.63222462,-0.52294797,-0.31497213,-0.08485147,0.13610211,0.32119212,0.44422892,0.51799345,0.56957704,0.60120815,0.62631994,0.65289414,0.67890710,0.70244640,0.72753483,0.74889660,0.76799124,0.78489292,0.80131733,0.81851655,0.83949614,0.86193252,0.88367504,0.90244037,0.91820592,0.91510469,0.92588502,0.92734039,0.92845827,0.93924725,0.95250475,0.97002769,0.97376508,0.97581667,0.99789011,1.02176249,1.04089761,1.05920410,1.07876921,1.09368086,1.10804200,1.12234628,1.13058114,1.13276625,1.12576866,1.11932802,1.09472275,1.06422377,1.05729902,1.06463695,1.07437909,1.08296084,1.09667659,1.11202061,1.13028157,1.15171814,1.17165303,1.18907940,1.20503116,1.21552515,1.22208667,1.22279179,1.21818078,1.20360649,1.18041790,1.14388454,1.10052454,1.08421421,0.98812670,0.96625054,0.89744860,0.94319314,0.71275139,0.46892351,0.34354833,0.30545294,0.27890822,0.28339729,0.28339776,0.30715582,0.35081327,0.39849979,0.44685665,0.49909019,0.55137026,0.60099733,0.64741874,0.69181567,0.73307890,0.77097046,0.80853528,0.84315479,0.87574983,0.90845233,0.93921244,0.96129030,0.97948140,0.99378949,0.99968481,1.00204802,0.99964136,0.99500811,0.98562634,0.97304267,0.95730656,0.93991661,0.92403632,0.90253246,0.87615043,0.85695994,0.84949839,0.83436930,0.85504317,0.97674173,1.14930403,0.13879164,-0.27347368,-0.72185534,-0.57343185,-0.32527870,-1.16986835,-1.22907698,-0.27434403,-0.59199518,-0.32537404,0.19926859,-0.16082089,-0.35972583,-0.21498719,-0.12006590,-0.07039182,-0.02585442,0.04504608,0.10956043,0.10041393,0.11033615,0.12385041,0.13946511,0.14759715,0.14807767,0.16458751,0.18874490,0.20723797,0.22925332,0.25806651,0.28239229,0.29706264,0.29601440,0.30503178,0.31683090,0.31581935,0.31872752,0.31808177,0.31653640,0.34844872,0.33244899,0.31086776,0.28196341,0.23346564,0.19891241,0.15896305,0.14624578,0.11258173,0.06253077,0.06871803,0.04430566,-0.00727347,-0.00276712,-0.06442811,-0.12656705,-0.09514659,-0.16522194,-0.16706799,-0.17582802,-0.27754554,-0.37348059,-0.24009593,-0.45092627,-0.44800618,-0.95713621,-0.97054166,0.31364039
1668,SSC_BAPI09_20111107,0.47275901,0.52724099,0.00000000,-1.64624548,-1.63699496,-1.61901045,-1.58638895,-1.55223167,-1.52152693,-1.49750137,-1.48042214,-1.46679020,-1.45540333,-1.44037223,-1.41779721,-1.38206422,-1.33496070,-1.30013764,-1.27765131,-1.26670575,-1.27307272,-1.28436065,-1.28795040,-1.28132010,-1.28184164,-1.28573632,-1.28125298,-1.28028965,-1.28797996,-1.29417837,-1.30614126,-1.29882121,-1.23981214,-1.08619094,-0.88095695,-0.64643550,-0.42545459,-0.26884368,-0.17892015,-0.13172524,-0.08934449,-0.05905244,-0.02727930,0.00101411,0.03139346,0.05835467,0.08169158,0.10813428,0.13406734,0.15719520,0.18261197,0.20556991,0.23002109,0.25134379,0.27061912,0.29449055,0.32413906,0.30577058,0.31674978,0.29395628,0.29795685,0.31430462,0.33537912,0.36952206,0.42469838,0.47114667,0.50592530,0.53858507,0.57483643,0.60551751,0.63214588,0.65671098,0.67212528,0.68298179,0.68884933,0.69214755,0.68637985,0.60524285,0.49937835,0.44902134,0.41821522,0.40769574,0.40312394,0.41129759,0.43971160,0.48797026,0.54223627,0.58839661,0.62838554,0.66256893,0.69616640,0.71281749,0.72162688,0.71334803,0.67662203,0.62245494,0.54574156,0.46511576,0.40063763,0.03514349,0.93363959,-0.17122212,-0.51874053,-0.50404972,-0.54976106,-0.66780639,-0.70761818,-0.73393679,-0.73416817,-0.74690050,-0.72743690,-0.68650919,-0.64870423,-0.61127812,-0.56179249,-0.51092446,-0.46480280,-0.41982660,-0.37316376,-0.33258781,-0.29603055,-0.24893975,-0.21131007,-0.17677869,-0.13494742,-0.10355010,-0.07998729,-0.05713009,-0.04429304,-0.05188402,-0.07222582,-0.10672904,-0.14819710,-0.18826543,-0.22415507,-0.25772610,-0.27136120,-0.26073197,-0.26217285,-0.28049380,-0.28349090,-0.27599820,-0.27096900,-0.24245650,-0.17073002,-0.34955680,0.76704419,5.38203382,-1.75245631,-1.75245631,5.47437239,4.43013906,2.16639423,2.96216846,0.39941901,-1.00527096,-1.19724882,-1.12572217,-1.10562670,-1.06412911,-1.02844405,-1.00796998,-1.00487685,-1.00998676,-0.91644126,-0.90064114,-0.91276288,-0.92425436,-0.91945785,-0.91974461,-0.92759216,-0.91608912,-0.90828711,-0.89624542,-0.89030850,-0.88479543,-0.86865199,-0.86208630,-0.84051991,-0.83006614,-0.81009746,-0.80297256,-0.79331255,-0.76514989,-0.76385969,-0.77592218,-0.81523341,-0.86769354,-0.91498280,-0.96811473,-1.00751317,-1.03322983,-1.04611957,-1.08836305,-1.10905612,-1.07376015,-1.09180617,-1.12213516,-1.11105263,-1.12415695,-1.12091541,-1.12690794,-1.16865063,-1.17249179,-1.19517457,-1.31777525,-1.19006717,-1.23105502,-1.18622959,-1.27475572,-0.78265035,1.27344871,5.79724598
1140,OPE3_019,0.02564100,0.71153802,0.26282099,-1.45708489,-1.43831491,-1.41708219,-1.39284074,-1.36807430,-1.34573770,-1.32764804,-1.31063974,-1.29216444,-1.26994228,-1.24474537,-1.21857297,-1.19139755,-1.16236746,-1.13308084,-1.10339367,-1.07360315,-1.04448509,-1.01768911,-0.99249792,-0.96822089,-0.94461328,-0.92097390,-0.89530158,-0.87003762,-0.84288675,-0.81502563,-0.78624624,-0.75454289,-0.71652091,-0.67712790,-0.63741004,-0.59587562,-0.55619574,-0.52015275,-0.48471725,-0.44423279,-0.41181925,-0.38159439,-0.34859002,-0.31561625,-0.28378817,-0.24976140,-0.21872121,-0.18879433,-0.15885366,-0.12864026,-0.09885490,-0.06853889,-0.03967672,-0.00834496,0.02095800,0.04964487,0.07606571,0.11107166,0.13502303,0.15935828,0.18018819,0.20269680,0.22569540,0.24311313,0.26142204,0.28410125,0.30814284,0.33196986,0.35808429,0.38356978,0.40467212,0.42668897,0.44945842,0.47153276,0.49393129,0.52672100,0.54119271,0.54632914,0.55400056,0.55493283,0.56133467,0.57052100,0.58226913,0.59549534,0.61184871,0.62739670,0.64671385,0.66568416,0.68535966,0.70502180,0.72001582,0.72956187,0.73847687,0.75144202,0.76135433,0.76481336,0.76446348,0.76418608,0.75886238,0.72307336,0.58256251,0.46516812,0.50148791,0.41092783,0.45749369,0.37350932,0.33064443,0.31710574,0.27600893,0.26290941,0.27609450,0.30038521,0.32048276,0.34564596,0.37896994,0.41037276,0.44302505,0.47053900,0.49634376,0.52161354,0.54539615,0.56838644,0.59044886,0.61770505,0.64368135,0.66506648,0.68440002,0.70028943,0.70835322,0.70643228,0.70363748,0.69921714,0.69170862,0.68766671,0.68173629,0.66938418,0.66274846,0.66425687,0.65492094,0.64381337,0.64368296,0.64305568,0.63387656,0.55446607,0.44182140,0.28806093,-0.86212057,-1.52728188,-1.06010842,-1.07863319,-1.74356461,-1.22334242,-0.84555048,-0.93996966,-1.22971976,-0.92740548,-0.33007437,-0.51608801,-0.43452489,-0.32384530,-0.22128126,-0.16159287,-0.11577434,-0.06137374,0.01760283,0.00714914,-0.00658435,-0.01147318,-0.01602616,-0.01823797,-0.01445171,-0.01411153,-0.01208156,-0.00400712,0.00886592,0.01718074,0.03355303,0.05572696,0.06506733,0.07895028,0.09718755,0.09366597,0.11656933,0.11414029,0.11614957,0.14007184,0.15316504,0.07449196,0.02516437,-0.02035967,-0.06334809,-0.07529794,-0.10560110,-0.10722592,-0.13346411,-0.18040672,-0.22512034,-0.21036689,-0.27799532,-0.23854823,-0.29467848,-0.30827662,-0.37771687,-0.18235314,-0.29995352,-0.45429933,-0.45931926,-0.52329898,-0.48080689,-1.08072042,-1.13177717,-1.14708698,-1.31155312
1477,CHC_ADFA03_20110807,0.49322999,0.50677001,0.00000000,-1.57522237,-1.56168520,-1.54914820,-1.53629589,-1.51893914,-1.50399673,-1.49069166,-1.47700357,-1.46444595,-1.45306528,-1.43486893,-1.40694535,-1.36293805,-1.31198061,-1.27330351,-1.24329579,-1.22355258,-1.21883309,-1.21953118,-1.21484780,-1.20190024,-1.19219208,-1.18666685,-1.17277622,-1.16298449,-1.16517389,-1.16495967,-1.17018712,-1.15589905,-1.08830965,-0.93112749,-0.74656886,-0.57089061,-0.42531398,-0.32655188,-0.26665407,-0.23369481,-0.19771588,-0.17083076,-0.14648709,-0.12206841,-0.09931778,-0.07750998,-0.05758935,-0.03639273,-0.01671166,0.00320430,0.02027565,0.03593873,0.05047072,0.05892120,0.07175276,0.08594762,0.08575924,0.09152148,0.09223140,0.08656627,0.09179014,0.09934571,0.11507037,0.13088910,0.13357782,0.15200849,0.18070891,0.19838549,0.21979234,0.24016546,0.25732774,0.26984832,0.28493306,0.28852674,0.29282600,0.28247854,0.26543593,0.24501117,0.18989854,0.16316417,0.15929481,0.15561888,0.15026693,0.15618880,0.17563218,0.20856912,0.24674700,0.28092501,0.30908987,0.33171627,0.34899354,0.36741439,0.37473822,0.37262049,0.35849562,0.32732889,0.28039727,0.22727278,0.16749370,-0.02710424,-0.13850580,-0.11224108,-0.23478943,-0.37291965,-0.51866132,-0.57712686,-0.61136389,-0.62789917,-0.62234938,-0.61321133,-0.59980470,-0.57003403,-0.53213876,-0.49419540,-0.45660204,-0.41926193,-0.38529873,-0.35301632,-0.32584885,-0.30064780,-0.27618143,-0.25051317,-0.22399567,-0.19567201,-0.16515861,-0.14010772,-0.11844634,-0.10281505,-0.09937306,-0.10709644,-0.11817791,-0.13043405,-0.15843157,-0.19157816,-0.22326975,-0.24823217,-0.25849503,-0.24747258,-0.25360236,-0.25879818,-0.25579113,-0.25202590,-0.24734999,-0.32629886,-0.36180907,-0.48904970,-0.51673263,-0.63550967,1.00092149,-0.65587568,-0.58795732,-0.82994723,-0.98009503,-0.95392179,-1.14418459,-1.00469112,-0.97996789,-0.89517421,-0.85154188,-0.79403192,-0.75342768,-0.72381812,-0.70468897,-0.69000834,-0.66869241,-0.66810179,-0.68164676,-0.71318537,-0.73566771,-0.75015563,-0.75672609,-0.75690216,-0.76529169,-0.76185882,-0.76165873,-0.75159490,-0.74636507,-0.73393184,-0.72810453,-0.71128911,-0.70150441,-0.68067789,-0.66912615,-0.64720458,-0.64384693,-0.63948816,-0.65899396,-0.70481610,-0.76983982,-0.80220133,-0.83971739,-0.86577076,-0.89990181,-0.92259371,-0.93249637,-0.92306763,-0.93825597,-0.94221514,-0.94683254,-0.94152570,-0.97095460,-0.99704498,-0.98362827,-0.98755175,-1.04757261,-1.06094587,-1.09714210,-1.13363099,-1.17488062,-1.17525971,-1.30488515,-0.86865348,-0.17134798
184,NF_032,0.00000000,0.09615380,0.90384603,-1.10860777,-1.06093740,-1.00628769,-0.93899423,-0.86763525,-0.81243527,-0.77744663,-0.74900490,-0.71416980,-0.66376233,-0.60178137,-0.53686935,-0.47085860,-0.40609720,-0.34378159,-0.28493446,-0.23123947,-0.18296735,-0.14144681,-0.10694744,-0.07376112,-0.04460061,-0.01525079,0.01357292,0.04117650,0.06924741,0.10016490,0.12904541,0.15949816,0.19468758,0.22681983,0.25787649,0.28385186,0.31761384,0.34769240,0.37225822,0.40195721,0.43036842,0.44159374,0.45926878,0.47722384,0.48852092,0.50464034,0.52234763,0.53864563,0.55053282,0.56415683,0.57631022,0.58770335,0.59516883,0.60073489,0.61015660,0.62415147,0.60049462,0.61422026,0.63014877,0.65226400,0.68096429,0.69784540,0.71895379,0.69465655,0.66241938,0.67050302,0.68072969,0.68924475,0.69794381,0.70855331,0.71595097,0.72233361,0.72613394,0.72632349,0.71852821,0.69859892,0.70250905,0.71397561,0.73074895,0.75780880,0.77362293,0.78479970,0.79293215,0.80098403,0.80936223,0.81674892,0.82568473,0.83142322,0.83700329,0.84325671,0.85186297,0.85197443,0.84874493,0.84497219,0.83968455,0.83399671,0.82338864,0.80374104,0.77546561,0.77699345,0.68064296,0.80821836,0.83398086,0.60652995,0.53476304,0.59691846,0.62784940,0.65350342,0.68050784,0.69291162,0.70184696,0.72737986,0.75981480,0.78799790,0.80832237,0.82172245,0.83585221,0.84428859,0.85148764,0.85708451,0.86461681,0.87139773,0.87512976,0.87905020,0.88384122,0.88546300,0.88755804,0.89032716,0.89379227,0.89330637,0.89422792,0.89742380,0.89742196,0.89508361,0.89643729,0.89429641,0.88935161,0.88584369,0.87996727,0.87120676,0.85190177,0.76867747,0.75130296,0.73342621,0.79689068,0.61663693,-0.02705013,-1.15193284,-0.41150734,-1.22922957,-1.51313031,-0.26157781,-0.15354414,-0.91073024,-0.38080546,0.24702233,0.65651935,0.40890172,0.40459663,0.49013686,0.52333885,0.54675943,0.56991196,0.61358154,0.66941130,0.69377846,0.68557584,0.69041198,0.71655303,0.73637480,0.73298353,0.71933758,0.72397715,0.72531426,0.73864537,0.74415886,0.76165324,0.74146128,0.71566325,0.69334376,0.68051112,0.64640766,0.60012043,0.56489301,0.55971849,0.63289797,0.65618044,0.67536348,0.66781360,0.67692190,0.67804772,0.65249723,0.66558486,0.64220983,0.59407151,0.57446176,0.59143752,0.57081735,0.55887735,0.47288251,0.44705412,0.43439984,0.48368010,0.43869889,0.29483834,0.49426061,0.29271406,0.57956642,0.33677608,0.26636428,0.29186332,0.63711244,1.07299244
71,Resop136,0.01183430,0.44970399,0.53846198,-1.42869318,-1.40666139,-1.38050687,-1.34792948,-1.31155932,-1.27978623,-1.25602949,-1.23538864,-1.21211195,-1.18176281,-1.14380515,-1.10193229,-1.05524588,-1.00091469,-0.93776643,-0.86355972,-0.77995563,-0.69526339,-0.61882317,-0.55355567,-0.50688380,-0.46668613,-0.43553945,-0.40269354,-0.36889699,-0.33648929,-0.30632052,-0.27695283,-0.23912868,-0.18490279,-0.12448741,-0.06821693,-0.01313972,0.03170969,0.06760482,0.10188192,0.13985787,0.16166672,0.18325306,0.20533864,0.22512302,0.24440326,0.26394200,0.27621928,0.28638470,0.29905418,0.31252626,0.32698834,0.34207052,0.36085224,0.38591588,0.40620881,0.42383477,0.45386380,0.48476434,0.50050628,0.51321387,0.52110213,0.53642923,0.55026966,0.58013761,0.61722893,0.64004445,0.65958035,0.68515444,0.70508885,0.72509688,0.74912584,0.76726949,0.79254049,0.82467997,0.86043578,0.91091222,0.94873184,0.95654505,0.96610492,0.96125126,0.96542782,0.97957277,0.99533975,1.01149654,1.02888548,1.04712474,1.06457472,1.08523488,1.10337782,1.12674844,1.14449620,1.15716708,1.17266619,1.18522930,1.19981337,1.22103310,1.24196053,1.25957227,1.30810976,1.33674252,1.43172336,1.56596637,1.41681516,1.24262452,1.10750604,1.04039037,1.00353682,0.98104054,0.96258694,0.97209257,0.98865139,0.99920970,1.01274276,1.03414965,1.06409383,1.08876264,1.11496937,1.13956118,1.16270924,1.18630302,1.21059024,1.22701788,1.24798727,1.27673733,1.29988933,1.32258213,1.34799635,1.36295354,1.37296140,1.37576222,1.37696004,1.37291491,1.37256920,1.37033617,1.36627233,1.36109865,1.36241758,1.36637163,1.36292243,1.36550784,1.37481284,1.42312348,1.45515072,1.50451028,1.54139030,1.69426727,1.17303407,-1.30211449,0.90513819,2.50186110,2.57196951,2.39211631,1.32676733,1.51079774,0.80975366,0.79562438,0.55439830,0.50626069,0.64263380,0.65157104,0.69239765,0.76564074,0.83620536,0.91400576,0.94592929,0.97673869,0.97335470,0.95068759,0.94809121,0.92672759,0.89442825,0.91298604,0.90641874,0.92770618,0.94134444,0.97717482,1.01955616,1.04786098,1.03500450,0.99050385,0.97377443,0.94709975,0.94857174,0.94042873,0.94875753,0.95714927,0.94636941,0.91675287,0.86373079,0.82233435,0.77579093,0.75171268,0.77788788,0.74922633,0.65810210,0.62497187,0.58204687,0.64052427,0.65434784,0.69486713,0.68807358,0.80095720,0.84668279,0.90395886,0.48384535,1.02373600,0.85111761,0.64847422,0.72779846,1.44268787,1.20572066,0.01222833,1.03070736
1069,Resid048,0.00000000,0.39053300,0.60946703,-1.31855023,-1.28555501,-1.24841404,-1.20594800,-1.16251945,-1.12333381,-1.09146786,-1.06214666,-1.03042412,-0.99336541,-0.95107090,-0.90611494,-0.85926419,-0.81035388,-0.75987357,-0.70862281,-0.65743762,-0.60952824,-0.56726247,-0.53160876,-0.49284461,-0.45597497,-0.43014196,-0.39679703,-0.36242038,-0.33147284,-0.30667168,-0.28376341,-0.24795848,-0.18432024,-0.11655239,-0.06346402,-0.01848653,0.02078773,0.05653551,0.09213979,0.13376853,0.15724252,0.18661992,0.21569781,0.24305891,0.27028421,0.29686981,0.32100233,0.34403983,0.36723185,0.38975424,0.41242319,0.43400672,0.45617807,0.48096126,0.50302792,0.52285105,0.54310590,0.56863159,0.58887291,0.60714233,0.62245190,0.63830251,0.65668225,0.69818175,0.74875402,0.76749438,0.78750825,0.80683756,0.82338607,0.84504837,0.86533785,0.88244450,0.90181094,0.91745782,0.93082118,0.95353007,0.97670132,0.98792523,0.99610072,0.99766761,1.00305903,1.00959122,1.02201116,1.03669763,1.05204415,1.06795323,1.08378112,1.09997976,1.11546254,1.13336992,1.15250409,1.16400588,1.17817867,1.19069266,1.19935739,1.20790362,1.20821214,1.20587516,1.17335534,1.13601768,1.04780018,1.27932036,1.21762896,1.03768837,0.96528196,0.87793696,0.82191157,0.79048491,0.77666223,0.76870316,0.78265107,0.80286199,0.82831198,0.85369045,0.88517201,0.91648483,0.94528794,0.96736562,0.98421633,1.00353444,1.02167392,1.04055440,1.05868077,1.08766210,1.11493063,1.13878596,1.15777242,1.17446017,1.18629718,1.18610549,1.18428838,1.17540371,1.17509377,1.16980684,1.16229367,1.15403259,1.15202081,1.15620947,1.15687907,1.14717197,1.14188695,1.12366426,1.16849267,1.12371898,1.05061650,1.14794374,0.05368308,-1.67834663,-1.72506106,-0.61400723,0.07640390,0.79266316,0.20565732,1.07158351,0.02933615,0.01155872,0.10131177,0.19391957,0.30860233,0.32603151,0.41615662,0.47568735,0.51660377,0.54997915,0.64026320,0.65253162,0.64143533,0.63973665,0.65887219,0.65196228,0.61424321,0.58672738,0.59578097,0.59750533,0.63176000,0.67594868,0.70393193,0.71648735,0.71490693,0.68490130,0.70733511,0.68763351,0.69627106,0.69699234,0.68655396,0.73082536,0.71313840,0.66604108,0.58978301,0.53137130,0.53027749,0.49135268,0.51040268,0.51589978,0.42455581,0.34695807,0.39583960,0.41760615,0.32864520,0.45079738,0.40551162,0.31581280,0.30668280,0.36562479,0.54508203,0.31804669,0.40634295,0.69197112,-0.24534550,-0.88634133,0.60227746,0.69986314,-0.07594254
630,QUE_T2.10.J,0.00000000,0.19700000,0.80299997,-1.32607400,-1.29855061,-1.26849985,-1.23403633,-1.19819045,-1.16799176,-1.14441085,-1.12256134,-1.09761870,-1.06758463,-1.03399980,-1.00008893,-0.96675807,-0.93359363,-0.90020305,-0.86647153,-0.83214110,-0.79938293,-0.76890463,-0.74000287,-0.71135068,-0.68218201,-0.65261608,-0.62270755,-0.59225506,-0.56178945,-0.52879751,-0.49424425,-0.45821950,-0.42167813,-0.38373983,-0.34362265,-0.31076914,-0.27004454,-0.22391586,-0.18358660,-0.14929242,-0.11008023,-0.07469764,-0.04251747,-0.01044634,0.01774295,0.04200516,0.07594418,0.11067200,0.14029025,0.16771305,0.19388241,0.21914424,0.23959073,0.25097942,0.26824641,0.29049885,0.27229303,0.26609105,0.29401097,0.33968845,0.38791019,0.42035073,0.45224506,0.48460540,0.52288330,0.54357266,0.56295806,0.58281231,0.60326654,0.62383175,0.64307743,0.66067743,0.67387533,0.67798740,0.66826612,0.62957752,0.62967408,0.66334468,0.69022077,0.74495935,0.78269690,0.80283743,0.81995648,0.83715570,0.85586309,0.87776494,0.90062952,0.92063826,0.93817002,0.95245290,0.96729410,0.98217762,0.99372452,0.99884528,0.99813598,0.99104232,0.97145969,0.94449121,0.85603112,0.70017934,0.43556494,0.48741448,0.40209535,0.43774274,0.53134632,0.61213154,0.66585970,0.68287730,0.73890972,0.77792013,0.78389281,0.82309300,0.88092786,0.93267131,0.96978062,1.00042391,1.02538931,1.04473245,1.05964863,1.07346153,1.08518326,1.09733689,1.11258996,1.12858427,1.14572322,1.16119123,1.17332542,1.18015826,1.18329334,1.18234217,1.17787921,1.17360687,1.17054892,1.16804552,1.16611409,1.15793312,1.15266955,1.15420973,1.15441144,1.14826250,1.13438773,1.11427248,1.08163345,1.01614833,0.88030642,0.72106969,0.93232727,2.75196981,-0.34926698,1.42438507,-1.16218662,-0.69368148,0.23838966,-0.17654321,0.05972099,0.16060716,0.11104900,0.39443332,0.51272261,0.63472474,0.73340398,0.78372854,0.82354033,0.84902489,0.87494397,0.86974251,0.87794769,0.86129475,0.83336896,0.80931008,0.80279678,0.80336708,0.79683155,0.79394627,0.80052549,0.80980182,0.82159722,0.82277584,0.80972028,0.80314153,0.79972452,0.79572207,0.78838420,0.77874070,0.78294277,0.80716664,0.81710488,0.78429204,0.73625350,0.68360513,0.65562582,0.64956194,0.63054138,0.60251886,0.57692587,0.57491702,0.54545319,0.53610015,0.50367504,0.55690241,0.53459597,0.49937019,0.45064968,0.48118797,0.41491440,0.36068815,0.29142720,0.31183934,0.12929818,0.36827728,0.13510226,-0.08640465,-0.91314948
1248,SF_097,0.14102601,0.81410301,0.04487180,-1.48587048,-1.46484661,-1.44136715,-1.41593623,-1.39250588,-1.37043512,-1.35030746,-1.33107328,-1.31093347,-1.28783333,-1.25878227,-1.22108376,-1.16839337,-1.10882282,-1.06102645,-1.02423596,-0.99961555,-0.99086392,-0.98558486,-0.97161520,-0.95398325,-0.93975711,-0.92628604,-0.90553337,-0.88628656,-0.87386775,-0.86280352,-0.85224092,-0.82485700,-0.75500762,-0.62956959,-0.47753584,-0.30463773,-0.13761708,-0.01333055,0.06765075,0.12386607,0.15621264,0.18293673,0.21093085,0.23867877,0.26486847,0.29305202,0.31550500,0.33648625,0.35717911,0.37812832,0.39980233,0.42209449,0.44506097,0.47150168,0.49339139,0.51232874,0.52856553,0.54985249,0.55675209,0.55634755,0.56222582,0.57418478,0.59097987,0.60114133,0.61456150,0.63962746,0.66555774,0.68963623,0.71424413,0.73832428,0.75992298,0.77892697,0.79977149,0.82294691,0.85200667,0.89386308,0.89634264,0.88744724,0.86664808,0.84843850,0.84982425,0.86102688,0.87258714,0.88772142,0.90813309,0.93056548,0.95741218,0.98395830,1.01026392,1.03408420,1.05846465,1.07452166,1.08882618,1.09925318,1.10263014,1.09860528,1.08973324,1.08227944,1.09223998,0.97071666,0.74201494,0.85487258,0.63011998,0.60855377,0.58116764,0.52816492,0.44051138,0.39186355,0.34061840,0.34895706,0.37154165,0.40133834,0.43633410,0.47134089,0.52111125,0.57179010,0.62137979,0.66781503,0.71208781,0.75345975,0.79380888,0.83241701,0.87279838,0.91867220,0.96278846,1.00206435,1.03723335,1.06532061,1.07810080,1.08314216,1.07531023,1.06686080,1.05735707,1.04487872,1.02807426,1.00661647,0.99992484,1.00333321,0.99354595,0.98463821,0.97175860,0.92757761,0.95513320,0.90685719,1.59861708,0.93510759,-1.12838590,0.18483396,0.15537861,-1.38350046,-1.50486350,-0.13391800,-1.65201640,-1.75130284,-1.36165905,-0.60381365,-1.21603632,-0.66864192,-0.11921493,-0.02128041,-0.00147465,0.03793586,0.09832249,0.13842073,0.15993825,0.18868344,0.17479149,0.12549579,0.10247768,0.07374827,0.06771105,0.06328382,0.06318425,0.07833665,0.09167807,0.10341898,0.13537595,0.15206423,0.17136176,0.18454601,0.20418045,0.22328271,0.25648469,0.26935890,0.27559292,0.28066558,0.26676673,0.18349217,0.11015607,0.06255133,0.01541627,-0.03427663,-0.06529929,-0.08089273,-0.12602973,-0.16066629,-0.11922906,-0.12018440,-0.13300358,-0.19207588,-0.18711704,-0.26008609,-0.21752456,-0.29698062,-0.39772478,-0.40074584,-0.46260339,-0.47743067,-0.30937266,-0.66451675,-0.67322165,0.01518535,-1.04482472
850,CHI_ADFA04_20110609,0.46634200,0.53365803,0.00000000,-1.58568430,-1.57879925,-1.56279838,-1.54213250,-1.52362871,-1.50854206,-1.49526918,-1.48362744,-1.47277164,-1.46376348,-1.45015943,-1.42258048,-1.37286270,-1.30732453,-1.25556767,-1.21910036,-1.20306885,-1.21266484,-1.23123157,-1.23803639,-1.23506403,-1.24083102,-1.25294280,-1.25091314,-1.25117695,-1.26928461,-1.28631198,-1.30855143,-1.30436325,-1.22642899,-1.01905012,-0.77683276,-0.54142594,-0.34237376,-0.21164277,-0.14207119,-0.12766494,-0.08063493,-0.06150685,-0.04386849,-0.02587102,-0.00877664,0.00688772,0.02131676,0.03856632,0.05353408,0.06908275,0.08255704,0.09492303,0.10346444,0.10577990,0.11367401,0.12249927,0.12499376,0.11329960,0.10830057,0.08905819,0.08263054,0.08586371,0.10000527,0.12014046,0.11721954,0.14706963,0.16870824,0.19662043,0.21761525,0.23812765,0.25778863,0.26712713,0.28072518,0.28558350,0.28968808,0.27545783,0.25538599,0.20080917,0.12854151,0.07822178,0.05968430,0.04704509,0.03875131,0.03847541,0.05739782,0.09154111,0.13148615,0.16583313,0.19349244,0.21592428,0.23563573,0.24799974,0.25295600,0.24466573,0.21898204,0.17752005,0.11633059,0.04798932,-0.01008080,-0.08166844,-0.16003746,-0.28304601,-0.41970250,-0.63159162,-0.74374294,-0.81123841,-0.84788930,-0.86983258,-0.87584776,-0.86800349,-0.85455739,-0.82805032,-0.79640466,-0.76324743,-0.72538739,-0.68929130,-0.65514845,-0.62350607,-0.59288764,-0.56529129,-0.53808177,-0.51288807,-0.48464048,-0.45629552,-0.42766428,-0.40030938,-0.37910306,-0.35936016,-0.35205197,-0.35597977,-0.36053813,-0.36712211,-0.38477299,-0.40819344,-0.43303409,-0.45263711,-0.46062496,-0.45808816,-0.46606827,-0.47490254,-0.47878662,-0.47178647,-0.46933055,-0.49220002,-0.49359906,-0.48976910,-0.65880579,4.29737616,0.29279026,0.16513559,-0.81461048,-0.90005606,-0.92943043,-0.79893297,-1.26119530,-1.20500422,-1.19432497,-1.16522300,-1.15023732,-1.11977983,-1.08841646,-1.06160641,-1.03863263,-1.01319695,-0.99871534,-0.98792964,-0.98781842,-0.98801452,-0.99725342,-0.99858648,-0.99834120,-0.99648905,-0.99338222,-0.98721051,-0.98212194,-0.97153908,-0.96366858,-0.95540571,-0.94514573,-0.93119496,-0.91480035,-0.90766305,-0.89348233,-0.88971847,-0.87510419,-0.87658674,-0.89366287,-0.91940653,-0.96914816,-1.00332785,-1.03299296,-1.04508817,-1.06939983,-1.09635282,-1.10619414,-1.10965753,-1.11021197,-1.11864507,-1.13064265,-1.13143778,-1.13908744,-1.16480446,-1.17789721,-1.18002832,-1.21455669,-1.23452234,-1.28238082,-1.31198406,-1.35480106,-1.33941412,-1.23547459,-0.97098601,-0.47433832
62,Resop127,0.04733730,0.22485200,0.72781098,-1.48297179,-1.46496558,-1.44419444,-1.42115605,-1.39783812,-1.37758780,-1.36167741,-1.34710288,-1.33103943,-1.31175315,-1.28886223,-1.26229513,-1.23176897,-1.19926465,-1.16791654,-1.13816011,-1.11107183,-1.08877552,-1.06904817,-1.04962707,-1.02962875,-1.01055586,-0.99172550,-0.97098935,-0.94923604,-0.92875284,-0.90927231,-0.88988245,-0.85973811,-0.80701911,-0.74005157,-0.67668092,-0.61834604,-0.56385744,-0.51646048,-0.47579196,-0.43559369,-0.40282023,-0.36954999,-0.33591935,-0.30228722,-0.26964417,-0.23766243,-0.20555554,-0.17483787,-0.14410444,-0.11440299,-0.08516360,-0.05657314,-0.02681454,0.00113786,0.02943396,0.05744655,0.07954229,0.10399159,0.12889758,0.15379363,0.17889993,0.20512234,0.22968943,0.26666903,0.30619851,0.33251372,0.35999027,0.38498941,0.40949771,0.43254340,0.45533457,0.47484082,0.49989253,0.52272296,0.53869212,0.55335730,0.57734680,0.59126598,0.60445827,0.62173510,0.63628107,0.65304881,0.67042357,0.68882990,0.70935053,0.73020577,0.75045782,0.77257800,0.79338956,0.81647336,0.83356786,0.84537351,0.85955817,0.86758691,0.87123597,0.87486494,0.87137693,0.86218613,0.83106965,0.76892424,0.76064962,0.74762839,0.62808615,0.46065077,0.35751706,0.29890808,0.26761374,0.25160885,0.24916016,0.26085806,0.28543648,0.33166367,0.38378692,0.43223724,0.48592055,0.53603822,0.58582616,0.63030976,0.67340606,0.70922661,0.74470973,0.77596015,0.80597162,0.83595389,0.86555821,0.89166683,0.91670591,0.93403298,0.94738489,0.95382810,0.95600891,0.95389444,0.95317370,0.94978148,0.93888873,0.92478234,0.91328728,0.90953678,0.89720625,0.88063103,0.86820185,0.86818361,0.88902277,0.92363429,0.95439905,1.39481437,1.87435281,0.30133340,1.34852743,0.61494809,3.36809564,0.98579443,0.93632364,0.86821586,0.21006049,-0.44834954,-0.52689421,-0.40154588,-0.38050911,-0.34041274,-0.28976873,-0.21727635,-0.14886029,-0.03342484,0.00781360,0.07545862,0.07683372,0.10115879,0.12488426,0.14840616,0.17015028,0.20560567,0.22136551,0.27158836,0.30530429,0.33881551,0.37286285,0.39328223,0.38842273,0.36651993,0.39183319,0.39440924,0.39875013,0.39181519,0.39793536,0.39857411,0.40997007,0.36967236,0.31193143,0.24441868,0.21432658,0.19272269,0.22475795,0.27394074,0.19687764,0.14924674,0.09341145,0.05529913,0.09429222,0.07837650,0.11819112,0.13117389,0.08677825,0.47379425,-0.13295753,0.22034042,-0.04866219,0.03644426,-0.06332144,1.83310568,1.79338622,0.90463758,2.29879189
1390,QUE_T3.06.E,0.00000000,0.02000000,0.98000002,-1.23147774,-1.19943237,-1.16389620,-1.12222147,-1.07985532,-1.04625881,-1.02239919,-1.00094688,-0.97519988,-0.94188386,-0.90302521,-0.86312532,-0.82406938,-0.78499556,-0.74582595,-0.70595819,-0.66624665,-0.62876397,-0.59661478,-0.56596315,-0.53943896,-0.51442409,-0.48848468,-0.46142498,-0.43384033,-0.40457055,-0.37693658,-0.34986800,-0.31624252,-0.27060196,-0.22254825,-0.17899306,-0.13038906,-0.09087314,-0.06083467,-0.02774124,0.01589434,0.04466302,0.07110583,0.10344493,0.13405602,0.16636167,0.20111382,0.22377446,0.24308719,0.26468009,0.28745678,0.31063637,0.33512321,0.36399809,0.39993203,0.42684346,0.44888836,0.49504450,0.53989905,0.55453551,0.55625665,0.55296630,0.56205827,0.57129276,0.56416523,0.55749488,0.57497078,0.59225321,0.60965270,0.62741727,0.64413708,0.66163850,0.67931330,0.69674879,0.72039121,0.75373667,0.81599683,0.85718006,0.85208851,0.85206980,0.83267128,0.82122022,0.82571232,0.83585668,0.84552354,0.85638988,0.86580575,0.87347245,0.88182700,0.89376426,0.90773410,0.92090166,0.92775011,0.93755043,0.95083743,0.96732354,0.98521662,1.00964832,1.03316844,1.07093191,0.95289534,0.98471230,1.47090137,1.21993577,1.16055787,1.09684324,1.08593071,1.04739892,1.03856969,0.99876213,0.97484040,0.98651803,0.98548120,0.96826446,0.95681548,0.96021819,0.96804690,0.97712857,0.98721284,0.99915290,1.01008511,1.02295983,1.03403902,1.04210305,1.05290210,1.06108248,1.06782866,1.07459760,1.08005357,1.08365893,1.08579624,1.08755147,1.08819544,1.08975577,1.09175754,1.09475827,1.09502542,1.09606707,1.09899211,1.10113716,1.10484958,1.11506104,1.13428009,1.16106105,1.21008790,1.30919397,1.28460741,0.76512372,0.01320318,-1.25974596,3.34766102,2.63648796,3.18723106,2.95828915,0.10412575,3.49314308,1.65146554,1.09149182,0.80687732,0.68952429,0.68306851,0.68114614,0.69583964,0.71641910,0.76335287,0.83790243,0.86113745,0.84895688,0.84018654,0.84799516,0.86490428,0.87919086,0.87291783,0.87673610,0.88356495,0.89034021,0.90488625,0.91284513,0.90691280,0.89296913,0.88048524,0.86916524,0.86802679,0.85274523,0.84543216,0.83378613,0.86510998,0.87641799,0.87214118,0.85733271,0.83183318,0.81256533,0.79540890,0.78630859,0.77332288,0.74619621,0.71294373,0.69800246,0.72047579,0.71100152,0.69045448,0.69243646,0.70429444,0.68878037,0.64571983,0.63712525,0.55049986,0.52382243,0.40585753,0.66914463,0.58048540,0.51107907,-0.06324467,0.20888114
257,FSP_026,0.77564102,0.00000000,0.22435901,-1.57338226,-1.55878735,-1.54277432,-1.52587378,-1.50938165,-1.49444091,-1.48533785,-1.47978354,-1.47214055,-1.45935440,-1.43568194,-1.38838601,-1.29185677,-1.16522515,-1.07673430,-1.02785850,-1.02483678,-1.07547629,-1.13053095,-1.15709579,-1.16669035,-1.18373024,-1.20575762,-1.20898962,-1.21830463,-1.23587751,-1.24840951,-1.25327146,-1.23641980,-1.15004730,-0.85884190,-0.36665162,0.25402713,0.87943184,1.33532834,1.59249425,1.72775650,1.76398730,1.77793360,1.79569459,1.81172872,1.82515705,1.83959281,1.84785473,1.85631752,1.86635721,1.87775338,1.88773620,1.89635563,1.90439701,1.91385353,1.92150879,1.92173922,1.91651344,1.90599680,1.85902381,1.79773712,1.77227330,1.77022099,1.78366792,1.79011953,1.80217195,1.83735955,1.86941755,1.89914060,1.92406237,1.93959022,1.94775987,1.94748318,1.94261014,1.93919361,1.93770385,1.94821990,1.90886521,1.78858602,1.65658891,1.56894183,1.53730345,1.52276850,1.51378214,1.51598895,1.52914596,1.54733491,1.56609285,1.58422995,1.60102880,1.61659944,1.62204862,1.60736704,1.58250535,1.54251921,1.48191142,1.40126061,1.30879152,1.21846235,1.18657386,1.14832962,1.05097437,0.98263407,1.02787614,0.77132434,0.26830462,-0.17094959,-0.32742926,-0.38291782,-0.43957275,-0.46485668,-0.43201870,-0.38794655,-0.33741868,-0.28077391,-0.20770799,-0.13013127,-0.05186614,0.02576000,0.10078929,0.17142756,0.23806268,0.30069816,0.35503727,0.40622565,0.45163620,0.48975030,0.52216256,0.55051625,0.57501382,0.58695334,0.59099883,0.58563143,0.57162464,0.55265456,0.53297371,0.50556564,0.47444421,0.43650380,0.39327127,0.34854665,0.30850205,0.25917786,0.23651849,0.32324415,0.37925041,1.63005602,1.83710325,-0.84232926,-0.30232170,-1.39801192,-0.68076235,0.26547098,0.96077329,-0.57270187,-0.93543619,0.88546205,-0.62079340,-0.78548223,-1.02712166,-0.98703730,-0.99056077,-0.95921153,-0.92951274,-0.87955964,-0.82011336,-0.79706967,-0.79084384,-0.76479185,-0.74170899,-0.69822508,-0.65279222,-0.63244492,-0.59776396,-0.56479150,-0.52899569,-0.50037366,-0.45867783,-0.44186288,-0.43829361,-0.43044484,-0.41993773,-0.41230142,-0.40736595,-0.39913633,-0.39669970,-0.37297702,-0.36206454,-0.37861797,-0.41031268,-0.44971421,-0.47762769,-0.49125779,-0.51571172,-0.54906976,-0.58579892,-0.60644877,-0.66012305,-0.71676290,-0.75285733,-0.76697057,-0.78438729,-0.81816077,-0.86014420,-0.97254080,-0.88992572,-0.80638570,-0.94118923,-1.11741650,-1.00494170,-1.08134460,-1.21654546,-0.63661963,-0.15392908
892,SSC_ARCA01_20120126,0.65103298,0.34896699,0.00000000,-1.42071545,-1.40581143,-1.38436627,-1.35932744,-1.33875537,-1.32110620,-1.30639088,-1.29254925,-1.28555071,-1.27653801,-1.26454580,-1.24289215,-1.20030868,-1.13894796,-1.09821284,-1.07618833,-1.06928563,-1.08761740,-1.11223173,-1.12085748,-1.11815381,-1.12339783,-1.13096702,-1.12912679,-1.12894022,-1.13937414,-1.14353538,-1.14991498,-1.14074469,-1.09351218,-0.93172652,-0.70491439,-0.46519884,-0.24909693,-0.09758510,-0.01803919,0.02038480,0.05210535,0.07576176,0.09521157,0.11817464,0.13931715,0.15720268,0.17866410,0.20398121,0.22567320,0.24620336,0.26788390,0.28574875,0.30372879,0.31057400,0.32693973,0.34388348,0.34550759,0.32726532,0.32796857,0.32227889,0.34931090,0.36284447,0.39318478,0.41522643,0.45294434,0.48061723,0.50798249,0.53631049,0.56788629,0.59300369,0.61272889,0.63224357,0.64421397,0.65755379,0.66279191,0.64341491,0.59381956,0.57242537,0.51788080,0.49507815,0.49889737,0.50236136,0.50577968,0.52039957,0.54517317,0.57974803,0.62237966,0.65998191,0.69813383,0.72793519,0.75196016,0.77209371,0.77912283,0.77030134,0.74706984,0.69848275,0.63409066,0.55684185,0.47896880,0.63064587,0.44247907,0.30029383,0.20767783,-0.40882999,-0.48822361,-0.52389324,-0.55886972,-0.56520331,-0.56133223,-0.55291253,-0.53722215,-0.49778777,-0.44528803,-0.39405996,-0.33604196,-0.27846077,-0.22493266,-0.17192082,-0.11724490,-0.06813876,-0.02339149,0.02977320,0.07456465,0.12426187,0.17981681,0.22691612,0.26663187,0.30027092,0.32555190,0.32941481,0.32988483,0.31429338,0.29592350,0.26753566,0.24216446,0.21584481,0.19663773,0.19399284,0.17242566,0.14921799,0.12774663,0.11514259,0.10804348,0.04080010,0.09117733,0.15013932,2.59893441,1.19888127,1.22719276,1.49128246,4.87292957,0.84951431,3.97012448,-1.75245631,0.33543265,-0.71852541,-0.88000119,-0.90011007,-0.82305676,-0.80444813,-0.75359070,-0.71842736,-0.70548546,-0.67845392,-0.62767714,-0.61206061,-0.61939180,-0.63707656,-0.64280921,-0.64045358,-0.64620692,-0.63815421,-0.62865478,-0.62329060,-0.60608029,-0.58271450,-0.57084602,-0.53896403,-0.52235872,-0.50769329,-0.48794153,-0.46350297,-0.44892225,-0.43015516,-0.43805605,-0.44832778,-0.45591900,-0.51886308,-0.56209683,-0.60323149,-0.64109874,-0.67147893,-0.70379710,-0.72684491,-0.76295292,-0.76192671,-0.76708794,-0.77594709,-0.77378267,-0.76176834,-0.79157525,-0.81401074,-0.80135810,-0.84071171,-0.95571476,-0.91719896,-0.94722193,-0.93791109,-1.02483356,-0.91498125,-0.67638808,-0.30515158,1.55542707
904,SSC_SALE05_20120126,0.76366198,0.23633800,0.00000000,-1.35432649,-1.34926498,-1.33819366,-1.31745982,-1.30017912,-1.29088259,-1.28627276,-1.28452682,-1.28130317,-1.27891612,-1.27201438,-1.25181460,-1.19337344,-1.09943104,-1.03773546,-1.00438404,-1.00489259,-1.04836190,-1.09951258,-1.12610900,-1.13588011,-1.15257382,-1.17728364,-1.18355334,-1.19453979,-1.21710014,-1.23349571,-1.24731743,-1.24247086,-1.18958020,-0.95082551,-0.57652491,-0.14333959,0.24548562,0.49789122,0.62194449,0.63924044,0.70250791,0.72081494,0.73794377,0.75612855,0.77164942,0.78804111,0.80403340,0.82180262,0.83997011,0.85670048,0.87472755,0.88774383,0.90102237,0.90272713,0.91414714,0.92551970,0.91857570,0.89598852,0.87817723,0.85041529,0.85788244,0.86712933,0.88920903,0.91911465,0.89481479,0.92703003,0.95723224,0.99234253,1.02255249,1.04336238,1.05438173,1.07167888,1.08432078,1.08247530,1.08311784,1.04619670,0.99745351,0.91964704,0.78635085,0.73660266,0.72312593,0.71022391,0.69509476,0.70137644,0.72014368,0.75922650,0.80195677,0.84405041,0.87605971,0.90029764,0.91282338,0.91824120,0.91002554,0.88550645,0.83345354,0.75524068,0.65489525,0.54657316,0.48621458,0.63361621,0.55521894,2.21946692,1.08041322,-0.69860744,-0.81283164,-0.84129930,-0.85624611,-0.88852787,-0.88471764,-0.88129419,-0.86212081,-0.82324964,-0.77668011,-0.72200972,-0.66192681,-0.60418880,-0.54148638,-0.48066816,-0.42126468,-0.36570331,-0.31481799,-0.26354232,-0.21823308,-0.16735639,-0.11773583,-0.07350064,-0.03342495,-0.00309550,0.01942515,0.03062663,0.02869085,0.00879324,-0.02952207,-0.06840426,-0.09610531,-0.12205438,-0.14510815,-0.16088493,-0.18678598,-0.21671379,-0.23726815,-0.24444614,-0.24217953,-0.32562530,-0.61057609,-0.12595634,1.74608314,-0.67294997,-1.75245631,-1.75245631,-1.75245631,1.16132259,0.79073197,-1.75245631,0.48076072,0.22269888,-1.17402101,-1.30240643,-1.29613209,-1.19658637,-1.15933728,-1.13618362,-1.11383116,-1.08508348,-1.06761146,-1.06378794,-1.04185319,-1.03032804,-1.02307785,-1.02120173,-1.01808167,-0.99680752,-0.97774154,-0.96459681,-0.94276077,-0.92247725,-0.90326232,-0.88178688,-0.86593688,-0.84630454,-0.83994228,-0.81647366,-0.79333109,-0.79380298,-0.78038895,-0.79730523,-0.80026913,-0.83589274,-0.88407314,-0.91309410,-0.95999730,-0.99129617,-1.00870669,-1.04225135,-1.05020165,-1.05513644,-1.08138537,-1.13981926,-1.09497142,-1.08932316,-1.13539374,-1.11746025,-1.15438533,-1.20097065,-1.21718979,-1.29534566,-1.28280723,-1.24175179,-1.35410094,-1.25076449,-0.90004569,1.00152373,2.86765409
1617,CHC_ADFA11_20111006,0.48208499,0.51791501,0.00000000,-1.64696026,-1.64995539,-1.64402950,-1.64258635,-1.63521814,-1.62749803,-1.62325227,-1.61921442,-1.61541235,-1.61470461,-1.60798872,-1.59687102,-1.57558870,-1.54786873,-1.52512276,-1.51102781,-1.50307429,-1.50646615,-1.51827586,-1.51654541,-1.51169252,-1.51328647,-1.51321447,-1.50736499,-1.50201082,-1.50601721,-1.50733876,-1.50986588,-1.50249815,-1.46167266,-1.35322773,-1.21689498,-1.07538712,-0.95382869,-0.87461615,-0.82899976,-0.80085993,-0.77740097,-0.75626504,-0.73802745,-0.71977895,-0.70302117,-0.68669420,-0.67105204,-0.65643370,-0.64305508,-0.62890643,-0.61607766,-0.60380435,-0.59480786,-0.58699870,-0.57991242,-0.57169956,-0.56889266,-0.56467450,-0.55791289,-0.57449436,-0.57815534,-0.57956773,-0.56732386,-0.55078781,-0.51650953,-0.49848965,-0.47592610,-0.46156415,-0.43970796,-0.42337891,-0.40902045,-0.39387050,-0.38402823,-0.37327713,-0.36681736,-0.36561814,-0.37222201,-0.40881526,-0.45551407,-0.49029124,-0.51090586,-0.52067411,-0.52837783,-0.52569216,-0.51081717,-0.48084509,-0.44505593,-0.41339067,-0.38696936,-0.36512917,-0.34313744,-0.32808602,-0.31702080,-0.31834012,-0.33049110,-0.35976180,-0.40168726,-0.45623323,-0.50665104,-0.54385602,-0.36840662,-0.63588798,-0.91593689,-0.96473396,-1.10176659,-1.16124272,-1.20123816,-1.22167182,-1.22797096,-1.23098409,-1.22459280,-1.20526648,-1.18268466,-1.16234553,-1.13783669,-1.11361551,-1.09196460,-1.07022703,-1.04985583,-1.03199327,-1.01499426,-0.99322087,-0.97368628,-0.95415837,-0.93117547,-0.91379130,-0.89829975,-0.88659859,-0.88276368,-0.88861698,-0.89745516,-0.90647292,-0.92382103,-0.94744891,-0.97283411,-0.98879188,-0.99382102,-0.98610979,-0.99164426,-0.99639243,-0.99081773,-0.98741406,-0.98232061,-0.98667622,-0.99067914,-0.94054329,-0.38695055,1.50010252,0.24723852,1.25209534,-0.02920959,-0.82837588,-0.85862720,-0.41733447,-1.02023554,-1.35105801,-1.46258664,-1.47453141,-1.48660266,-1.44801438,-1.42964149,-1.41510117,-1.40416634,-1.39375556,-1.37707567,-1.36264217,-1.35865510,-1.36139309,-1.36333168,-1.36048663,-1.35793781,-1.35912108,-1.35809350,-1.35158920,-1.34858119,-1.34915483,-1.34418201,-1.33877945,-1.33222353,-1.32235682,-1.31456900,-1.30868125,-1.28998351,-1.28556490,-1.27511013,-1.28151405,-1.28162420,-1.31498706,-1.34005809,-1.37369883,-1.38775182,-1.40262055,-1.41963875,-1.42006016,-1.41280150,-1.41950476,-1.42351961,-1.43447649,-1.43877983,-1.43812752,-1.45201755,-1.46536279,-1.49930513,-1.47168052,-1.46862376,-1.50290382,-1.47540450,-1.46158743,-1.47829747,-1.46207070,-1.23037863,0.58291167,-0.66720057
1247,SF_096,0.17307700,0.79487199,0.03205130,-1.49194062,-1.47093379,-1.44894338,-1.42654860,-1.40578640,-1.38490498,-1.36619163,-1.34869587,-1.33068609,-1.31037104,-1.28359282,-1.24747002,-1.19704688,-1.14021754,-1.09559119,-1.06201136,-1.04027867,-1.03417063,-1.03154850,-1.02138376,-1.00737774,-0.99673015,-0.98425311,-0.96737111,-0.95441663,-0.94510895,-0.93919528,-0.93375164,-0.91018170,-0.83937043,-0.70784593,-0.55150729,-0.37829334,-0.21467037,-0.09355028,-0.01627098,0.03768789,0.06758799,0.09177822,0.11746214,0.14274944,0.16627578,0.19269861,0.21287821,0.23121235,0.24885866,0.26732975,0.28670654,0.30676413,0.32633743,0.35155836,0.37138036,0.38784802,0.39610043,0.42623860,0.42514011,0.42595720,0.42749974,0.43656245,0.45193654,0.45525792,0.46420473,0.48809883,0.51085329,0.53170228,0.55406201,0.57664865,0.59830749,0.62091029,0.63990539,0.65597618,0.67689013,0.70564795,0.69291139,0.66433096,0.63731366,0.61886197,0.62715739,0.63916588,0.65291774,0.66725641,0.68817759,0.71014935,0.73418558,0.75881469,0.78384703,0.80634934,0.82404470,0.83706921,0.85067308,0.86300159,0.87254012,0.86585528,0.84352171,0.82212448,0.83460814,0.85672152,0.74819773,0.59407341,0.78843611,0.73602539,0.41063103,0.22483110,0.16899067,0.12252849,0.08769163,0.08365576,0.11563224,0.14176947,0.17338777,0.20923990,0.25452706,0.30461389,0.35296699,0.39702737,0.44207311,0.48314443,0.52100956,0.55876046,0.59686989,0.63544714,0.67579770,0.70759881,0.73884404,0.76197809,0.77729821,0.78402585,0.78110689,0.77356124,0.76326728,0.75084627,0.73544949,0.71315712,0.69624418,0.69242990,0.68344480,0.66690606,0.66031796,0.67788273,0.69122183,0.68069834,0.54374141,1.23813641,-0.60271704,0.35566202,-0.56017858,-1.51683486,-0.01660754,0.52206999,-0.91533154,-1.29029310,-1.64485097,-0.01822137,-0.27008998,-0.54267865,-0.51868784,-0.31383497,-0.23796125,-0.20295869,-0.13981323,-0.07591403,-0.03649977,-0.03915681,-0.07476974,-0.07997549,-0.08611099,-0.11616360,-0.11991223,-0.11553022,-0.10318468,-0.09295360,-0.07551308,-0.04552848,-0.01662787,-0.00706815,0.00072278,0.01040485,0.03783349,0.06644020,0.08620436,0.08296956,0.08115134,0.10182174,0.08065772,0.01469863,-0.02621751,-0.07561498,-0.11024570,-0.12294287,-0.17958601,-0.24486509,-0.29372713,-0.27725384,-0.27502826,-0.33708259,-0.33985811,-0.31532726,-0.30231899,-0.35623509,-0.41875243,-0.35079294,-0.35133785,-0.37442026,-0.75280833,-0.82248247,-0.74529040,-0.98300189,-1.49111319,-1.10233271,-1.25917768
1430,QUE_T3.71.C,0.00000000,0.41000000,0.58999997,-1.38696134,-1.36648428,-1.34316838,-1.31635833,-1.28946435,-1.26578343,-1.24569917,-1.22618234,-1.20489466,-1.18039203,-1.15388083,-1.12703240,-1.10004950,-1.07267451,-1.04521108,-1.01700926,-0.98834968,-0.96029913,-0.93427402,-0.90760356,-0.88207066,-0.85563481,-0.82738978,-0.79752648,-0.76661474,-0.73347706,-0.70071059,-0.66696405,-0.63005513,-0.58822644,-0.54594225,-0.50445861,-0.45639801,-0.41297302,-0.37526244,-0.33615589,-0.29161698,-0.25633430,-0.22142500,-0.18341586,-0.14692602,-0.10892191,-0.06938495,-0.03899321,-0.01139524,0.01765332,0.04733957,0.07696366,0.10758387,0.14055143,0.17809722,0.20829333,0.23402354,0.27394006,0.31052935,0.32954407,0.34273288,0.35122228,0.36563835,0.38049123,0.39540419,0.41007429,0.43424046,0.45935807,0.48228177,0.50464219,0.52691007,0.55018997,0.57398146,0.59966493,0.62733245,0.65938663,0.70845395,0.74286848,0.74204063,0.74013513,0.72877192,0.72860080,0.73972893,0.75316828,0.76762849,0.78392929,0.80008423,0.81628495,0.83537102,0.85608929,0.87641054,0.89559376,0.91123033,0.92590231,0.94076014,0.95673746,0.97104925,0.98311061,0.98703450,0.99023879,0.90802789,0.67856425,0.71361214,0.62937468,0.72467619,0.64275348,0.57989478,0.52541918,0.50579935,0.48138639,0.47121701,0.48879179,0.51134741,0.53109318,0.55421323,0.58760005,0.62341338,0.65644711,0.68672198,0.71483499,0.74194318,0.76567322,0.78934222,0.81428039,0.84140003,0.86909676,0.89340502,0.91342616,0.92863172,0.93794519,0.93637693,0.92964089,0.92525423,0.92420834,0.92348260,0.91871238,0.90949476,0.90592211,0.90486169,0.89768136,0.88831413,0.88325971,0.88754332,0.89571488,0.92445445,0.96020025,0.92434245,3.13845563,4.25992489,4.95337200,3.48634696,4.44089603,5.94729233,4.11306381,5.39890337,3.29489231,1.67572749,0.66516793,0.10179311,-0.01245749,-0.01048081,0.02212402,0.06803896,0.11400636,0.16483958,0.21930270,0.23162229,0.22751959,0.21835637,0.21031408,0.20107011,0.19196463,0.19114731,0.19813225,0.21089885,0.22838785,0.25263160,0.27473822,0.29193881,0.30475155,0.31834820,0.33460620,0.34472534,0.34754750,0.35931203,0.36598191,0.37998429,0.37212852,0.34048846,0.28523549,0.23259528,0.20525439,0.18499078,0.18580377,0.15187994,0.11218078,0.09302219,0.08037749,0.05892623,0.02873514,0.00003541,0.01753365,0.02758185,0.01963573,-0.00582172,-0.02870078,-0.10409361,-0.14923856,-0.16568553,-0.04703691,-0.22587244,-0.21168904,-0.14430112,-0.13094847
989,CHC_ARGL04_20120226,0.78166699,0.21833301,0.00000000,-1.61672986,-1.61879337,-1.61510766,-1.60666096,-1.59068155,-1.56957269,-1.55264807,-1.54487979,-1.54212821,-1.53922534,-1.53098142,-1.50564611,-1.45547402,-1.39307284,-1.35135424,-1.32488596,-1.31669807,-1.33282471,-1.35574472,-1.36589456,-1.36145031,-1.36796522,-1.38380575,-1.38540411,-1.39814150,-1.43063056,-1.45362556,-1.48438215,-1.48507559,-1.37571490,-1.07077897,-0.66074216,-0.19870265,0.25545469,0.57351965,0.75217754,0.80605346,0.90372139,0.94977981,0.99240822,1.03311169,1.07005084,1.09388971,1.11206424,1.13483763,1.15879774,1.18086553,1.20019507,1.21493578,1.21925700,1.20632648,1.20472288,1.19603491,1.15407467,1.05388558,0.95886827,0.80923879,0.74574274,0.73084152,0.75178045,0.79551125,0.87349021,0.95493662,1.04251075,1.12110436,1.19737947,1.24088192,1.26939988,1.28254390,1.27173030,1.23505056,1.16846907,1.06936646,0.91466296,0.68619639,0.42450556,0.28068241,0.22240089,0.18550964,0.15158708,0.13474314,0.14909576,0.19425659,0.25361580,0.30283225,0.34052750,0.36462635,0.38153619,0.38052043,0.35325938,0.29916379,0.21202093,0.09183782,-0.05114383,-0.19251725,-0.32530510,-0.48400381,-0.63634604,-0.75048822,-0.99847603,-1.18269837,-1.30644381,-1.36571217,-1.39289725,-1.40869629,-1.41117990,-1.40903032,-1.40175438,-1.38312662,-1.35517597,-1.32693434,-1.29551291,-1.26401734,-1.23129570,-1.19892454,-1.16889024,-1.13955653,-1.11360431,-1.08473098,-1.05841196,-1.03351998,-1.00661671,-0.98559296,-0.96852022,-0.95792496,-0.95586109,-0.96061933,-0.95965284,-0.95954311,-0.97415531,-0.99638683,-1.02326751,-1.04894567,-1.06411743,-1.06424356,-1.07653964,-1.09724748,-1.10583985,-1.10836709,-1.11349607,-1.15696204,-1.16291392,-1.17700827,-1.24278140,-1.24560654,-1.27554727,-1.32442498,-1.40058148,-1.46197009,-1.54668963,-1.59607780,-1.60330653,-1.60886168,-1.60166800,-1.58972621,-1.58441460,-1.56791353,-1.56115937,-1.54879320,-1.54580545,-1.54132724,-1.53642595,-1.52526641,-1.51537585,-1.51164913,-1.51303852,-1.50144482,-1.49997389,-1.50176108,-1.49347341,-1.48938048,-1.48698187,-1.47866035,-1.47852731,-1.47602439,-1.46574950,-1.46045315,-1.44852126,-1.43960702,-1.43900418,-1.43652809,-1.42344475,-1.42786968,-1.42929256,-1.43914986,-1.46060705,-1.47170115,-1.49463105,-1.50438309,-1.51611555,-1.54002261,-1.53629553,-1.53543508,-1.54386473,-1.55558360,-1.55024672,-1.56633425,-1.57604909,-1.58363199,-1.58422840,-1.60973346,-1.59901941,-1.63702393,-1.60747159,-1.61414444,-1.59592736,-1.60618031,-1.56637609,-1.39681363,-1.06424892
41,Resop101,0.05325440,0.21301800,0.73372799,-1.36321294,-1.33229327,-1.29855382,-1.26064098,-1.22225749,-1.18833840,-1.16107321,-1.13674045,-1.10909557,-1.07584453,-1.03596425,-0.98980898,-0.93794590,-0.88285083,-0.82927060,-0.77748871,-0.72899431,-0.68741030,-0.65203989,-0.62064886,-0.59159315,-0.55654550,-0.53456908,-0.50729501,-0.47918883,-0.45552427,-0.43781787,-0.42237276,-0.38857210,-0.31272608,-0.21803641,-0.13464136,-0.06563024,-0.00218960,0.05040913,0.09264556,0.14397216,0.16270654,0.18807577,0.21464653,0.24101175,0.26447183,0.28572071,0.31058168,0.33539453,0.35783586,0.37912819,0.39972168,0.41970170,0.43891391,0.45231330,0.46976796,0.48930645,0.49607638,0.50254947,0.52079177,0.54087949,0.56830674,0.58977574,0.61073619,0.65151304,0.70360076,0.72593337,0.74221057,0.76124048,0.78248793,0.80110276,0.81913847,0.83652228,0.84962416,0.86038530,0.86655599,0.86659855,0.88278919,0.89076817,0.90651643,0.92367429,0.93962002,0.95081705,0.96811020,0.98139203,1.00132275,1.01971292,1.04294169,1.05682063,1.07417452,1.09497142,1.11409950,1.11530054,1.12061703,1.13145363,1.12737846,1.12507713,1.11927247,1.10375464,1.04555047,0.78843445,0.83002210,0.83048534,0.82249117,0.79222566,0.71449512,0.68401694,0.65587753,0.64131260,0.65154600,0.66033971,0.67760485,0.71981084,0.76364267,0.80484486,0.84965593,0.89190429,0.92832202,0.96423423,0.99791557,1.02777207,1.05580676,1.07804823,1.09917223,1.12776768,1.15435565,1.17237306,1.19094074,1.20714140,1.21874607,1.22506380,1.23110354,1.23180056,1.23363876,1.23100662,1.22883809,1.22126508,1.20985031,1.20382261,1.19801605,1.19016802,1.18077922,1.16737914,1.15573883,1.16081488,1.11616695,1.04116797,1.27098250,-0.22647685,-1.55875313,-1.45199287,1.08539379,0.29894176,0.81195414,2.34449434,-0.47105107,-0.14085585,-0.10212850,0.07837241,0.18426812,0.25506788,0.31516516,0.38793963,0.45921853,0.55134875,0.62771642,0.63600695,0.64807272,0.66263413,0.68538886,0.68820822,0.71531337,0.73772687,0.76066506,0.78555596,0.81539845,0.84227484,0.87287694,0.88719064,0.87440616,0.85085541,0.83872956,0.83391589,0.83041734,0.82059687,0.82458484,0.84032071,0.87572646,0.81113732,0.79249674,0.78279364,0.73530251,0.68433434,0.70677465,0.71244609,0.68256223,0.59428865,0.63480514,0.62709916,0.56428301,0.66590714,0.51082712,0.37371686,0.51054364,0.60677654,0.38567770,0.03539498,0.00694475,0.02512019,-0.11192755,-0.58170354,-0.24844334,-0.77848363,-1.31565440
773,SSC_BAPI04_20110511,0.64258200,0.35741800,0.00000000,-1.67034388,-1.65363002,-1.63229632,-1.60930789,-1.58985555,-1.57177269,-1.55738223,-1.54831409,-1.54009044,-1.53331792,-1.51954317,-1.48544872,-1.41239285,-1.31561947,-1.25216913,-1.21722174,-1.21492851,-1.25054622,-1.29819977,-1.32122219,-1.32752430,-1.34625661,-1.37325203,-1.37934196,-1.39214611,-1.42194235,-1.44870102,-1.47693503,-1.47345996,-1.38294268,-1.09749436,-0.71179414,-0.27113634,0.13826086,0.41641393,0.56343436,0.62018293,0.67345399,0.70341194,0.73217440,0.76048207,0.78782564,0.81098682,0.83011186,0.85116136,0.87328780,0.89535028,0.91541207,0.93471986,0.95144206,0.96012682,0.97609526,0.98932779,0.99847370,0.94943488,0.92320776,0.86152422,0.84240669,0.85069084,0.87719488,0.91013139,0.96513873,1.01616514,1.06358123,1.10713577,1.14811671,1.17928231,1.20161211,1.21304011,1.21302462,1.20075274,1.18393373,1.16813016,1.08608472,0.93132555,0.74694830,0.65041035,0.60809773,0.58035082,0.55893040,0.55805302,0.58065325,0.61932123,0.66451114,0.70366061,0.73962396,0.76628017,0.78269035,0.78086007,0.75972694,0.71343148,0.63899106,0.53078258,0.40431756,0.27498129,0.19314490,0.32711479,0.70002741,0.12775727,-0.59374762,-0.90710640,-1.07039535,-1.15083790,-1.18647230,-1.20558727,-1.21522796,-1.21553040,-1.19873989,-1.16670644,-1.12576842,-1.08397520,-1.03443658,-0.98149008,-0.92686182,-0.87200999,-0.81843632,-0.76615596,-0.71668005,-0.66861713,-0.62388247,-0.58198357,-0.54235101,-0.50959229,-0.48140100,-0.45476115,-0.43592837,-0.43100098,-0.43510908,-0.45119366,-0.48006529,-0.51037979,-0.53862411,-0.56496376,-0.58568883,-0.60178041,-0.63012606,-0.66307199,-0.68068641,-0.69053429,-0.69252199,-0.72043151,-0.69339085,-0.62427604,0.57740921,-1.75245631,-1.75245631,4.52895403,-1.75245631,0.46026045,-0.74226570,-1.75245631,0.61914361,-1.24618399,-1.47139871,-1.53336740,-1.50927150,-1.50112581,-1.49080670,-1.47507441,-1.45980144,-1.44447267,-1.42994082,-1.40796030,-1.39208531,-1.38373959,-1.36896431,-1.35541415,-1.33633912,-1.32201314,-1.30475116,-1.28915834,-1.27224803,-1.25436616,-1.24120796,-1.22543287,-1.21714735,-1.20741045,-1.19792569,-1.18171358,-1.17302048,-1.16263402,-1.16372824,-1.16398656,-1.17731786,-1.19833064,-1.23243332,-1.25625932,-1.28004014,-1.30175686,-1.32510197,-1.34320927,-1.35499680,-1.36090374,-1.37334836,-1.39364541,-1.40253294,-1.41528463,-1.41824293,-1.44340909,-1.45659375,-1.47716904,-1.47582650,-1.51531792,-1.51937556,-1.51750469,-1.52590704,-1.52203238,-1.42555654,-0.98468763,-1.75245631
884,SSC_BAPI04_20120113,0.52805299,0.47194701,0.00000000,-1.57253587,-1.55753708,-1.53341782,-1.50662804,-1.47958803,-1.45282042,-1.43062472,-1.40990162,-1.39250886,-1.37651110,-1.35306001,-1.31101358,-1.23960161,-1.15915871,-1.10161591,-1.06196749,-1.04841137,-1.06278849,-1.08645749,-1.09284139,-1.08847928,-1.09775090,-1.11214113,-1.10877204,-1.10963953,-1.12889576,-1.15318918,-1.17843556,-1.16731548,-1.04578733,-0.76485741,-0.43669251,-0.11835530,0.14681558,0.31783378,0.41815773,0.45951489,0.52612901,0.56693923,0.60723698,0.64643645,0.68518484,0.72354710,0.75579482,0.78979170,0.82306427,0.85683584,0.89174885,0.92349803,0.95705199,0.98859692,1.01978898,1.05196190,1.08153093,1.09047329,1.09860694,1.08185089,1.08459008,1.09452105,1.12061822,1.15573180,1.20914793,1.26352799,1.30971444,1.35747325,1.39941609,1.44005370,1.48151529,1.50342441,1.52739048,1.54481852,1.55590737,1.56550038,1.54063416,1.43750632,1.30809665,1.23161614,1.18900943,1.16379762,1.14572990,1.15584445,1.19337976,1.25627661,1.32625580,1.39176178,1.44635284,1.49556768,1.54228175,1.55640614,1.55613494,1.53654110,1.48857176,1.41883123,1.31634724,1.19371819,1.09967804,1.03777504,0.90657187,0.75406158,0.38312197,0.04717351,-0.21874692,-0.34681222,-0.42968678,-0.46895719,-0.48433849,-0.48988968,-0.46520084,-0.42558604,-0.37447295,-0.32023349,-0.25627270,-0.18769585,-0.12434402,-0.05985842,-0.00016933,0.05882807,0.11577492,0.17103794,0.22372912,0.27624336,0.32847154,0.36402965,0.39415354,0.42701921,0.44748768,0.43944469,0.41097832,0.35885790,0.29049045,0.22403716,0.17316608,0.13043779,0.10902884,0.13224246,0.11582728,0.10266629,0.09136629,0.02746101,0.03534041,0.07275893,0.13496552,0.10936645,0.11009460,-0.03876720,0.42778721,0.07857563,-0.20479408,-0.48074880,-0.62271166,-0.67850333,-0.95168054,-0.99480057,-1.01482058,-0.99615568,-0.98318821,-0.93066025,-0.90144819,-0.87915730,-0.84387368,-0.80689991,-0.75830346,-0.74746180,-0.75556439,-0.76204610,-0.76379985,-0.75619751,-0.75766647,-0.74679697,-0.73794961,-0.73567611,-0.72135496,-0.70788276,-0.69635475,-0.67482626,-0.65996563,-0.64487368,-0.62942153,-0.60100144,-0.58478957,-0.57988721,-0.57202893,-0.57762128,-0.61600178,-0.68222696,-0.74854213,-0.81237149,-0.87331998,-0.89952385,-0.92605460,-0.97743994,-0.99357659,-0.96880794,-0.97586840,-0.99684304,-0.99570268,-1.00962424,-1.01636541,-1.01678669,-1.02771556,-1.05683243,-1.06833363,-1.10174370,-1.07043850,-1.13429010,-1.11427844,-1.01882863,-0.93980539,-0.83123291,-0.29736462
326,FSP_100,0.00000000,0.47435901,0.52564102,-1.39016235,-1.35510445,-1.31395781,-1.26396930,-1.20926559,-1.16288567,-1.13007939,-1.10225534,-1.06921363,-1.02544832,-0.97221708,-0.91500264,-0.85639739,-0.79427975,-0.72936159,-0.66131645,-0.59230810,-0.52534753,-0.46641186,-0.41402709,-0.37106156,-0.33271110,-0.29535452,-0.25806054,-0.22115177,-0.18339096,-0.14579529,-0.10727687,-0.06621057,-0.02012759,0.02412875,0.06645551,0.11486599,0.15512806,0.18693042,0.22184370,0.26348111,0.29525763,0.32286999,0.35398039,0.38233459,0.41144788,0.44123754,0.46100441,0.47797689,0.49599573,0.51605636,0.53574747,0.55618370,0.57872409,0.60810405,0.63072276,0.64988285,0.68045992,0.71918541,0.73442233,0.74450171,0.74547422,0.75587827,0.76527357,0.77524847,0.78686881,0.80408788,0.82287961,0.83910722,0.85466313,0.87077743,0.88891083,0.90811908,0.92923701,0.95415318,0.98345065,1.03843415,1.07758474,1.07725167,1.08003116,1.06145537,1.05083418,1.05594027,1.06391311,1.07288718,1.08128595,1.09027815,1.09880888,1.10984373,1.11983550,1.13175070,1.14507020,1.15133691,1.16017425,1.17248988,1.18826151,1.20468104,1.22285676,1.23758090,1.26050663,1.26404524,1.22242582,1.01066780,1.16704798,1.19383860,1.28302085,1.24621630,1.19528222,1.17645264,1.14829481,1.12121785,1.13381517,1.12299025,1.10531723,1.09426141,1.09970212,1.10740232,1.11784911,1.12615168,1.13615143,1.14437139,1.15342569,1.16293848,1.17249835,1.18742394,1.20125735,1.21260977,1.22168672,1.22931635,1.23489988,1.23320329,1.22859943,1.22531271,1.22179568,1.21936595,1.21632099,1.21149075,1.21125281,1.21837115,1.22138691,1.22779918,1.23254800,1.23172641,1.26301539,1.37496340,1.54053998,0.29112568,-1.67149365,-1.75243068,-1.75245631,-1.75245631,-1.75245631,-1.75245631,-1.75245631,-1.75245631,-1.75218642,-1.44275451,1.13564384,0.95625436,1.04497623,0.97448939,0.95826149,0.97184062,0.98840809,1.03687084,1.08606875,1.04288793,1.00851548,0.96613109,0.93935287,0.92149836,0.89974326,0.88633430,0.87790239,0.88167578,0.88340694,0.88724160,0.89454812,0.89454484,0.87248963,0.86280620,0.85874903,0.85438454,0.83831680,0.81385404,0.81553149,0.86814785,0.87635350,0.86305559,0.82998961,0.80234128,0.77612817,0.73241282,0.74283904,0.72308344,0.68935978,0.68824422,0.64931047,0.64771724,0.65226752,0.65360576,0.65684021,0.69775754,0.69628650,0.61480248,0.55984867,0.65277517,0.56068212,0.28933612,0.24107440,0.41512895,-0.01947446,-0.24204631,-0.73422766
1188,SF_029,0.87820500,0.12179500,0.00000000,-1.62694061,-1.60190487,-1.56863046,-1.53595328,-1.51373887,-1.49943793,-1.48967350,-1.48450100,-1.47991347,-1.47384536,-1.45706379,-1.41191196,-1.31869757,-1.20901310,-1.14169526,-1.10973597,-1.11672819,-1.17029595,-1.22563660,-1.24918795,-1.24955165,-1.25404549,-1.26260793,-1.26091909,-1.27233672,-1.29779267,-1.31793618,-1.33490145,-1.31909335,-1.19511592,-0.84654164,-0.33289608,0.31116739,1.01750970,1.59710789,1.96797228,2.19014835,2.27014256,2.30487013,2.35005736,2.39198446,2.42651987,2.47175193,2.49800444,2.52252150,2.54858398,2.57900000,2.60678959,2.63213134,2.65248966,2.68265820,2.70215392,2.71120524,2.68449950,2.68321967,2.59774756,2.48553061,2.42613840,2.42243481,2.44933224,2.48868775,2.53821206,2.60722017,2.67591691,2.73545003,2.78399920,2.81924367,2.84072661,2.84755278,2.84224439,2.83411813,2.82301497,2.80742025,2.68208671,2.44930363,2.16290784,1.98306072,1.92280257,1.89812505,1.88155091,1.88373661,1.90687108,1.94332159,1.98382592,2.02784848,2.06906080,2.10160232,2.11111665,2.08867836,2.04295659,1.96190059,1.83770621,1.67843723,1.49734950,1.32862103,1.29059851,1.46392667,1.44220412,1.59442413,1.59551513,1.31400049,0.60786074,-0.13497382,-0.56908572,-0.74919385,-0.87664342,-0.90692037,-0.85441256,-0.82026792,-0.78678012,-0.73113000,-0.65539348,-0.57498550,-0.49031213,-0.40430856,-0.32088360,-0.24128404,-0.16482556,-0.09254482,-0.02728502,0.04174129,0.10204938,0.15248516,0.19677013,0.23753540,0.26649678,0.28293851,0.28783795,0.28080371,0.26119882,0.23150708,0.19950408,0.15987806,0.11713634,0.07530800,0.01827618,-0.03933292,-0.08597180,-0.13363345,-0.11855900,0.04078631,0.88146919,-0.56504321,-0.13392232,-1.34294808,-1.13912368,-1.58790350,-0.84753805,-1.68203270,-1.75243318,-1.75245631,-1.75245631,-1.75156116,-1.48516929,-1.28098023,-1.36529207,-1.20894408,-1.36917984,-1.39632630,-1.36629748,-1.28987098,-1.22490430,-1.24560964,-1.24765635,-1.24500680,-1.20910513,-1.16364837,-1.14082491,-1.12754440,-1.09835196,-1.05775905,-1.05293274,-1.01323736,-0.97843719,-0.94668323,-0.93898475,-0.90986240,-0.89405227,-0.88617045,-0.85123813,-0.85171837,-0.86973101,-0.85931885,-0.87037992,-0.88528502,-0.90807247,-0.93346274,-0.97104198,-0.98484433,-1.00694025,-1.04409862,-1.09632742,-1.06386638,-1.10455012,-1.20957434,-1.23247707,-1.20075023,-1.10138500,-1.13271177,-1.33121121,-1.20471382,-1.23131144,-1.28163874,-1.11093616,-1.09774315,-0.55545461,-1.10031855,-0.21580344,-0.72489113,-0.57890159
999,CHC_CEME08_20120226,0.69158000,0.30842000,0.00000000,-1.57067823,-1.56938958,-1.56357718,-1.55522835,-1.53845870,-1.52698505,-1.52064562,-1.51626313,-1.51379013,-1.51113224,-1.50592697,-1.49155128,-1.45969748,-1.41323745,-1.37854993,-1.35920906,-1.35610592,-1.37553787,-1.40304482,-1.40739191,-1.40830076,-1.41525316,-1.42577243,-1.42477632,-1.42655671,-1.43788326,-1.44634271,-1.45709097,-1.45428038,-1.40968823,-1.24958766,-0.99423099,-0.68075585,-0.35308900,-0.10769617,0.02711628,0.06617341,0.12551717,0.15044385,0.16867749,0.18832432,0.20506379,0.21925759,0.23523560,0.25333253,0.26917684,0.28577423,0.30059323,0.31310937,0.32404372,0.32299268,0.33088633,0.33751813,0.32830888,0.31785014,0.29767430,0.25926760,0.23935305,0.23650190,0.24723618,0.27052307,0.31246313,0.34873456,0.37860793,0.41891357,0.45306355,0.47276354,0.49327362,0.50707567,0.51372266,0.51472157,0.49468130,0.47530758,0.42881489,0.34186462,0.23170364,0.15398903,0.12092271,0.10592528,0.09512205,0.09280962,0.10973759,0.14536022,0.18988755,0.22721902,0.25732818,0.27932987,0.29836494,0.30622867,0.30279672,0.27603534,0.23182914,0.15752777,0.06138064,-0.04043771,-0.13672206,-0.24671312,-0.34882841,-0.47077620,-0.71132708,-0.90149516,-1.03724623,-1.10766053,-1.14510500,-1.16450238,-1.16700733,-1.16354036,-1.15430737,-1.13269961,-1.10471654,-1.07509935,-1.04129517,-1.00837111,-0.97517210,-0.94191706,-0.91179949,-0.88122982,-0.85425431,-0.82581735,-0.79638511,-0.77033919,-0.74136358,-0.71865839,-0.69537079,-0.67989153,-0.67237055,-0.68061095,-0.68141961,-0.67955524,-0.68630821,-0.70762217,-0.72707498,-0.75130260,-0.76825631,-0.76826823,-0.77734089,-0.79013485,-0.79475814,-0.79499441,-0.79708016,-0.87366539,-0.88046509,-0.88505077,-0.89508861,-0.95626277,-0.90242797,-0.99951231,-1.13187253,-1.20002818,-1.26569200,-1.33448243,-1.37651742,-1.38834417,-1.37251306,-1.35738277,-1.34679747,-1.33372688,-1.31457770,-1.30139196,-1.28286719,-1.26934075,-1.27854347,-1.26522279,-1.27407765,-1.27325201,-1.28045475,-1.27970600,-1.28591180,-1.28276634,-1.27590907,-1.27263296,-1.27529407,-1.26226854,-1.25418544,-1.25262618,-1.24787414,-1.23838365,-1.22982919,-1.22299218,-1.21528912,-1.21293426,-1.19451773,-1.18877518,-1.20775378,-1.23388052,-1.24810243,-1.27456522,-1.28900540,-1.30318010,-1.31041360,-1.32699132,-1.34260440,-1.33625686,-1.33597624,-1.36302543,-1.36661994,-1.38125193,-1.38019288,-1.39087403,-1.39745533,-1.39882791,-1.40098989,-1.44078875,-1.48637867,-1.47533143,-1.51787043,-1.48864639,-1.34531903,-1.28388512,-0.88099217
1170,SF_011,0.21794900,0.76923102,0.01282050,-1.50445342,-1.48310697,-1.46101236,-1.43847060,-1.41676104,-1.39614701,-1.37582147,-1.35697079,-1.33817875,-1.31901109,-1.29724395,-1.26852620,-1.22655606,-1.17977190,-1.14388990,-1.11734533,-1.10050499,-1.09592175,-1.09406459,-1.08583963,-1.07255709,-1.06112969,-1.04983830,-1.03451538,-1.02338266,-1.01493180,-1.00575650,-0.99536544,-0.97446656,-0.91813612,-0.80256462,-0.66571647,-0.53608215,-0.43081808,-0.36107928,-0.31641114,-0.28119984,-0.25670171,-0.23730531,-0.21536335,-0.19343355,-0.17349656,-0.15079093,-0.13104500,-0.11190604,-0.09406833,-0.07537507,-0.05745555,-0.03993826,-0.02340609,-0.00593940,0.00973887,0.02477032,0.02672222,0.04619890,0.05244390,0.05679622,0.06621420,0.07718009,0.09222860,0.10767864,0.12837966,0.14606956,0.16704507,0.18472515,0.20328917,0.21962126,0.23269203,0.24568078,0.25916803,0.27343500,0.28074598,0.29719329,0.31878781,0.30480951,0.28945693,0.28180051,0.28785852,0.30008978,0.31462386,0.33074144,0.34760359,0.37070584,0.39500335,0.41734087,0.44181180,0.46367067,0.48594227,0.50270516,0.51411134,0.52603340,0.53356761,0.53340584,0.52881557,0.51529723,0.44494176,0.29329041,0.52107412,0.57105625,0.04402683,0.02560586,0.24389702,0.29010224,0.07123671,0.03368602,0.03659922,0.03360808,0.05848940,0.10032605,0.12850937,0.16469280,0.21074107,0.25870457,0.30519935,0.34993145,0.39331403,0.43533403,0.47418970,0.51591659,0.55700010,0.60282713,0.64621723,0.68363130,0.72113043,0.75169605,0.77334905,0.78469217,0.78996837,0.78905571,0.78530425,0.78136915,0.77732790,0.76322359,0.75668532,0.76848251,0.76613879,0.75630760,0.75395453,0.73177612,0.72568655,0.56430590,-0.25959820,-1.06962097,-1.27394462,-1.46900523,-0.53313965,-1.43704224,-1.69384289,-1.47945321,-1.59569907,-1.75210023,-1.73822999,-1.52263689,-1.70629823,-1.05029476,-0.63110358,-0.23783059,-0.02565483,0.07918657,0.12381149,0.18286030,0.20181054,0.21066768,0.18699749,0.15660365,0.12699324,0.09889288,0.08686227,0.06841303,0.07457177,0.09522150,0.10709679,0.13914806,0.16110836,0.19924687,0.20318188,0.20692116,0.24361469,0.26284584,0.28330263,0.31105030,0.33851564,0.35170513,0.31690592,0.26666927,0.17046054,0.10089621,0.02809404,-0.02609095,-0.04694833,-0.08667600,-0.11634029,-0.15055276,-0.10631921,-0.12621717,-0.24912779,-0.20137173,-0.17239562,-0.38227230,-0.30430257,-0.29033279,-0.23702052,-0.51480013,-0.61418349,-0.83857048,-0.62222916,-1.33645606,-1.67979968,-0.92731571,0.48418027
1198,SF_039,0.03846150,0.92948699,0.03205130,-1.59180927,-1.57767785,-1.56192398,-1.54347479,-1.52322435,-1.50025487,-1.47410131,-1.44697738,-1.41871035,-1.38926792,-1.35746920,-1.31965494,-1.27308285,-1.22686791,-1.19039357,-1.16053724,-1.13716912,-1.12179244,-1.10832238,-1.08895195,-1.06464529,-1.04388428,-1.02584839,-1.00178862,-0.98518652,-0.97773510,-0.97009325,-0.96406335,-0.93787420,-0.84942269,-0.68778998,-0.51287717,-0.34540090,-0.21013784,-0.12345963,-0.06132665,0.00309854,0.04441375,0.07689998,0.12073562,0.16415969,0.20556547,0.25513521,0.29184765,0.32480425,0.35760632,0.39392802,0.42857414,0.46275145,0.49551076,0.53753030,0.56995052,0.59890652,0.61314845,0.66684204,0.67603165,0.67062736,0.66369474,0.67270726,0.68741173,0.68885213,0.68950772,0.72063380,0.75581634,0.78419363,0.81049925,0.83711690,0.86440086,0.88917816,0.91134089,0.93682730,0.96276158,1.00629866,1.01308513,0.96292400,0.89882475,0.83384925,0.80977052,0.80062878,0.80381346,0.81317443,0.83180141,0.85800678,0.89176333,0.92840010,0.96396893,1.00050819,1.03047812,1.04120910,1.05142784,1.05593157,1.04742885,1.01855350,0.97193438,0.91375262,0.87044412,0.75559545,0.65814251,0.81709623,0.71965569,0.73453450,0.26793978,-0.04501348,-0.19751745,-0.24496852,-0.31142893,-0.33396780,-0.31214270,-0.29091442,-0.27003494,-0.23682302,-0.18835014,-0.13327001,-0.08009095,-0.03082658,0.01609277,0.05991054,0.10609799,0.14902587,0.19121520,0.24701765,0.30449095,0.35422346,0.39608711,0.43473056,0.45481715,0.46257710,0.45675325,0.44657594,0.42464718,0.40418082,0.38213778,0.35197672,0.33073092,0.32506812,0.30442971,0.27300519,0.25377050,0.18903646,0.16380210,0.18893994,0.11612270,-0.56439251,-1.17743969,-1.25225914,-0.40426636,-1.51665592,-1.22629654,-1.70432007,-1.75242782,-1.75244772,-1.71692383,-0.94995409,-1.43077409,-0.92800403,-1.24330664,-0.96593684,-0.79855227,-0.73029357,-0.70545208,-0.66341478,-0.57353449,-0.56115222,-0.59037292,-0.61636001,-0.65797025,-0.66602027,-0.67656034,-0.69581145,-0.68429035,-0.69347310,-0.66175431,-0.62648273,-0.62038720,-0.58886611,-0.56208140,-0.53424698,-0.51266730,-0.50541186,-0.46130836,-0.42500946,-0.42562473,-0.45928153,-0.47654709,-0.50346017,-0.57353705,-0.63355124,-0.67176229,-0.68202561,-0.71276981,-0.76916385,-0.76541400,-0.81762117,-0.82755178,-0.83699703,-0.92582744,-1.00468922,-0.92384690,-1.03085816,-1.12052536,-1.03998303,-1.03316307,-1.14066601,-1.15720510,-1.34143305,-0.80826414,-1.29033065,-1.44397187,-1.53112078,-1.08853984
498,QUE_T1.09.B,0.00000000,0.43180001,0.56800002,-1.29504883,-1.26970387,-1.24086976,-1.20796573,-1.17439032,-1.14538968,-1.12107980,-1.09774613,-1.07218885,-1.04221749,-1.00966811,-0.97672153,-0.94376814,-0.91082203,-0.87760532,-0.84369880,-0.80896789,-0.77484852,-0.74360329,-0.71324402,-0.68339455,-0.65266693,-0.62078583,-0.58772743,-0.55399185,-0.51888996,-0.48225689,-0.44468129,-0.40546301,-0.36414465,-0.32441312,-0.28302592,-0.24263062,-0.20067967,-0.15898934,-0.11877810,-0.07375574,-0.03907665,-0.00503900,0.03084586,0.06606134,0.10011559,0.13331500,0.16659002,0.19938113,0.23120932,0.26179340,0.29166418,0.32149476,0.35092685,0.37775204,0.40390667,0.43011996,0.45023295,0.46975484,0.49621800,0.52595860,0.55442309,0.58156872,0.60455388,0.60549808,0.60284466,0.62346971,0.64878577,0.67320812,0.69527662,0.71772468,0.73758316,0.76074851,0.78262633,0.80045027,0.81062126,0.81533021,0.83353281,0.86009997,0.87819475,0.90276617,0.92418236,0.93995005,0.95642680,0.97327471,0.99192208,1.01205587,1.03291976,1.05500698,1.07744098,1.09936655,1.11913455,1.13516796,1.14968026,1.16431558,1.17984223,1.19171762,1.19635808,1.19079459,1.16305447,1.21197248,1.23379409,0.98552257,0.99372101,0.97792321,0.94679570,0.95598227,0.95969212,0.96232754,0.98218226,0.99406481,1.00354195,1.02700925,1.05695248,1.08423901,1.11186373,1.13887870,1.16270554,1.18123686,1.19798124,1.21453071,1.22909129,1.24489486,1.26210630,1.28542352,1.30966628,1.33107197,1.34850192,1.36085260,1.36542881,1.36187422,1.35445893,1.34955060,1.34657085,1.34783864,1.34805429,1.34319997,1.34297156,1.34850895,1.35111856,1.34994578,1.34807885,1.34637713,1.34113860,1.32380915,1.27445459,1.19479096,2.21296549,2.12774515,0.32887307,2.36791182,1.61452842,1.13455319,0.66142607,0.86136788,-0.05104076,0.60448283,0.78315169,0.84764546,0.88664818,0.96664459,1.00593174,1.04466605,1.08226526,1.11720359,1.16114092,1.14373124,1.09151614,1.05219233,1.01627779,0.98814261,0.95891404,0.93857157,0.92589295,0.91877156,0.92171943,0.93337083,0.94947761,0.95592946,0.95227128,0.95656192,0.95635670,0.96412790,0.95958412,0.95417005,0.95046180,0.98685944,0.98717314,0.95590466,0.90255255,0.83545655,0.79405940,0.79007638,0.79265803,0.77973241,0.74737132,0.72221726,0.71811616,0.68310893,0.67910111,0.69236213,0.71321809,0.68301195,0.66511530,0.65755332,0.71310753,0.64993781,0.61087763,0.53529221,0.37159353,0.32088545,0.41884792,0.20302038,1.55156016
1251,SF_100,0.36538500,0.60897398,0.02564100,-1.52421224,-1.50517094,-1.48362696,-1.46214592,-1.44342077,-1.42486024,-1.40903020,-1.39534140,-1.38112283,-1.36482298,-1.34161687,-1.30726349,-1.25372207,-1.19069648,-1.14433527,-1.11339629,-1.09982264,-1.10799408,-1.11831796,-1.11735582,-1.10940778,-1.10557365,-1.10063076,-1.09001815,-1.08326447,-1.08008313,-1.07829344,-1.07549369,-1.05584538,-0.99260616,-0.85657150,-0.66426969,-0.42187491,-0.16231436,0.04279641,0.16629834,0.23606437,0.26974899,0.29150924,0.31210229,0.33237934,0.34846392,0.36746159,0.38566601,0.40422103,0.42074850,0.43680272,0.45325541,0.46846846,0.48054662,0.49373123,0.50622284,0.51786959,0.50865561,0.52110726,0.51295608,0.50431502,0.50893074,0.52099931,0.53979993,0.55972153,0.58063006,0.60629225,0.63159406,0.65323746,0.67367345,0.69346482,0.70982426,0.72430575,0.73589122,0.73809779,0.74159539,0.73485845,0.70315951,0.66122437,0.61600333,0.59316915,0.60067600,0.61121207,0.61810166,0.63091886,0.64888257,0.67105228,0.69599670,0.72186691,0.74452716,0.76320165,0.77703643,0.78551930,0.78763187,0.78375447,0.76808590,0.73740995,0.68983185,0.63857156,0.56679946,0.34074649,0.25303850,0.41825682,0.29521790,0.36259696,0.04579118,-0.23458014,-0.28636706,-0.29999268,-0.35542023,-0.36955374,-0.33893061,-0.29542753,-0.25879139,-0.21474856,-0.15899052,-0.10050122,-0.04349944,0.01017136,0.06079189,0.10920775,0.15289897,0.19686210,0.23799023,0.28183931,0.32186779,0.35686731,0.38865086,0.41310167,0.42696524,0.43060634,0.42982596,0.42352837,0.41214505,0.39629233,0.37830782,0.35209429,0.33068252,0.31705877,0.29107732,0.26526204,0.24052234,0.23414648,0.21056625,0.24630667,0.40113080,1.41206193,-1.37199199,-1.11239123,-1.62858605,-1.73970675,-1.63651681,-1.74829435,-1.75245571,-1.75245559,-1.74547136,-1.18013239,-1.13253224,-0.87028849,-0.98983002,-0.77810425,-0.70210075,-0.66210234,-0.60460305,-0.54152983,-0.53817230,-0.54929620,-0.53634524,-0.53706098,-0.54577619,-0.56165218,-0.56300575,-0.54291612,-0.51725864,-0.49803156,-0.48067763,-0.46055064,-0.43612048,-0.42407680,-0.41282812,-0.39609963,-0.38273400,-0.36179307,-0.32788864,-0.31639069,-0.32615000,-0.32686004,-0.33671236,-0.35911873,-0.41864222,-0.48084417,-0.51680881,-0.55762762,-0.57347500,-0.59583718,-0.64847714,-0.68108559,-0.66887003,-0.71794331,-0.73995012,-0.73334581,-0.81377280,-0.88833910,-0.90828127,-0.91074473,-1.02279246,-1.16088712,-1.14165211,-1.54764843,-1.30359340,-1.28636789,-1.16839194,-1.26783729,-0.56607229
325,FSP_099,0.00000000,0.57692301,0.42307699,-1.39221072,-1.35696197,-1.31637430,-1.26772130,-1.21523845,-1.16965508,-1.13541913,-1.10602117,-1.07233334,-1.02971458,-0.97908789,-0.92506230,-0.86982608,-0.81156611,-0.75109565,-0.68830836,-0.62487274,-0.56319410,-0.50845653,-0.45868579,-0.41653970,-0.37853417,-0.34078997,-0.30304751,-0.26562163,-0.22690222,-0.18899907,-0.15026997,-0.10866704,-0.06119682,-0.01496601,0.02904294,0.07933183,0.12105676,0.15396331,0.18995276,0.23277102,0.26627639,0.29567927,0.32878613,0.35933003,0.39094013,0.42358470,0.44543305,0.46441272,0.48517615,0.50744545,0.52956212,0.55238718,0.57769901,0.60972446,0.63519031,0.65577871,0.69042695,0.72913653,0.74640608,0.75822151,0.75948501,0.77107984,0.78154445,0.80378938,0.82949132,0.84943974,0.86881512,0.88803554,0.90609807,0.92478025,0.94262779,0.96183741,0.98312020,1.01030648,1.04097795,1.10547876,1.15365911,1.15255666,1.15218782,1.13258696,1.12015915,1.12445915,1.13257897,1.14127803,1.15035880,1.16175592,1.17255580,1.18451786,1.19560552,1.20872843,1.22512829,1.23312199,1.24257004,1.25437808,1.26988959,1.28712690,1.30996549,1.32877457,1.33723152,1.31205702,1.15893304,1.07912803,1.37628090,1.32642543,1.33260822,1.30240345,1.26472700,1.23521352,1.20378339,1.18267238,1.19417346,1.18459642,1.16370583,1.15358126,1.16426742,1.17789960,1.18988431,1.20166051,1.21295667,1.22514904,1.23623836,1.24757802,1.26125336,1.28029644,1.29881406,1.31353700,1.32665968,1.33730340,1.34291530,1.34210527,1.33573771,1.32965755,1.32255363,1.31722343,1.31347835,1.30545092,1.30458999,1.31359816,1.31829941,1.32517362,1.33427584,1.32150984,1.36468697,1.44481289,1.70745611,1.09418726,-0.20099813,-1.68686712,-1.75191903,-1.48697221,-1.18810546,-1.74740887,-1.75245607,-1.75245631,-1.75169945,-1.27032709,1.46563315,1.17868698,1.07622778,0.99690378,0.99985242,1.02120149,1.04277408,1.10227561,1.12161946,1.08210790,1.03243124,0.98716211,0.95332444,0.91304678,0.89302778,0.87169385,0.86399019,0.85687089,0.86785686,0.88022345,0.88688260,0.88700831,0.87304825,0.86658472,0.85830683,0.86006767,0.86215878,0.84411961,0.86348301,0.88831133,0.88325197,0.86378479,0.81472981,0.76083380,0.72355223,0.70279282,0.70366853,0.68539655,0.65600443,0.64056027,0.64163095,0.59390771,0.57930791,0.61207497,0.67464596,0.64389849,0.66625166,0.53886926,0.42095628,0.49176377,0.49619979,0.52172220,0.42618039,0.46605226,-0.20542395,0.61135042,-0.78340840
4,Resop062,0.01183430,0.39053300,0.59763300,-1.32234597,-1.29065061,-1.25511098,-1.21440244,-1.17180049,-1.13556504,-1.10643399,-1.07915771,-1.04868066,-1.01209223,-0.97062516,-0.92705804,-0.88158697,-0.83502960,-0.78786212,-0.73938042,-0.69065851,-0.64444208,-0.60124582,-0.56055868,-0.52858490,-0.49820486,-0.46928474,-0.43575040,-0.39926746,-0.36712131,-0.33636728,-0.30920720,-0.27419341,-0.22225901,-0.16660300,-0.11871652,-0.08124319,-0.03687875,0.00724917,0.04346742,0.07719949,0.11076748,0.13942163,0.16686301,0.19430171,0.21708821,0.23724629,0.26692286,0.29636195,0.32106894,0.34393021,0.36672211,0.38882753,0.40736246,0.41704828,0.43408152,0.45913628,0.45496461,0.44720089,0.47308701,0.50748539,0.55172223,0.58112955,0.61115456,0.64983213,0.69236630,0.71192706,0.73198086,0.75330710,0.77518141,0.79519343,0.81082976,0.82891566,0.84126282,0.85308695,0.84166485,0.81287849,0.84346962,0.86877632,0.89476943,0.93951559,0.96732634,0.98009068,0.99365348,1.00845170,1.02646279,1.05067873,1.07363534,1.09285343,1.11294305,1.12905288,1.14579499,1.15916133,1.16933382,1.17276800,1.17215383,1.16698682,1.15117705,1.13790739,1.05029678,0.95974398,1.00215125,0.83670509,0.75677574,0.74132198,0.66685838,0.67895526,0.69533759,0.69231236,0.72088927,0.74997330,0.75710297,0.79927790,0.86242664,0.92114520,0.96898037,1.01297021,1.04957879,1.07860518,1.10274565,1.12704504,1.14910233,1.17033827,1.19427681,1.21759427,1.24327123,1.26879764,1.29019308,1.30371261,1.31323588,1.31995654,1.32216501,1.32153678,1.31735778,1.31854904,1.31329226,1.30394042,1.29525614,1.29625154,1.28899777,1.27503097,1.26808405,1.26692021,1.25645792,1.19790232,1.11405599,0.72359407,0.17288795,-0.14932655,-0.86214340,-0.29531619,1.17980278,1.05349874,0.66433471,0.70906001,0.03966013,0.29051194,0.22833924,0.32268557,0.37257677,0.55179489,0.59695822,0.68406415,0.76967376,0.80453634,0.87087911,0.87589073,0.91014683,0.90256655,0.88105500,0.87297583,0.88811660,0.90186191,0.91746807,0.92278242,0.95096546,0.99223524,1.01285303,1.03519404,1.03931320,1.01845884,1.01454127,1.00069332,0.98137033,0.95961332,0.98616463,1.00844181,0.98027438,0.94890130,0.94579375,0.85960799,0.82709688,0.83930242,0.77849203,0.73571455,0.72640151,0.70099783,0.72459841,0.67658490,0.74146152,0.72990990,0.71835011,0.98735893,0.76020461,0.61382926,0.71835476,0.88489294,0.49404323,0.57491958,-0.38694915,-0.48800066,-0.10546894,-0.88395602,-1.67025518
907,SSC_SALE09_20120126,0.67496699,0.32503301,0.00000000,-1.41546404,-1.41560733,-1.40277326,-1.38587081,-1.37131929,-1.36131513,-1.35579038,-1.34987903,-1.34493709,-1.34231126,-1.33562315,-1.31634903,-1.26863074,-1.19272172,-1.14275968,-1.11466694,-1.11360383,-1.14668965,-1.18105686,-1.20341170,-1.20773041,-1.21589553,-1.23238492,-1.23486555,-1.23977661,-1.25482941,-1.26489115,-1.27445078,-1.26901090,-1.22217965,-1.01886523,-0.69574147,-0.32795572,-0.00338707,0.20689873,0.31054243,0.32302564,0.38266435,0.40228909,0.41874716,0.43838009,0.45612526,0.47239286,0.48972666,0.50952250,0.52898151,0.54836226,0.56606209,0.58165777,0.59868753,0.60444635,0.61663580,0.62389392,0.64733040,0.60424954,0.60536957,0.58472109,0.58799505,0.60570210,0.63760602,0.66708136,0.74475551,0.79709238,0.82363850,0.85981411,0.88884866,0.90526652,0.92940438,0.94555557,0.94782478,0.95172858,0.94393355,0.91041559,0.89491856,0.82734299,0.72588545,0.67526484,0.65689492,0.64306945,0.63519430,0.64434719,0.66693085,0.70072788,0.74453980,0.78180921,0.81340605,0.83487153,0.85136771,0.86285436,0.86400074,0.84112024,0.79444551,0.73428559,0.63573885,0.54720068,0.49426669,0.63166326,3.94023466,1.18068087,0.07934959,-0.54433995,-0.77268642,-0.76393455,-0.79683554,-0.81482863,-0.82365936,-0.81850022,-0.79753864,-0.75821441,-0.70897478,-0.65860331,-0.59847355,-0.53761995,-0.47914630,-0.41721946,-0.35936460,-0.30358821,-0.25590777,-0.20530874,-0.15853955,-0.10660657,-0.06586584,-0.02169293,0.01493036,0.04227779,0.06347138,0.07104553,0.06409202,0.04349044,0.00291554,-0.03624537,-0.06561400,-0.09525316,-0.12193239,-0.12920083,-0.15530768,-0.18026952,-0.19258726,-0.19480421,-0.20358038,-0.27313793,-0.56132084,-0.32257959,3.03329992,6.00399542,2.51978612,5.43869925,0.71873575,-0.20198956,-1.75245631,-1.75245631,-0.54306901,-0.30452099,-1.10587943,-1.25764120,-1.23963261,-1.11369312,-1.07603478,-1.04750931,-1.03695333,-1.04278564,-1.00302839,-0.96948498,-0.93622500,-0.93536520,-0.94441128,-0.93480247,-0.91619718,-0.90891576,-0.89912188,-0.87603539,-0.84867632,-0.83122951,-0.80610973,-0.79945850,-0.78047609,-0.75276124,-0.73259741,-0.71130663,-0.69625670,-0.68386608,-0.69225007,-0.69806498,-0.70488036,-0.74797142,-0.79490644,-0.84531569,-0.87049007,-0.90349287,-0.94801414,-0.98291755,-0.98642075,-0.99572563,-1.01245868,-1.08017170,-1.05696535,-1.03838050,-1.08235943,-1.08197212,-1.15473235,-1.18391418,-1.22813344,-1.28048229,-1.28024125,-1.39591277,-1.24042594,-1.16881275,-0.15672706,3.26616240,3.26261973
79,Resop145,0.94082803,0.05917160,0.00000000,-1.63451087,-1.61545980,-1.59643447,-1.58137560,-1.56961989,-1.55843532,-1.54929996,-1.54290223,-1.53623879,-1.52732968,-1.50816345,-1.46440601,-1.38322663,-1.29150426,-1.23178053,-1.19983399,-1.20091450,-1.24156928,-1.28573883,-1.30969751,-1.32013416,-1.33528411,-1.35232377,-1.35994971,-1.38058901,-1.41110086,-1.43327892,-1.45030522,-1.43553805,-1.31584382,-1.00664008,-0.60051143,-0.15233243,0.28095213,0.60343903,0.79411995,0.91770017,0.95218551,0.99022830,1.03153479,1.07107270,1.11217856,1.15292239,1.18692398,1.21973360,1.25589728,1.29007614,1.32163143,1.35136640,1.38153207,1.41475654,1.44155407,1.46183836,1.47963548,1.48931432,1.46356237,1.42039847,1.40336132,1.41301370,1.43607199,1.48281288,1.54464185,1.59534776,1.64261615,1.68957186,1.72844851,1.75821507,1.78199637,1.79560375,1.80952358,1.81592894,1.82128906,1.82459354,1.76191092,1.62136805,1.46879995,1.37632716,1.34253085,1.32559717,1.31552052,1.32186389,1.33873916,1.37035441,1.40475988,1.43799293,1.47352183,1.50480151,1.51535535,1.50767970,1.48615372,1.43937707,1.36463583,1.26206481,1.13703465,1.01995206,0.94948256,0.94882977,0.94656551,0.66247523,0.21161707,-0.20336033,-0.53483713,-0.70088613,-0.78136927,-0.82683575,-0.85444701,-0.85631680,-0.83002985,-0.78908539,-0.73816580,-0.67959726,-0.60932714,-0.53458357,-0.45684010,-0.38049215,-0.30485931,-0.23397422,-0.16537970,-0.10454714,-0.04667417,0.01405170,0.06731945,0.11513593,0.15877748,0.19556578,0.22250512,0.23833239,0.24113961,0.23015501,0.20827931,0.18292493,0.15552795,0.11934628,0.08438286,0.05197050,0.01213730,-0.03354661,-0.06951572,-0.08985155,-0.07182779,-0.05796096,-0.03028178,0.14484790,0.51495343,-0.63405246,-0.38166168,-0.89311212,-1.48081803,-1.07040513,-1.34994578,-1.57987738,-1.48478174,-1.40109372,-1.46719837,-1.43653381,-1.38526249,-1.38657832,-1.34893095,-1.32165790,-1.28122401,-1.26563168,-1.22422934,-1.16924822,-1.16218042,-1.14177501,-1.11932755,-1.09106767,-1.05432427,-1.02658927,-1.00430012,-0.97044879,-0.94161528,-0.90607905,-0.88652015,-0.84578669,-0.82232559,-0.83373946,-0.82212663,-0.81622028,-0.79460448,-0.76943624,-0.75833619,-0.77026671,-0.78722674,-0.81256062,-0.82826513,-0.87650138,-0.93491286,-0.97576123,-0.98566467,-0.96983314,-0.99532527,-1.07584429,-1.16224468,-1.09985995,-1.23473072,-1.26344681,-1.26649225,-1.12374461,-1.41659999,-1.48861480,-1.22915626,-0.98065889,-1.28486848,-1.64580095,-1.32839549,-1.29977834,-1.70482254,-0.70833206,0.80442792
956,CHI_ADFA02_20120225,0.60786301,0.39213699,0.00000000,-1.52319956,-1.52055764,-1.51375687,-1.50480866,-1.49794245,-1.49058962,-1.48470533,-1.48109615,-1.47579777,-1.47328091,-1.46572840,-1.45483947,-1.42810559,-1.38765824,-1.35869694,-1.34178793,-1.33742988,-1.34869754,-1.37029994,-1.37150121,-1.37085593,-1.37757146,-1.38540077,-1.38469815,-1.38451505,-1.39266431,-1.39914191,-1.40478647,-1.40015423,-1.36593080,-1.24731576,-1.06859231,-0.87214327,-0.67490327,-0.53245997,-0.45899931,-0.43898928,-0.40127778,-0.38405123,-0.37138095,-0.35612676,-0.34244037,-0.33776295,-0.32260156,-0.29988119,-0.28493154,-0.27144521,-0.25771710,-0.24656224,-0.23720843,-0.25266045,-0.24133301,-0.22955634,-0.24223025,-0.27436554,-0.26914647,-0.27237636,-0.24264160,-0.23406981,-0.21490854,-0.19260384,-0.16557556,-0.14451332,-0.12132016,-0.10250817,-0.07717016,-0.05609378,-0.04205202,-0.02543046,-0.01535667,-0.01493434,-0.03423807,-0.08416550,-0.10595788,-0.11875625,-0.16573380,-0.16546257,-0.16169079,-0.16022082,-0.15882808,-0.15181017,-0.13063097,-0.09342431,-0.05222993,-0.01515824,0.01378233,0.03635639,0.05945221,0.07512254,0.08205560,0.07513902,0.05304759,0.01449588,-0.04972258,-0.11369541,-0.24785179,-0.52544349,-0.63765442,-0.67620707,-0.76104963,-0.82391059,-0.88327229,-0.90893781,-0.91387349,-0.92632377,-0.90892541,-0.89346790,-0.88879889,-0.85500789,-0.80915993,-0.76692349,-0.72477895,-0.68653131,-0.64944619,-0.61676371,-0.58554226,-0.55609405,-0.52967089,-0.49889198,-0.46836784,-0.43874225,-0.40400565,-0.37683514,-0.35644019,-0.33668724,-0.32800409,-0.33123061,-0.33802867,-0.35166752,-0.37164810,-0.39900380,-0.42623508,-0.45326665,-0.46233144,-0.45150965,-0.44954056,-0.45947692,-0.46459258,-0.46876740,-0.48071972,-0.58191288,-0.64140821,-0.73508173,-0.94628620,-0.84453177,-0.96292931,-1.01735151,-1.06215298,-1.06343579,-1.09364331,-1.26456249,-1.31189239,-1.26128447,-1.23103583,-1.15799463,-1.12341321,-1.07220459,-1.02343035,-0.98726004,-0.95870358,-0.95893097,-0.94685686,-0.94246453,-0.94028842,-0.94451839,-0.95854664,-0.96267062,-0.96699911,-0.96576357,-0.96243930,-0.96240008,-0.95065969,-0.94839346,-0.93680274,-0.93677551,-0.91862476,-0.90890795,-0.89524305,-0.88635308,-0.87144130,-0.86572009,-0.85587841,-0.85090280,-0.87233788,-0.91129553,-0.95316845,-0.99470896,-1.02685821,-1.04943025,-1.06733012,-1.09816098,-1.10629487,-1.09675908,-1.08848500,-1.11540103,-1.09516525,-1.13101184,-1.12625611,-1.13227057,-1.16103065,-1.15798390,-1.21810424,-1.19350815,-1.23795843,-1.24407458,-1.33518708,-1.30747354,-1.34107959,-1.31600666,-0.93876863
737,SSI_BAPI07_20110507,0.80264997,0.19735000,0.00000000,-1.65565205,-1.63734198,-1.61590016,-1.59165823,-1.56707418,-1.54673815,-1.53113890,-1.52206087,-1.51248145,-1.50529754,-1.48986769,-1.45467257,-1.38439250,-1.29388142,-1.23677754,-1.20400846,-1.19948781,-1.23095918,-1.27089512,-1.29221070,-1.29762697,-1.31089449,-1.33223188,-1.33610773,-1.34923697,-1.37728262,-1.39955795,-1.42501748,-1.42116714,-1.33092999,-1.05664647,-0.67638677,-0.22380719,0.21684770,0.52890372,0.69728893,0.76728469,0.82530165,0.85973090,0.89128286,0.92248720,0.95152223,0.97762567,0.99952823,1.02401710,1.04904222,1.07366645,1.09665585,1.11849225,1.13833511,1.15177906,1.17026258,1.18832231,1.19689822,1.16291678,1.13616359,1.07984412,1.06526887,1.07302630,1.09949601,1.13813174,1.23027337,1.28779697,1.34103227,1.39142549,1.43337154,1.46672547,1.49478173,1.51315367,1.51968384,1.51342523,1.50341320,1.47663808,1.38615620,1.22966647,1.02305543,0.92313576,0.88262165,0.85818249,0.83808237,0.83714443,0.86799735,0.91804230,0.97721499,1.02765131,1.07135010,1.10548270,1.12429833,1.12706375,1.11018848,1.06392133,0.97928458,0.86119771,0.71626443,0.56717253,0.48266554,0.57134181,0.51525962,-0.01477903,-0.45044413,-0.78851879,-0.95950162,-1.04213130,-1.07924581,-1.10024226,-1.10746229,-1.10456085,-1.08342719,-1.04586577,-0.99802738,-0.94891429,-0.89144421,-0.83230126,-0.77207547,-0.71199483,-0.65524346,-0.59884924,-0.54719496,-0.49375167,-0.44497859,-0.39881977,-0.35570887,-0.31732696,-0.28677875,-0.25898105,-0.23970678,-0.23673795,-0.24543548,-0.26833594,-0.30644473,-0.34593987,-0.38375431,-0.41602504,-0.43677071,-0.45011082,-0.48022750,-0.51239341,-0.53282082,-0.54167962,-0.54339868,-0.54425031,-0.52854353,-0.50811315,0.56472898,-1.75245631,4.59589863,-1.75245631,-1.75245631,-0.47531563,-0.96299279,-1.75245631,-0.35090664,-1.40668249,-1.41303372,-1.42840660,-1.43652570,-1.41355121,-1.39881217,-1.38279510,-1.36316013,-1.34423590,-1.31493270,-1.30519700,-1.28971231,-1.27889884,-1.26477575,-1.25014400,-1.23432004,-1.21897674,-1.19886017,-1.17826450,-1.16340673,-1.14586413,-1.13025665,-1.11530435,-1.10464370,-1.08980620,-1.07784557,-1.06112111,-1.05414391,-1.03984022,-1.03755581,-1.04087436,-1.06413424,-1.09174144,-1.12686706,-1.15196455,-1.18857968,-1.21118820,-1.24019873,-1.26201081,-1.27267742,-1.27141690,-1.29428291,-1.30535376,-1.31847572,-1.33133209,-1.34092987,-1.34256697,-1.36404777,-1.39322269,-1.41614366,-1.42724848,-1.46066093,-1.47942901,-1.48026216,-1.48559177,-1.36101782,-0.62664682,0.92492163
1635,CHC_CEME08_20111006,0.78150702,0.21849300,0.00000000,-1.57304919,-1.57014680,-1.56176412,-1.55642462,-1.54145706,-1.52754641,-1.51909494,-1.51300597,-1.50734091,-1.50426853,-1.49488187,-1.47810876,-1.44447899,-1.39530873,-1.35473180,-1.32719159,-1.31691647,-1.33138740,-1.35186195,-1.36099362,-1.35834193,-1.36287034,-1.36842787,-1.36435723,-1.36420155,-1.37658203,-1.38026500,-1.38656282,-1.37912154,-1.32193136,-1.12190640,-0.82736313,-0.51654345,-0.23620355,-0.04455188,0.05760478,0.09414674,0.14401002,0.17231312,0.19360743,0.21591446,0.23737134,0.25361088,0.27498573,0.29927784,0.31888482,0.33895293,0.35756776,0.37562916,0.38828203,0.38835987,0.39862835,0.41155890,0.41742384,0.38719827,0.39202389,0.35981008,0.35476851,0.35512212,0.38252273,0.41390613,0.45257062,0.48956004,0.52421391,0.55086660,0.58809531,0.61870980,0.63817233,0.65955794,0.66713464,0.67267776,0.67202079,0.63552195,0.59127063,0.52315140,0.41623211,0.35740137,0.32830420,0.31503451,0.29853368,0.30125463,0.31918678,0.36057621,0.40907350,0.45141956,0.48604652,0.51255971,0.53225034,0.54499370,0.54704785,0.52772200,0.48709804,0.41918048,0.33143488,0.23052311,0.15544826,0.05057110,0.11894545,-0.27360582,-0.61025792,-0.68637156,-0.83534825,-0.91951162,-0.95081949,-0.97064805,-0.97338742,-0.96560961,-0.95530748,-0.92884636,-0.89418542,-0.85630167,-0.81832534,-0.77838898,-0.74001116,-0.70580465,-0.67200702,-0.64228511,-0.61261040,-0.58240283,-0.55097455,-0.52032608,-0.48783052,-0.45961913,-0.43636274,-0.42161667,-0.41834530,-0.42583647,-0.42917597,-0.42847413,-0.44097251,-0.45710737,-0.48570600,-0.50933248,-0.52662891,-0.52894568,-0.53702420,-0.55157954,-0.55247599,-0.55466455,-0.55282456,-0.62168998,-0.60971075,-0.52572000,-0.23372121,0.55595136,0.21576418,2.27353668,-0.25843695,-0.83288491,-0.62320912,-0.24526732,-0.85853994,-1.23096383,-1.22902644,-1.22647262,-1.21188498,-1.17987311,-1.15606666,-1.13280129,-1.11646128,-1.10083842,-1.09117770,-1.08355021,-1.08195424,-1.08239818,-1.09880853,-1.10264814,-1.10884738,-1.10225081,-1.10537970,-1.09994876,-1.09497809,-1.09251201,-1.09174097,-1.08343554,-1.07986188,-1.06653416,-1.05965722,-1.03760564,-1.02559078,-1.01148391,-0.99617469,-1.00456047,-1.00840080,-1.04459155,-1.06771946,-1.10641694,-1.12654650,-1.13852036,-1.16558063,-1.17751026,-1.18019938,-1.18574154,-1.17554116,-1.20253742,-1.20263278,-1.21903229,-1.23247695,-1.23847747,-1.23548639,-1.27189577,-1.26851034,-1.26782250,-1.26784050,-1.34522569,-1.31537187,-1.33271348,-1.15894401,0.95504504,-0.28283098
14,Resop073,0.08875740,0.10059200,0.81065100,-1.44050121,-1.41839206,-1.39280283,-1.36372530,-1.33370543,-1.30783045,-1.28864157,-1.27191150,-1.25190127,-1.22574222,-1.19127333,-1.14849019,-1.09804702,-1.04430330,-0.99314326,-0.94430232,-0.90072995,-0.86661988,-0.83949322,-0.81471413,-0.79157835,-0.77416086,-0.76053631,-0.74213988,-0.72394025,-0.71458060,-0.71816689,-0.72707862,-0.70385063,-0.61017531,-0.48906514,-0.39472440,-0.31709406,-0.25497207,-0.20844899,-0.17263810,-0.14017573,-0.12004825,-0.09867506,-0.07757051,-0.05814163,-0.03834815,-0.01934334,-0.00370083,0.01018492,0.02509822,0.03930663,0.05432814,0.06931449,0.08473367,0.10322195,0.11908837,0.13373604,0.15360305,0.17273007,0.18347616,0.19043235,0.19697534,0.20708068,0.21859664,0.23447391,0.25448430,0.27052563,0.28659481,0.30171391,0.31503734,0.32984674,0.34376311,0.35914537,0.37314519,0.39187923,0.40843990,0.43442276,0.44597015,0.44014817,0.44098279,0.43273389,0.43780327,0.44493780,0.45538810,0.46553808,0.47647664,0.48818809,0.49908715,0.51061839,0.52198470,0.53318197,0.54555529,0.55218124,0.55814528,0.56490612,0.57026792,0.56884992,0.57032865,0.57246161,0.59657001,0.53560752,0.47068459,0.58066189,0.56725198,0.39673918,0.19605671,0.09744896,0.05323445,0.02663388,0.01404714,0.01394524,0.03728846,0.06791310,0.10092016,0.13835458,0.18082333,0.22323644,0.26376951,0.29951015,0.33340794,0.36418834,0.39417762,0.42160159,0.44421840,0.46287975,0.48393160,0.50034875,0.51560551,0.52802962,0.54041719,0.54933500,0.55430901,0.55695850,0.55648822,0.55627602,0.55207258,0.54679263,0.53410095,0.52894366,0.51528090,0.50035506,0.49707973,0.48543277,0.50098002,0.52445114,0.60763198,0.64282596,0.76206297,-1.01406777,-1.00360668,0.61155891,1.69253099,0.64708197,-0.21568367,-0.34273055,-1.13664377,-0.78025711,-0.57797211,-0.69105691,-0.65094173,-0.56589359,-0.53947031,-0.49000809,-0.43455926,-0.40086854,-0.34021911,-0.27192107,-0.22515422,-0.19071387,-0.16022468,-0.10218623,-0.05482106,-0.00123100,0.02948199,0.04650706,0.07912849,0.13652316,0.16891928,0.20172581,0.20815754,0.18584912,0.16721067,0.14109354,0.13933714,0.11482415,0.15228148,0.17227922,0.17028700,0.18248226,0.16659284,0.12026526,0.13173214,0.08433659,0.04658478,-0.00375552,0.02059678,0.04602595,-0.02714280,-0.01006981,-0.08573785,-0.03094811,-0.12173396,-0.10134892,-0.04459068,-0.28451729,-0.36970648,-0.23440602,-0.41145980,-0.57168728,-0.40392992,-0.69402343,-1.12743783,-0.87536359,-1.45031762
1224,SF_071,0.20512800,0.75641000,0.03846150,-1.44981539,-1.42344546,-1.39335990,-1.36366284,-1.33678484,-1.31330907,-1.29208517,-1.27305555,-1.25365877,-1.23139524,-1.20402670,-1.16550660,-1.10863495,-1.04300308,-0.99260205,-0.95678842,-0.93705142,-0.93660706,-0.93983352,-0.93076026,-0.91595542,-0.90400749,-0.89272600,-0.87291276,-0.85635978,-0.84632492,-0.83761752,-0.82768518,-0.80181456,-0.73489863,-0.60071832,-0.42295715,-0.21316276,-0.01362633,0.12754470,0.21537855,0.27577195,0.30589095,0.32847410,0.35456774,0.38025472,0.40543661,0.43370196,0.45350084,0.47143507,0.48999709,0.51003879,0.52971983,0.55020750,0.57147503,0.59969413,0.62135834,0.63860381,0.66112667,0.69921643,0.70174807,0.69337296,0.68633330,0.69704843,0.70967025,0.71171927,0.71236664,0.73594618,0.75973719,0.78376710,0.80685627,0.82980263,0.85130388,0.86925566,0.89368427,0.92348915,0.95929992,1.03426719,1.06642139,1.04105389,1.00272882,0.96492743,0.95827180,0.96756756,0.98255831,0.99923611,1.02042139,1.04071522,1.06572461,1.09288704,1.12119031,1.15203881,1.17701733,1.19398677,1.21131051,1.22609937,1.23590302,1.24236608,1.24872386,1.25451875,1.24802113,1.11043334,0.92208266,0.96189517,0.97790217,0.97772735,0.84028310,0.62194681,0.57267076,0.55187184,0.46748918,0.44896597,0.47338897,0.50843221,0.53523260,0.56450856,0.61599606,0.66892725,0.72510999,0.77703810,0.82670981,0.87439305,0.92175406,0.96645385,1.01084960,1.05975962,1.10634208,1.14701819,1.18238676,1.21241772,1.23257089,1.23910189,1.23605776,1.22792292,1.21590030,1.20535839,1.19014072,1.16963696,1.15757251,1.16211629,1.15257883,1.14388192,1.14145780,1.11997473,1.10740924,1.25738835,1.14983809,-0.07068840,0.02737944,-0.23973331,-0.86560851,-0.46434727,-0.26517019,-1.38644183,-1.74846697,-1.55043638,0.45744157,0.40658674,1.69683886,0.32210407,0.05234784,0.07831071,0.08112457,0.14594977,0.21074763,0.23672299,0.30044761,0.30413619,0.26183805,0.21515627,0.19859478,0.19063500,0.15742634,0.14314643,0.16115172,0.18254000,0.19124360,0.21240984,0.23271003,0.26749733,0.30715021,0.32690701,0.35137257,0.35045591,0.37113076,0.39299008,0.41322508,0.40700462,0.37932053,0.34084958,0.27767792,0.18907210,0.14778997,0.12833783,0.05425604,0.03154153,-0.00159642,-0.06093225,-0.09259016,-0.08640430,-0.14201990,-0.14358102,-0.09574293,-0.26323709,-0.29970649,-0.27784970,-0.29141143,-0.32381514,-0.74631840,-0.63150406,-0.38746357,-0.53068370,-0.59397060,0.67830414,-0.91425967
790,CHI_CECU10_20110519,0.62376398,0.37623599,0.00000000,-1.64539135,-1.63761759,-1.63257706,-1.62200904,-1.60681903,-1.59357536,-1.58634579,-1.58149600,-1.57917762,-1.57635856,-1.56766999,-1.54676604,-1.50263000,-1.44149125,-1.39804947,-1.37157726,-1.36901295,-1.39221025,-1.42330909,-1.43642843,-1.43846548,-1.44895482,-1.46461749,-1.46672225,-1.47305655,-1.49370539,-1.50924194,-1.52788246,-1.52630019,-1.46700048,-1.26948595,-0.98987329,-0.65429771,-0.29107732,-0.00486114,0.15035632,0.20001182,0.25513545,0.27493525,0.28846434,0.30326089,0.31575462,0.32246074,0.33313119,0.35058865,0.36192524,0.37414271,0.38364714,0.39047387,0.39509708,0.37714133,0.37720069,0.38055223,0.35887942,0.30969822,0.27868432,0.22097075,0.20193148,0.19432110,0.21257508,0.24107626,0.24709758,0.29052714,0.33377534,0.36886087,0.40476817,0.43077719,0.45162499,0.45821962,0.45982012,0.45010185,0.42365247,0.36409673,0.28345245,0.17346185,0.01772156,-0.06131963,-0.09532024,-0.11643846,-0.13547808,-0.13980879,-0.12472370,-0.08734655,-0.04392984,-0.00638312,0.02574306,0.05003249,0.06500668,0.06613613,0.05007036,0.01260369,-0.05095370,-0.14454114,-0.26073268,-0.37276143,-0.46566057,-0.58398592,-0.73331451,-0.90686190,-1.11541247,-1.25599170,-1.34534955,-1.38642776,-1.40469062,-1.41562855,-1.41597176,-1.41311765,-1.40654552,-1.38922811,-1.36510551,-1.34099686,-1.31368744,-1.28655040,-1.25828862,-1.23193645,-1.20606542,-1.18242955,-1.15791452,-1.13465941,-1.11192119,-1.08834147,-1.06569374,-1.04542327,-1.02720022,-1.01422763,-1.00855911,-1.00963700,-1.00760353,-1.00418353,-1.00995576,-1.02332366,-1.03924894,-1.05779755,-1.07497454,-1.08498061,-1.09773195,-1.11380804,-1.12336504,-1.13052058,-1.13391519,-1.15901017,-1.15442431,-1.19235516,-1.04342711,-0.46027869,-0.70187485,-0.94308895,-1.01980734,-1.39361548,-1.39243841,-1.12742877,-1.43397391,-1.56427920,-1.54797542,-1.54459834,-1.53682768,-1.52638769,-1.52031195,-1.51083541,-1.50117862,-1.48661721,-1.48008466,-1.47909987,-1.47346151,-1.46965873,-1.46526647,-1.46028113,-1.46228087,-1.45861447,-1.45309114,-1.44697976,-1.44393301,-1.43981278,-1.43724573,-1.43090272,-1.42676342,-1.41496849,-1.41026592,-1.40154469,-1.39548671,-1.39128470,-1.38687503,-1.38269901,-1.38431919,-1.39573264,-1.40890348,-1.42638075,-1.43982410,-1.45037913,-1.46577191,-1.47945583,-1.48573089,-1.48306751,-1.48521388,-1.49768722,-1.50994766,-1.50978303,-1.51827729,-1.52008700,-1.53009462,-1.53783631,-1.52677870,-1.54084015,-1.57956541,-1.57384062,-1.54589093,-1.57159674,-1.49303210,-1.03353119,-0.65283394
1383,QUE_T3.51.H,0.00000000,0.07000000,0.93000001,-1.53027999,-1.51822412,-1.50453281,-1.48759508,-1.47037303,-1.45689750,-1.44774020,-1.43921554,-1.42833519,-1.41349697,-1.39588344,-1.37740600,-1.35883486,-1.33993232,-1.32037508,-1.30006254,-1.27970779,-1.26009691,-1.24241889,-1.22542906,-1.20953894,-1.19347942,-1.17642915,-1.15844941,-1.13979042,-1.11992252,-1.09912765,-1.07707191,-1.05215073,-1.02332067,-0.99323547,-0.96307451,-0.93230301,-0.90215904,-0.87339747,-0.84518629,-0.81501532,-0.78951699,-0.76468468,-0.73913151,-0.71442562,-0.69012624,-0.66624874,-0.64430374,-0.62352562,-0.60316849,-0.58318794,-0.56348163,-0.54426450,-0.52491260,-0.50602818,-0.48767087,-0.47163245,-0.45940003,-0.44859749,-0.43449801,-0.41491196,-0.39769089,-0.38368654,-0.36903417,-0.35532278,-0.34426165,-0.32798669,-0.30899426,-0.29276654,-0.28095457,-0.26660734,-0.25106835,-0.23684230,-0.22609635,-0.21152708,-0.19811741,-0.18349661,-0.16288850,-0.16111982,-0.15579884,-0.15306875,-0.14610298,-0.13735543,-0.12752764,-0.11802308,-0.10653645,-0.09600773,-0.08520380,-0.07449453,-0.06491728,-0.05455041,-0.04488832,-0.03858011,-0.03388644,-0.02995293,-0.02769497,-0.02872392,-0.03385593,-0.03978318,-0.04358826,0.07970578,0.29781196,0.57874560,0.10575922,-0.08661021,-0.42855018,-0.50291675,-0.51696426,-0.53257263,-0.53768480,-0.52853328,-0.50571799,-0.46851182,-0.42682722,-0.38710222,-0.34561253,-0.30535385,-0.26732779,-0.23351461,-0.20205325,-0.17300446,-0.14691725,-0.12417773,-0.10499565,-0.08629621,-0.07006636,-0.05801916,-0.04678706,-0.03720420,-0.03023118,-0.02482056,-0.02140966,-0.01963935,-0.01899265,-0.02024854,-0.02352599,-0.03030748,-0.03860746,-0.04740151,-0.06097361,-0.07687508,-0.08972687,-0.09844542,-0.10253213,-0.09375444,-0.09224402,-0.17686142,-0.74008369,0.06334435,1.80505514,-0.08997998,0.19268635,-0.05374011,-1.66556191,-1.74558592,-0.69735086,-0.58173263,-1.21038616,-1.26621878,-1.15888894,-1.08612061,-1.05171704,-1.01167417,-0.97069657,-0.93871093,-0.88426107,-0.81846565,-0.78541881,-0.75537145,-0.72166044,-0.68507087,-0.64389414,-0.61144227,-0.58097237,-0.55147403,-0.52327073,-0.49085963,-0.46817070,-0.45280072,-0.45030820,-0.44443646,-0.44363961,-0.44321832,-0.43947214,-0.43542880,-0.43779299,-0.41870287,-0.41086918,-0.41419736,-0.43339789,-0.45124823,-0.47422323,-0.49794239,-0.51272386,-0.53308493,-0.56305844,-0.60277551,-0.61941355,-0.64383644,-0.66610104,-0.69276601,-0.77349168,-0.75887913,-0.76538587,-0.83955652,-0.92780423,-0.93509799,-0.99813432,-1.04096413,-1.25320423,-1.35141766,-1.56244993,-1.29829478,-1.66438627
1718,CHI_CECU05_20111216,0.43625900,0.56374103,0.00000000,-1.48260665,-1.47719193,-1.46625805,-1.44764602,-1.42475677,-1.40433967,-1.39048052,-1.38038146,-1.37214994,-1.36414909,-1.35145319,-1.32853746,-1.28616095,-1.23319650,-1.19163275,-1.16264188,-1.15609920,-1.17601871,-1.19897926,-1.20848298,-1.20774424,-1.21255195,-1.22075713,-1.21757722,-1.22174263,-1.23528337,-1.24456370,-1.25503063,-1.24711418,-1.17355537,-0.94811565,-0.62057114,-0.22528137,0.18814494,0.49874195,0.67499441,0.74157065,0.81538564,0.85443366,0.88479125,0.91478264,0.94121075,0.96329165,0.98753792,1.01594567,1.04082346,1.06388175,1.08441591,1.10437143,1.11794603,1.11348176,1.12199759,1.13615382,1.12900078,1.08184099,1.05961215,0.99765402,0.97224873,0.96587259,0.97941619,1.01701438,1.07626355,1.12985945,1.19177926,1.24457288,1.29530585,1.33691716,1.36807966,1.39825749,1.42005360,1.41946411,1.41020834,1.36785197,1.28595221,1.15829122,0.97205704,0.86384320,0.81753653,0.79506975,0.77537912,0.77116048,0.79566061,0.85496861,0.92416370,0.99024230,1.03922737,1.07784986,1.10501087,1.12498641,1.12465596,1.09737480,1.02616346,0.92280692,0.78431821,0.64135653,0.54359347,0.61458886,0.25730225,0.02972143,-0.23619199,-0.55593854,-0.72137594,-0.80082738,-0.84931433,-0.88044858,-0.88221860,-0.88151252,-0.87062258,-0.83917385,-0.80886871,-0.77105868,-0.72609442,-0.68499094,-0.64380944,-0.60129052,-0.56498206,-0.52836031,-0.49337631,-0.45901111,-0.42562741,-0.38733500,-0.35383210,-0.32062182,-0.29316583,-0.27105221,-0.26802975,-0.27798632,-0.27930591,-0.27458113,-0.29141948,-0.31471783,-0.34502262,-0.37863421,-0.39805806,-0.40300861,-0.40922916,-0.42924809,-0.43817943,-0.43058625,-0.43755496,-0.44273487,-0.44556102,-0.47371793,-0.36250767,0.18266445,0.68758047,-0.82638645,-0.41280556,-0.75413924,-0.88979197,-0.87990779,-0.96506542,-1.22618997,-1.17200351,-1.11765647,-1.13249719,-1.10044682,-1.07414675,-1.06112313,-1.03472900,-1.02786160,-1.03454363,-1.00041664,-0.99881214,-1.01078796,-1.00423849,-1.01397884,-1.02924526,-1.01685619,-1.01632726,-1.01984632,-1.00804198,-1.00581813,-0.99857897,-0.98905504,-0.97931767,-0.97040766,-0.95451450,-0.94021428,-0.93067348,-0.92575252,-0.90838981,-0.90960944,-0.92299503,-0.93710035,-0.97654474,-1.01902413,-1.03513050,-1.05123472,-1.07884681,-1.09149814,-1.12176907,-1.10654175,-1.11351478,-1.12239838,-1.14360869,-1.12507188,-1.14309132,-1.14658868,-1.15990138,-1.16365099,-1.20460260,-1.19262993,-1.20793676,-1.22911417,-1.11455274,-1.10790050,-0.90768260,-0.04128413,0.41653267
437,QUE_T1.03.A,0.00000000,0.67420000,0.32600001,-1.30322683,-1.28243244,-1.25891483,-1.23213136,-1.20498538,-1.18148923,-1.16127419,-1.14189029,-1.12107062,-1.09675896,-1.07017612,-1.04380763,-1.01759756,-0.99132574,-0.96476185,-0.93791866,-0.91097873,-0.88512594,-0.86083341,-0.83619297,-0.81222957,-0.78744578,-0.76093620,-0.73287791,-0.70388395,-0.67316693,-0.64212370,-0.61093545,-0.57705814,-0.53743601,-0.49766859,-0.45983627,-0.41803035,-0.38132456,-0.34966490,-0.31562257,-0.27540466,-0.24306977,-0.21276532,-0.17877044,-0.14571406,-0.11110508,-0.07451347,-0.04598201,-0.01969965,0.00803575,0.03664620,0.06541920,0.09580906,0.12863219,0.16577411,0.19735093,0.22424938,0.26540694,0.31376356,0.33835158,0.34935674,0.35838580,0.37112188,0.39069942,0.42042762,0.45549282,0.47769222,0.50266796,0.52784824,0.55398464,0.57912117,0.60247117,0.62787557,0.65339756,0.68248022,0.71759635,0.77575588,0.81424648,0.82547343,0.83688551,0.83245724,0.83585131,0.85040689,0.86536962,0.88232458,0.90145242,0.91970617,0.93997389,0.96333838,0.98777169,1.01206076,1.03613758,1.05658317,1.08062387,1.10591531,1.13048935,1.15262580,1.17877507,1.20074546,1.24360120,1.41078138,1.68525898,1.79913616,1.64508426,1.48741198,1.29772425,1.15813673,1.08342171,1.05821741,1.02498496,1.01106155,1.02470410,1.02783549,1.02522552,1.02764678,1.04693365,1.07082164,1.09351015,1.11354184,1.13083613,1.14926493,1.16818786,1.18703973,1.20986831,1.23981547,1.27191854,1.30012608,1.32333732,1.33932495,1.34739268,1.34434450,1.33414888,1.32809603,1.32700646,1.32813811,1.32876587,1.32366991,1.32799387,1.34184015,1.34835064,1.35086644,1.36123049,1.38208783,1.40701544,1.45626724,1.53640437,1.66622138,1.70662081,3.69810677,3.29275918,3.21066380,2.16359091,2.72530603,2.13744164,2.59516406,3.04861426,1.43720114,1.05140352,1.00192273,0.93756777,0.96462381,0.98615479,1.00922918,1.04313684,1.07814896,1.11030161,1.08507431,1.01837981,0.95446777,0.89183253,0.84372085,0.80653185,0.77337545,0.75536710,0.74691302,0.75495696,0.77081203,0.78634971,0.80484134,0.81697327,0.83314270,0.85277796,0.86721534,0.88111997,0.88924783,0.89754790,0.90538830,0.88959819,0.84573925,0.77383983,0.69306934,0.64407516,0.63577414,0.62876678,0.61822832,0.58575791,0.55702955,0.53637034,0.51995689,0.52401614,0.54370725,0.58185852,0.58694309,0.56545210,0.56103504,0.55060363,0.50288486,0.45370510,0.27218482,0.24096781,0.13296419,0.12582581,-0.07132214,-0.58121145
768,SSC_SALE11_20110510,0.57047403,0.42952600,0.00000000,-1.24908757,-1.21876371,-1.18858731,-1.15505660,-1.12710643,-1.10745192,-1.09322619,-1.08378708,-1.07434821,-1.06608450,-1.05152559,-1.01701260,-0.94229054,-0.84398055,-0.77674133,-0.73301250,-0.72061521,-0.74818873,-0.78407723,-0.80385637,-0.80513024,-0.81567150,-0.83691633,-0.83610100,-0.84501386,-0.87636524,-0.90266615,-0.93274981,-0.92874104,-0.82466447,-0.51317215,-0.13426390,0.24403398,0.57461905,0.79320514,0.90270144,0.94242680,0.98925418,1.01569045,1.03865087,1.06334937,1.08645999,1.10264027,1.12459350,1.15386510,1.17784333,1.20080364,1.22213221,1.24035954,1.25748909,1.25354552,1.26642656,1.28470325,1.28478992,1.23674834,1.22387671,1.19690847,1.21240735,1.22395754,1.25464284,1.28716099,1.37570667,1.41087043,1.45185304,1.49005282,1.52562547,1.55329764,1.57472992,1.58724916,1.59424436,1.58555472,1.56491041,1.50518715,1.44970131,1.35817766,1.23027825,1.18009937,1.15683377,1.13026845,1.11368251,1.12152314,1.15027750,1.19456851,1.24623179,1.29002082,1.32594490,1.35312092,1.37296069,1.37851739,1.36891007,1.33607686,1.27441514,1.18603706,1.06674886,0.94626284,0.81675637,0.65676290,0.41553819,0.18941148,-0.07559956,-0.28912529,-0.42727011,-0.48399973,-0.52084118,-0.54309553,-0.53531933,-0.53139472,-0.51614696,-0.47044972,-0.41172600,-0.35723296,-0.29621869,-0.23500189,-0.17623179,-0.11936930,-0.06685026,-0.01606811,0.03173002,0.07843528,0.12375844,0.16847837,0.21471992,0.25388011,0.28369948,0.31293806,0.33481118,0.34054735,0.33274019,0.30335158,0.25752500,0.21474470,0.18086691,0.15102032,0.13132033,0.12198836,0.09554531,0.07068583,0.05263391,0.04430776,0.03436393,-0.00165509,-0.07742865,-0.13838917,-0.32846254,1.51140082,-0.30942091,0.65335101,-0.26041189,-1.04886615,-1.06544542,-0.62928772,-1.08917284,-1.11125565,-1.00899422,-0.97086585,-0.94006139,-0.89426535,-0.85460347,-0.82941550,-0.80373585,-0.78199327,-0.74605441,-0.72165173,-0.70649642,-0.70288277,-0.69567698,-0.68647438,-0.67348975,-0.65890115,-0.64737141,-0.62769586,-0.60668832,-0.58564514,-0.56471390,-0.54866868,-0.53201115,-0.51271105,-0.49763447,-0.48099011,-0.46652824,-0.45511326,-0.44994572,-0.45470110,-0.47170550,-0.51996511,-0.57087767,-0.62517029,-0.66582370,-0.69793892,-0.73258519,-0.76802665,-0.77962136,-0.76543283,-0.78702313,-0.80219001,-0.82724565,-0.82741427,-0.86716849,-0.86000526,-0.89254487,-0.92017370,-0.94594866,-0.96796227,-0.99675471,-1.05516958,-1.04297900,-1.16467428,-1.22985268,-0.48102435,-0.87174118
693,SSC_SALE10_20110405,0.34304801,0.65695202,0.00000000,-1.37236071,-1.35587358,-1.33758676,-1.31755221,-1.30079913,-1.29014480,-1.28237033,-1.27800465,-1.27368140,-1.27100241,-1.26095879,-1.23367047,-1.16483843,-1.06506133,-0.99436235,-0.95107442,-0.94308293,-0.97688788,-1.02494359,-1.04476333,-1.04791296,-1.06939042,-1.09420717,-1.09831893,-1.10953474,-1.14152336,-1.17071629,-1.19820213,-1.19453490,-1.09990776,-0.79029632,-0.41843772,-0.06190919,0.21505320,0.37943739,0.46024013,0.50721544,0.52591956,0.54517877,0.56468058,0.58524579,0.60491705,0.62687856,0.64460152,0.66241586,0.68194711,0.70167255,0.72032458,0.73765397,0.75462484,0.77048481,0.78600752,0.80232888,0.79350924,0.80911326,0.78842443,0.75889629,0.75674957,0.76556170,0.78592527,0.81235802,0.80102378,0.84274626,0.87953329,0.91306061,0.94528145,0.97384501,1.00045240,1.01753700,1.03180349,1.04150224,1.03624940,1.03823876,0.99598718,0.91040647,0.78725398,0.72878432,0.70808232,0.69462591,0.68680310,0.69501388,0.72062796,0.75609678,0.79938424,0.83716202,0.87460387,0.90493792,0.92830986,0.93094343,0.92289364,0.89900982,0.85322160,0.78205788,0.69064826,0.59120238,0.51935416,0.42285410,0.40341538,0.10538083,-0.19612110,-0.48611757,-0.66517103,-0.74029231,-0.78478992,-0.80593789,-0.81348115,-0.81493789,-0.79651552,-0.75686574,-0.71142441,-0.66467816,-0.60821402,-0.55112869,-0.49463958,-0.43947777,-0.38508183,-0.33349499,-0.28434503,-0.23437750,-0.19164793,-0.14293502,-0.09662487,-0.05945011,-0.02559897,0.00300984,0.02156835,0.02889874,0.02488566,0.00540746,-0.02646911,-0.06023716,-0.08832712,-0.11732601,-0.13946393,-0.15052378,-0.17751127,-0.20582841,-0.22431330,-0.23009096,-0.23674123,-0.26692250,-0.27463678,-0.38534513,-0.16333303,4.10690689,2.16813636,-1.75245631,-1.75245631,-0.32103714,-0.95882469,-0.06497490,-0.38206801,-1.33191752,-1.31213570,-1.23211789,-1.18938363,-1.15967906,-1.13804424,-1.11777616,-1.09232903,-1.06475496,-1.02697229,-1.01889575,-1.00538456,-0.99681687,-0.98673141,-0.97611141,-0.96586519,-0.95233798,-0.93664211,-0.92140013,-0.90265435,-0.87889308,-0.86258948,-0.84799069,-0.82791609,-0.80910796,-0.79217327,-0.77508909,-0.76595533,-0.75307995,-0.75206065,-0.74748373,-0.76585829,-0.80124789,-0.84833539,-0.88905674,-0.92762637,-0.95095509,-0.97793233,-1.00758994,-1.02663267,-1.02851331,-1.05086005,-1.06161261,-1.07387269,-1.10135078,-1.11608326,-1.12956142,-1.13830543,-1.16258609,-1.19678271,-1.23859370,-1.24694991,-1.30655050,-1.32720792,-1.37040102,-1.39396262,-0.72839385,-0.42082459
