orig_index,Spectra,gv_fraction,npv_fraction,soil_fraction,400,410,420,430,440,450,460,470,480,490,500,510,520,530,540,550,560,570,580,590,600,610,620,630,640,650,660,670,680,690,700,710,720,730,740,750,760,770,780,790,800,810,820,830,840,850,860,870,880,890,900,910,920,930,940,950,960,970,980,990,1000,1010,1020,1030,1040,1050,1060,1070,1080,1090,1100,1110,1120,1130,1140,1150,1160,1170,1180,1190,1200,1210,1220,1230,1240,1250,1260,1270,1280,1290,1300,1310,1320,1330,1340,1350,1360,1370,1380,1390,1400,1410,1420,1430,1440,1450,1460,1470,1480,1490,1500,1510,1520,1530,1540,1550,1560,1570,1580,1590,1600,1610,1620,1630,1640,1650,1660,1670,1680,1690,1700,1710,1720,1730,1740,1750,1760,1770,1780,1790,1800,1810,1820,1830,1840,1850,1860,1870,1880,1890,1900,1910,1920,1930,1940,1950,1960,1970,1980,1990,2000,2010,2020,2030,2040,2050,2060,2070,2080,2090,2100,2110,2120,2130,2140,2150,2160,2170,2180,2190,2200,2210,2220,2230,2240,2250,2260,2270,2280,2290,2300,2310,2320,2330,2340,2350,2360,2370,2380,2390,2400,2410,2420,2430,2440,2450,2460,2470,2480,2490
1,Resop059,0.0295858,0.662722,0.307692,0.058614478,0.06322138,0.068550855,0.07439905,0.08041856,0.08581852,0.09066559,0.09526344,0.0999641,0.10510193,0.11051677,0.11597326,0.12161293,0.12744689,0.13333707,0.13928412,0.14517307,0.1508757,0.15639468,0.16188964,0.16658692,0.17124198,0.17646253,0.1815521,0.1872203,0.19268742,0.19814654,0.20326746,0.20884946,0.21548954,0.22249584,0.22902562,0.23461372,0.240849,0.24703547,0.25249028,0.2576436,0.2627617,0.26736206,0.27181053,0.27631968,0.28032246,0.2840233,0.2886377,0.29321525,0.2972575,0.3009993,0.30468583,0.30839413,0.31162247,0.31383055,0.316795,0.32057238,0.32115054,0.32141486,0.32531574,0.32984412,0.33544317,0.33942664,0.34342262,0.34844178,0.35365313,0.3573327,0.3605195,0.36413148,0.3670544,0.3701778,0.37368926,0.37670237,0.37915945,0.3815961,0.38147694,0.38003558,0.38417712,0.38725936,0.3910955,0.3962052,0.39973348,0.40183547,0.4040909,0.4062326,0.4090883,0.41267937,0.41643417,0.42046273,0.4241789,0.42742488,0.43048444,0.43335688,0.4363871,0.4383428,0.4394343,0.43925786,0.4382668,0.43692768,0.42556876,0.40452144,0.39294234,0.38350442,0.39254606,0.381276,0.37300408,0.3700914,0.36760888,0.3650131,0.36802232,0.37107715,0.3717432,0.37688246,0.38423768,0.3915051,0.39839515,0.4046951,0.40984726,0.4137856,0.41722578,0.42064306,0.42409155,0.427452,0.43165886,0.43631592,0.4421796,0.44755962,0.45235223,0.45499372,0.45698062,0.45753318,0.45708388,0.45639643,0.4551813,0.45503983,0.45384786,0.45253786,0.4523091,0.45331436,0.452417,0.4508886,0.45017952,0.45041782,0.44858772,0.44155696,0.42587593,0.4040857,0.20139378,0.11724266,0.05938214,0.09089637,0.3405587,0.3550628,0.30277246,0.34769008,0.25768372,0.26725954,0.31080124,0.31635198,0.34163332,0.36035696,0.36593175,0.37597373,0.38830695,0.39264342,0.39111662,0.3963209,0.39571047,0.38964006,0.37745243,0.37093216,0.36969644,0.36878476,0.36619312,0.36566687,0.3692971,0.37634587,0.37853932,0.38367015,0.3886013,0.38833478,0.38591743,0.3870457,0.38676867,0.39240453,0.39584535,0.3934567,0.3889614,0.37930608,0.3708083,0.3593841,0.34942642,0.34772173,0.34596315,0.34687972,0.33991516,0.33246288,0.32901537,0.33838615,0.34251362,0.33266196,0.33056086,0.32351738,0.33056286,0.29938817,0.24206452,0.2767499,0.30610648,0.2320476,0.19517912,0.14590971,0.06126626,0.10420719,0.03176397
7,Resop066,0.0236686,0.218935,0.757396,0.04285108,0.04617049,0.049972516,0.054302067,0.058748484,0.062557936,0.06547669,0.06810424,0.07115919,0.07499926,0.079637475,0.084906876,0.09092956,0.097386725,0.10376993,0.10995933,0.115694344,0.120477,0.12458756,0.1283341,0.13193358,0.13500762,0.13757122,0.14088641,0.14419796,0.14688009,0.14912641,0.15104806,0.1548149,0.16276298,0.17329447,0.18312077,0.1911338,0.19919132,0.20608841,0.21106656,0.2154683,0.21862286,0.22175258,0.22462066,0.2274402,0.22965854,0.23147768,0.23460267,0.2377835,0.24035814,0.24270718,0.24500969,0.24718429,0.2488833,0.24952973,0.25116998,0.25375897,0.25229818,0.25122228,0.25383803,0.25769457,0.26263815,0.26599604,0.26932383,0.27300212,0.27679777,0.27903247,0.28165144,0.28396103,0.28588998,0.2879364,0.28993112,0.29157162,0.29283154,0.29369235,0.29154715,0.28720528,0.28828478,0.29116923,0.29416987,0.29944673,0.3027873,0.3047234,0.30646726,0.30835584,0.31048506,0.31305468,0.31549528,0.31760263,0.31944576,0.32137835,0.32291338,0.32370758,0.32479686,0.32482326,0.32389677,0.32239085,0.31955922,0.3155024,0.3043222,0.29090092,0.28394914,0.27043357,0.25199652,0.24963814,0.24145237,0.24528179,0.24570356,0.2452285,0.2491591,0.2523697,0.25414982,0.26166198,0.2702936,0.27828947,0.28528264,0.29132104,0.29679662,0.30137375,0.30532315,0.3090634,0.31258774,0.31587315,0.31886938,0.32161766,0.32442084,0.32705852,0.3291551,0.330693,0.33231983,0.33363083,0.3341204,0.3340177,0.33390802,0.33382848,0.33343443,0.3320875,0.3310056,0.3300124,0.32781014,0.32524332,0.3230617,0.32057306,0.3171967,0.31240603,0.30503452,0.28830037,0.3133828,0.270249,0.17406152,0.09548146,0.35132465,0.25630784,0.18405806,0.09262532,0.18091205,0.16463952,0.16394179,0.17889598,0.18049757,0.20030972,0.20846003,0.21410042,0.22118226,0.22736949,0.23955686,0.24330473,0.24755464,0.25379154,0.25527722,0.26217797,0.26509783,0.27003863,0.27265012,0.274871,0.2817372,0.28485948,0.2899711,0.29297566,0.29269475,0.29118258,0.2879986,0.28612897,0.28408504,0.2811395,0.28505343,0.28760156,0.2897428,0.2822015,0.28146374,0.27434427,0.27076134,0.27439082,0.27163967,0.27189544,0.25799173,0.26238728,0.25835615,0.25203973,0.24987318,0.24942158,0.25315502,0.25154367,0.23721044,0.23174109,0.22468182,0.18772951,0.17571425,0.20977625,0.29098755,0.1905017,0.07335698,0.042297002,0.024283545
18,Resop078,0.112426,0.83432,0.0532544,0.049297567,0.05390858,0.05929413,0.06501866,0.07042542,0.075225495,0.0794029,0.08324835,0.087163925,0.09148226,0.096298136,0.10186448,0.10874573,0.11641955,0.123453446,0.1296303,0.13455872,0.13779795,0.14048932,0.14377898,0.14760011,0.15083918,0.15362437,0.15785189,0.16171859,0.16502999,0.16826588,0.17159769,0.17623325,0.1845375,0.19860725,0.21385683,0.22823524,0.24101852,0.2506357,0.25739798,0.26280147,0.26733184,0.2715446,0.275599,0.2795277,0.28333342,0.28701696,0.29078963,0.2944563,0.29798692,0.3013903,0.30467775,0.30785406,0.31085306,0.313593,0.31643954,0.3194139,0.32152718,0.3234517,0.3261203,0.3284701,0.33113766,0.33391324,0.33677077,0.34157625,0.3472621,0.3508557,0.35412657,0.3574811,0.36045393,0.36347717,0.36591166,0.3691872,0.3718704,0.37479612,0.3770278,0.37868163,0.38102585,0.38142672,0.38189673,0.3829131,0.38476706,0.38632652,0.38845587,0.39053202,0.39303082,0.39634544,0.39999697,0.40364358,0.4073682,0.41073897,0.4141051,0.41667262,0.41939077,0.42163658,0.42250645,0.42278212,0.42209998,0.42095214,0.41705504,0.41536665,0.4059148,0.39592436,0.3950973,0.37763777,0.3552449,0.34272555,0.33489043,0.33051518,0.3292256,0.3302454,0.33212537,0.33575848,0.34049594,0.34638822,0.35300252,0.35990092,0.3658053,0.37093177,0.37571466,0.37997502,0.38395238,0.38832116,0.39276683,0.39819202,0.4043733,0.40980253,0.41478592,0.41802782,0.4202235,0.4199699,0.41891906,0.41797936,0.41699016,0.4163145,0.4147085,0.41253963,0.41224205,0.41302165,0.41165778,0.40929216,0.40877324,0.40633744,0.40564612,0.40791222,0.40801463,0.3892644,0.36098617,0.11801648,0.012857097,0.056719977,0.37661183,0.36491105,0.36832124,0.38050124,0.21968068,0.23683986,0.25771135,0.271937,0.2857772,0.2918939,0.30217764,0.31063557,0.3192323,0.32850063,0.32722947,0.32958546,0.32672992,0.318141,0.30975947,0.30576712,0.30284515,0.3036906,0.30603462,0.3055192,0.30650473,0.31238982,0.3166996,0.32126582,0.323691,0.32571372,0.3270447,0.32879928,0.32945576,0.32844147,0.32934365,0.3291906,0.32610944,0.31917712,0.30514127,0.29421148,0.28735077,0.28612208,0.28998697,0.28186172,0.2766669,0.26632234,0.26847112,0.2573017,0.26476064,0.26592445,0.25880143,0.26998967,0.24374843,0.23862582,0.21771702,0.21952443,0.227256,0.24583343,0.19037199,0.097113445,0.11466016,0.048557818,0.010524921
21,Resop081,0.0177515,0.366864,0.615385,0.053558357,0.057671994,0.062229916,0.067455664,0.07282788,0.07742565,0.08113788,0.08454198,0.08832677,0.09290559,0.098052174,0.103563674,0.10940187,0.1155367,0.12170787,0.12792283,0.13401416,0.13963217,0.14475329,0.14958714,0.153905,0.15724534,0.1614109,0.16551463,0.16980207,0.17381738,0.17766227,0.18129249,0.1857618,0.19227812,0.20006602,0.20749235,0.21412581,0.22065486,0.22659779,0.23155198,0.23613667,0.24013881,0.24401076,0.24771285,0.25122407,0.2545023,0.2575237,0.26098785,0.26439622,0.2675467,0.27055627,0.27351046,0.2763948,0.27903464,0.2811998,0.28383282,0.28668723,0.28767994,0.2889111,0.29185274,0.29508775,0.29876718,0.30193734,0.30497617,0.30770504,0.3105343,0.31338736,0.3159281,0.31868964,0.32100248,0.32361683,0.32614216,0.32853037,0.33077288,0.33276594,0.33280155,0.3319874,0.33349067,0.33528864,0.3380531,0.34117475,0.3440979,0.34603697,0.348059,0.35005286,0.35241184,0.3548002,0.35724866,0.3596329,0.36211348,0.36458552,0.3663825,0.36800987,0.36982754,0.37118816,0.37193027,0.37191862,0.37104338,0.37001896,0.3618476,0.33621323,0.33730495,0.34222537,0.3390291,0.33014387,0.32230145,0.3190073,0.3185697,0.31692585,0.31893343,0.320677,0.3223822,0.32664865,0.33163962,0.33690655,0.34228075,0.347116,0.35095072,0.35449857,0.35771042,0.3602817,0.3631526,0.36573467,0.3683812,0.37125748,0.37481612,0.37771633,0.38011095,0.3820026,0.38309342,0.38345593,0.38382357,0.38368702,0.38295653,0.382888,0.38239485,0.38140783,0.38059148,0.38082907,0.38020444,0.37825254,0.3772233,0.3742675,0.37256184,0.37373048,0.3760297,0.3511141,0.47764653,0.33313596,0.13831079,0.20992605,0.33257407,0.34758195,0.3150591,0.43126172,0.29666397,0.23911107,0.24053264,0.25535932,0.26838258,0.2808217,0.28740722,0.29712275,0.30417344,0.31193072,0.31846756,0.32197627,0.32286286,0.32154858,0.31874868,0.32104734,0.32159957,0.32342905,0.3237991,0.32474652,0.3257304,0.33066857,0.3320415,0.33569366,0.33668146,0.33413416,0.33432636,0.328646,0.32582363,0.3252344,0.32936713,0.330666,0.32964906,0.32262072,0.3225225,0.31455004,0.30979854,0.31191504,0.30560917,0.30527997,0.2957032,0.2899425,0.2949622,0.30061588,0.29230317,0.30106437,0.2943648,0.30459806,0.30980265,0.29277936,0.28090307,0.20145439,0.20642881,0.16962977,0.21867724,0.1973153,0.33800194,0.1483246,0.009600341
22,Resop082,0.153846,0.360947,0.485207,0.04313411,0.046616524,0.05055136,0.054895222,0.05919547,0.06291965,0.06591779,0.06857399,0.07151907,0.075092666,0.07946687,0.08466565,0.091031976,0.098034546,0.10460925,0.110613,0.115683794,0.11936004,0.1224157,0.12548597,0.12864271,0.13182612,0.13395156,0.13676773,0.13976862,0.14206785,0.14369616,0.14520375,0.14882995,0.15757185,0.17088395,0.18385732,0.19535288,0.20556578,0.21327968,0.2187998,0.2233817,0.22684458,0.23017043,0.23332763,0.23634446,0.23917967,0.24185307,0.24477544,0.2476361,0.2503114,0.25294778,0.25544208,0.25794092,0.2602287,0.26218957,0.26445416,0.2668525,0.26802763,0.26925734,0.27140608,0.27361083,0.2764404,0.2788631,0.28154403,0.2863107,0.29198045,0.29441497,0.29713863,0.29994586,0.30203292,0.3043412,0.30652764,0.30868286,0.31002998,0.31223688,0.31316447,0.31372678,0.31592476,0.31626216,0.31750658,0.31901678,0.32035032,0.3213891,0.32296357,0.3243792,0.32665643,0.32903305,0.33145714,0.33351368,0.33558866,0.33773226,0.33976546,0.3409248,0.34218988,0.3422896,0.34228545,0.3416439,0.34035677,0.33840066,0.33378145,0.32717162,0.33123454,0.3130497,0.30321792,0.290328,0.27865094,0.27074108,0.26671702,0.2639932,0.26435316,0.26526514,0.26758173,0.27307278,0.27859798,0.2840787,0.29020652,0.29627725,0.30152935,0.30625066,0.310801,0.31482154,0.31831673,0.3218848,0.3251581,0.32855472,0.3322274,0.33552355,0.33812344,0.34022418,0.34206405,0.34269577,0.34303817,0.34280986,0.34247708,0.34251833,0.3416807,0.34069028,0.3395658,0.33879256,0.33685204,0.33463496,0.33296525,0.3273138,0.32284406,0.32464018,0.31510696,0.29298624,0.19047552,0.013260554,0.019951975,0.10633364,0.06688379,0.2576572,0.23108377,0.082117625,0.10413823,0.15125056,0.1539838,0.18043669,0.19420815,0.20899937,0.21420866,0.22146353,0.2255659,0.23149669,0.24390736,0.24757096,0.25083327,0.250282,0.24807784,0.25063667,0.25642216,0.25816795,0.2611677,0.2640511,0.27020958,0.27286053,0.27477765,0.2793605,0.2794658,0.2772258,0.2769011,0.27418795,0.27610773,0.27350035,0.2734684,0.2768085,0.27548534,0.27280343,0.2698058,0.26042807,0.2539197,0.25449806,0.25800768,0.25023443,0.24651814,0.23733771,0.24421561,0.23973866,0.2367161,0.22619586,0.22614689,0.21989992,0.20399468,0.1740169,0.18083462,0.15563676,0.1634912,0.18716161,0.15744661,0.09550983,0.09674407,0.035576686,0.12197152
28,Resop088,0.0414201,0.0118343,0.946746,0.042418636,0.045564424,0.049095973,0.053288303,0.057713795,0.06145631,0.06418432,0.06658696,0.06950138,0.073361486,0.07820854,0.08386982,0.09018413,0.09682719,0.10355033,0.11034478,0.11697339,0.12278982,0.12772061,0.13168634,0.1354859,0.13883731,0.14131561,0.14392313,0.14678776,0.14881012,0.14969617,0.14989014,0.1530529,0.16263764,0.17419524,0.1831181,0.189126,0.19544303,0.20122825,0.20544674,0.20934704,0.21170744,0.21441314,0.21669462,0.21890351,0.22048591,0.22158305,0.2241881,0.22696653,0.22902368,0.23092306,0.23273645,0.23444927,0.23561347,0.23555471,0.23677416,0.23888442,0.23624822,0.23465928,0.23727626,0.24089843,0.24609713,0.24915688,0.25228196,0.2544493,0.2564492,0.25823712,0.260019,0.26202762,0.2635674,0.26548892,0.26686892,0.26852965,0.2694442,0.26918712,0.26610807,0.2595486,0.25899884,0.2610199,0.26423153,0.270155,0.2742602,0.2762308,0.2782403,0.27982146,0.28167778,0.2838559,0.28581905,0.28749663,0.28882524,0.29005066,0.29113355,0.29186252,0.29197523,0.29157785,0.2903107,0.28831595,0.2842575,0.2787377,0.26614636,0.26701558,0.23705661,0.23260416,0.22589202,0.211147,0.2063709,0.21173134,0.21426584,0.21517164,0.21878146,0.22166108,0.22348823,0.23087528,0.23972069,0.24759077,0.25391692,0.25989425,0.26504144,0.26940322,0.27323085,0.27654365,0.27964836,0.28229162,0.28462172,0.28654057,0.2885936,0.29035,0.29154396,0.2929364,0.2942495,0.29495287,0.29582348,0.2962122,0.296238,0.29590952,0.29569197,0.29486305,0.29344052,0.2920064,0.29017478,0.28733152,0.28399274,0.2742568,0.2696856,0.2608518,0.24208765,0.21812968,0.12559217,0.006515001,0.028058989,0.07567946,0.013923571,0.10453799,0.0682227,0.003363023,0.024982413,0.084223874,0.10012377,0.1333651,0.13571562,0.1465609,0.16246988,0.16991732,0.17828336,0.18466178,0.1938605,0.20028402,0.20757769,0.21405336,0.21579544,0.22366315,0.22839086,0.23523317,0.24223444,0.2456268,0.24821834,0.253509,0.25476283,0.25926375,0.25843173,0.2542088,0.25270948,0.24838008,0.24471413,0.24302512,0.24609722,0.2478328,0.24861868,0.25077978,0.25226423,0.24396658,0.24298885,0.24365807,0.24671677,0.24190071,0.23407647,0.2301754,0.22939682,0.21972738,0.22840314,0.227744,0.21606591,0.22181478,0.19416817,0.17780362,0.19190998,0.16972016,0.1902117,0.090851575,0.028676344,0.08555956,0.005429407,0.012898387,0.002818244
32,Resop092,0.609467,0.390533,0.0,0.028325241,0.032448094,0.03683044,0.041087255,0.044940628,0.048503526,0.051841516,0.05486586,0.057781957,0.06084842,0.06469881,0.07046535,0.07896915,0.088143565,0.09512213,0.10053062,0.10416887,0.10521185,0.10540005,0.10662823,0.1087939,0.109861,0.11191965,0.113817565,0.11450249,0.11432509,0.11495918,0.11588268,0.12024356,0.13686508,0.17058675,0.20581639,0.23545547,0.26081583,0.2797673,0.291917,0.3031874,0.30554777,0.31010208,0.31496668,0.31981662,0.32415652,0.3280799,0.33291602,0.337859,0.34220332,0.3462053,0.3499225,0.3533337,0.35612512,0.35767564,0.36011097,0.3630339,0.36136422,0.3605295,0.36100382,0.36221355,0.3656517,0.3685191,0.3724864,0.37567082,0.3795297,0.38407722,0.3880831,0.39182952,0.39590576,0.39990163,0.40196648,0.40483898,0.40662646,0.4063676,0.4043049,0.39803836,0.39364278,0.38971338,0.38376915,0.38388428,0.38628674,0.38762966,0.38908675,0.39147177,0.39506838,0.39947933,0.4045899,0.4093145,0.41405028,0.4184603,0.42152166,0.42182484,0.4222029,0.421459,0.41670343,0.40930706,0.3985616,0.38728112,0.37347662,0.34410965,0.328725,0.3032167,0.28377548,0.25634488,0.2292221,0.21705762,0.20929547,0.20538712,0.20493208,0.20592947,0.20859733,0.2151251,0.22365987,0.23245056,0.2418384,0.25194752,0.2612676,0.26987675,0.2783559,0.28612953,0.29350108,0.30045643,0.30729428,0.3148757,0.3227807,0.32921028,0.3349601,0.34015197,0.34371558,0.3452146,0.3447811,0.34274608,0.3393221,0.33581057,0.33190572,0.32697722,0.32294196,0.32042772,0.31689706,0.3122531,0.30764467,0.29962468,0.30020192,0.29980454,0.28657225,0.28779763,0.36914375,0.20559555,0.16069739,0.056956105,0.1551411,0.1839315,0.14999051,0.05081754,0.088623114,0.111511745,0.11072608,0.118219286,0.12693393,0.14176671,0.14781435,0.15221493,0.15786824,0.16995288,0.17882834,0.17910178,0.17850493,0.17877926,0.17743771,0.1739148,0.1767772,0.1740404,0.17918296,0.18310304,0.18640457,0.18993656,0.1932393,0.19702247,0.19909346,0.19949536,0.20472005,0.20541881,0.20777139,0.2073633,0.2105896,0.20899743,0.20757747,0.20184572,0.19327933,0.18850681,0.17610109,0.1736541,0.17341067,0.16647962,0.15737711,0.1582999,0.16157964,0.16035627,0.16144495,0.15728644,0.12984586,0.16099864,0.15039712,0.13565354,0.08471196,0.09569204,0.11843074,0.09178373,0.0398599,0.02191794,0.13468377,0.052556477,0.15218781
46,Resop106,0.00591716,0.337278,0.656805,0.056319896,0.060407378,0.06501634,0.07017939,0.07545855,0.0801265,0.0840461,0.08767085,0.091595806,0.09615941,0.10141145,0.10713882,0.113205954,0.11959289,0.12600926,0.13249019,0.13893314,0.14493859,0.15023975,0.155012,0.15958709,0.16378212,0.16762128,0.17189042,0.17622773,0.17997406,0.18311584,0.18571337,0.19052471,0.19992462,0.20977186,0.21772312,0.22382428,0.22997628,0.2358355,0.24111417,0.24809544,0.25055352,0.25415942,0.25798127,0.26174763,0.26509926,0.26812598,0.2718636,0.27558637,0.27887508,0.28199726,0.285042,0.2880153,0.29071817,0.29244605,0.2949448,0.29778397,0.29802,0.29853728,0.30146307,0.30488622,0.30944258,0.31255877,0.31567556,0.32024702,0.32558638,0.3286577,0.33072618,0.33359668,0.336641,0.33972088,0.341736,0.34422138,0.34606898,0.34740824,0.3474917,0.3449438,0.34560898,0.34793654,0.35077474,0.35445678,0.3574353,0.3596643,0.36194363,0.36374468,0.36626795,0.36881354,0.3718431,0.37450013,0.37683097,0.3799054,0.38241687,0.38310722,0.3836558,0.3846915,0.3841982,0.38373134,0.38098264,0.37818563,0.36848235,0.34894973,0.3607404,0.33203822,0.32332134,0.31703624,0.3127595,0.30831105,0.30477184,0.3032923,0.30392277,0.3051742,0.3070744,0.3125751,0.31983685,0.32637772,0.3329368,0.3393401,0.34477443,0.3498541,0.354233,0.35785148,0.3617659,0.36478382,0.36746234,0.37145093,0.37565404,0.37861913,0.38153327,0.38380355,0.3853868,0.3858724,0.38581634,0.38573453,0.385455,0.38515,0.38474008,0.38313767,0.38197035,0.3804667,0.37931353,0.3772873,0.37555522,0.3758182,0.3752421,0.3747007,0.35900167,0.34977746,0.34964868,0.21518923,0.25027534,0.21253493,0.095211014,0.23733656,0.3115779,0.100359954,0.100294776,0.20074846,0.20757706,0.22276449,0.23742105,0.24724899,0.2579208,0.26626557,0.2738093,0.28961655,0.30129433,0.30153632,0.29764032,0.3005091,0.29888973,0.2990955,0.29919145,0.3004569,0.30249617,0.3054879,0.3122576,0.3179347,0.3203466,0.32252073,0.32321876,0.3199409,0.3245661,0.320809,0.3197553,0.3207615,0.31915963,0.3218577,0.3204241,0.31114793,0.30870032,0.30212575,0.29734713,0.29957786,0.29913384,0.30203676,0.29724944,0.28857437,0.28337005,0.27605274,0.279528,0.2757069,0.29067698,0.2646692,0.24055423,0.2521594,0.23280884,0.26111877,0.18988043,0.20904528,0.2067207,0.18460958,0.17645712,0.14923432,0.21196608
51,Resop116,0.147929,0.579882,0.272189,0.030369325,0.0328122,0.03561199,0.038437348,0.041041333,0.04327761,0.04523917,0.047110524,0.049067296,0.05116966,0.05365319,0.05694587,0.061607994,0.06696365,0.071491554,0.075091235,0.07733704,0.07806635,0.07857792,0.0800398,0.08184184,0.08311745,0.08433056,0.08676306,0.088996366,0.09075358,0.092584625,0.09468578,0.09798666,0.10458398,0.116659336,0.13059816,0.14413135,0.15621983,0.16512951,0.17120032,0.1758323,0.18017493,0.1839034,0.18777429,0.19171827,0.19553563,0.19940269,0.20337398,0.2074067,0.21119387,0.21495882,0.2186507,0.2223444,0.2260528,0.22956018,0.23313366,0.2368326,0.239638,0.24182886,0.24489962,0.24785523,0.25130737,0.25454122,0.25802767,0.26484388,0.27256137,0.27658018,0.27985626,0.28345615,0.28678885,0.28991786,0.29278004,0.29535168,0.298102,0.30136704,0.30347988,0.30563244,0.30960795,0.31161964,0.31243342,0.31389916,0.315048,0.3166398,0.31880775,0.32125878,0.32412526,0.32735342,0.33091995,0.33422554,0.33757842,0.3407682,0.3435975,0.3460426,0.3481279,0.34928158,0.350138,0.3507994,0.35110626,0.35060185,0.34753013,0.3332615,0.33302817,0.3366825,0.32553893,0.30780244,0.29403478,0.28618693,0.28123286,0.27892062,0.2787222,0.28034034,0.2832531,0.28816333,0.2938718,0.2998075,0.30645654,0.3126282,0.3189843,0.32447073,0.32968616,0.334635,0.3390543,0.34342375,0.3480331,0.35292432,0.35750136,0.36170727,0.36556512,0.36819363,0.3698712,0.3703423,0.3699008,0.368227,0.36637032,0.36498824,0.36289898,0.3599498,0.35841474,0.35940826,0.35990897,0.35953286,0.36034587,0.36503166,0.3685423,0.36694324,0.37575763,0.40179804,0.27000275,0.03338054,0.17380193,0.29418358,0.45975885,0.3739797,0.3018113,0.3164591,0.3417762,0.21922089,0.22006041,0.21340215,0.22162706,0.22763133,0.23343913,0.24372067,0.25374752,0.2615104,0.26930526,0.27081522,0.26769665,0.26573876,0.26469985,0.26381868,0.26596326,0.2682922,0.26753116,0.27062982,0.27196327,0.27659145,0.27932617,0.28019112,0.28034818,0.2773321,0.27818102,0.2798573,0.28136477,0.2828516,0.28657508,0.2906884,0.28913972,0.28117684,0.268168,0.25831968,0.25061342,0.24901202,0.25056872,0.24238525,0.23905663,0.24146706,0.23733637,0.22440393,0.22632858,0.23428868,0.2411691,0.22636521,0.2713615,0.3081513,0.2703541,0.2463365,0.25867227,0.22758715,0.30577835,0.36338243,0.5006717,0.3882774,0.27226835
55,Resop120,0.136095,0.56213,0.301775,0.042529434,0.045904823,0.04976164,0.053633884,0.05731674,0.06053676,0.063365884,0.06602851,0.06870922,0.07161555,0.07503742,0.07952067,0.08560122,0.09225508,0.097797655,0.102278456,0.10542578,0.1069192,0.10802893,0.109879844,0.11177691,0.11399573,0.1155126,0.11805138,0.12047137,0.12221212,0.12388003,0.12565759,0.12946782,0.13870558,0.154252,0.16965695,0.18332426,0.19497305,0.20345818,0.20931642,0.21402518,0.21763696,0.22100227,0.22444391,0.22792593,0.23135407,0.23465362,0.23785612,0.24096344,0.2440343,0.24692406,0.2497394,0.2525387,0.25548762,0.25820184,0.2608988,0.26350993,0.2657838,0.26786062,0.2699659,0.27172056,0.27372843,0.27601773,0.27819586,0.28448582,0.29144752,0.294492,0.29654574,0.3002432,0.30305052,0.30504128,0.3078657,0.30950287,0.31209585,0.31479698,0.31666002,0.31980318,0.32330894,0.32365432,0.32431152,0.324512,0.32496777,0.3260684,0.32750314,0.32938954,0.33170763,0.33466145,0.3376126,0.34076723,0.34367526,0.34652212,0.34914157,0.35171315,0.3535383,0.35442755,0.35530224,0.35565883,0.35541722,0.3549296,0.34937075,0.3366358,0.3449637,0.34921244,0.33291367,0.3103446,0.29485318,0.28341627,0.2768471,0.27369794,0.27181634,0.2727376,0.2757497,0.2801298,0.2855253,0.29140905,0.2982912,0.30493012,0.3114834,0.31733832,0.32283747,0.3279059,0.332571,0.33727562,0.34231174,0.34784546,0.35295936,0.35780102,0.36235437,0.36572495,0.368088,0.36909345,0.36906722,0.36831108,0.36796623,0.36699066,0.36538485,0.36336955,0.36283997,0.36336228,0.36265132,0.36121583,0.36100948,0.36902472,0.3737876,0.37424642,0.3739079,0.3994191,0.32452896,0.05751281,0.34469193,0.25030363,0.43139848,0.4054957,0.3767767,0.3230492,0.25910825,0.22042398,0.227237,0.22326173,0.23363404,0.23686601,0.24553399,0.25382376,0.2612585,0.26947784,0.27543965,0.2766285,0.27392402,0.27217367,0.26976064,0.2666027,0.26568115,0.26705614,0.2671848,0.27127734,0.27371535,0.27975938,0.28591555,0.28771588,0.29142404,0.29205734,0.2921418,0.2907646,0.29383045,0.2964955,0.30049303,0.2992894,0.29296663,0.28861138,0.2786606,0.26241955,0.26208916,0.26190555,0.26340058,0.2562954,0.24764925,0.24066718,0.24660577,0.2581223,0.24623522,0.24572162,0.24546799,0.23067328,0.25443467,0.2758633,0.2589426,0.3050792,0.20700783,0.20906551,0.27349797,0.2951766,0.49553388,0.3524788,0.18453588
56,Resop121,0.0118343,0.911243,0.0769231,0.048626393,0.052390985,0.05654697,0.060955964,0.0651839,0.06899685,0.07259641,0.07603811,0.07941788,0.08292751,0.086535856,0.09026746,0.094403066,0.09880242,0.103030376,0.10710662,0.11106851,0.114644885,0.117934026,0.1213027,0.12484642,0.12839533,0.13116166,0.13516186,0.13911179,0.14279227,0.14651372,0.15019195,0.15430272,0.15951723,0.16589324,0.17260075,0.17913389,0.18518391,0.1903439,0.19487447,0.19949892,0.20295979,0.20669042,0.21042448,0.2141228,0.21777076,0.2213198,0.22476667,0.22801596,0.23123436,0.23430045,0.23735867,0.24045879,0.24355185,0.24675252,0.24974729,0.25256628,0.2549481,0.2577731,0.26039004,0.2629472,0.26524946,0.2678653,0.2702117,0.2742067,0.27890626,0.28223637,0.2852321,0.2881675,0.29093826,0.29377255,0.2967203,0.29901534,0.3019109,0.30487034,0.30721807,0.31028166,0.31412086,0.3159323,0.31833443,0.32051218,0.32218134,0.32438564,0.32671094,0.3292278,0.33218804,0.3354307,0.33878776,0.34238672,0.34580112,0.34995243,0.35289648,0.35606027,0.35905337,0.3614127,0.36364648,0.36598003,0.36769047,0.36796376,0.36537254,0.37254786,0.36288765,0.36425298,0.35970816,0.35093784,0.33726862,0.32928655,0.32429302,0.32173494,0.32144308,0.32292548,0.32553068,0.3293154,0.33381116,0.33871487,0.34455493,0.35001266,0.35521656,0.35975146,0.364022,0.36834306,0.37225154,0.37608173,0.38026744,0.38555908,0.39126256,0.39617598,0.40077847,0.40433037,0.4063052,0.40714282,0.40692157,0.40569067,0.4049522,0.40471944,0.40352914,0.40180507,0.40177587,0.40370023,0.40426698,0.40412524,0.4054322,0.41036597,0.4118664,0.42155617,0.42079538,0.42663825,0.33434644,0.047571402,0.324226,0.36117843,0.49947354,0.43878937,0.4691828,0.5874604,0.51125157,0.3411546,0.2907943,0.29464418,0.3116224,0.31799477,0.32252508,0.33197796,0.3416212,0.35417265,0.35774162,0.3523739,0.34346202,0.33756796,0.33074144,0.32840714,0.32315233,0.3205451,0.31944945,0.32211572,0.32460085,0.3290487,0.33385468,0.3356105,0.33716694,0.33971423,0.33966175,0.34120524,0.34686068,0.34683165,0.34742153,0.34914488,0.3434061,0.33465165,0.32129067,0.3081615,0.30704468,0.30034813,0.30004886,0.298399,0.2932175,0.3005128,0.2931545,0.30042887,0.2932469,0.30276945,0.3032453,0.30538803,0.31745276,0.35436174,0.3215098,0.27410918,0.24459448,0.32345614,0.35165262,0.4175761,0.31320113,0.42293397,0.13876884
59,Resop124,0.0,0.934911,0.0650888,0.036150314,0.040458336,0.045715526,0.051283207,0.05659656,0.061105482,0.06514461,0.06891482,0.07257513,0.07622958,0.07981932,0.08336985,0.08698283,0.09056638,0.094004646,0.09747371,0.10105737,0.10457339,0.1078667,0.11115107,0.11417438,0.11725535,0.12006464,0.1235357,0.12692301,0.1300942,0.13319516,0.13616548,0.13941748,0.14332956,0.14719132,0.15070145,0.15392756,0.15707433,0.1600811,0.16305406,0.16637088,0.16908585,0.1718153,0.17463106,0.1774546,0.18018055,0.18281154,0.18540475,0.18786792,0.19027819,0.19260162,0.19487095,0.1970588,0.19930036,0.20149614,0.2035582,0.2056789,0.20729555,0.20911561,0.21119468,0.21331441,0.21541405,0.21750316,0.21915665,0.22226414,0.22557966,0.22809334,0.23027676,0.23272845,0.23503433,0.2370632,0.23897141,0.24124554,0.24398677,0.24642897,0.24855329,0.250721,0.25405002,0.25652593,0.258973,0.26148036,0.26354373,0.2657417,0.26800585,0.2707187,0.27347785,0.27660677,0.27960628,0.28304836,0.2861178,0.28961465,0.29272088,0.29571596,0.29852945,0.30084038,0.3033617,0.30579722,0.30833668,0.30994928,0.30770603,0.29696274,0.2965025,0.31144106,0.3128122,0.30100915,0.29932243,0.29620835,0.29364747,0.29327637,0.29467717,0.29760522,0.2997622,0.30331165,0.308246,0.31305882,0.31833225,0.32323512,0.32816237,0.33234727,0.33621457,0.3403112,0.34406263,0.34777492,0.3520206,0.35717705,0.36224064,0.36719757,0.3715889,0.3755035,0.37813708,0.37978777,0.3808824,0.38064453,0.3805704,0.3803736,0.3800295,0.37928128,0.38037986,0.3831633,0.38505086,0.38602686,0.38853306,0.39658615,0.39899883,0.403302,0.39404678,0.40684485,0.32124767,0.19094673,0.36569804,0.3816748,0.331193,0.4060839,0.4193483,0.35561925,0.31111723,0.31813475,0.3057114,0.30106497,0.32018587,0.33386222,0.3436459,0.35319614,0.3626144,0.37156832,0.3745835,0.37060818,0.36273196,0.3537838,0.34593138,0.33891806,0.33732176,0.33476874,0.33342308,0.33418465,0.33454856,0.34022394,0.34584162,0.34953573,0.35186374,0.35236934,0.35495195,0.35488373,0.360194,0.361961,0.36465824,0.36020827,0.3557828,0.3416823,0.33049732,0.32394782,0.31804037,0.3130123,0.31468895,0.30959573,0.30623183,0.30323964,0.29377088,0.30063045,0.30275857,0.30484566,0.30038378,0.30507892,0.32522622,0.35927197,0.33365527,0.30361962,0.2823185,0.33133852,0.23422389,0.3136554,0.3952211,0.31581584,0.5611052
61,Resop126,0.0887574,0.289941,0.621302,0.03156658,0.033728503,0.036091562,0.038651325,0.041071262,0.04320761,0.044958897,0.046516474,0.048173536,0.05013283,0.052638803,0.05591674,0.060229957,0.064995974,0.06924429,0.072818965,0.07553951,0.07700323,0.07805229,0.07936291,0.08128944,0.08282787,0.08411641,0.086074024,0.08780818,0.08910186,0.09027156,0.0915333,0.094652966,0.10230373,0.1142078,0.12586746,0.13618009,0.14527439,0.15244679,0.1577642,0.16237304,0.16582996,0.16951878,0.17308775,0.17670164,0.18017401,0.18354371,0.18708123,0.19054751,0.19391179,0.19710201,0.20027767,0.2033977,0.2065304,0.20946097,0.21243794,0.2153936,0.2172682,0.21955162,0.22226584,0.2249603,0.22777398,0.23065369,0.23325965,0.23710996,0.24148011,0.24458627,0.24754766,0.25085747,0.25372776,0.256312,0.258888,0.26112592,0.26380315,0.2664593,0.26839426,0.26910114,0.27080393,0.2719028,0.2721755,0.2736853,0.27525395,0.2772716,0.27927634,0.28144938,0.28379363,0.28645602,0.28902212,0.2916583,0.29413036,0.29678828,0.2988902,0.3004856,0.30180034,0.30225328,0.30205563,0.30141333,0.2996724,0.29735565,0.29155684,0.28566974,0.27542287,0.27616966,0.2619825,0.23740022,0.22190404,0.21208748,0.20751575,0.20482436,0.20398077,0.20530479,0.20874795,0.21411589,0.22049941,0.22735529,0.23477401,0.24152304,0.24828291,0.2544158,0.26011553,0.26530376,0.27030453,0.27484456,0.27892894,0.28334627,0.28720748,0.2906886,0.29406995,0.29647076,0.29815462,0.29897115,0.29906037,0.29879197,0.29836732,0.29794696,0.29659644,0.29449463,0.29295754,0.29156047,0.2897549,0.28696498,0.28496778,0.28435948,0.2867853,0.2927647,0.2961467,0.31164935,0.32757622,0.19739036,0.27411693,0.18873392,0.32608405,0.29614478,0.21910405,0.17018256,0.11177002,0.14671287,0.12354068,0.12772037,0.13287753,0.13680102,0.14574398,0.15230514,0.15801808,0.1712248,0.17254497,0.1765004,0.17959331,0.18133412,0.18330607,0.18638416,0.18921325,0.19257607,0.19649155,0.20168741,0.20502459,0.20929329,0.2151871,0.21687686,0.21890603,0.21850836,0.22164536,0.21780449,0.22174528,0.22410946,0.22596648,0.22603558,0.2240478,0.22248396,0.21810514,0.2088608,0.20070282,0.20022663,0.20612383,0.20000818,0.19444457,0.19306073,0.1863644,0.18684806,0.1810262,0.18936166,0.19327907,0.19599588,0.19814411,0.21782687,0.19795808,0.17939717,0.1993119,0.23556855,0.24166368,0.29260513,0.5359326,0.26979548,0.39913234
79,Resop145,0.940828,0.0591716,0.0,0.015039585,0.017468832,0.019894825,0.02181502,0.023314035,0.024740199,0.025905088,0.026720889,0.027570562,0.028706575,0.031150535,0.036730167,0.0470816,0.058777425,0.06639297,0.07046658,0.070328794,0.065144785,0.059512585,0.05645753,0.055126723,0.053194914,0.051022124,0.050049722,0.047417935,0.04352728,0.040699285,0.038528215,0.04041122,0.05567381,0.09510132,0.14688805,0.20403674,0.2592862,0.3004075,0.3247218,0.3404799,0.34487724,0.3497282,0.3549953,0.3600369,0.36527845,0.37047383,0.37480947,0.37899312,0.38360447,0.38796273,0.39198643,0.39577803,0.39962456,0.4038611,0.40727815,0.40986466,0.41213402,0.4133682,0.4100845,0.40458053,0.40240806,0.40363887,0.4065791,0.41253918,0.42042318,0.42688885,0.4329162,0.43890366,0.44386095,0.44765657,0.450689,0.4524241,0.45419908,0.45501584,0.45569932,0.4561207,0.44812784,0.43020678,0.41075236,0.39896086,0.39465138,0.39249212,0.39120722,0.39201608,0.3941679,0.39819926,0.4025864,0.40682405,0.41135445,0.41534302,0.41668877,0.41571003,0.41296518,0.40700054,0.39747006,0.38439092,0.36844793,0.35351837,0.34453258,0.34444934,0.34416062,0.3079354,0.25044507,0.19753002,0.15526238,0.13408896,0.12382631,0.11802874,0.114507936,0.11426952,0.117621444,0.1228424,0.12933531,0.13680357,0.14576393,0.15529472,0.16520803,0.17494339,0.18458757,0.19362634,0.20237304,0.21012999,0.21750955,0.2252529,0.23204523,0.23814246,0.24370733,0.24839832,0.25183344,0.25385162,0.25420958,0.2528089,0.25001946,0.24678645,0.24329297,0.23867933,0.23422104,0.23008804,0.22500879,0.21918349,0.21459696,0.21200387,0.21430214,0.21607034,0.2195998,0.24193113,0.28912443,0.14261113,0.17479426,0.10957763,0.034637436,0.08697045,0.051325344,0.022006072,0.034132004,0.04480332,0.036374114,0.040284254,0.046822004,0.046654217,0.051454756,0.05493243,0.060088273,0.062076505,0.06735584,0.07436665,0.075267896,0.07786987,0.0807322,0.0843357,0.08902096,0.09255755,0.0953997,0.099716194,0.10339284,0.10792418,0.11041819,0.11561224,0.11860384,0.11714842,0.11862921,0.119382344,0.12213864,0.12534793,0.12676333,0.12524202,0.123079404,0.119849004,0.117846474,0.111695714,0.10424749,0.09903879,0.09777597,0.09979469,0.096544124,0.08627689,0.0752597,0.08321457,0.06601678,0.06235511,0.061966773,0.08016897,0.04282607,0.03364324,0.066727616,0.09841428,0.05962357,0.013599953,0.054073308,0.05772236,0.006073919,0.1331395,0.3260362
85,Resop163,0.0,0.982249,0.0177515,0.037878804,0.048888177,0.06450981,0.08216477,0.09847827,0.11224515,0.12394127,0.13414101,0.14320287,0.15151927,0.15938827,0.16698216,0.17443238,0.18159798,0.18850148,0.19535984,0.20238937,0.20938298,0.2158647,0.22207764,0.22842023,0.23415703,0.24014552,0.24560389,0.25067636,0.2558465,0.26065123,0.26541954,0.27086917,0.27792287,0.28455654,0.2907629,0.29712602,0.3020358,0.30643195,0.31130457,0.31866634,0.32087633,0.32472038,0.32911646,0.33329645,0.33775637,0.3421514,0.34537598,0.34810054,0.35130942,0.35441017,0.35734522,0.36016423,0.36327973,0.36719123,0.370073,0.37231898,0.37642038,0.38090822,0.38229445,0.38235444,0.38174748,0.3823634,0.38284993,0.38434836,0.3864698,0.38945228,0.39205176,0.39533874,0.39849964,0.4011543,0.40407875,0.40691352,0.4097743,0.41370744,0.4183312,0.42383432,0.4241156,0.42218176,0.4193011,0.41585857,0.4156042,0.4168397,0.41779813,0.41942528,0.42165345,0.4248627,0.42926523,0.43392485,0.43896282,0.44407618,0.44816276,0.45094928,0.45438737,0.45784715,0.46092865,0.46348867,0.46409523,0.4635225,0.46632895,0.45347503,0.4599561,0.4737855,0.46233428,0.4387265,0.4111661,0.38689938,0.3708307,0.36271188,0.35715777,0.35569963,0.35723653,0.35863832,0.3609386,0.36462602,0.37051827,0.3763635,0.38196743,0.38646463,0.39029753,0.39419013,0.39835277,0.4024168,0.40773544,0.41524187,0.42297238,0.4303286,0.4368704,0.44115222,0.44326994,0.44280317,0.44028386,0.43663564,0.43249118,0.42831233,0.42438233,0.42025736,0.42035064,0.42359552,0.42432037,0.42365813,0.4235464,0.41893297,0.42212263,0.43005508,0.43165612,0.41198632,0.52994865,0.18671733,0.26876745,0.44373012,0.28476104,0.358745,0.34784064,0.23081894,0.18338461,0.26038164,0.27193236,0.27059975,0.28904158,0.3024565,0.31103203,0.32049415,0.33031097,0.3390607,0.3416825,0.3338926,0.3224007,0.3083567,0.29710495,0.28897178,0.28099802,0.27678603,0.27528927,0.27561784,0.27631488,0.27840447,0.2845175,0.2908485,0.29619813,0.29524344,0.29971498,0.30200067,0.30287975,0.3061824,0.3075421,0.30412194,0.29871756,0.28292155,0.26778206,0.25665474,0.24973033,0.24575578,0.24199262,0.23191361,0.22976802,0.23426016,0.22779563,0.22210073,0.21863547,0.21302184,0.21309741,0.21000923,0.20717622,0.2038204,0.17384207,0.1205504,0.0914817,0.12130352,0.0727475,0.04561951,0.05483091,0.034407534,0.1378808
90,Res004,0.990066,0.00993378,0.0,0.010587022,0.012138782,0.013703705,0.014894442,0.015525118,0.016160421,0.016650282,0.01679201,0.016980972,0.017422538,0.0190609,0.023831496,0.034353416,0.047665767,0.05626468,0.060390584,0.05987619,0.05329026,0.045645677,0.041125312,0.03895127,0.03630961,0.03341855,0.031847015,0.029062774,0.024898428,0.021806855,0.019311998,0.020189898,0.032159362,0.07020987,0.12824175,0.19723439,0.2667691,0.31861192,0.34833258,0.36438435,0.36967996,0.37339437,0.37711233,0.38085946,0.38424185,0.3875622,0.39108327,0.394871,0.39856356,0.4021895,0.40568745,0.40883517,0.4115412,0.413868,0.41603738,0.41765365,0.4151643,0.4114066,0.40431604,0.3960549,0.39300036,0.3937423,0.39751327,0.39985964,0.40315026,0.4112456,0.41890872,0.42575,0.4317907,0.43645176,0.43978152,0.44139317,0.44181028,0.4405067,0.438873,0.43214744,0.41649613,0.3943839,0.3668112,0.351286,0.34717792,0.3442993,0.34257048,0.3423731,0.34467003,0.3480867,0.35267067,0.3574556,0.36147255,0.3647728,0.36551172,0.3636281,0.35930318,0.35156286,0.33985633,0.32395497,0.3059276,0.28834718,0.28458923,0.2920634,0.31621066,0.32005087,0.30202776,0.25770402,0.19331747,0.12308528,0.08528855,0.07639252,0.071031146,0.068510875,0.07178175,0.07645053,0.081808366,0.088571236,0.09610607,0.104512766,0.11303613,0.121711224,0.12993838,0.13779196,0.145453,0.15265942,0.1589174,0.16523822,0.17100036,0.17602056,0.18041424,0.1844123,0.18745752,0.18904512,0.18975396,0.18940257,0.18776014,0.1851222,0.18200377,0.17886047,0.1748415,0.17047635,0.16511881,0.15914246,0.15511662,0.15268765,0.14805363,0.14749525,0.15323554,0.095493674,0.006773276,5.24e-06,5.72e-05,0.02548261,0.044368673,0.003860179,0.05693481,0.003608412,0.034223948,0.2507552,0.09028634,0.025415966,0.009677419,0.009369689,0.02052147,0.021534191,0.024198197,0.028158639,0.032310247,0.0348162,0.036372036,0.038335994,0.041302223,0.045394186,0.05006371,0.052264623,0.05391211,0.057659786,0.060764294,0.06431984,0.067194946,0.0685214,0.07135784,0.07307741,0.07529826,0.078511626,0.080055244,0.08114261,0.08355212,0.08188497,0.080369376,0.07962803,0.08149899,0.07445931,0.06914981,0.0653953,0.062427647,0.060631406,0.055710778,0.05506239,0.045903724,0.049160708,0.051432718,0.03885753,0.03142725,0.026875472,0.023395939,0.059682984,0.041277613,0.03489179,0.03792176,0.025272237,0.010220474,0.007742128,0.000499137,0.09121938,0.11684654
94,Res008,0.178808,0.350993,0.470199,0.025114717,0.026723955,0.028532173,0.030656608,0.032936156,0.035130408,0.03674732,0.03786408,0.039186906,0.041108612,0.04439647,0.0494948,0.056744944,0.0647053,0.071046464,0.0759786,0.07938831,0.080446705,0.08035654,0.080687724,0.08149117,0.08172159,0.081641436,0.08232113,0.08268661,0.08168287,0.07980245,0.07680354,0.07832217,0.09214432,0.11707785,0.14052773,0.15914614,0.17288066,0.18172742,0.1873926,0.19201522,0.19453426,0.1968194,0.19931778,0.20182656,0.2043227,0.20661905,0.20871527,0.21061529,0.21223383,0.21374403,0.2154173,0.21759851,0.22005811,0.22249632,0.2245567,0.22637203,0.22694877,0.22836849,0.22856335,0.22910094,0.22999182,0.2317835,0.23368269,0.23500668,0.23630047,0.23826484,0.24081051,0.2432878,0.24483313,0.24660523,0.248778,0.24998176,0.251416,0.25263032,0.2546181,0.25633898,0.2541514,0.25252762,0.24884,0.24772999,0.24828953,0.24899665,0.24993765,0.25094783,0.25272885,0.25453854,0.25674465,0.25887263,0.26065016,0.26262772,0.2638621,0.26422712,0.26404,0.2631461,0.2611067,0.25785246,0.2536318,0.24804527,0.24125314,0.24489497,0.20939618,0.23236883,0.23699968,0.23365386,0.17369273,0.15280335,0.13519287,0.13022858,0.12652859,0.12739159,0.1308201,0.13462566,0.14111683,0.148098,0.1553748,0.16301306,0.16996397,0.17690654,0.18349953,0.18952478,0.19559248,0.20102283,0.20548087,0.20980082,0.2135644,0.21673946,0.21974035,0.22139008,0.22220922,0.22330755,0.22438997,0.22498313,0.2247584,0.2238606,0.2223232,0.2203655,0.21784583,0.21519955,0.21151231,0.20766889,0.2043542,0.20014527,0.19931647,0.20421863,0.24308763,0.3159991,0.23551287,0.050093245,0.001666491,0.003707249,0.025574375,0.13408907,0.008293726,0.000282828,0.056507744,0.11833846,0.12006798,0.08338037,0.06877723,0.07143374,0.073815174,0.07833242,0.08080273,0.083262034,0.089355014,0.093478955,0.09588297,0.09867074,0.10334369,0.107205935,0.11160699,0.11421041,0.116849944,0.119761474,0.123125814,0.12607132,0.12996662,0.13374649,0.13504128,0.13614365,0.13982655,0.14029868,0.14198658,0.14261998,0.14196499,0.1433601,0.14395154,0.14022046,0.13579088,0.1346308,0.13052446,0.12632567,0.12714447,0.12137426,0.115597956,0.11421173,0.10754452,0.11335207,0.1080871,0.10518564,0.09714974,0.110129975,0.10274483,0.0854745,0.09379893,0.052975457,0.052707683,0.05089774,0.21416281,0.10267868,0.01487164,0.04649521,0.056832667
100,Res014,0.347682,0.0463576,0.60596,0.024010928,0.02574405,0.02805053,0.030587636,0.032977838,0.035416298,0.03732872,0.03837331,0.03951298,0.041345492,0.044910457,0.051321242,0.06146129,0.07319894,0.08261384,0.089604996,0.09363731,0.093302675,0.09076078,0.08900715,0.08805307,0.086292125,0.08399347,0.08343569,0.08338344,0.08188852,0.07807652,0.072154395,0.07247644,0.09112013,0.12933943,0.16560586,0.19490449,0.21742181,0.2316131,0.23986702,0.24598022,0.24821576,0.25001305,0.25213683,0.25432417,0.2565383,0.25854984,0.26013982,0.26134357,0.2623179,0.26350003,0.26486334,0.26672536,0.26880985,0.2709787,0.27272192,0.27403665,0.27456447,0.27483207,0.27425355,0.27263814,0.27232802,0.27357897,0.27519497,0.27718112,0.2791754,0.28167957,0.28415138,0.28681326,0.28878352,0.29102927,0.2926221,0.29366595,0.29488447,0.2955383,0.296563,0.2971569,0.29347488,0.2887375,0.28348008,0.2797077,0.2791266,0.27888152,0.27909675,0.27958444,0.280422,0.28186598,0.28344917,0.2852258,0.28692502,0.28900498,0.28932193,0.28857255,0.28733754,0.2849454,0.2808885,0.27550504,0.26818174,0.2611474,0.25964797,0.2930674,0.2506109,0.24392417,0.24502768,0.21512493,0.17834009,0.13375697,0.120159276,0.11282994,0.107862756,0.10742819,0.110561885,0.11659359,0.12354171,0.13067764,0.1386246,0.14736558,0.15554222,0.16358921,0.17112412,0.17843981,0.18520334,0.19117555,0.19588679,0.20077483,0.2049709,0.20860738,0.21164264,0.2143762,0.21655922,0.21805345,0.21910192,0.21936864,0.21895829,0.2177757,0.216106,0.21399657,0.21072948,0.20726116,0.20261411,0.19740957,0.19268359,0.18734011,0.1883019,0.18764807,0.17932828,0.23047586,0.06397876,0.037897598,0.001041033,0.010888276,0.018958164,0.002050367,0.017657189,0.000640763,0.013940088,0.31867757,0.21900952,0.08630571,0.053552184,0.04713454,0.04606706,0.04779818,0.051931042,0.054835543,0.06104848,0.06606184,0.070234776,0.075601675,0.078555465,0.08276225,0.08971119,0.09299298,0.09681293,0.10051919,0.10553611,0.10933304,0.11410273,0.11703873,0.11848578,0.12172485,0.12515901,0.12389469,0.12582889,0.12979096,0.12907149,0.12903996,0.12905908,0.12655886,0.12522681,0.121842735,0.11925837,0.11312496,0.11294914,0.11132695,0.10757477,0.10266273,0.09086286,0.089830145,0.082862906,0.077610135,0.0728063,0.07980166,0.059218712,0.058846615,0.084562644,0.04865153,0.021246914,0.010331476,0.002501183,0.019993206,0.04120306,0.09476716,0.041056205
106,Res020,0.168874,0.162252,0.668874,0.026415866,0.028249545,0.030401016,0.033010736,0.035847057,0.038395572,0.04000675,0.041068237,0.04251897,0.04476693,0.048299216,0.053344358,0.060137935,0.06750321,0.073647104,0.07886144,0.08310984,0.08554683,0.086898535,0.08834205,0.08996532,0.0909365,0.09145177,0.09260739,0.09346053,0.09331947,0.092460595,0.09070105,0.09264831,0.10471093,0.12641953,0.14799982,0.16614781,0.17997031,0.18894064,0.19461545,0.19941555,0.20177285,0.20385836,0.20622039,0.20849302,0.21067944,0.21276893,0.21467166,0.2164258,0.21802327,0.21963179,0.2211473,0.2230101,0.22493853,0.2268538,0.22875097,0.23020244,0.23121037,0.23259248,0.23261283,0.23303361,0.23397993,0.23578191,0.23766354,0.23901507,0.2403389,0.24267645,0.24501243,0.24649194,0.24829844,0.2503175,0.25178596,0.25325012,0.2546434,0.2557593,0.25669843,0.25777388,0.2563587,0.25574556,0.2524157,0.25013956,0.25090313,0.25177917,0.25246826,0.25356242,0.2544325,0.2559186,0.25773048,0.2592071,0.26057625,0.26194674,0.2633367,0.26326948,0.26256332,0.261778,0.2596237,0.25649384,0.25183663,0.24798286,0.2438789,0.28207377,0.2596727,0.26647535,0.22812124,0.24746624,0.18159288,0.14639165,0.14216994,0.13463359,0.12845059,0.12932557,0.13334164,0.13875298,0.14375792,0.14983204,0.15726107,0.16458273,0.17165196,0.17842342,0.18485864,0.19078562,0.19629756,0.20113657,0.20558693,0.20981194,0.21295924,0.21569711,0.2183058,0.22061788,0.2225375,0.22345416,0.22388661,0.22417009,0.22391438,0.22339435,0.22183964,0.22012733,0.21797629,0.21547043,0.21213602,0.2083089,0.2048578,0.20152386,0.20221892,0.20251188,0.24093418,0.29401356,0.5530427,0.13650332,0.001756248,1.12e-05,0.004918879,0.008564266,5.83e-05,0.000734628,0.08048004,0.083296984,0.117496945,0.060274325,0.058705345,0.06849735,0.069011696,0.072745994,0.077076234,0.08171735,0.08671278,0.09020985,0.09562336,0.09808855,0.10150717,0.10636099,0.10971601,0.11408182,0.11923747,0.12306785,0.12611865,0.13050047,0.13447522,0.13569903,0.13892657,0.14174064,0.14372621,0.14291424,0.14407957,0.14632891,0.14563325,0.14542456,0.1465256,0.14644447,0.14529231,0.14187306,0.1402119,0.136307,0.13265209,0.1281939,0.12511484,0.12720601,0.1137519,0.108981214,0.11229416,0.09693016,0.10892033,0.11440481,0.09372238,0.060782794,0.07883724,0.09213737,0.08902053,0.15753645,0.14824603,0.18728416,0.16261011,0.21874128,0.025773883
108,Res022,0.152318,0.122517,0.725166,0.027031552,0.028775351,0.030945849,0.033728685,0.03677941,0.03940455,0.041014764,0.042029843,0.043480527,0.045869026,0.04969676,0.055227034,0.06294007,0.071590565,0.07887819,0.08493399,0.08958209,0.0919215,0.09289884,0.09403645,0.095425636,0.095976144,0.09610735,0.0969855,0.09768443,0.09749991,0.09652831,0.09464786,0.09663472,0.108886026,0.13108435,0.15324724,0.17177017,0.18596813,0.19519594,0.20107122,0.20598967,0.20843904,0.21052277,0.21285176,0.21511824,0.21728972,0.21927343,0.22112146,0.22282323,0.2243288,0.22579981,0.22734098,0.22916567,0.23115052,0.23303281,0.2348276,0.23634318,0.23715414,0.23811643,0.2384134,0.23876208,0.23935902,0.24087779,0.2430631,0.24520573,0.2473129,0.24990828,0.25187224,0.2540228,0.25602633,0.25802457,0.259831,0.26062575,0.261924,0.26338518,0.26487425,0.26654524,0.26526847,0.26146084,0.25743663,0.25603864,0.2567994,0.25726396,0.25761425,0.25864387,0.26027426,0.26153553,0.26306564,0.26470554,0.2658666,0.26728675,0.26865274,0.26825607,0.2676958,0.26620075,0.26386774,0.26011157,0.25644112,0.25073594,0.24433498,0.19376355,0.24394892,0.22337063,0.20742759,0.1926071,0.15973325,0.14149848,0.13010797,0.12531908,0.12195353,0.121322334,0.12509565,0.1304153,0.13697833,0.14407668,0.1516862,0.15919857,0.16684383,0.17426014,0.18103291,0.187197,0.19294357,0.19799298,0.20263086,0.2067188,0.21031728,0.21287371,0.21539284,0.21763697,0.21961305,0.22098985,0.221659,0.22173798,0.22161348,0.22057948,0.21920606,0.21729861,0.21486017,0.21159774,0.2078662,0.20381014,0.19974314,0.19611329,0.19686434,0.19662485,0.21537212,0.21677639,0.09234356,0.10334169,0.005381872,0.02096318,0.02842469,0.053822704,0.004216117,0.000263312,0.07661073,0.39792573,0.15181403,0.08666763,0.057371657,0.056116313,0.059205115,0.058957968,0.06353156,0.07050127,0.080408365,0.08051462,0.08432204,0.08847249,0.0917036,0.09512592,0.10093925,0.10501096,0.11014878,0.114112586,0.118222974,0.12336823,0.1272848,0.13022743,0.1332199,0.13468844,0.1368513,0.13675839,0.1380983,0.13783531,0.14010376,0.14094163,0.14242557,0.14103892,0.13690202,0.13534026,0.1377613,0.13637264,0.12713945,0.12529038,0.12160153,0.11895899,0.11337007,0.11117911,0.109863795,0.10787276,0.10703165,0.1168715,0.11662008,0.09608094,0.08160679,0.09101735,0.09908152,0.10989203,0.17140815,0.12143765,0.09443687,0.31357956,0.054597553
110,Res024,0.0,0.92053,0.0794702,0.02067664,0.023048662,0.025864316,0.02883489,0.03175752,0.03444765,0.036822572,0.038948152,0.041093327,0.043534014,0.04628873,0.049287457,0.052437086,0.055676017,0.058904912,0.062111843,0.06533733,0.06829167,0.07086959,0.07321502,0.07553394,0.07781922,0.08030815,0.082577854,0.084847406,0.08715528,0.08902398,0.09030146,0.09294106,0.0985989,0.10468432,0.10934223,0.11318508,0.11661267,0.11982023,0.122901835,0.12636335,0.12883957,0.13125229,0.13381293,0.13632931,0.13877824,0.14119889,0.14343387,0.14560983,0.1475441,0.14946349,0.15144,0.15349369,0.15554889,0.15774441,0.15980732,0.16151504,0.16267675,0.16493101,0.16625358,0.16749285,0.16886303,0.17038329,0.1720829,0.17140342,0.17089717,0.17225933,0.17462134,0.17646654,0.17806567,0.18016474,0.18161833,0.183488,0.18537185,0.18710172,0.189568,0.1916991,0.19142972,0.19148515,0.19022799,0.19125694,0.19224085,0.19350135,0.19447072,0.1961674,0.1980009,0.19980925,0.20171644,0.20395537,0.2063686,0.2086455,0.21100558,0.211941,0.212699,0.21346577,0.21395002,0.21372573,0.21272634,0.2120903,0.21052898,0.22406448,0.21216975,0.16152664,0.2085253,0.19684957,0.18969232,0.16243826,0.1562439,0.15127121,0.14989763,0.15086323,0.15248379,0.15660255,0.15993619,0.16370966,0.168032,0.17277911,0.17709638,0.1812742,0.18542467,0.18920542,0.19264342,0.19600827,0.1993206,0.20320585,0.20697218,0.20981777,0.21286626,0.21529241,0.21746676,0.21821705,0.21871477,0.21847075,0.21732612,0.21674512,0.2161014,0.2142976,0.21319133,0.2129648,0.2113267,0.20932642,0.20777154,0.20603359,0.20819607,0.21382159,0.22950646,0.14379703,0.067022786,0.001088858,0.044077866,0.04758088,0.10163556,0.25994757,0.030175466,0.001282256,0.036570977,0.38188395,0.121196285,0.104532644,0.120416634,0.111078285,0.11750884,0.12143716,0.12549467,0.13165462,0.14205168,0.14171429,0.1371294,0.13570641,0.13618888,0.1353917,0.13600254,0.13577409,0.13665156,0.13768442,0.14080617,0.14250128,0.14494736,0.14621857,0.14760788,0.15034571,0.15160556,0.15388131,0.15523545,0.15610568,0.15743986,0.15860285,0.15705597,0.15299155,0.1477301,0.14369018,0.14123417,0.13621163,0.13362111,0.1333973,0.13136695,0.12989089,0.12782188,0.12384707,0.12761132,0.11646578,0.10828924,0.14654222,0.11308167,0.12958685,0.16653073,0.18455894,0.11048692,0.15198244,0.11324372,0.13021903,0.08044446,0.15108651,0.007106105
112,Res026,0.0298013,0.652318,0.317881,0.02866426,0.030684175,0.033065297,0.03582883,0.03877478,0.041487843,0.04356311,0.045361787,0.04735938,0.050013587,0.053574026,0.05793477,0.06287634,0.068095,0.07306557,0.07779986,0.08210947,0.08553571,0.08812822,0.0903693,0.09237388,0.09401085,0.095365584,0.0973126,0.09962803,0.101363465,0.101741865,0.10069777,0.1031312,0.113560274,0.12642989,0.13577476,0.14298116,0.14867938,0.15300232,0.15679424,0.16117458,0.16381684,0.16621172,0.1690455,0.1717787,0.17464861,0.17748564,0.17965603,0.18146993,0.1831324,0.18484688,0.18681853,0.18938027,0.19245873,0.19572662,0.19849528,0.20058376,0.20303087,0.20506664,0.20658466,0.20794155,0.20866887,0.21059713,0.21232362,0.21430358,0.2160853,0.21840565,0.22093396,0.22266905,0.22482102,0.22734985,0.22977863,0.23151876,0.2336345,0.23579828,0.23914064,0.2423868,0.24256122,0.24214901,0.2409822,0.24072543,0.2417758,0.242837,0.24428076,0.24556649,0.2473715,0.24909224,0.25122836,0.25358957,0.2557106,0.25811535,0.2604727,0.2611274,0.26159394,0.26217452,0.261944,0.26077706,0.25910294,0.25575936,0.24683483,0.21611138,0.21776736,0.24498229,0.23135886,0.23224238,0.2000018,0.17773366,0.17078805,0.16770305,0.16511333,0.16555949,0.1680803,0.17186172,0.1767537,0.18274914,0.18874045,0.19480413,0.20085408,0.20674065,0.21243179,0.21765222,0.22225799,0.22680435,0.23105726,0.23522907,0.23892349,0.24233446,0.24540634,0.24784468,0.24976516,0.25111154,0.251766,0.25155163,0.25166133,0.25081536,0.2491565,0.24820463,0.24647126,0.24513485,0.2421865,0.23976411,0.23705491,0.23541369,0.23854677,0.25205725,0.27987978,0.26296508,0.21994576,0.10927825,0.004683312,0.044441126,0.025523791,5.73e-05,5e-10,3.75e-06,0.008326058,0.17882106,0.25360146,0.13236164,0.12526,0.11921617,0.1162788,0.12320813,0.12892936,0.1355317,0.14027348,0.1419768,0.14433224,0.14370711,0.14521374,0.14758447,0.14925024,0.15135054,0.15448575,0.1563233,0.15794295,0.16027336,0.16577758,0.16919395,0.17086425,0.17216967,0.1755912,0.17625746,0.17922208,0.18221931,0.18340182,0.18014087,0.18188381,0.1776957,0.17413755,0.16883352,0.16555336,0.16463119,0.1615074,0.15488924,0.15304384,0.15066843,0.14997226,0.14444107,0.1461331,0.15052189,0.14382875,0.15666927,0.16391619,0.14073378,0.14394417,0.1491018,0.18479714,0.22273366,0.20865905,0.3027083,0.4280068,0.28668955,0.02307824
130,Res044,0.221854,0.013245,0.764901,0.03371091,0.0363476,0.039407477,0.043204583,0.047455117,0.05090229,0.052649066,0.05364431,0.05540467,0.058677454,0.06395198,0.07152952,0.082282014,0.09478281,0.10565511,0.11492788,0.12220418,0.12614368,0.128032,0.12994538,0.13163818,0.13219348,0.13224922,0.1329936,0.133467,0.13294382,0.13179447,0.12998395,0.13216293,0.14505166,0.16986427,0.19720288,0.22282414,0.24295472,0.25525883,0.26260018,0.26924744,0.27064782,0.27171385,0.27364072,0.27527076,0.27691293,0.27861932,0.2792317,0.27959794,0.28008333,0.28081164,0.28149006,0.28233078,0.28343734,0.2855465,0.28680784,0.28762853,0.28995648,0.2926422,0.2916483,0.2905826,0.28896546,0.28962266,0.29065406,0.28879687,0.28633112,0.2884645,0.29019773,0.29185453,0.29319513,0.2947784,0.29620934,0.29738665,0.29914895,0.30120295,0.30351213,0.30750284,0.3066873,0.30410165,0.30115312,0.29712385,0.29517928,0.29490328,0.2952002,0.2956154,0.29689923,0.29774383,0.29840326,0.29930627,0.30069023,0.3021681,0.30294648,0.30192307,0.300719,0.299471,0.29730737,0.29457062,0.29131266,0.28827623,0.2839021,0.28221515,0.27121374,0.24065416,0.2072361,0.2253481,0.19659856,0.18568435,0.17172714,0.16355562,0.16261558,0.16200867,0.16677998,0.17228015,0.17811708,0.18339106,0.19060376,0.19779429,0.20470908,0.21170424,0.21815798,0.22423904,0.22973587,0.23456788,0.2385382,0.24228479,0.24506783,0.24763705,0.24969536,0.2518271,0.25340927,0.25451288,0.25502598,0.2554397,0.2551703,0.25449157,0.2531391,0.25189042,0.24948151,0.24692054,0.24353996,0.23966968,0.23678137,0.23380147,0.23900685,0.23768848,0.22430661,0.3799176,0.16000703,0.001025225,3.86e-08,1.66e-05,0.014829613,0.10831772,0.091856085,0.003247693,0.036115125,0.042709377,0.09305176,0.09229846,0.08254145,0.08464979,0.0879875,0.0931477,0.097481936,0.10884393,0.11092612,0.11634951,0.121784195,0.12580588,0.13232127,0.13850693,0.14263104,0.14669411,0.15196057,0.15520199,0.1598024,0.16380717,0.16779855,0.17175409,0.17390293,0.17565368,0.17561445,0.17609802,0.17440596,0.17649612,0.17857596,0.17701589,0.17806128,0.17999275,0.17984179,0.17823264,0.17514388,0.16898593,0.16772072,0.16602829,0.16084966,0.1527075,0.15331072,0.14703362,0.14071445,0.13130042,0.12963663,0.1454562,0.12374503,0.118950695,0.11180722,0.123517014,0.11247421,0.12847526,0.111657396,0.10482055,0.12798795,0.10274254,0.043400228
132,Res046,0.370861,0.0231788,0.60596,0.03185086,0.034514934,0.037510943,0.04095767,0.04463595,0.047822416,0.049556434,0.050520096,0.052111443,0.054999974,0.060076993,0.06848073,0.08185913,0.09760962,0.109904476,0.11900401,0.124638736,0.12514506,0.12347017,0.12312424,0.12371519,0.12298448,0.12169089,0.121728405,0.1207233,0.11842903,0.116039395,0.11351569,0.11562532,0.13115153,0.16692533,0.21088918,0.25399226,0.28881693,0.3101175,0.32186788,0.33077657,0.3324124,0.33332866,0.33547455,0.33728805,0.3391676,0.34110358,0.34191763,0.34247047,0.34320274,0.3442143,0.34520978,0.34621453,0.34758228,0.34972388,0.35110348,0.35195953,0.3545199,0.35651043,0.3543036,0.3511603,0.34894338,0.3494032,0.35080373,0.3530039,0.35541567,0.3582108,0.36068895,0.36344102,0.36607552,0.36797616,0.3700109,0.37041947,0.37112722,0.37270918,0.37487853,0.37868527,0.3777456,0.37223047,0.36386558,0.35806498,0.35579544,0.3550824,0.35463056,0.3548254,0.35609868,0.35710746,0.35853305,0.35956842,0.36127174,0.3633066,0.3641859,0.36274546,0.36091852,0.358363,0.35399425,0.34816316,0.34183738,0.3351693,0.329356,0.32931015,0.34226635,0.3449302,0.3166102,0.33017683,0.24764709,0.18443024,0.16712067,0.16376314,0.15834789,0.15483977,0.15971681,0.16716285,0.17428955,0.18125145,0.19013624,0.1998975,0.20914666,0.21834472,0.22680297,0.23481034,0.24263741,0.24947493,0.254832,0.26024345,0.2647708,0.2681474,0.27124342,0.27439746,0.27665597,0.2782754,0.27915645,0.27938512,0.27866933,0.27760863,0.2756514,0.27354595,0.2701339,0.2665676,0.26149687,0.25554523,0.2509929,0.24555005,0.2460953,0.25523418,0.2905462,0.24215464,0.24179734,0.111525364,0.00263017,3.7e-05,0.038699698,0.19589289,0.004946567,0.000288062,0.032436144,0.11563629,0.09425357,0.10731483,0.08533783,0.08566444,0.07667357,0.07812411,0.08252779,0.09101341,0.1001778,0.10507575,0.10736476,0.11076173,0.11673321,0.120932475,0.12792805,0.13338251,0.13930567,0.14260575,0.14794654,0.15386559,0.15896992,0.161773,0.16450492,0.16529676,0.16655082,0.16850385,0.17130966,0.1712249,0.16855605,0.17128325,0.1727676,0.17144664,0.1692827,0.16829589,0.16162567,0.15866342,0.15651745,0.14972192,0.14687839,0.14436968,0.13646674,0.13402216,0.1285402,0.12960455,0.12989376,0.12301048,0.109090865,0.120575555,0.14101562,0.08509966,0.09018802,0.15883103,0.14348908,0.07701049,0.12256735,0.1489386,0.0652716
145,Res061,0.970199,0.013245,0.0165563,0.009295031,0.010605132,0.012211353,0.01369247,0.014723111,0.015573369,0.016164986,0.016446494,0.016714891,0.017118651,0.01829523,0.02140333,0.027977655,0.03623862,0.041639842,0.04419513,0.04392297,0.039881002,0.035153743,0.032363072,0.031092014,0.029551813,0.027864944,0.026933717,0.025315762,0.022909595,0.02104413,0.019493585,0.02013195,0.027543643,0.050917067,0.08840747,0.13992393,0.2073334,0.27607104,0.32762176,0.35849914,0.36958534,0.37605438,0.3815272,0.38620725,0.3902801,0.3939425,0.3956824,0.3973839,0.4000098,0.40269196,0.40496278,0.4065071,0.4072718,0.408244,0.40826115,0.4060744,0.39936432,0.39087433,0.37236035,0.3502859,0.33886245,0.33668688,0.33881924,0.33948016,0.34211177,0.35237065,0.36321253,0.37310302,0.38116407,0.38643298,0.38962275,0.38967484,0.38820952,0.38500634,0.3806104,0.37005237,0.34481996,0.31006217,0.27702138,0.25744033,0.25145695,0.24845666,0.24599214,0.24556021,0.24688925,0.2499158,0.25376698,0.25765058,0.26101372,0.26385626,0.2648253,0.2629992,0.25803298,0.25031254,0.23891601,0.2248786,0.20977286,0.19386736,0.18644391,0.20765379,0.17326884,0.20814049,0.23059346,0.2134557,0.12503237,0.07412585,0.05437274,0.05318833,0.04564745,0.04371532,0.045888066,0.048387352,0.052416746,0.05617953,0.060836207,0.06617421,0.07169969,0.0771571,0.08255207,0.08759613,0.09245958,0.09697115,0.10130136,0.10517096,0.10923817,0.11262265,0.115568936,0.117772646,0.11992261,0.12127375,0.12153576,0.12147126,0.12008875,0.11855797,0.11667825,0.11384642,0.11119332,0.1085852,0.104538485,0.10078502,0.09788795,0.095197655,0.09439848,0.09666692,0.096686885,0.13123512,0.29512382,0.024113512,0.10886639,0.1914489,0.018069422,0.085881285,0.091621235,0.000488852,1.38e-08,7.87e-05,0.013393194,0.027659245,0.019206056,0.016673695,0.014449956,0.01587323,0.016398268,0.019889176,0.02369935,0.022916753,0.024626743,0.025529644,0.02639969,0.02994677,0.032537203,0.0332593,0.035420667,0.037028354,0.038342997,0.039817717,0.04205602,0.04369844,0.045292467,0.04518224,0.046910413,0.049031448,0.04933221,0.051022813,0.051366143,0.050848037,0.049933013,0.049688067,0.049487077,0.045790568,0.04473967,0.04554554,0.042054985,0.03684647,0.037193764,0.03655675,0.032847952,0.036726978,0.039405964,0.028927503,0.021046387,0.024271322,0.023501804,0.038818948,0.006845309,0.031275418,0.073414385,0.054558866,0.0955753,0.04086379,0.06404019,0.071378276,0.24604762
166,NF_014,0.108974,0.737179,0.153846,0.048801437,0.05139636,0.05420171,0.05758294,0.061106544,0.06419072,0.06644034,0.068392284,0.07064724,0.073715456,0.07783544,0.08282418,0.08873784,0.09502416,0.10085696,0.1060142,0.1100762,0.11252483,0.11413407,0.115807004,0.117502056,0.11866147,0.11966759,0.12154248,0.12333465,0.12416118,0.12432247,0.12363696,0.12644383,0.13799073,0.15615825,0.17217027,0.18481635,0.1947893,0.20196016,0.20738922,0.21227504,0.21645631,0.21961302,0.22307198,0.22646622,0.22967173,0.23316535,0.23608556,0.23855731,0.24068218,0.24281253,0.24519914,0.24834083,0.2519104,0.2555455,0.2586028,0.2613308,0.26212046,0.26547322,0.267348,0.26899683,0.2711816,0.27321032,0.27554044,0.27644292,0.27725837,0.27950993,0.28198692,0.28426185,0.28638762,0.28888276,0.29130933,0.29332048,0.29520738,0.296907,0.29849273,0.30062786,0.30314612,0.30328754,0.3040342,0.30441985,0.30543077,0.30693877,0.308565,0.31056818,0.31260234,0.31517357,0.317594,0.31989226,0.32192847,0.32431266,0.32630712,0.32797512,0.32942295,0.33073413,0.33152142,0.33195424,0.33169517,0.3302934,0.32356077,0.30645064,0.2804747,0.30410084,0.3037643,0.30569023,0.2916196,0.2833986,0.279996,0.27952415,0.28079167,0.28225386,0.2850798,0.28864056,0.29285806,0.29724443,0.30248716,0.3072884,0.3118731,0.3159524,0.3197137,0.32334703,0.326873,0.33012286,0.33345336,0.33666667,0.34029734,0.34319708,0.34588274,0.34809077,0.34945098,0.35022202,0.3503013,0.3499989,0.34912986,0.3481234,0.34729832,0.34572023,0.34500274,0.34532768,0.34487602,0.34440595,0.34332407,0.33792135,0.3355899,0.33470595,0.32647997,0.27807233,0.13988139,0.16757852,0.30515775,0.12521622,0.001039994,0.0455925,0.16985232,0.026792476,0.033270985,0.15765168,0.15173282,0.19695422,0.21923378,0.23058455,0.24177806,0.2476944,0.2530289,0.26451722,0.26986098,0.2705879,0.2703021,0.26944497,0.26953608,0.26887274,0.26736942,0.2673005,0.27043325,0.2710882,0.27445233,0.27729228,0.27758655,0.27972892,0.27966607,0.28072423,0.2803687,0.28085613,0.28128895,0.28513795,0.2860389,0.28959143,0.28886604,0.28378955,0.27655235,0.26876867,0.26277167,0.25947118,0.25654647,0.25015432,0.24746563,0.24179268,0.24424541,0.24327582,0.2330839,0.23731087,0.22952731,0.22727264,0.22710842,0.21712352,0.19882882,0.18857731,0.19941461,0.15758675,0.1097634,0.15594333,0.12890628,0.023247104,0.043466896
172,NF_020,0.134615,0.346154,0.519231,0.07009384,0.07423386,0.07880621,0.08416312,0.08977726,0.09463031,0.098161824,0.10113791,0.10456167,0.10913833,0.11510172,0.12226131,0.13069442,0.13948633,0.14734718,0.15415959,0.15960412,0.16320951,0.16584721,0.16855812,0.1715458,0.17375174,0.17561296,0.17836675,0.18117079,0.18311636,0.18410973,0.18421744,0.18794201,0.20010519,0.2178068,0.23342486,0.24669504,0.25863382,0.2677491,0.2742708,0.28004375,0.28505847,0.2883655,0.29219782,0.2959867,0.2991605,0.30286264,0.3063206,0.3095284,0.31225833,0.31509605,0.3178805,0.32077965,0.32346472,0.3261074,0.32872283,0.33138943,0.3305493,0.3337505,0.3358339,0.33842656,0.34147656,0.3439936,0.34677428,0.3471622,0.3473235,0.34973606,0.35222945,0.35441422,0.3563832,0.35863566,0.3605587,0.3619139,0.36374208,0.36484554,0.3648201,0.36467606,0.36605486,0.36583877,0.3660862,0.3675404,0.36929917,0.37070394,0.37207645,0.373802,0.37545723,0.37721834,0.37911952,0.3809348,0.38265914,0.38444147,0.3858357,0.38650113,0.38681126,0.38718417,0.38653576,0.38585797,0.38364294,0.38078284,0.37697443,0.38254836,0.3670347,0.37717834,0.34119722,0.34276247,0.33444712,0.32380903,0.32251605,0.32349563,0.32419932,0.32640073,0.32844457,0.33248505,0.33747694,0.34299853,0.34820926,0.35272875,0.3571139,0.36076316,0.3640257,0.3673414,0.37005556,0.37279513,0.3752802,0.37777743,0.38028643,0.3823644,0.38391483,0.38554692,0.38642722,0.38704965,0.3875867,0.3872536,0.38682964,0.3859717,0.38503432,0.38392797,0.38292438,0.38178644,0.38022944,0.3785456,0.37574604,0.3684238,0.36819863,0.36501724,0.37280178,0.3849999,0.34260604,0.10257638,0.36228272,0.22412242,0.043886773,0.2082318,0.3286794,0.4437163,0.13837941,0.105237745,0.21680434,0.253689,0.25568467,0.26356262,0.27059942,0.27813444,0.28466818,0.29288495,0.3053619,0.30677965,0.3077629,0.30824494,0.31077826,0.31223688,0.31310454,0.31410912,0.31553817,0.3164079,0.3200667,0.3239006,0.32594407,0.32628086,0.32445154,0.32348126,0.322491,0.3202902,0.31911218,0.3171098,0.3187557,0.32419276,0.32853645,0.32592484,0.32243037,0.31736064,0.31294426,0.30931363,0.3111555,0.30735677,0.29862234,0.29644385,0.29245782,0.29316103,0.29140064,0.28591973,0.28032517,0.27271482,0.2707838,0.2792979,0.26489696,0.2689453,0.2658051,0.29054382,0.27808473,0.23921593,0.30724278,0.2667539,0.29351136
174,NF_022,0.0641026,0.519231,0.416667,0.06729834,0.07116094,0.075514674,0.08067702,0.08612385,0.09086487,0.0944227,0.09752323,0.101045795,0.105705336,0.111719474,0.11889515,0.12713355,0.13560411,0.14332308,0.15028588,0.15621507,0.16066897,0.16418615,0.16772027,0.17144729,0.17436346,0.17672375,0.1800825,0.18337698,0.18546425,0.18668474,0.18692236,0.19103172,0.2043359,0.22272621,0.23779939,0.25020692,0.26114935,0.2695937,0.27608645,0.28243318,0.28799224,0.29166403,0.2960567,0.30038902,0.30409864,0.3084525,0.31228018,0.31573024,0.31878626,0.32208386,0.32519487,0.328354,0.3312008,0.33440146,0.3374176,0.3402948,0.33971184,0.3442628,0.34653997,0.34936312,0.35233167,0.35470876,0.3574224,0.35664254,0.35517555,0.35740095,0.35993072,0.36218297,0.36427152,0.3666899,0.36889768,0.37122864,0.37286898,0.3743902,0.37531793,0.37603018,0.37766686,0.3784732,0.37937427,0.3806102,0.38175887,0.38350713,0.385072,0.38666183,0.388213,0.389948,0.3920079,0.39374354,0.39560738,0.39730865,0.39893717,0.3998658,0.40044406,0.40083915,0.4008043,0.40084994,0.39940652,0.39756685,0.3931255,0.37896454,0.38215294,0.39591146,0.39656755,0.36052582,0.35472313,0.34741226,0.3468573,0.34638247,0.34587148,0.34661403,0.3492303,0.35374242,0.35798392,0.3623994,0.3672053,0.37157938,0.37546775,0.37901533,0.3820933,0.38496673,0.3877716,0.39003757,0.3921851,0.39474595,0.39716238,0.39909816,0.40072584,0.40230972,0.40334404,0.40366846,0.40383384,0.40353176,0.40287235,0.40222248,0.40156257,0.40026397,0.39916524,0.39847907,0.39761034,0.39625326,0.3935231,0.3826051,0.38308835,0.37923354,0.36529818,0.31135806,0.13848451,0.007179375,0.05302406,0.16929089,0.033338085,0.17415409,0.24932027,0.2650044,0.005907843,0.07816245,0.2262067,0.2543301,0.2710601,0.2802377,0.2873621,0.29215345,0.29778683,0.30627552,0.31572235,0.31930053,0.32006022,0.32168558,0.32293963,0.32395062,0.32391262,0.32678297,0.3281723,0.32818586,0.3305506,0.33202317,0.3360828,0.3357126,0.333367,0.3339036,0.33333543,0.33143684,0.33086175,0.32958236,0.32826367,0.33361796,0.33722153,0.33767167,0.3326159,0.32911453,0.32485273,0.32090685,0.32039097,0.31137994,0.30773073,0.3058404,0.29758567,0.29930508,0.29988444,0.2911232,0.29033238,0.2764442,0.26601788,0.2846187,0.26555908,0.26232222,0.25870305,0.244069,0.26540855,0.2273701,0.21920443,0.20564616,0.13712808
179,NF_027,0.121795,0.166667,0.711538,0.092549294,0.09768769,0.10351658,0.11047456,0.11757477,0.123569146,0.12773333,0.13111468,0.13504164,0.14051448,0.14781073,0.15691882,0.16800682,0.17950375,0.18935423,0.19764173,0.20393114,0.20766516,0.21024285,0.21310586,0.21652761,0.21881977,0.22097893,0.22413896,0.22705586,0.228689,0.22900611,0.22845483,0.23243438,0.24704657,0.2697812,0.29053,0.30901006,0.3265332,0.33969903,0.34850425,0.3558645,0.36180937,0.3650816,0.3692587,0.37342817,0.37662426,0.38065457,0.38460752,0.38825586,0.39134705,0.39468232,0.39776185,0.40066963,0.4029575,0.40531734,0.40776294,0.4106982,0.4080614,0.4117349,0.4138884,0.41711837,0.42095804,0.4237858,0.42709166,0.42461777,0.42069528,0.42319056,0.42571086,0.42800236,0.43043506,0.4328804,0.43506405,0.43697104,0.4384898,0.43882665,0.43843356,0.43663457,0.43632284,0.43726143,0.43739852,0.43932462,0.44160664,0.44347343,0.4448294,0.4463884,0.44821653,0.450327,0.45237446,0.45409718,0.45604834,0.45788124,0.4593217,0.45965984,0.45956352,0.4591441,0.45828778,0.4567448,0.4533182,0.44905722,0.44330853,0.43515763,0.41813135,0.41775447,0.41959187,0.3986883,0.38299304,0.3812636,0.37984398,0.3799814,0.3822108,0.38413188,0.38685605,0.3921274,0.3981872,0.40422451,0.40989152,0.41473335,0.41921645,0.42334285,0.42704615,0.43040684,0.43368402,0.43654537,0.43893823,0.4415793,0.44377798,0.44548032,0.44671085,0.4482167,0.4490806,0.44978887,0.44990778,0.4497558,0.44942623,0.44886324,0.44854462,0.44728243,0.44582242,0.44405004,0.44201693,0.43988186,0.43639278,0.42592174,0.42154297,0.42165062,0.42146093,0.37127414,0.4063012,0.23361196,0.42990458,0.1831486,0.039383035,0.12140321,0.15582204,0.13673663,0.26370594,0.2008698,0.20168437,0.28187418,0.30453792,0.31491375,0.32249942,0.32996973,0.33662897,0.34561843,0.35946164,0.3627366,0.3624987,0.36637175,0.36802462,0.3714166,0.3725564,0.37391782,0.37582427,0.3783086,0.38207877,0.38560435,0.38645062,0.38642156,0.38578054,0.38067755,0.3792938,0.37740794,0.3736186,0.37193105,0.37166804,0.38036358,0.38426855,0.3841941,0.38228592,0.37688732,0.37145624,0.37035516,0.36844736,0.36438468,0.35766652,0.35675126,0.35379574,0.35168335,0.34507027,0.33778805,0.3346899,0.3374607,0.33520138,0.3160547,0.31592694,0.30971637,0.32547578,0.31619063,0.2911013,0.28237218,0.2509682,0.16523905,0.4054211
190,NF_039,0.525641,0.102564,0.371795,0.0892178,0.09545119,0.1027168,0.111181684,0.11968339,0.12617828,0.13019031,0.13319314,0.13679118,0.14221328,0.14948927,0.15857142,0.1699853,0.18196402,0.19192599,0.20025292,0.20660819,0.21040116,0.2129295,0.2158362,0.21937695,0.22132371,0.2223906,0.22470304,0.22609878,0.22563349,0.22561412,0.2253891,0.22861269,0.24154276,0.26785442,0.29882494,0.32775563,0.35291556,0.36936736,0.3784618,0.38529685,0.3903312,0.39162984,0.39427912,0.3971485,0.39858297,0.40121144,0.4042759,0.4070663,0.4090913,0.41152993,0.41361696,0.4154474,0.41634104,0.4170982,0.4184531,0.4206047,0.41514444,0.4176132,0.41897535,0.42133844,0.42541906,0.42817152,0.43183088,0.42776668,0.42163762,0.42372248,0.42595014,0.42787337,0.4296391,0.43123853,0.43249664,0.43325582,0.433751,0.4329558,0.4299858,0.42529562,0.4246816,0.42377412,0.42204064,0.4237304,0.42555588,0.42667654,0.42770848,0.4288252,0.4303144,0.43219793,0.43400413,0.43551332,0.4369893,0.43822402,0.43918908,0.43827403,0.43693304,0.4345719,0.43098405,0.42672315,0.42003703,0.41284916,0.40460166,0.41194203,0.40510157,0.41906118,0.3902308,0.35258338,0.3232202,0.3134016,0.30790257,0.31045932,0.31258887,0.314658,0.31762314,0.32324955,0.33059397,0.33800906,0.34486085,0.35143435,0.35760662,0.36344784,0.36861596,0.37319982,0.37777096,0.38164583,0.3845721,0.38782004,0.39060298,0.39274544,0.3943631,0.3961488,0.3974274,0.39783713,0.3982903,0.39823848,0.39771044,0.3966015,0.39556912,0.39398476,0.39128336,0.38830665,0.3849168,0.3812964,0.37579173,0.35900125,0.35532516,0.35082006,0.34609833,0.3279716,0.24883711,0.09320497,0.21109314,0.1478,0.0431417,0.1845643,0.25569785,0.35760334,0.15096295,0.2376851,0.24881387,0.25226286,0.25346377,0.2584379,0.2645103,0.26996824,0.27271935,0.2765868,0.2908133,0.2937626,0.29297295,0.29547065,0.29883692,0.30098674,0.30466047,0.3056412,0.30912337,0.31108722,0.31329265,0.31766886,0.3190072,0.32086417,0.31782314,0.3157818,0.3133289,0.31053972,0.30869654,0.30769446,0.30818173,0.31521785,0.31870133,0.31699175,0.31796035,0.3145936,0.310785,0.3083978,0.30716026,0.30133435,0.29831606,0.2929134,0.28588465,0.28189936,0.28223348,0.27168074,0.27886206,0.27365577,0.26657465,0.27200016,0.2662294,0.25724053,0.23799172,0.23816755,0.2949207,0.27443352,0.23811504,0.29633003,0.58778983
199,NF_052,0.0448718,0.865385,0.0897436,0.051732723,0.05570995,0.06039729,0.065848604,0.071568966,0.07685458,0.08145469,0.085800104,0.09033799,0.095304035,0.10065853,0.10617616,0.111897826,0.11761769,0.123050846,0.12824774,0.13323544,0.13786508,0.14205366,0.14624807,0.15024722,0.15383902,0.15758556,0.1614852,0.16555528,0.16941586,0.17286643,0.17620316,0.18063958,0.1876457,0.1963806,0.2041978,0.21142285,0.21752733,0.222663,0.22767036,0.2327378,0.23755339,0.24199295,0.24659298,0.25105336,0.2555447,0.2601409,0.26404107,0.26765144,0.27126512,0.27496073,0.27857333,0.28229895,0.2861263,0.29027158,0.29382756,0.29709002,0.30034167,0.3045505,0.3073461,0.30973256,0.31153908,0.3138375,0.31617925,0.31720844,0.3189358,0.3218019,0.32464954,0.32753828,0.3305098,0.33359295,0.3368753,0.3397916,0.34297922,0.34641266,0.35046485,0.3557821,0.3589106,0.360254,0.3610988,0.3611393,0.36245805,0.36453602,0.36692375,0.36925563,0.3717632,0.37445036,0.3775059,0.38085598,0.38397196,0.38709363,0.3901383,0.39306018,0.396082,0.3991668,0.4020269,0.40446994,0.40678352,0.40858093,0.41065738,0.40729484,0.39171588,0.3889241,0.403073,0.39854652,0.39566416,0.38514084,0.37713116,0.37567645,0.37313518,0.37254035,0.37448546,0.3772916,0.37971655,0.38226312,0.38688132,0.39121374,0.39528504,0.39892268,0.40216446,0.40536022,0.40850356,0.41184542,0.41561967,0.42015865,0.42525128,0.4291453,0.43276796,0.4358641,0.4375216,0.43808064,0.4374017,0.43698403,0.43642178,0.43550625,0.4346013,0.43313253,0.43349084,0.43534926,0.43578964,0.43587106,0.4371707,0.438526,0.44037977,0.4414598,0.45047697,0.43675333,0.2023878,0.22472556,0.055288054,0.05069022,0.1269148,0.124322526,0.05585216,0.1397637,0.15766858,0.318461,0.36603683,0.32674405,0.34239143,0.3553992,0.35965514,0.36822218,0.37443554,0.38187787,0.3843202,0.38241786,0.3773539,0.3696716,0.35987422,0.35427943,0.34856898,0.3458503,0.3444284,0.34561002,0.34672454,0.3499455,0.35345924,0.35566527,0.35589287,0.3551399,0.35815287,0.36073095,0.3624431,0.3627248,0.36417615,0.36774927,0.3647598,0.35660845,0.34426826,0.3339876,0.3282905,0.32472923,0.3218607,0.32042563,0.31399146,0.31478754,0.30709532,0.30736136,0.3054017,0.3030136,0.31139663,0.30955517,0.30647126,0.3119855,0.30626324,0.2935623,0.2807927,0.28782246,0.26518744,0.21964268,0.19793695,0.147646,0.3354262
200,NF_053,0.025641,0.480769,0.49359,0.085739695,0.0919457,0.09898468,0.10732206,0.116111346,0.1238815,0.12963912,0.13453348,0.13998498,0.1467592,0.15484582,0.1636318,0.17270781,0.18182628,0.19073251,0.19945425,0.20775561,0.21504825,0.2210819,0.22634815,0.23080266,0.23421593,0.23734024,0.24093923,0.24426973,0.24698459,0.24808568,0.24840255,0.2519853,0.26299354,0.27759886,0.2886593,0.2974653,0.3042134,0.30940074,0.31421432,0.31914094,0.323486,0.32724908,0.3311393,0.33480352,0.33841586,0.34229887,0.34520087,0.34770155,0.35016957,0.35288703,0.3556182,0.35849813,0.36150956,0.36522424,0.3681295,0.3706582,0.37324765,0.3783024,0.3801163,0.38166955,0.38246518,0.38401204,0.3856838,0.3860784,0.38682932,0.3890881,0.39151725,0.39378858,0.39616865,0.39856693,0.40128988,0.40415955,0.40675417,0.40990242,0.41385794,0.41846925,0.41975263,0.4204653,0.42144075,0.42083833,0.4218779,0.4236428,0.4254767,0.42733017,0.42933667,0.43117425,0.43344355,0.4358978,0.43829498,0.44056174,0.44276857,0.44489968,0.44714272,0.44976443,0.45241052,0.4548619,0.4566705,0.45784128,0.45942974,0.4454095,0.43930447,0.44922101,0.44467092,0.4491299,0.44243574,0.44244954,0.4415035,0.43805158,0.4370808,0.4373761,0.43913463,0.4400435,0.44139388,0.44285414,0.44573015,0.44885793,0.45182428,0.45446375,0.4570483,0.45949668,0.46190056,0.46437567,0.46725142,0.4702626,0.4733319,0.4761996,0.4790108,0.48130473,0.4829398,0.4838454,0.48414028,0.4843205,0.48410758,0.4834805,0.48294193,0.4824169,0.4828568,0.48420182,0.48407084,0.48469725,0.4855991,0.4857153,0.486237,0.49187696,0.4913348,0.47652516,0.2749281,0.097548686,0.012655309,4.62e-05,0.000329326,0.06217222,0.07023757,0.03452902,0.03472874,0.16465323,0.34922922,0.42348218,0.413958,0.42450678,0.43155625,0.43632436,0.44431835,0.45023656,0.4527748,0.4517472,0.45133397,0.4478881,0.4439274,0.43938947,0.43591028,0.43522233,0.4348664,0.43624672,0.4389934,0.4424339,0.44350868,0.44230655,0.44110483,0.4375361,0.43612257,0.43537804,0.43361765,0.43020853,0.43025914,0.43944198,0.441357,0.43651384,0.43149722,0.4251838,0.41795364,0.41721618,0.41219506,0.40834314,0.40591332,0.4008896,0.39869002,0.40016505,0.3985397,0.39727542,0.39115342,0.39366758,0.39881262,0.40384892,0.39075056,0.37095776,0.37502778,0.35930198,0.3425326,0.30736887,0.2422056,0.22039522,0.13259034
214,NF_067,0.0512821,0.0,0.948718,0.106279746,0.11539364,0.12587066,0.1395008,0.15465319,0.16559546,0.17048252,0.17387344,0.1799487,0.19065838,0.20503196,0.22081436,0.237103,0.25385112,0.27069452,0.28689605,0.3014496,0.31379622,0.32351917,0.33137366,0.33699802,0.3413087,0.3455143,0.34952947,0.3530993,0.35660553,0.3598531,0.36297542,0.36792266,0.37700322,0.3872944,0.39559045,0.4047714,0.4114259,0.4156784,0.4203304,0.42529237,0.42978963,0.43266132,0.43603182,0.43880162,0.4416369,0.44501045,0.44575903,0.44583073,0.44644916,0.44763798,0.4488631,0.45019028,0.452042,0.4561032,0.4586095,0.46017706,0.4649578,0.4732161,0.47333917,0.47244114,0.4698526,0.47016913,0.4706731,0.46886915,0.46765137,0.4696183,0.47171295,0.4737966,0.47616535,0.47850373,0.48103604,0.48371255,0.48668176,0.49085552,0.49771038,0.50939476,0.51245457,0.51102984,0.50901014,0.50416005,0.5027894,0.5041181,0.5055245,0.50652385,0.5075201,0.5082748,0.508754,0.5097715,0.5112622,0.512733,0.51366794,0.51448435,0.51538205,0.5169782,0.5187594,0.52099806,0.52442014,0.5277319,0.53577894,0.53157985,0.5045268,0.51166606,0.53237164,0.5389633,0.52293664,0.5208226,0.5212105,0.523827,0.51822567,0.5148431,0.5168985,0.51471907,0.5111237,0.5088108,0.508906,0.5097591,0.51053053,0.5114823,0.512751,0.5140298,0.51519865,0.5164279,0.51736337,0.5180956,0.5190677,0.5194361,0.51995724,0.52056503,0.52119964,0.52153087,0.5216869,0.52217054,0.52281743,0.5230882,0.5234319,0.52385956,0.5233347,0.52294964,0.52276623,0.52268416,0.5229806,0.52077484,0.5241364,0.5338124,0.5551991,0.58349437,0.4546389,0.09515625,0.058516867,0.001036651,0.110762015,0.09270662,0.04355554,0.20543443,0.09200898,0.3056526,0.4999636,0.47044322,0.45875177,0.44985646,0.45286307,0.45901123,0.464552,0.4722215,0.47988445,0.48367152,0.48514432,0.48543623,0.48835418,0.4914458,0.4924692,0.49148414,0.4929434,0.4951026,0.4956364,0.4966932,0.4968366,0.49271157,0.48617294,0.47874364,0.47272012,0.4678059,0.46042508,0.44989398,0.44607356,0.46474543,0.4740784,0.47368634,0.47423622,0.47485143,0.47312957,0.46885124,0.46761557,0.46411213,0.459717,0.45801538,0.45510587,0.44945034,0.4512462,0.44153872,0.43315718,0.4311509,0.4310563,0.45343143,0.45702925,0.42894557,0.4159649,0.4088717,0.42127025,0.36323896,0.38161582,0.39558786,0.44610807
216,NF_069,0.0384615,0.0,0.961538,0.102543935,0.11144083,0.12169767,0.13511096,0.15013206,0.16102718,0.16591585,0.16931519,0.17536917,0.18604179,0.2004532,0.21639104,0.23296486,0.25011638,0.26752055,0.28440416,0.2997164,0.31288496,0.32327774,0.33170128,0.33759227,0.3421773,0.34645107,0.350698,0.3545662,0.35835785,0.3618655,0.36528233,0.37041935,0.37939188,0.38929954,0.39716858,0.40656754,0.412951,0.4167202,0.42120755,0.42602307,0.43057644,0.43332332,0.43662184,0.43925083,0.44209498,0.4456027,0.445862,0.44540343,0.44572255,0.44667336,0.44770855,0.44888538,0.4507717,0.45536277,0.45807013,0.4593454,0.4655294,0.4753114,0.47493383,0.47303295,0.46937793,0.46920663,0.46891895,0.46716803,0.46571594,0.4678693,0.47000572,0.47218525,0.4745618,0.4768436,0.47938251,0.48217312,0.48566142,0.49032933,0.4980327,0.5127576,0.5179568,0.51549035,0.51288795,0.5057593,0.5032443,0.5044319,0.5058852,0.5067113,0.5073815,0.5078924,0.5084116,0.50912553,0.5105333,0.51186055,0.51264703,0.51342416,0.51459664,0.5163391,0.5187373,0.5213991,0.52577573,0.53078604,0.5420284,0.55182636,0.5243539,0.5264658,0.5411164,0.55285144,0.54313314,0.5354723,0.53117293,0.5307987,0.521781,0.5170022,0.51927584,0.5167476,0.5111774,0.50727415,0.50725603,0.5077317,0.5083946,0.5095197,0.51088953,0.5121764,0.5134791,0.5145974,0.515596,0.51659817,0.5172444,0.5176328,0.51856786,0.5190258,0.51928145,0.5198262,0.51989526,0.5204297,0.52156806,0.522092,0.5224781,0.5227338,0.52267134,0.5224443,0.52190596,0.5220971,0.52277905,0.5170798,0.5199555,0.5277897,0.54908335,0.60255927,0.45159155,0.16704251,0.047357578,0.043262642,0.028781286,0.12788439,0.088450424,0.06410541,0.058912184,0.28447786,0.47204947,0.44216153,0.44571948,0.44621024,0.44792935,0.4519009,0.45766687,0.46673495,0.47081554,0.47265086,0.47632268,0.4798602,0.4823614,0.48715666,0.4868039,0.4867301,0.48937386,0.48989463,0.49101087,0.49241254,0.4934337,0.49178484,0.48477092,0.47499612,0.47103655,0.46647906,0.4582256,0.44756335,0.44482714,0.4617543,0.46851274,0.47034815,0.4734075,0.4716427,0.47016823,0.46815482,0.4630808,0.46091673,0.45733988,0.4515155,0.44680566,0.44509903,0.44209582,0.43592605,0.43453828,0.43036515,0.4167264,0.4080895,0.4288565,0.42921567,0.41407624,0.35000843,0.35401717,0.36006624,0.28542176,0.21264283,0.4179725
218,NF_073,0.0384615,0.903846,0.0576923,0.038171135,0.040976536,0.044612348,0.049048774,0.054129995,0.05960742,0.065226644,0.07099786,0.07699997,0.0831492,0.08935208,0.09549527,0.101682484,0.10770441,0.113291055,0.11855044,0.123607665,0.12813155,0.13226287,0.13630177,0.14016756,0.1437718,0.1473305,0.15132654,0.15527302,0.15886354,0.16208214,0.16496818,0.16922317,0.17686412,0.18682861,0.19545159,0.20260902,0.20859562,0.21373023,0.2185044,0.22310959,0.22755149,0.23176737,0.23595557,0.2400639,0.24409752,0.2481137,0.25182253,0.25541833,0.2588129,0.2621813,0.26550302,0.2688589,0.27212295,0.27530617,0.2782502,0.28099895,0.28312796,0.2858591,0.28807,0.29035774,0.29242808,0.29455227,0.29669517,0.29942536,0.30255315,0.30506492,0.30760396,0.31008688,0.31284076,0.31515464,0.3173522,0.3198004,0.32206243,0.32459286,0.3269322,0.3289391,0.33137578,0.3320273,0.33228865,0.33295977,0.33393112,0.3351513,0.33660936,0.3381922,0.34000063,0.3425894,0.34554538,0.3489714,0.35223943,0.3550076,0.3575743,0.360236,0.36271134,0.36514392,0.36687338,0.3676171,0.3680734,0.36752105,0.3623682,0.33931035,0.32503775,0.3192138,0.32836086,0.32765275,0.32536343,0.3132779,0.30577153,0.302018,0.30098277,0.30125672,0.3027753,0.3062135,0.31035304,0.3148025,0.32024723,0.3257263,0.33042744,0.33482626,0.33881286,0.34250492,0.34593672,0.34958947,0.353872,0.35893568,0.36456257,0.3697405,0.3740999,0.37747726,0.37923676,0.37962133,0.37915298,0.3783872,0.3768128,0.37503403,0.37349507,0.3715344,0.37154344,0.37290445,0.3725636,0.37198016,0.37128228,0.36877868,0.371007,0.37225434,0.3594488,0.41268808,0.3541245,0.27090073,0.11405546,0.12261192,0.22287376,0.16871783,0.23876405,0.2199131,0.20780969,0.1101411,0.21938026,0.25516668,0.25933883,0.2689546,0.27766296,0.2871218,0.29330295,0.3001066,0.30328098,0.3027403,0.29917294,0.29214978,0.28550723,0.27806613,0.27379316,0.27144742,0.27060974,0.27071258,0.2728495,0.27600136,0.27950767,0.2827122,0.28436184,0.2882795,0.2915748,0.29250553,0.2976005,0.29996124,0.29967788,0.30142424,0.29888207,0.2898906,0.27790508,0.26749936,0.2624368,0.2583653,0.2575332,0.2516762,0.24470444,0.24404085,0.23800567,0.23621248,0.23558185,0.24166693,0.2320445,0.22776501,0.23639461,0.22576319,0.22200702,0.22978641,0.22722282,0.18159032,0.13213068,0.14425942,0.17225336,0.15320463,0.110637076
229,NF_086,0.0705128,0.0512821,0.878205,0.08404767,0.087173566,0.09015243,0.09319027,0.09603809,0.09857322,0.10090177,0.10318577,0.10560718,0.1083261,0.11134844,0.114532344,0.1178623,0.12125003,0.124468856,0.12756641,0.1305381,0.13347086,0.13630214,0.13902578,0.14173815,0.14443672,0.14739786,0.15059702,0.1540641,0.1574366,0.1610512,0.16466923,0.16841407,0.17257823,0.17727754,0.18218777,0.18654972,0.19115959,0.19567978,0.1996847,0.20330794,0.20731637,0.21087867,0.21435364,0.2178925,0.22115965,0.22438082,0.22818616,0.23204999,0.23559183,0.2390908,0.2424784,0.24583527,0.24886234,0.251262,0.25401533,0.25723955,0.25819755,0.25912094,0.26247638,0.2667574,0.27155745,0.27518028,0.2790324,0.2823024,0.28558794,0.2884285,0.29116225,0.2938515,0.29676524,0.29924515,0.30127567,0.3033263,0.30507338,0.30643085,0.30737534,0.3063368,0.30730808,0.31037524,0.3133509,0.3174514,0.3202591,0.3222536,0.32419962,0.3261854,0.3282606,0.33019602,0.3322389,0.3342614,0.33600667,0.3376718,0.33918333,0.3406425,0.34137058,0.34188598,0.34203282,0.34179562,0.3414729,0.34113657,0.33858243,0.34608874,0.34284547,0.31988704,0.32250103,0.32350987,0.32441288,0.3271313,0.33155861,0.33414,0.33724493,0.3392728,0.340226,0.34381285,0.3473469,0.35066,0.35308257,0.35498738,0.35690412,0.3586481,0.36013094,0.3611293,0.36210012,0.36319295,0.36455265,0.36565548,0.3664996,0.36760074,0.36826485,0.3688667,0.36920387,0.36959127,0.37017384,0.37055883,0.37122726,0.3713833,0.3717111,0.37154382,0.3713785,0.3709966,0.37072846,0.3709953,0.36992383,0.36549205,0.3658611,0.36981302,0.35979304,0.41859052,0.48526257,0.1435666,0.002459296,4.18e-06,0.005676616,0.03393619,0.000883355,0.002162795,0.1396677,0.26454723,0.36554843,0.3291317,0.34527728,0.3385654,0.3420754,0.34406513,0.34909454,0.35554734,0.35852602,0.35893005,0.35901952,0.36023125,0.3592482,0.36103353,0.36130348,0.3616914,0.36196885,0.3622526,0.3614065,0.36334422,0.36417478,0.3612917,0.35547793,0.3522545,0.35065088,0.34744033,0.34266886,0.3378665,0.33841243,0.3474602,0.34980538,0.35176846,0.3541717,0.35092583,0.34915087,0.34739852,0.3473426,0.34444612,0.34046626,0.3404846,0.3395717,0.3310339,0.32899958,0.3290011,0.32426125,0.3219415,0.3270139,0.32873124,0.3108274,0.33291227,0.3207965,0.30640134,0.3179391,0.3304738,0.3468898,0.30765542,0.092479564
236,FSP_005,0.0,0.852564,0.147436,0.034540318,0.040009737,0.04664506,0.053745236,0.060690466,0.06726481,0.07338465,0.07929287,0.0851197,0.09107805,0.097187385,0.10336164,0.109624684,0.11592717,0.1222588,0.12863302,0.13511053,0.14145672,0.1477066,0.15397283,0.16024715,0.16655535,0.17299765,0.1795316,0.1856382,0.19151594,0.19739227,0.20302191,0.20994414,0.22014107,0.23141415,0.24114177,0.24984308,0.25770816,0.26482168,0.27172026,0.2788174,0.28534016,0.29136077,0.29755032,0.30360842,0.30943668,0.31525844,0.32059807,0.32562304,0.33043447,0.33521146,0.33979008,0.34430873,0.34868005,0.3530814,0.35695127,0.36057585,0.3627953,0.36571366,0.36811915,0.37069342,0.3731832,0.37514305,0.37793303,0.38102552,0.38484052,0.3883844,0.39189017,0.39522076,0.39851135,0.40137738,0.40441093,0.40747735,0.40996507,0.41284183,0.41510823,0.4174328,0.4181316,0.41664147,0.41438952,0.41278324,0.4129707,0.4139042,0.4149594,0.4161761,0.41837212,0.42141128,0.42487055,0.4285353,0.43216917,0.4353305,0.43826473,0.44038403,0.44237003,0.44406113,0.4445731,0.44371343,0.44134188,0.43732494,0.43088686,0.4122898,0.38700873,0.38903886,0.40068892,0.4123186,0.38632408,0.35655332,0.34138563,0.33650222,0.33246928,0.33129385,0.33279315,0.33581674,0.33982232,0.34407446,0.35006672,0.35594276,0.36109605,0.36536178,0.36942536,0.37320292,0.37675935,0.38050643,0.38503426,0.39069247,0.3970665,0.40252107,0.40732864,0.41064695,0.41280067,0.41286457,0.4115214,0.40962347,0.40709552,0.40456554,0.40206143,0.3985694,0.39726144,0.39758378,0.39669365,0.39443126,0.3931955,0.38983837,0.39115584,0.38773096,0.38477695,0.42847982,0.2842526,0.044694763,0.031044364,0.02873516,0.029114982,0.21798943,0.18233627,0.1605695,0.17517418,0.21430352,0.2595586,0.24811082,0.23704123,0.2605958,0.27372438,0.28122553,0.2886653,0.29941455,0.3082286,0.3053345,0.29987708,0.29318988,0.28569028,0.27960446,0.27268472,0.26821434,0.26596496,0.26580688,0.26837394,0.27083963,0.27481422,0.27824962,0.28167984,0.28437513,0.2890631,0.29246473,0.29407692,0.29734153,0.29884362,0.30033404,0.29708236,0.28540194,0.27346924,0.26349136,0.25505948,0.2502667,0.24885696,0.24382986,0.2382116,0.23483433,0.23710746,0.23621787,0.22541745,0.22829339,0.23139855,0.22810383,0.21862952,0.23411681,0.22505037,0.2102969,0.19914347,0.1694161,0.19537388,0.15035951,0.16143851,0.1512652,0.26971835
238,FSP_007,0.0,0.929487,0.0705128,0.029687634,0.034579057,0.04043112,0.046822004,0.05319228,0.05948433,0.06566959,0.071695834,0.077623755,0.083512574,0.0894072,0.095283225,0.101198405,0.107184894,0.11314715,0.11917653,0.12530406,0.1313432,0.13725303,0.14318697,0.14909014,0.15495045,0.16101345,0.16731775,0.17328116,0.17908362,0.18464835,0.19011703,0.19677246,0.20609021,0.2163855,0.22557802,0.2341266,0.24153252,0.24808875,0.25455734,0.26164532,0.26770383,0.27338207,0.27940327,0.28526044,0.29094207,0.2968497,0.30199313,0.30676603,0.31141543,0.31613353,0.3207107,0.32527584,0.32975534,0.33455297,0.33871165,0.3425817,0.34503412,0.3494457,0.35201493,0.35526192,0.35801017,0.36008158,0.3625767,0.36552793,0.36935833,0.37335554,0.37704083,0.38066995,0.38422945,0.38785404,0.39144263,0.39508656,0.39832506,0.4017742,0.40515557,0.40931055,0.4103914,0.4099451,0.408902,0.40772417,0.40808946,0.4095438,0.41096058,0.41271466,0.41516295,0.41859177,0.4227806,0.42699873,0.43105018,0.43502814,0.43863678,0.4416419,0.44472829,0.4475156,0.44916505,0.4494645,0.44814044,0.44534585,0.4388625,0.41756025,0.402119,0.40273568,0.3988373,0.3801123,0.37489823,0.35694224,0.34266883,0.33367023,0.32888186,0.32788324,0.33018982,0.3329775,0.33732834,0.34276092,0.34931457,0.3560531,0.361931,0.3666802,0.37123486,0.3754854,0.37952635,0.3839723,0.3892584,0.39595845,0.4031664,0.40972653,0.41548166,0.41944677,0.42160323,0.42144048,0.41964883,0.4169832,0.41346192,0.4103517,0.40737197,0.4035722,0.40258273,0.4037493,0.4028315,0.40058348,0.39931023,0.3965544,0.39735404,0.40415603,0.40072712,0.5054874,0.3767241,0.12716466,0.13675418,0.009619213,0.115918316,0.3152897,0.124461435,0.11027702,0.08118071,0.31128702,0.4110497,0.2303982,0.23368795,0.25348172,0.26684213,0.27710515,0.28738728,0.30015656,0.3038009,0.299338,0.29399705,0.28738913,0.27824596,0.27046385,0.26315182,0.25940123,0.257136,0.2568142,0.25828815,0.2606117,0.26466265,0.26900008,0.2733605,0.27785945,0.2826765,0.28669822,0.29051206,0.2932662,0.294806,0.29656944,0.29084232,0.27719924,0.2640878,0.252124,0.24344824,0.23958999,0.24021454,0.23266838,0.23039153,0.2261423,0.22032702,0.21713679,0.21483529,0.21201764,0.2150322,0.21547584,0.2206015,0.21581241,0.20995466,0.1973186,0.18630558,0.17284824,0.13330129,0.13753265,0.12403656,0.19484462,0.13847473
259,FSP_028,0.820513,0.0,0.179487,0.023903482,0.025862878,0.028065724,0.030354679,0.03262504,0.034557037,0.035754852,0.036574446,0.037671015,0.03951561,0.04276133,0.04922943,0.062439248,0.07970619,0.091816895,0.098629795,0.09924597,0.09262682,0.08530008,0.08187001,0.0806768,0.07832197,0.07526172,0.07480162,0.07365649,0.07118272,0.069386624,0.06863575,0.070945635,0.08308773,0.12294059,0.18773021,0.26708353,0.3455003,0.40194318,0.4336635,0.45065868,0.4552831,0.45707336,0.45955002,0.46176684,0.46369374,0.4657995,0.46693036,0.46807373,0.46944642,0.47103578,0.47240582,0.47363156,0.47486296,0.47638315,0.47758052,0.47778895,0.477718,0.4763944,0.47065735,0.46315095,0.45974565,0.45945278,0.46117237,0.46439347,0.46893084,0.47338095,0.477758,0.4814649,0.48477533,0.48678988,0.48785135,0.48776957,0.48730883,0.4872054,0.486834,0.48837942,0.48457024,0.47013614,0.45326465,0.4418874,0.43746907,0.4356653,0.43439674,0.43440554,0.43592817,0.4381416,0.44037572,0.4426157,0.4448693,0.44687605,0.44754928,0.44562128,0.44209567,0.43662265,0.42906803,0.41933444,0.4086112,0.3971446,0.39264774,0.39961645,0.38750783,0.36714157,0.36119485,0.34821472,0.28630322,0.2233291,0.20022002,0.19322014,0.18509369,0.1821632,0.18702938,0.1926241,0.1990711,0.20637524,0.21584795,0.22581215,0.23597243,0.24614048,0.25558478,0.2647111,0.27338362,0.2813142,0.2882858,0.2948824,0.30060995,0.3053383,0.30959803,0.31332287,0.3163908,0.31808934,0.31876293,0.31788436,0.31605566,0.31415412,0.31173977,0.30841848,0.30449754,0.2998266,0.29409987,0.28848362,0.28311762,0.2737641,0.27059588,0.27328804,0.27808648,0.48018134,0.3539642,0.09219584,0.162306,0.05808489,0.02171376,0.06599633,0.07921587,0.11291242,0.1343252,0.10068093,0.029154528,0.081866205,0.09475956,0.10293154,0.11087905,0.11451962,0.11802592,0.12044284,0.12705703,0.13397163,0.13604663,0.13852443,0.14284883,0.14903109,0.15335225,0.15758008,0.1606655,0.16578518,0.17031805,0.17406301,0.17782767,0.1810292,0.1833731,0.18452668,0.18459928,0.18588652,0.1865239,0.18585818,0.18736258,0.19021487,0.19173683,0.19069499,0.18661167,0.18195778,0.1781393,0.17451644,0.1691091,0.16462196,0.16127308,0.15632398,0.15267214,0.15032552,0.1437007,0.14058204,0.14048009,0.12466914,0.11624776,0.1125582,0.10575283,0.08933084,0.098405086,0.070918895,0.05569503,0.06289121,0.08430957,0.082705475,0.1070926
269,FSP_039,0.0512821,0.0128205,0.935897,0.04821799,0.052196648,0.056803945,0.06277785,0.069418214,0.07460292,0.077406086,0.079471305,0.08256025,0.087585784,0.094318464,0.10174053,0.109573424,0.11779041,0.12608328,0.1343466,0.14219262,0.14913376,0.15480755,0.1595516,0.16324583,0.16622359,0.16919817,0.17227952,0.17490101,0.17777373,0.18051234,0.18334447,0.1868555,0.19207038,0.19818501,0.20496723,0.21333039,0.22064309,0.2256958,0.23016608,0.23589134,0.23823507,0.23977,0.24248007,0.24487467,0.2472323,0.25003868,0.2512452,0.25197062,0.2529536,0.2543827,0.2557657,0.2572343,0.25909594,0.26220956,0.2642761,0.26574647,0.268258,0.27326816,0.27367875,0.2738733,0.27348664,0.27380946,0.27442446,0.27331007,0.27250645,0.27437773,0.27598858,0.27767113,0.27957794,0.2815233,0.28322807,0.28477922,0.2866001,0.2890368,0.2918418,0.29712087,0.30047277,0.2994477,0.29842678,0.29641575,0.2958569,0.29664397,0.2978536,0.2988622,0.29989186,0.30098912,0.30178693,0.30276358,0.30415732,0.30596545,0.307205,0.30708748,0.307322,0.30810472,0.308885,0.30941033,0.31022608,0.3104687,0.3102939,0.31083053,0.31057572,0.295984,0.31926358,0.3092589,0.3131216,0.30527738,0.30266824,0.30231628,0.300136,0.2982015,0.29911208,0.2999043,0.29926822,0.29889932,0.29968518,0.3006887,0.30193576,0.30281076,0.30372033,0.30486006,0.30623677,0.3074797,0.3082515,0.30936694,0.31012946,0.31042185,0.3110697,0.31151828,0.3122,0.31236345,0.31249884,0.3125941,0.31269586,0.31260452,0.3129701,0.3127146,0.31258088,0.31206682,0.31154034,0.31148005,0.31045517,0.30285314,0.30757946,0.311384,0.3024825,0.35686162,0.3766382,0.10504778,0.16464576,0.049732957,0.32077768,0.27681646,0.10778109,0.15734819,0.06939231,0.23931189,0.36636123,0.3155563,0.28116336,0.28591052,0.2839817,0.2835866,0.28540546,0.29267922,0.30032787,0.29796255,0.29361734,0.2932484,0.29483694,0.29696748,0.2972393,0.29607478,0.29412904,0.29537544,0.2953888,0.2959197,0.29637846,0.29701468,0.29419333,0.2912149,0.2875443,0.284732,0.28008005,0.27707347,0.27685577,0.28425545,0.28816387,0.2881117,0.2877942,0.2886102,0.28865856,0.28642812,0.28487885,0.28080797,0.2776781,0.277689,0.2748165,0.2756855,0.26852423,0.26898864,0.26648405,0.2636549,0.2603928,0.2617728,0.27733502,0.27829343,0.2628846,0.2679909,0.2674484,0.25647292,0.30609524,0.2933505,0.26397344
276,FSP_046,0.608974,0.0,0.391026,0.024065575,0.026221184,0.028623657,0.031209286,0.03375508,0.036013234,0.03732987,0.038112745,0.03924514,0.041156635,0.0446754,0.05145754,0.06462909,0.08133055,0.09311592,0.10000646,0.10115574,0.095529094,0.08899709,0.08576051,0.08462803,0.08238702,0.07949999,0.0791191,0.07747606,0.07479571,0.072651975,0.071468845,0.07354526,0.085878775,0.12464531,0.18523319,0.25682548,0.32515708,0.3727083,0.39912662,0.41410887,0.4182361,0.41961893,0.4222094,0.42455196,0.42661276,0.42857438,0.42995754,0.4313536,0.43281105,0.4344666,0.4358907,0.43729207,0.43885672,0.43998188,0.4413652,0.44201487,0.44180945,0.4390072,0.4352487,0.43026757,0.42930987,0.43023106,0.43288398,0.43845546,0.44499314,0.44944483,0.45334697,0.45700765,0.46024334,0.4617048,0.4620296,0.46159652,0.4607749,0.46017638,0.45895806,0.45926216,0.45829514,0.44576454,0.4309884,0.421853,0.41780108,0.41591358,0.41486692,0.41505963,0.4167248,0.41874892,0.42100164,0.42295897,0.4248764,0.42693868,0.4277533,0.42532647,0.42166322,0.4160675,0.40818623,0.39855787,0.38743997,0.37645948,0.3717808,0.3620741,0.3542836,0.337498,0.3244038,0.32348558,0.2516013,0.205537,0.182598,0.17574531,0.16898994,0.16663922,0.17127195,0.177509,0.18446343,0.19222334,0.20162532,0.2116642,0.22178619,0.23150901,0.24094996,0.25008383,0.25877127,0.2666421,0.27318507,0.2797203,0.28540042,0.2899249,0.2939989,0.2978114,0.30082285,0.3025194,0.30322877,0.3024519,0.3007407,0.29847074,0.2959829,0.2927353,0.28871712,0.2839083,0.2781666,0.27200893,0.26619157,0.25509408,0.25398132,0.25574532,0.25237128,0.37299874,0.36336374,0.13279273,0.4943399,0.039580923,0.07966036,0.24959078,0.037964188,0.000308465,0.123098165,0.538359,0.16890965,0.08201804,0.071494885,0.08627255,0.09591613,0.10209483,0.10679181,0.11661367,0.12578906,0.1242428,0.12585409,0.13096653,0.1350362,0.14049372,0.14397395,0.14638688,0.1509377,0.155541,0.16020125,0.16344924,0.16793337,0.17015162,0.1719354,0.17310359,0.1749707,0.17605612,0.17491798,0.17510918,0.17556518,0.17935514,0.17971398,0.17731567,0.17474353,0.1701141,0.16558866,0.16200231,0.16029158,0.15620278,0.14980109,0.14758986,0.1439223,0.13701844,0.12771082,0.12294669,0.12942672,0.1218729,0.116351716,0.09922845,0.11056038,0.10899436,0.07368312,0.070647456,0.05105484,0.07314421,0.03788251,0.008775459,0.008978726
284,FSP_054,0.294872,0.0576923,0.647436,0.047683682,0.051489428,0.056000873,0.061463,0.06711047,0.071504034,0.073984414,0.07579751,0.07844328,0.082824886,0.08925515,0.097900115,0.10967952,0.12326037,0.13541809,0.1458935,0.1538674,0.15793568,0.159879,0.16218773,0.16464205,0.1652435,0.16523816,0.1667118,0.16725552,0.16590768,0.16391668,0.16146211,0.16461588,0.1812063,0.2096828,0.23866698,0.26658928,0.29033297,0.3055842,0.314722,0.32294497,0.32624596,0.32766807,0.33058164,0.33338267,0.33556768,0.3387246,0.34074515,0.34238288,0.34394765,0.34598482,0.34791315,0.34983477,0.35160637,0.3545513,0.35683882,0.3588623,0.35879925,0.3642583,0.364774,0.36552155,0.3658607,0.3671666,0.36913297,0.36686814,0.36422512,0.36686456,0.36943948,0.37194467,0.3744563,0.37671164,0.37916002,0.3813142,0.3833443,0.38521892,0.38708666,0.39081606,0.39169064,0.38882676,0.38696796,0.38513225,0.3849423,0.385927,0.38719007,0.38847914,0.3902891,0.392254,0.3938755,0.3955529,0.39762184,0.40017578,0.4017669,0.40107664,0.4006121,0.4005252,0.40003738,0.3982701,0.39592555,0.39183527,0.38799286,0.37609726,0.36018303,0.36399925,0.3908415,0.37265947,0.33907527,0.3202844,0.31184703,0.3098835,0.30761802,0.30656847,0.31034258,0.31451476,0.31840822,0.32250997,0.3280141,0.33387655,0.33914387,0.34425357,0.34906992,0.35360083,0.35781193,0.3617886,0.36496997,0.3682805,0.3709801,0.37281388,0.37520748,0.3769641,0.3783553,0.37903786,0.37962028,0.3794232,0.3791171,0.3785783,0.37781873,0.3765557,0.3749097,0.3726933,0.37065974,0.36833987,0.3648731,0.35024178,0.34823528,0.3521289,0.33278573,0.31067413,0.17727636,0.113005295,0.1939075,0.05053252,0.102540806,0.21383943,0.29383567,0.15989853,0.07175401,0.15727998,0.18150565,0.20336078,0.22672947,0.23728883,0.2409157,0.24372758,0.2497019,0.2598903,0.27335745,0.27687907,0.2758531,0.2766934,0.28122684,0.28812212,0.29096225,0.2927847,0.2950924,0.2984504,0.30125028,0.30459014,0.30731204,0.30788738,0.30735078,0.30655688,0.30483145,0.30330482,0.30256656,0.299903,0.30071875,0.30824476,0.3103102,0.30836862,0.30546257,0.30180234,0.2982154,0.29635936,0.2919336,0.28635603,0.2807663,0.27695638,0.2737777,0.26941097,0.26107347,0.25856096,0.25337097,0.2414051,0.2318355,0.24593091,0.24166568,0.2248302,0.20831357,0.23624048,0.21131279,0.15996416,0.08693445,0.053766955,0.08624806
288,FSP_058,0.141026,0.025641,0.833333,0.041838977,0.044679753,0.048116826,0.052417498,0.057000916,0.06079583,0.0628168,0.0641573,0.06620168,0.06986872,0.07566263,0.083664574,0.09439992,0.10681676,0.11848865,0.12919046,0.13794091,0.14307892,0.14575484,0.1482192,0.15034965,0.15040086,0.14985181,0.15060596,0.15059336,0.14854056,0.1451613,0.1407603,0.1435128,0.16276093,0.19363578,0.22282496,0.25022057,0.27290866,0.28704473,0.2955892,0.3038583,0.30654302,0.30748767,0.31016597,0.3126235,0.314609,0.31753227,0.3188921,0.31971282,0.3206487,0.3221552,0.32361087,0.32526284,0.3270271,0.33027622,0.3325572,0.33438966,0.33504346,0.34127247,0.34123746,0.34124056,0.34055606,0.341486,0.34280622,0.33974767,0.33619627,0.33891758,0.3414931,0.34374288,0.34616488,0.34866783,0.3510597,0.3534096,0.35538942,0.35757902,0.35964653,0.36411685,0.3653472,0.36256742,0.35975972,0.35700127,0.35641587,0.35736895,0.35839307,0.35964915,0.3610137,0.36269218,0.36420408,0.3658781,0.36760062,0.36988953,0.37149802,0.37073925,0.37015614,0.36990562,0.36942214,0.36770946,0.36510885,0.36161163,0.35643992,0.33767518,0.33426777,0.3337565,0.33311784,0.33243614,0.3016381,0.28609344,0.27986056,0.2775893,0.2734246,0.27276698,0.27717933,0.28080386,0.2841242,0.28810835,0.29335117,0.29894853,0.30421004,0.30930448,0.31411317,0.31866753,0.32277665,0.3267281,0.32976094,0.33298284,0.3356076,0.33742645,0.33951038,0.34105465,0.34222746,0.34280896,0.34309736,0.34296975,0.3426366,0.34191293,0.34094927,0.3392502,0.33770788,0.3358909,0.3333698,0.33091685,0.32764104,0.31381348,0.31362072,0.31925893,0.3107883,0.32633954,0.15098727,0.07779687,0.17970291,0.023748958,0.16287833,0.2252319,0.12166998,0.0091925,0.09125035,0.34335223,0.19854303,0.1708585,0.1923549,0.19273226,0.20099773,0.204291,0.20968036,0.2200531,0.23261459,0.23467201,0.23456457,0.23770165,0.24107672,0.2458119,0.25048548,0.25415415,0.25656283,0.25938088,0.26189312,0.26577714,0.26877594,0.26944405,0.26803946,0.26776674,0.26776287,0.26595294,0.26324823,0.26148054,0.26166275,0.26796275,0.2702223,0.268827,0.2679754,0.26359954,0.2609092,0.25741392,0.25472364,0.24782181,0.24517503,0.2406898,0.23631302,0.23444721,0.23465423,0.22926834,0.23111741,0.22184063,0.21259353,0.2045337,0.21046178,0.20709498,0.18509103,0.17000754,0.17065501,0.16035649,0.15564919,0.24729227,0.33986482
293,FSP_066,0.871795,0.0192308,0.108974,0.012693117,0.013624289,0.014966385,0.016129658,0.017029805,0.017885212,0.018498028,0.018841863,0.019157365,0.019662242,0.02124006,0.025835061,0.036626708,0.05085534,0.059975144,0.06412206,0.06256731,0.054375473,0.045885053,0.041376486,0.039177705,0.036141455,0.032916356,0.03155612,0.029492542,0.026344711,0.023912197,0.022403417,0.023865303,0.034671467,0.07346076,0.1407519,0.22876233,0.32200548,0.39394274,0.4363087,0.45855194,0.46621403,0.4706898,0.47487882,0.47865325,0.4820139,0.4854863,0.4876982,0.4898631,0.4923582,0.4948454,0.49711895,0.49920145,0.5009886,0.5030555,0.50432473,0.50442183,0.501865,0.4983781,0.48954275,0.4786943,0.473953,0.4737351,0.47611377,0.4815937,0.4891103,0.49537238,0.5021246,0.5075812,0.5121619,0.5156095,0.5177156,0.518401,0.51755,0.51555634,0.5136062,0.510509,0.4978565,0.47628608,0.45158628,0.43708065,0.43220633,0.429816,0.42787158,0.42806152,0.4302676,0.43343043,0.43695462,0.44033664,0.44354603,0.44542792,0.44566453,0.4438623,0.43962377,0.4324274,0.42155996,0.4066838,0.38924417,0.37310883,0.36815548,0.3623811,0.36987585,0.35002828,0.36899492,0.31948254,0.23160355,0.15503988,0.12875208,0.11865987,0.1086925,0.10616368,0.111626945,0.118253835,0.12553991,0.13429005,0.14499311,0.15654102,0.16820778,0.17983246,0.1911586,0.2016395,0.21132755,0.22069201,0.22892494,0.23661138,0.24359135,0.24969932,0.25508565,0.2594606,0.26267833,0.2648588,0.26533553,0.26416728,0.2616183,0.25829047,0.25462252,0.25063714,0.24568337,0.24009128,0.23361938,0.22692776,0.22123757,0.21615516,0.21321274,0.21381041,0.2295018,0.25057513,0.29518232,0.10275083,0.03562601,0.06885195,0.32174078,0.29260916,0.3500723,0.33834445,0.31228396,0.25623676,0.11254626,0.05171162,0.047021188,0.03692799,0.03245019,0.03591576,0.04008413,0.04298829,0.048173036,0.053336274,0.057387482,0.06211414,0.06530237,0.06908502,0.07446825,0.080087334,0.085000135,0.090934105,0.09404732,0.09831472,0.10333329,0.10666123,0.10857372,0.110325865,0.112036966,0.116486505,0.11884381,0.12154946,0.122126654,0.12263786,0.12147321,0.11926446,0.11538458,0.11062461,0.10586362,0.10060344,0.09559412,0.09324856,0.090234086,0.08570284,0.08239069,0.07900182,0.069066286,0.06252148,0.071677834,0.07663664,0.063842855,0.048322733,0.03914574,0.045148578,0.028477259,0.015441557,0.05411917,0.04683121,0.055424362,0.06545199,0.18233387
297,FSP_070,0.935897,0.0128205,0.0512821,0.01631024,0.017359896,0.019122336,0.021068621,0.022907156,0.02492807,0.026530592,0.027336873,0.027945418,0.02870176,0.031206334,0.038477875,0.05484343,0.07631072,0.09066464,0.09736971,0.095322266,0.08381148,0.071273774,0.06461122,0.061480235,0.056443118,0.050662134,0.04845491,0.045684084,0.040154397,0.034401372,0.030152151,0.031183925,0.046151295,0.09562968,0.17702858,0.28393143,0.39920366,0.4883489,0.5396361,0.56435984,0.57283014,0.57681286,0.5801531,0.583094,0.5854579,0.58766246,0.5888292,0.590338,0.59239167,0.59435153,0.5959629,0.59724027,0.5979635,0.5985158,0.5985619,0.5969975,0.5913916,0.58272433,0.5676074,0.54958135,0.54207337,0.5414623,0.54519516,0.5585797,0.57581913,0.58543503,0.5949716,0.60313714,0.6092943,0.6132658,0.6149879,0.6144538,0.6115816,0.60740536,0.60312134,0.5968248,0.5772847,0.54432255,0.5072309,0.48665786,0.4798217,0.4764169,0.4738519,0.47397017,0.47665852,0.48092684,0.48545873,0.4897535,0.4936791,0.49625167,0.49613386,0.49326193,0.48679826,0.47558352,0.45921344,0.43819052,0.41488364,0.3933021,0.38316447,0.383801,0.40604517,0.39795336,0.38228816,0.32340938,0.22580796,0.14282247,0.1104739,0.09920575,0.0907424,0.088736765,0.09383931,0.100216165,0.10791268,0.11683043,0.12793095,0.14009905,0.15261585,0.16517566,0.1774853,0.18927105,0.20030287,0.21061787,0.21992345,0.22863166,0.23645404,0.24372292,0.24981444,0.25466737,0.2587441,0.26113698,0.26229706,0.26177245,0.259187,0.25531575,0.25105983,0.2461274,0.23977302,0.23294292,0.22494785,0.21657753,0.20946366,0.19999333,0.19952983,0.19938819,0.20316328,0.21697035,0.3252021,0.11238793,0.053032156,0.03663302,0.26000482,0.24554771,0.20823011,0.31300563,0.30351257,0.19523135,0.104957774,0.032201927,0.030876998,0.024016164,0.027071623,0.028437711,0.03162605,0.03613907,0.04211309,0.044049136,0.046054922,0.048477784,0.052317895,0.056437317,0.060650367,0.065354496,0.07057876,0.07406756,0.078840405,0.08370541,0.08775847,0.09090841,0.093835935,0.09751481,0.09973788,0.1010571,0.103848726,0.10658877,0.10693402,0.10725422,0.10583836,0.102363825,0.09832804,0.09534685,0.09244552,0.08552311,0.0828689,0.082056716,0.07694994,0.072226144,0.06726323,0.06112809,0.05740472,0.056879085,0.058010343,0.053963803,0.04772444,0.0388792,0.03979328,0.03587166,0.05294499,0.05129043,0.034117393,0.04190365,0.041351236,0.038908225,0.20626841
300,FSP_073,0.884615,0.025641,0.0897436,0.01869911,0.019738099,0.021376813,0.02315857,0.024730587,0.02647272,0.027820397,0.02845191,0.02892961,0.029488632,0.031570755,0.03785695,0.052679125,0.0727857,0.08627904,0.09242406,0.09004807,0.07838998,0.06612709,0.059668485,0.056539603,0.05179614,0.046823595,0.04473185,0.04228615,0.03778588,0.033121254,0.029815393,0.031002166,0.043892164,0.08905798,0.16923158,0.28110915,0.4061189,0.5044479,0.56151307,0.58962417,0.59801376,0.6013908,0.6043319,0.6068991,0.60877675,0.6113026,0.6121254,0.61307496,0.61459935,0.6163057,0.61774045,0.6188756,0.61946654,0.6208484,0.6211886,0.619922,0.6146965,0.6100388,0.59578234,0.5794037,0.5715815,0.5703461,0.5729305,0.57321995,0.57487804,0.58278686,0.5907853,0.59794277,0.6035457,0.6076748,0.61010706,0.6104929,0.6091698,0.6065245,0.60455203,0.6017826,0.5829262,0.55320793,0.5195331,0.4999873,0.49416772,0.4919287,0.48996675,0.4906634,0.49327487,0.49737397,0.50166106,0.50608176,0.5104208,0.5133345,0.5134507,0.5112388,0.50597715,0.49670023,0.48267305,0.46350446,0.4415119,0.42122936,0.41548932,0.41854885,0.43418887,0.40616706,0.40327764,0.34713194,0.25323027,0.1598686,0.12576553,0.11495106,0.10431644,0.10220377,0.107908234,0.11564179,0.123775564,0.1336744,0.14594364,0.15912476,0.17263414,0.18631017,0.19965018,0.21215868,0.22415258,0.23541377,0.24540584,0.25447214,0.26276472,0.26990855,0.27601886,0.28144103,0.28523898,0.28793943,0.28907177,0.28802526,0.28507477,0.2810304,0.27678972,0.2719405,0.26570162,0.25854257,0.2503639,0.24161734,0.23436381,0.22588837,0.22396034,0.22496624,0.23830847,0.21457842,0.3417847,0.08822538,0.062028274,0.1845425,0.066126734,0.1537573,0.19285077,0.22872637,0.28526562,0.24825391,0.053802628,0.038674396,0.025867924,0.029088503,0.030760797,0.03273898,0.036752485,0.04061735,0.043869182,0.047897253,0.051889934,0.05604989,0.06049174,0.0665436,0.07114045,0.075780705,0.08025031,0.08492192,0.089953475,0.09526348,0.100106515,0.10350364,0.1056357,0.10955707,0.11231922,0.11487055,0.117959775,0.11981292,0.120513506,0.121507056,0.12246185,0.11799054,0.11414876,0.11010476,0.105595976,0.099062175,0.09631109,0.09141199,0.08511508,0.08276549,0.07749963,0.076080084,0.07045348,0.06451322,0.060145978,0.0582697,0.049165715,0.044755895,0.037602544,0.038436815,0.030698555,0.020727787,0.01425419,0.015069081,0.018859701,0.09345374,0.08629532
307,FSP_081,0.0192308,0.897436,0.0833333,0.04100984,0.043758366,0.04660544,0.04976564,0.05298998,0.05587118,0.05832456,0.060616966,0.06309031,0.06596196,0.06933705,0.07315466,0.07739005,0.08183715,0.08606255,0.09023736,0.09421549,0.0976032,0.10050063,0.103480004,0.10615169,0.108529106,0.11091618,0.113642946,0.116311185,0.118500546,0.120399,0.12214457,0.1254938,0.13291971,0.14358905,0.15336448,0.16229121,0.16930987,0.17438704,0.17902912,0.18391553,0.18752235,0.19103551,0.19494097,0.19865036,0.20267476,0.20663854,0.2094755,0.21193618,0.2144871,0.21715057,0.21991785,0.22312607,0.22689793,0.2313434,0.23482367,0.23754053,0.24164905,0.24522777,0.24747376,0.24871346,0.24926175,0.25083995,0.25206706,0.25492018,0.25847077,0.26088494,0.2635827,0.26619264,0.26869664,0.2711923,0.2736952,0.27636012,0.27943182,0.28334272,0.28747043,0.29404816,0.2989895,0.29954836,0.29970327,0.29840174,0.2977769,0.2989552,0.30048797,0.30238748,0.30448705,0.30665404,0.3087657,0.3110134,0.3133981,0.31595966,0.3187554,0.32083613,0.32293218,0.32525015,0.3278936,0.3304619,0.33310938,0.33520865,0.3323471,0.31315756,0.31902465,0.3138776,0.32755482,0.32288167,0.31454968,0.31725606,0.31103453,0.3073283,0.306115,0.30551985,0.3084297,0.3103863,0.31139517,0.31312025,0.3165036,0.3200094,0.32339013,0.32652384,0.32984388,0.33286366,0.33567348,0.33846346,0.3415643,0.3451756,0.34877405,0.3517399,0.35442078,0.35702303,0.35868347,0.35950172,0.35920444,0.3583082,0.357172,0.356414,0.35551077,0.3537251,0.35307506,0.3547625,0.3561339,0.35717037,0.35862073,0.36031848,0.36537015,0.36941364,0.4042551,0.5567971,0.20817496,0.00108738,3.97e-08,0.0,0.0,0.0,0.0,3e-10,3.09e-05,0.016047968,0.13363764,0.26373217,0.2773894,0.27952427,0.2835825,0.28670684,0.291765,0.29727802,0.30218554,0.3033425,0.3002679,0.2946266,0.29027656,0.28738388,0.28626987,0.2850736,0.2850198,0.28458294,0.28561196,0.28810728,0.29017526,0.29037902,0.29117012,0.29123154,0.29137298,0.29226694,0.293775,0.29499537,0.29681885,0.29940587,0.2984702,0.29302773,0.28406468,0.2746314,0.2693178,0.2652959,0.2629903,0.26106423,0.25436026,0.2518763,0.25333652,0.25040773,0.2488666,0.2496369,0.2543273,0.25395763,0.24834697,0.24519026,0.2397886,0.25447556,0.24661912,0.25254756,0.24990366,0.2519438,0.15083352,0.12117527,0.098937124
342,FSP_116,0.423077,0.0641026,0.512821,0.02944776,0.031765264,0.034555566,0.03792421,0.041413266,0.044254925,0.04597188,0.047231253,0.048918154,0.051570226,0.05582691,0.06261684,0.073558815,0.08680695,0.09735466,0.1053446,0.10967778,0.10918594,0.10709686,0.10667485,0.10696989,0.1059876,0.10450138,0.104744755,0.10390994,0.10155033,0.09911873,0.096727185,0.09908171,0.114660084,0.15145841,0.20027007,0.2545434,0.3053793,0.34128648,0.36241055,0.37628505,0.38145217,0.3841571,0.38780847,0.39120382,0.39397374,0.3973129,0.3997895,0.40206444,0.4041497,0.40650243,0.4088088,0.41127223,0.41344002,0.415974,0.41808328,0.42006397,0.41912857,0.42077038,0.41924658,0.41733733,0.41712508,0.4189038,0.4220903,0.42278218,0.42292336,0.42688724,0.43117204,0.4349269,0.43814686,0.4408344,0.44311717,0.44469014,0.44564813,0.44653457,0.44680813,0.44753522,0.4460219,0.43759432,0.4280636,0.42177305,0.419681,0.41917968,0.41912034,0.42022964,0.42226246,0.42493924,0.4275289,0.43010294,0.43231636,0.43457282,0.43606117,0.43488,0.43255663,0.42882234,0.42365202,0.4167582,0.40835255,0.399809,0.39606223,0.40013435,0.41041353,0.398441,0.39254707,0.36008394,0.32197928,0.27027512,0.24865668,0.24296655,0.2384322,0.23695323,0.241104,0.24544193,0.25014558,0.25640032,0.26388755,0.27190903,0.28005806,0.28803918,0.29569963,0.30304202,0.31006154,0.31637266,0.32180285,0.32747483,0.3323438,0.3363314,0.33986676,0.3432126,0.34567958,0.3469427,0.3474388,0.346882,0.34538448,0.34337658,0.34130886,0.33857554,0.33552846,0.33206925,0.32819226,0.3247425,0.32064825,0.30823156,0.30821002,0.31388876,0.33212203,0.3623206,0.23096582,0.004750867,1.23e-06,0.0,0.0,0.0,0.0,3e-10,4.11e-05,0.026495056,0.14744455,0.15049699,0.15216622,0.16800818,0.17429456,0.1758854,0.17983606,0.18633457,0.19470409,0.19895336,0.20038188,0.20275779,0.20647848,0.21075912,0.21529432,0.21696678,0.22027831,0.2227351,0.2263764,0.23037189,0.23316719,0.23493348,0.2362306,0.23655449,0.23594509,0.23630051,0.2356865,0.23471756,0.23602277,0.24073222,0.24208555,0.24129862,0.23774102,0.23356405,0.22990763,0.22681215,0.22220543,0.21697824,0.21331096,0.21288677,0.2078297,0.20621137,0.2040136,0.20093913,0.19433403,0.18881153,0.18471064,0.17854896,0.15765183,0.16850726,0.16015112,0.14823507,0.122859076,0.13691671,0.12424099,0.06953377,0.103025086
344,FSP_118,0.519231,0.0448718,0.435897,0.027251106,0.029439118,0.03198211,0.034875773,0.037804615,0.040454824,0.04213688,0.043166112,0.04450903,0.04660271,0.050389078,0.057031278,0.06859478,0.08275824,0.09346837,0.100943774,0.10408795,0.10163944,0.09779464,0.09598555,0.09555047,0.093847595,0.09155885,0.0914774,0.089822695,0.08685776,0.08391468,0.081257366,0.08334511,0.0991345,0.13962924,0.19550912,0.2576549,0.31629208,0.3582866,0.38260815,0.39723644,0.40337202,0.40653378,0.41013342,0.41364986,0.41618627,0.41908932,0.42227036,0.42558745,0.42837417,0.43117845,0.43379983,0.43633866,0.438098,0.43909675,0.4407822,0.44270557,0.4396301,0.43875927,0.4369288,0.43535247,0.4368022,0.43960875,0.44418725,0.4458902,0.44686,0.451594,0.45619076,0.4603828,0.4638999,0.46678373,0.46892554,0.4700716,0.47040123,0.46965823,0.4679965,0.4651587,0.45961547,0.4491781,0.4380092,0.43251088,0.43166974,0.4316423,0.43177179,0.43303686,0.43550333,0.43887424,0.44229487,0.44565204,0.44822803,0.45032197,0.4515611,0.4501798,0.4472928,0.4425244,0.43575898,0.42649192,0.4145337,0.40276593,0.39545646,0.4076544,0.40450582,0.37529886,0.38387808,0.36206436,0.29668245,0.23812856,0.21993044,0.21305199,0.20750697,0.2056052,0.2104531,0.21665081,0.22337158,0.2311045,0.24044898,0.24992643,0.25969306,0.26903737,0.27820343,0.28680745,0.2948846,0.30238122,0.30891123,0.31524387,0.3209107,0.32542676,0.32953754,0.33327526,0.33613962,0.33768335,0.3378745,0.3370001,0.3349681,0.33251417,0.32974452,0.32619563,0.32203272,0.3179154,0.31276,0.30711594,0.3019596,0.29699594,0.29864174,0.307494,0.3380033,0.4650031,0.10769374,0.000261354,3.39e-05,0.034768205,0.16653675,0.003822142,4.09e-07,3e-10,3.92e-05,0.025386749,0.20619199,0.16654073,0.14014602,0.13531043,0.1363485,0.14302832,0.14759254,0.15652134,0.16633098,0.1675659,0.16888586,0.17341308,0.1784621,0.18257555,0.18586433,0.18993898,0.19389881,0.19780324,0.20195952,0.2061199,0.20844948,0.21204068,0.21229,0.21320452,0.21448202,0.21473669,0.21453004,0.21507427,0.21657586,0.2195061,0.221028,0.21808861,0.21499458,0.20986107,0.20598489,0.2013475,0.19760504,0.1941581,0.18852279,0.18715462,0.18562505,0.17938043,0.17541689,0.16902316,0.17024483,0.16108087,0.15935455,0.15805912,0.15162729,0.15182558,0.15705164,0.14353485,0.13009718,0.13710685,0.20185411,0.22172487,0.004429293
345,COP_20151212_2-0-W,0.0496828,0.950317,0.0,0.06056582,0.0639107,0.06759876,0.07129166,0.07471012,0.07797774,0.08125738,0.084532626,0.08773662,0.090919554,0.09403097,0.09719939,0.100420736,0.10366692,0.10699358,0.110463604,0.11402626,0.11761983,0.121237904,0.12490708,0.12886854,0.13307755,0.13761836,0.1422743,0.14683095,0.151256,0.15549004,0.15959096,0.16385916,0.16879797,0.17443156,0.18034588,0.18663861,0.1921861,0.19695802,0.2016698,0.20648949,0.2109594,0.2152067,0.21960875,0.2239599,0.22845955,0.23309731,0.23710126,0.2409573,0.24496293,0.24907386,0.25307107,0.25709757,0.26111212,0.26553604,0.26969066,0.2735401,0.2775051,0.28259382,0.28596476,0.2890202,0.2915993,0.29480368,0.29809758,0.3014466,0.30546045,0.3097008,0.31404167,0.31863064,0.32340306,0.3280008,0.33264333,0.3372247,0.3421059,0.34756643,0.35467878,0.3681915,0.3765858,0.37637007,0.37736663,0.37574086,0.37709874,0.3807661,0.38464332,0.3887556,0.39307547,0.39784104,0.40329227,0.4091354,0.4152818,0.42169487,0.42826718,0.43367675,0.43921265,0.44527793,0.45144296,0.45750195,0.46455833,0.47597456,0.5239506,0.29631296,0.2856683,0.28463346,0.2754057,0.2449342,0.21721376,0.58572364,0.46690306,0.43397054,0.4087759,0.39972106,0.40312904,0.40243843,0.40129557,0.4037034,0.40940842,0.41586748,0.42185068,0.42686552,0.4312462,0.4357899,0.44083393,0.4460468,0.45203403,0.46084896,0.4704219,0.47881055,0.48630765,0.49308616,0.49732286,0.4989999,0.4996659,0.49801412,0.4954241,0.49336615,0.49103552,0.48776054,0.48822373,0.49332103,0.4965334,0.4985698,0.504859,0.519684,0.55310744,0.57082045,0.504844,0.522257,0.59567785,0.873078,0.95269066,0.757824,0.74841565,0.7482177,0.5822038,0.5944709,0.47368136,0.37506747,0.3576264,0.34508386,0.34713787,0.36001727,0.3699253,0.38033664,0.39015993,0.3975238,0.40769178,0.4032614,0.39229318,0.37853384,0.36394957,0.34959817,0.338502,0.33093527,0.32734492,0.32621694,0.3276904,0.33195174,0.33803535,0.344616,0.3509281,0.35598353,0.36050156,0.36473075,0.36819836,0.3711122,0.37324184,0.37212008,0.3660891,0.35296077,0.3360834,0.31999585,0.3093224,0.3058418,0.3060502,0.30144596,0.29229966,0.28932476,0.28909272,0.28746387,0.28761336,0.29126734,0.2943635,0.29708993,0.29617053,0.2939391,0.29001868,0.28858,0.28181496,0.26263818,0.25573963,0.24557671,0.23892234,0.24722938,0.29902887
352,COP_20151212_5-10-E,0.0756129,0.924387,0.0,0.059264217,0.060667858,0.062263597,0.0640924,0.06564142,0.06702488,0.068558134,0.070220925,0.071864225,0.07366883,0.07534658,0.07705516,0.078801826,0.08046502,0.082204774,0.084030695,0.08594344,0.08798878,0.09003363,0.091869235,0.09406499,0.09618637,0.0989015,0.10159339,0.1042155,0.10691495,0.10958402,0.11222795,0.11500243,0.11818,0.1217112,0.12547404,0.12954645,0.13328047,0.13656896,0.13971433,0.14323989,0.14592665,0.1488434,0.15198578,0.15510584,0.15839902,0.16179681,0.1648247,0.16781919,0.1709766,0.17405221,0.17723295,0.18039627,0.18354052,0.18709758,0.19030687,0.19322559,0.1975071,0.20033275,0.20332755,0.2058195,0.20827246,0.21109499,0.21368296,0.22124551,0.23027755,0.23424089,0.23799467,0.24145615,0.2448843,0.24854173,0.25252613,0.25689876,0.26180056,0.26728633,0.27421474,0.28544784,0.2916958,0.29221138,0.29367045,0.29320672,0.2948491,0.29823318,0.30193275,0.30604908,0.31052732,0.31537747,0.3207828,0.32641825,0.33221474,0.33794832,0.3433281,0.34810638,0.35392582,0.36079305,0.3681439,0.37548843,0.3831881,0.39419898,0.4347302,0.2013074,0.19396523,0.18977843,0.17464222,0.12272929,0.23299354,0.5233937,0.40473875,0.37929165,0.3578307,0.3502809,0.35492024,0.35492373,0.35394886,0.35609788,0.36160603,0.36754733,0.37308073,0.37801552,0.3827356,0.38752222,0.39276642,0.39825708,0.40395078,0.41211468,0.42150745,0.4296239,0.43706354,0.4443013,0.44951886,0.4522625,0.45344085,0.452547,0.45013466,0.44753832,0.44540003,0.4431854,0.4445567,0.44978124,0.45278832,0.4550786,0.46222547,0.47764274,0.5106479,0.5223657,0.4536185,0.46666902,0.50765103,0.69448537,0.8031777,0.7199874,0.64560753,0.5332953,0.47767258,0.4944558,0.45577654,0.32954654,0.3076013,0.3038619,0.31111732,0.32083556,0.33027896,0.34145573,0.35259762,0.362655,0.36569682,0.36050472,0.35297254,0.34283125,0.3305666,0.31693015,0.30661246,0.30013317,0.29720774,0.29617405,0.29784408,0.302043,0.3076077,0.31358823,0.31886974,0.32303843,0.3266726,0.33013782,0.3333089,0.33586952,0.33764276,0.3374582,0.33307162,0.32197243,0.3066611,0.2916468,0.2800465,0.27606314,0.2753672,0.2705596,0.26223776,0.25981823,0.25922182,0.2582807,0.2584434,0.2603649,0.2631007,0.2663411,0.26411808,0.260701,0.25755394,0.251943,0.2438764,0.235807,0.23063517,0.21635243,0.21250577,0.21839938,0.24733217
356,COP_20151212_5-50-W,0.107529,0.892471,0.0,0.08708903,0.08910805,0.09153285,0.09429404,0.09650944,0.09842761,0.10039092,0.102533095,0.10463477,0.10706303,0.109313615,0.1116925,0.114086986,0.116360076,0.118749246,0.121318735,0.12378443,0.12641492,0.12893063,0.1315064,0.1340941,0.13688739,0.14047797,0.14403914,0.14746724,0.15090553,0.15440282,0.15778433,0.1614468,0.16590032,0.17100278,0.17639333,0.18183227,0.1869602,0.19151177,0.19571273,0.2006294,0.20397876,0.20756961,0.21148337,0.21535695,0.21923174,0.22319604,0.22686553,0.23050192,0.23431647,0.23790845,0.2415941,0.24520735,0.24871805,0.2525985,0.25601003,0.25892672,0.2639894,0.26607987,0.26941028,0.2724379,0.27520397,0.27849647,0.28164506,0.28978965,0.29932496,0.3037043,0.30786216,0.31147856,0.31460845,0.3178505,0.32153353,0.3260071,0.33131725,0.33730543,0.3450432,0.35634705,0.36068627,0.36072367,0.36097768,0.35994244,0.36189,0.36516172,0.3686402,0.37285578,0.37730545,0.3821596,0.38742307,0.39289418,0.3985983,0.40453878,0.4089942,0.41266912,0.41742602,0.4235399,0.43048868,0.43733382,0.4443325,0.4545895,0.49315965,0.25857845,0.25397962,0.25317088,0.24182221,0.20282644,0.22498171,0.5769942,0.46304,0.4360859,0.4133888,0.40612844,0.41027802,0.40973613,0.40892684,0.41134885,0.41654846,0.42224583,0.42737263,0.43191147,0.43610013,0.44031918,0.4450391,0.4494681,0.45399293,0.4607534,0.46834663,0.47456187,0.4803335,0.48578477,0.48963484,0.4917267,0.49318516,0.49280187,0.49086642,0.4889728,0.48717964,0.4851106,0.48563057,0.4897918,0.49229077,0.4939903,0.49988377,0.5126609,0.5406233,0.5583922,0.5052661,0.51832986,0.58476985,0.73648673,0.77717686,0.7706892,0.77152586,0.7154437,0.5485195,0.5437528,0.46781307,0.38356972,0.35611627,0.3497616,0.35799095,0.36826804,0.37937474,0.39224875,0.40599802,0.4194955,0.42212254,0.41739833,0.41364822,0.40734676,0.39788744,0.38549954,0.375881,0.37023464,0.3683992,0.36751723,0.36883795,0.37257785,0.377744,0.38334972,0.38806403,0.39139184,0.39393154,0.3963368,0.39834368,0.40019795,0.40109956,0.4005164,0.3962614,0.38597915,0.37105688,0.35685578,0.34530836,0.33992496,0.3387962,0.33347282,0.32402793,0.32150957,0.32139596,0.3195268,0.3193252,0.32083496,0.32203695,0.31978622,0.31897047,0.32119495,0.31434146,0.30878672,0.29801878,0.28782755,0.28541505,0.26828656,0.2548833,0.25602508,0.28512427
364,COP_20160112_5-10-E,0.0909639,0.909036,0.0,0.056465697,0.058098715,0.059838317,0.061698686,0.06328512,0.064799756,0.06640845,0.06812067,0.06981595,0.071672484,0.07354154,0.07574368,0.0782935,0.08072072,0.0828846,0.084998935,0.086941436,0.08903759,0.09091181,0.09279877,0.09503598,0.09726535,0.09991657,0.1026984,0.10520925,0.10749613,0.109847784,0.11211287,0.11500552,0.11980942,0.1268114,0.13377227,0.1399289,0.14515133,0.1494168,0.15317045,0.15717083,0.16030563,0.16351794,0.16698,0.17036971,0.17382643,0.1773421,0.18060759,0.18385686,0.18723463,0.19044985,0.19374037,0.19704841,0.20027563,0.2037199,0.20698443,0.20999712,0.2135207,0.21617685,0.21906601,0.22164351,0.22440931,0.22767863,0.2306544,0.23661782,0.24384256,0.24806853,0.25211146,0.25599357,0.25991443,0.26402986,0.26840734,0.27299002,0.277791,0.28275406,0.28856507,0.29661635,0.30160806,0.30332533,0.3050263,0.30605474,0.30862927,0.31244233,0.3164778,0.32100958,0.32603484,0.33155313,0.33758655,0.34377205,0.35007963,0.35632768,0.3621662,0.36723667,0.37305152,0.37915546,0.3848829,0.38959563,0.39388695,0.40025166,0.451149,0.24701686,0.16272615,0.10971368,0.01214858,0.47908,0.52036875,0.36430052,0.33598673,0.32553312,0.31851673,0.31662828,0.32027224,0.3236091,0.32765073,0.33340332,0.34088656,0.3484922,0.35554677,0.36203304,0.36823127,0.374417,0.38104144,0.3874948,0.39401546,0.40258634,0.4118184,0.41982207,0.42715526,0.4339648,0.4387495,0.4413165,0.4428723,0.44266272,0.440949,0.43889418,0.4369563,0.43441898,0.43431488,0.43702075,0.43758428,0.43720028,0.43985805,0.44834405,0.46681032,0.46712822,0.42686594,0.43235236,0.45126075,0.47857302,0.4875636,0.46749732,0.44518396,0.3920776,0.35395235,0.32713857,0.27478275,0.24028343,0.23480378,0.23660883,0.24448635,0.25486985,0.2655852,0.27668878,0.28777343,0.29806924,0.30546957,0.3069332,0.30555215,0.30145657,0.29497406,0.28713432,0.28119633,0.27766162,0.2765397,0.27694586,0.27924132,0.28344274,0.2888599,0.29462755,0.29963684,0.30384997,0.30724937,0.31049052,0.31321248,0.3157611,0.31772438,0.3175009,0.31280646,0.30284977,0.2894758,0.27620953,0.2666574,0.26309013,0.26249385,0.25735417,0.24985588,0.245763,0.24345605,0.24119438,0.24067631,0.2418124,0.24124056,0.24111232,0.24143076,0.2382691,0.23388645,0.22536033,0.21562125,0.2085504,0.20054962,0.19265926,0.18903539,0.18721347,0.1965773
368,COP_20160112_5-50-W,0.140791,0.859209,0.0,0.04755977,0.04948357,0.051446036,0.053304665,0.05499169,0.05667211,0.05837669,0.060082808,0.061796945,0.06355734,0.065438055,0.067665644,0.07033762,0.073049806,0.07544577,0.07759905,0.07952235,0.0810975,0.08251324,0.08427944,0.08637915,0.08859834,0.09085178,0.09339597,0.09576962,0.0978388,0.099992216,0.10205126,0.10480738,0.109713286,0.117342964,0.12501045,0.13166845,0.1375838,0.14257102,0.14671089,0.15043998,0.15391278,0.15718502,0.16053647,0.16384284,0.16710599,0.17035949,0.17364132,0.17689714,0.1801244,0.18328565,0.18642093,0.18960762,0.19261266,0.19548754,0.19852039,0.20153289,0.20346805,0.2059456,0.2087473,0.21179722,0.21502869,0.21825583,0.22121447,0.22504275,0.2295496,0.23321901,0.23701347,0.2409524,0.24493931,0.24887305,0.25265428,0.2563389,0.2599447,0.26347047,0.26710114,0.27176812,0.27557045,0.27745003,0.27917886,0.28110266,0.28373468,0.28697196,0.29056758,0.29433116,0.2983864,0.30290976,0.3079809,0.31300256,0.31799233,0.3233158,0.32876047,0.3326779,0.33634266,0.3397476,0.34244624,0.34435594,0.3453529,0.34738755,0.3759354,0.23126812,0.17300564,0.12940843,0.07446872,0.5338624,0.34345967,0.2771782,0.2630177,0.25714764,0.25476855,0.25472033,0.25732684,0.26222944,0.26825926,0.27499458,0.28259978,0.29025266,0.29745036,0.30404025,0.31029058,0.3163596,0.32245484,0.32829338,0.33409905,0.34116563,0.34843096,0.35474718,0.3606483,0.36576656,0.3693015,0.37183616,0.37369043,0.37397885,0.372862,0.37154648,0.36968508,0.36754933,0.36693683,0.36784217,0.36717102,0.3657385,0.3665711,0.37132144,0.38269898,0.3788538,0.34760383,0.34863394,0.35900235,0.3789647,0.3747197,0.36630332,0.3566482,0.30222237,0.26422423,0.24594636,0.21082972,0.18398613,0.17872144,0.18074472,0.18708815,0.19679417,0.20581488,0.21445195,0.22252499,0.22988194,0.23948893,0.24372368,0.24425241,0.24268897,0.23990493,0.23720336,0.23519856,0.23455405,0.23514466,0.23645476,0.23904225,0.24320644,0.24786778,0.25273237,0.25692976,0.26013398,0.2626934,0.26475856,0.2671479,0.26910153,0.27043325,0.27033684,0.26738575,0.26025632,0.25033262,0.24084093,0.23350428,0.2300313,0.22857219,0.22398837,0.21729282,0.21422456,0.21273579,0.21057831,0.20951481,0.20966588,0.20963456,0.20690684,0.20517737,0.20369916,0.19834404,0.19263512,0.18813495,0.18143138,0.17364731,0.16846864,0.16676891,0.17606981,0.20838107
386,COP_20160209_2-50-E,0.442724,0.557276,0.0,0.041820187,0.044187624,0.046690606,0.049213264,0.050948408,0.052286077,0.05343646,0.05450804,0.055595994,0.05715685,0.059501912,0.06399827,0.07141458,0.079400584,0.08500815,0.0886437,0.08932765,0.087236695,0.0848313,0.08364607,0.0834824,0.08301843,0.08275569,0.08341932,0.08290242,0.08125884,0.08040161,0.07958935,0.081433766,0.092045575,0.11752629,0.14703196,0.17369191,0.19640379,0.21240896,0.22208999,0.22930366,0.23209168,0.23502718,0.23833281,0.24157636,0.24478196,0.2479895,0.25093204,0.25387064,0.25700843,0.25983316,0.26272368,0.26548067,0.2681003,0.27091247,0.2733462,0.27546552,0.27866307,0.27946877,0.28070602,0.2815662,0.28317904,0.28552046,0.28807122,0.29817322,0.31013986,0.3145445,0.31858513,0.32189953,0.32483992,0.3278416,0.331328,0.33532435,0.3397067,0.3442253,0.34936023,0.35552454,0.356919,0.35381207,0.34974957,0.34678307,0.347045,0.34890974,0.35120168,0.35455868,0.3590478,0.3643745,0.37029624,0.3762592,0.3818824,0.38681155,0.3903738,0.3930963,0.3962669,0.399494,0.4017473,0.40193397,0.39992735,0.39847693,0.43172166,0.29389364,0.24064589,0.22177443,0.20003535,0.15818562,0.20773117,0.21259214,0.20953473,0.20798519,0.21083005,0.21369518,0.21790253,0.22648492,0.23701333,0.24755742,0.25879562,0.26995078,0.2806387,0.2906326,0.30006242,0.3088839,0.3172431,0.32533336,0.3329922,0.3413164,0.34993806,0.35727966,0.3636351,0.36939055,0.37342322,0.37566248,0.37657595,0.37537757,0.3722931,0.36867642,0.36490187,0.36059484,0.35750407,0.35563883,0.35169542,0.34642515,0.34279808,0.34252217,0.34597382,0.349295,0.34354812,0.34850526,0.36828944,0.38361296,0.37103444,0.35307786,0.32688853,0.25010943,0.21496698,0.20112798,0.16649581,0.13985841,0.13467099,0.1357872,0.14034992,0.14615475,0.15248403,0.16011505,0.16864671,0.17783646,0.18464908,0.18750055,0.19021618,0.19230367,0.1931557,0.19277067,0.19313405,0.1948216,0.19769901,0.20082586,0.2049588,0.20967706,0.21469156,0.2192243,0.2233042,0.22618063,0.2284324,0.23060268,0.23221834,0.23321979,0.23375802,0.23361346,0.23110305,0.22479178,0.21598174,0.20719549,0.19969799,0.19506796,0.19231234,0.18709382,0.18032438,0.17724992,0.1749881,0.1718487,0.16850367,0.16659333,0.16397914,0.16145231,0.15760161,0.15491815,0.1501133,0.1460021,0.14095695,0.13664965,0.13005218,0.12451466,0.12666866,0.13402162,0.15629433
399,COP_20160220_5-0-E,0.292874,0.707126,0.0,0.034771506,0.036291335,0.038027264,0.039829917,0.04135337,0.042728834,0.043962304,0.045053035,0.04618218,0.04754864,0.049393203,0.05226628,0.05641243,0.06075791,0.06401627,0.06641817,0.06770738,0.067793995,0.06769489,0.068103924,0.069170274,0.06982354,0.07044132,0.071664564,0.072484426,0.072652,0.07290101,0.073082775,0.07485552,0.08135492,0.09431296,0.10803104,0.120111205,0.13045393,0.1380907,0.14323847,0.14727397,0.14994046,0.15258034,0.1553506,0.15808263,0.16082515,0.16352369,0.16622753,0.16891363,0.17159086,0.1742464,0.17689985,0.17951186,0.18201149,0.18448874,0.18704353,0.18950535,0.19136816,0.19303593,0.19499218,0.19707552,0.19964916,0.20213339,0.20491497,0.20909534,0.21396582,0.21716127,0.22037467,0.22339018,0.22634272,0.22923428,0.23223834,0.23513988,0.23796557,0.24080685,0.24382338,0.24825846,0.2510423,0.25093308,0.2507866,0.25124517,0.25278157,0.2551139,0.25773346,0.2605792,0.26394776,0.26757094,0.27134597,0.27514768,0.27893436,0.28269267,0.2864125,0.28915998,0.2916868,0.2940428,0.2960793,0.29744294,0.29814258,0.29986915,0.31554753,0.19430941,0.18272592,0.17308456,0.151683,0.12715662,0.29747233,0.23548394,0.22532156,0.22329974,0.22320217,0.2243491,0.22837695,0.23404163,0.24016173,0.24664874,0.25389126,0.26111448,0.2680677,0.27473944,0.28116506,0.28727508,0.2933048,0.2990531,0.3043471,0.31012174,0.3159393,0.3209658,0.32565343,0.33016688,0.33381307,0.33634716,0.33804,0.33868983,0.33852446,0.33808494,0.3373412,0.33616877,0.3358118,0.33645034,0.33576387,0.33506075,0.3364058,0.34161067,0.35401982,0.35284328,0.32145858,0.323722,0.3387424,0.3722636,0.3798067,0.35855043,0.32841036,0.27253684,0.24126564,0.22463034,0.19607742,0.16865133,0.16512991,0.16632074,0.17130013,0.17902213,0.18607974,0.19331233,0.20056018,0.20769241,0.21653883,0.2218508,0.22422758,0.22554342,0.22639823,0.22738989,0.22870387,0.23027706,0.23237365,0.23508452,0.23835698,0.24231872,0.2461373,0.2491833,0.25101084,0.2516849,0.25177607,0.25192928,0.25158575,0.25118056,0.25158197,0.25308615,0.25262684,0.24851048,0.24210483,0.235629,0.22976328,0.22573999,0.2222343,0.21846102,0.21413107,0.21204041,0.20970911,0.20667547,0.20462939,0.20245166,0.20059434,0.19872588,0.19689418,0.1935154,0.18930031,0.18458472,0.18018411,0.17283958,0.16831775,0.16064832,0.16146664,0.16427803,0.1854151
403,COP_20160220_5-40-W,0.516831,0.483169,0.0,0.026602423,0.028124398,0.030147534,0.03216731,0.03371508,0.035011657,0.036032993,0.036814757,0.037613004,0.038678363,0.040659778,0.04480803,0.05206637,0.06002555,0.06538109,0.06854783,0.06905075,0.06648718,0.063655496,0.062433887,0.062329452,0.06183235,0.061055474,0.061511707,0.06097439,0.05913847,0.05787177,0.056620695,0.058181677,0.06879437,0.09480314,0.12541457,0.15447153,0.18051597,0.19930273,0.21041475,0.21718751,0.22054599,0.22347112,0.22656979,0.22966903,0.23271,0.2357806,0.23872247,0.2416284,0.24463768,0.2475977,0.25050977,0.25336522,0.2560654,0.25869992,0.26134118,0.2638095,0.26521885,0.26616046,0.266803,0.26720354,0.26898628,0.27137694,0.27415127,0.2792284,0.28541958,0.28980044,0.29418623,0.2984559,0.3022887,0.30580527,0.30905986,0.31197575,0.3147476,0.31746462,0.32050458,0.3246475,0.3251026,0.3202114,0.31451848,0.31135094,0.31158227,0.31314126,0.31503436,0.3176782,0.32129356,0.3256156,0.33028504,0.3349892,0.339657,0.3441333,0.34807116,0.35050374,0.3518389,0.35209396,0.35064882,0.34698966,0.34127724,0.3359224,0.3342341,0.2555887,0.2627907,0.26527083,0.29735214,0.40847784,0.10951428,0.13097376,0.14391811,0.14617379,0.15264718,0.15670247,0.15934807,0.16748787,0.17760961,0.18725693,0.19718806,0.20722644,0.21698664,0.22630177,0.23527582,0.24385126,0.25189573,0.2597765,0.26744753,0.27525434,0.28297505,0.28985858,0.29611996,0.30167452,0.3058456,0.30850652,0.30996415,0.30960664,0.30801353,0.3057017,0.30264086,0.2988281,0.29511034,0.29210493,0.28788283,0.28245607,0.27824047,0.27617785,0.27624562,0.27874953,0.28148866,0.28498906,0.30086374,0.3363443,0.3352252,0.2990098,0.27956027,0.2099946,0.17435311,0.16479722,0.14308801,0.11412193,0.10870381,0.108686104,0.11195516,0.11693145,0.12181207,0.12727344,0.13308614,0.13896292,0.14569668,0.14917864,0.15093368,0.15194224,0.15232712,0.1529469,0.15431525,0.1561151,0.15863642,0.16179723,0.16557465,0.17002986,0.17468807,0.1787507,0.18221852,0.18508632,0.18751517,0.1896215,0.19141755,0.19285326,0.19371985,0.19372442,0.19175793,0.18702735,0.18006682,0.17252202,0.16619746,0.1624633,0.15994819,0.15556566,0.15013921,0.14753875,0.14529425,0.14285664,0.14042974,0.13867724,0.13742664,0.13469054,0.13332325,0.13008201,0.12724176,0.12547684,0.12053766,0.115473606,0.111839466,0.10615411,0.10526474,0.11870317,0.17137049
410,COP_20160310_2-50-E,0.582557,0.417443,0.0,0.022290993,0.02360642,0.025362965,0.027159119,0.028474687,0.029568462,0.03044357,0.031113593,0.03180504,0.032808375,0.034763526,0.038985875,0.04637709,0.054499738,0.059932373,0.06315667,0.06360525,0.060823373,0.057670195,0.056114446,0.05565025,0.054799438,0.053693168,0.053760063,0.052632842,0.050210383,0.04853627,0.046904344,0.048222784,0.059144504,0.086538896,0.11873069,0.14926137,0.17662276,0.1964311,0.20835622,0.21607266,0.21983464,0.22310415,0.22661611,0.2300639,0.23351003,0.23693547,0.24006999,0.24312568,0.24632376,0.24940978,0.2523296,0.25517213,0.2578047,0.26036295,0.26282102,0.26490048,0.2660104,0.26621374,0.2662975,0.26645753,0.26795217,0.27017277,0.27281317,0.2783995,0.28535032,0.28965735,0.29383585,0.29777476,0.30138016,0.3046777,0.3078127,0.31075773,0.31354722,0.31632277,0.31965047,0.32501805,0.32483944,0.31808352,0.31018856,0.30548748,0.30503908,0.30610624,0.30752128,0.30981612,0.31316915,0.31744623,0.32231683,0.32729194,0.3321167,0.33631277,0.3398363,0.3420044,0.34316257,0.34303665,0.3410226,0.3364843,0.32954055,0.322989,0.31287012,0.26018605,0.2671395,0.26827335,0.27278814,0.2903332,0.3996116,0.085718475,0.04465179,0.07236458,0.09984309,0.11050241,0.11162543,0.12296098,0.13702706,0.14832866,0.15878339,0.1689856,0.1788817,0.1883199,0.19731602,0.20577438,0.2136218,0.22131483,0.22875196,0.23618048,0.24360412,0.25037318,0.25616962,0.26123387,0.26505485,0.26742893,0.26852006,0.26797417,0.26570684,0.26269728,0.25895137,0.25452,0.25001824,0.2459872,0.2402601,0.2331264,0.22640914,0.22041005,0.21156222,0.21242537,0.2421523,0.25487688,0.33011797,0.66235,0.6191944,0.6026563,0.51300615,0.32544982,0.2106058,0.26509687,0.28949967,0.1216244,0.079154566,0.069607474,0.069115855,0.07169891,0.07473346,0.07919381,0.0844143,0.09023921,0.096195206,0.100040995,0.103122614,0.10597433,0.10842995,0.110684,0.11293884,0.11568006,0.118869916,0.12225551,0.12597127,0.13027899,0.13461034,0.13848437,0.14174847,0.14430916,0.14620571,0.14813472,0.14965628,0.15092562,0.1515916,0.15161213,0.14990662,0.14622688,0.14038193,0.13476983,0.1296537,0.12616363,0.12340796,0.11910474,0.11438351,0.11138389,0.10922565,0.10672803,0.103380434,0.10112871,0.10022425,0.09727798,0.093747586,0.09041865,0.08803991,0.08360044,0.0814523,0.07760693,0.072589025,0.07427256,0.07451302,0.120713435,0.17029959
416,COP_20160310_5-50-W,0.60897,0.39103,0.0,0.016628457,0.018121408,0.020064125,0.022021694,0.023615578,0.024996383,0.026013069,0.026678363,0.027345287,0.028285194,0.030395174,0.035094153,0.043335903,0.052263618,0.058154635,0.061498694,0.061777968,0.05880673,0.05534115,0.05381356,0.05348394,0.052726798,0.051524807,0.051762298,0.050684895,0.047876634,0.04556224,0.04316575,0.044442397,0.05732232,0.08846455,0.123944394,0.15690134,0.18559948,0.20556945,0.2170898,0.22411196,0.22744583,0.23045471,0.2336338,0.23671049,0.239785,0.24273644,0.2454618,0.2482257,0.25109372,0.25384906,0.25645345,0.2590111,0.26138788,0.26361564,0.26582095,0.26769006,0.2679229,0.26741412,0.26615572,0.26496947,0.26603246,0.26795986,0.27070788,0.27840573,0.28794047,0.29272166,0.29722366,0.30160293,0.3056207,0.309242,0.3122737,0.31479636,0.31683418,0.31856838,0.32074434,0.32433525,0.32197946,0.3123961,0.30140382,0.2952285,0.29419422,0.29465935,0.29550475,0.29732218,0.30056262,0.30478278,0.30955827,0.31426385,0.3187361,0.32277697,0.32603765,0.32775465,0.32777503,0.32565522,0.32061657,0.31257588,0.30210388,0.29155397,0.28413507,0.2740406,0.27532914,0.27687058,0.28252217,0.3064857,0.45033106,0.08293256,-0.001918578,0.03136604,0.065761946,0.078971736,0.078988805,0.09042478,0.10508166,0.11633241,0.12620986,0.13591734,0.14529982,0.15432535,0.16311814,0.17147104,0.17916986,0.18677711,0.19415602,0.20124017,0.20818657,0.21451217,0.22002661,0.22466415,0.22836338,0.23085275,0.23206615,0.23176517,0.22975913,0.2269377,0.22345102,0.2190407,0.21403278,0.20927115,0.20324901,0.19587806,0.18831523,0.17983411,0.1650647,0.16018534,0.20251052,0.21715327,0.2860144,0.525726,0.68667966,0.6267501,0.5550912,0.32667089,0.21222946,0.2908572,0.30646095,0.11678147,0.074097306,0.05824199,0.055202194,0.056756046,0.058579363,0.061473064,0.06493774,0.069334306,0.07498884,0.07803995,0.08017736,0.082222894,0.08445825,0.08688745,0.08919339,0.09163488,0.094505385,0.09776087,0.10122173,0.10509339,0.1088478,0.11244407,0.11551196,0.11801542,0.12000688,0.121599816,0.123239964,0.1246878,0.12541606,0.1255142,0.12410995,0.12109286,0.11653067,0.11149326,0.10714723,0.10405686,0.10185225,0.098340675,0.09406847,0.09141305,0.089550704,0.08737074,0.08477442,0.082338944,0.080872,0.07905189,0.07638464,0.074670404,0.07292233,0.06899554,0.065010466,0.06385728,0.06640691,0.060377687,0.060993727,0.084330134,0.19210902
420,QUE_T1.01.D,0.0,0.9167,0.083,0.052736774,0.05578501,0.059173416,0.06298897,0.06689047,0.070362575,0.073324956,0.07612054,0.079101734,0.08247642,0.0861493,0.08989014,0.09364103,0.097429544,0.101266876,0.10516092,0.10906296,0.112797014,0.11630459,0.11981829,0.123246774,0.12675923,0.13041446,0.13426128,0.13827981,0.14240997,0.14655617,0.15065,0.15523072,0.16075297,0.16674714,0.172524,0.17822684,0.18365756,0.18875226,0.19377656,0.19891632,0.20365132,0.20821999,0.21281041,0.21734966,0.22188397,0.22643647,0.23063783,0.23457757,0.23843841,0.24225147,0.24609524,0.25014213,0.25421685,0.25833613,0.2620931,0.26563284,0.26851565,0.27183995,0.2755226,0.2783342,0.28144473,0.2841416,0.28715336,0.29244623,0.29835755,0.30167755,0.3052025,0.30823818,0.31165686,0.31503883,0.3184726,0.3214452,0.32456836,0.32766926,0.3311213,0.33489817,0.33783683,0.34023508,0.34216297,0.34371138,0.3454001,0.34739786,0.34948063,0.35178635,0.35430774,0.3569838,0.36009353,0.36342654,0.36681744,0.37014842,0.37322748,0.3759441,0.37915066,0.38210166,0.38461736,0.3866071,0.3878464,0.3883194,0.3874319,0.39073974,0.36161923,0.381944,0.3893745,0.3831762,0.36740234,0.35807148,0.35167512,0.34876862,0.34764558,0.3477942,0.34888908,0.35079402,0.35310715,0.35570967,0.35941792,0.36332774,0.36682618,0.36973378,0.37220886,0.37476072,0.37713152,0.37966383,0.38283712,0.3869397,0.3914116,0.3956193,0.39877796,0.40084198,0.40164068,0.4008047,0.39909333,0.39796865,0.39733943,0.39690346,0.39659557,0.39532426,0.39563844,0.39718756,0.3977329,0.3975212,0.39777386,0.39870778,0.39959016,0.40214017,0.40455446,0.40416187,0.35626638,0.38736624,0.27319404,0.7146071,0.1630713,0.27660257,0.4930634,0.37698618,0.29955593,0.3195777,0.3173518,0.32096294,0.32566607,0.33116663,0.3366273,0.34179977,0.34700358,0.35251635,0.3532016,0.34999353,0.34428057,0.337098,0.32842925,0.32094902,0.31563467,0.31206217,0.30974498,0.30867445,0.30915046,0.31194037,0.31369,0.31567952,0.31615096,0.31910974,0.32093883,0.32287234,0.3252293,0.32767922,0.32732216,0.32982987,0.32687676,0.31943923,0.31138784,0.3002499,0.29373765,0.29170647,0.29064682,0.28940225,0.28694808,0.28319782,0.2803858,0.27664933,0.277154,0.2810031,0.28358233,0.2802926,0.2814299,0.273614,0.2671595,0.2661201,0.26027474,0.25109473,0.24483356,0.2336535,0.22747959,0.19323559,0.09328412
422,QUE_T1.01.F,0.0,0.9091,0.091,0.0560919,0.05899854,0.062223066,0.06589045,0.06969105,0.0730448,0.07595844,0.07871554,0.08164024,0.08499105,0.0885963,0.09224592,0.095888354,0.09958447,0.1033387,0.10713523,0.1109664,0.114661425,0.11812949,0.121621124,0.12507802,0.12868322,0.13242988,0.13635717,0.14043096,0.1446582,0.14898513,0.15336435,0.15808116,0.16337988,0.16885906,0.17424783,0.17970344,0.18493758,0.18993829,0.19496398,0.20012505,0.20490934,0.20955704,0.2142483,0.21887803,0.22352867,0.2281725,0.23245084,0.23654185,0.24060717,0.24460465,0.24859075,0.25268483,0.25674182,0.2608701,0.2646474,0.2681526,0.27146885,0.27479205,0.27825108,0.28179538,0.2849971,0.28770664,0.2906721,0.29498312,0.29983437,0.3032998,0.30697754,0.31021005,0.31372768,0.31731465,0.3206262,0.32414374,0.32730207,0.3307455,0.33424357,0.3383325,0.3419012,0.34426206,0.3466968,0.3480473,0.34971374,0.3517994,0.35389483,0.35603455,0.35880524,0.36165217,0.3649544,0.36851302,0.3721732,0.3755177,0.37891296,0.38188407,0.3853286,0.38878542,0.3917424,0.39404455,0.39557257,0.39636153,0.39557514,0.37895775,0.35981405,0.3825755,0.37762395,0.38355812,0.37310034,0.36433396,0.35767624,0.35406426,0.35305363,0.35314396,0.3540603,0.35563093,0.35791573,0.36047754,0.3641567,0.36810532,0.37159407,0.3745304,0.37707195,0.37958607,0.38185424,0.38442555,0.38772792,0.3919969,0.39699146,0.40138575,0.404915,0.40711603,0.40786335,0.4066532,0.40451995,0.40311295,0.40242356,0.4018538,0.40151677,0.40012118,0.40045953,0.40215147,0.40263444,0.40261245,0.40284073,0.40381956,0.40510207,0.40731806,0.40858844,0.41020572,0.5518684,0.8535197,0.7398377,0.8745218,0.73858935,0.5603955,0.63424397,0.502622,0.6403747,0.3948677,0.34243646,0.33226228,0.34068528,0.34478134,0.3476206,0.3516714,0.35634068,0.36014155,0.36049795,0.3554962,0.34762505,0.33899418,0.32954168,0.32044753,0.31401265,0.30962452,0.3072853,0.3062772,0.30707163,0.3086084,0.3110643,0.3134092,0.31517965,0.31695017,0.31969512,0.32307616,0.3240526,0.32547784,0.32747206,0.32805273,0.32605252,0.31777567,0.30693808,0.29707944,0.2896256,0.28762504,0.28880945,0.28761077,0.2833456,0.27873796,0.27486464,0.2741467,0.27218074,0.27412352,0.27447084,0.27856725,0.2738933,0.27890185,0.2852419,0.29091772,0.26531264,0.24512635,0.2477078,0.23322284,0.24506998,0.22151417,0.28350306
439,QUE_T1.03.C,0.0,0.7197,0.28,0.054373093,0.057154633,0.060326125,0.06397183,0.067645885,0.07079865,0.07347875,0.076071516,0.07890564,0.082229525,0.085857116,0.08946854,0.09307743,0.096686766,0.10033911,0.10405381,0.10776205,0.11130291,0.11454945,0.11792065,0.121182464,0.12461684,0.12827218,0.13214064,0.13615583,0.14049277,0.14492775,0.14943859,0.15426162,0.15980801,0.16526425,0.17053553,0.17653462,0.18159913,0.18585329,0.19055618,0.19634475,0.20065035,0.20479438,0.20953037,0.2141102,0.21900323,0.22422881,0.22810511,0.23157954,0.23540032,0.23929729,0.24318877,0.24738418,0.25210273,0.25757724,0.26193914,0.2655615,0.27271372,0.27988166,0.28292915,0.28391793,0.2840169,0.28562716,0.28761452,0.28759986,0.28761184,0.2907531,0.2938843,0.2972601,0.30019784,0.30319682,0.30642104,0.30954403,0.31312189,0.3176614,0.32299882,0.3315777,0.3372929,0.33745024,0.3383957,0.33669218,0.33645102,0.33794433,0.33979657,0.3418328,0.34409517,0.34622338,0.34864962,0.35149574,0.354503,0.35769072,0.36068174,0.3629406,0.36573383,0.36897495,0.372552,0.37616608,0.3803721,0.38361582,0.38912317,0.3896464,0.36678383,0.38557643,0.41417298,0.40854746,0.3891958,0.3722023,0.3612004,0.35734203,0.35195464,0.3491955,0.35068524,0.35074222,0.34974813,0.3498715,0.3522099,0.35522756,0.35818475,0.36076444,0.36315307,0.3656242,0.36802357,0.37029758,0.3730982,0.37680376,0.3806707,0.38404647,0.38681015,0.38875258,0.38965333,0.38914567,0.38789356,0.3870337,0.38675752,0.386666,0.3867368,0.38580295,0.38616857,0.3877684,0.38810575,0.38832873,0.38949046,0.39192432,0.39554563,0.40287626,0.41713068,0.43085498,0.4612787,0.8811772,0.50575775,0.7506296,0.3052863,0.114186525,0.41449475,0.33541664,0.31710985,0.37971345,0.31562182,0.3230055,0.32420945,0.32441437,0.32606477,0.32835913,0.33355585,0.33979952,0.3433989,0.34058657,0.33434516,0.3280835,0.32162344,0.31715804,0.3125117,0.30898842,0.30731064,0.30708748,0.30691385,0.30937204,0.3118827,0.3137128,0.3134182,0.31628323,0.3186016,0.31950948,0.3208207,0.32201084,0.3222174,0.32437268,0.32237768,0.31778502,0.30861378,0.30024964,0.29501384,0.29214698,0.29244247,0.28990036,0.28587776,0.28246656,0.2799802,0.2770828,0.2727694,0.277176,0.27913743,0.28031173,0.27368015,0.27759412,0.27801943,0.27319816,0.259624,0.25288826,0.24883036,0.23972717,0.21582848,0.15631515,0.14734128
445,QUE_T1.03.I,0.0,0.5455,0.455,0.05192203,0.05482819,0.058038704,0.061709892,0.06548588,0.0687249,0.07145033,0.074025,0.076836236,0.08008355,0.08361849,0.08716787,0.09067654,0.094213,0.09781167,0.101485744,0.10520349,0.10879169,0.1121601,0.115553804,0.118784666,0.12208819,0.12559852,0.12929972,0.13309428,0.13710654,0.14114371,0.1452604,0.14974631,0.15493368,0.1601799,0.16518688,0.1707472,0.17559564,0.1797653,0.18425675,0.18948655,0.19375712,0.19769889,0.20212252,0.20636229,0.21080142,0.21549563,0.21907249,0.22229394,0.2257147,0.22920732,0.2327577,0.23637813,0.24022189,0.2446531,0.24846259,0.25166702,0.25622177,0.2612129,0.26407045,0.26555333,0.2668815,0.2684575,0.27055466,0.2739652,0.27848592,0.28155345,0.28458875,0.28767926,0.29082248,0.29354256,0.29670945,0.2997604,0.30300307,0.30695608,0.31216818,0.32003292,0.32493597,0.32559127,0.3265234,0.32526752,0.3249519,0.32644457,0.32822376,0.33019775,0.33252466,0.3346585,0.3371033,0.33980617,0.34296614,0.34614813,0.34917244,0.35142124,0.35432985,0.3574714,0.3606352,0.36366454,0.3671772,0.37015644,0.37657517,0.39837283,0.40425995,0.43740833,0.42669955,0.40148836,0.37793434,0.36074644,0.3505176,0.34669447,0.34199184,0.33924478,0.34100056,0.34161618,0.34091163,0.3409622,0.34327552,0.3462546,0.34901077,0.35148492,0.35383365,0.35623604,0.35870874,0.36102098,0.36384216,0.36754683,0.37142745,0.37481204,0.37746015,0.37950158,0.38038468,0.38003,0.37887892,0.37806925,0.37780294,0.37768194,0.3776074,0.37678862,0.37729147,0.37878752,0.37919444,0.3793162,0.38063508,0.3831107,0.38662532,0.39364672,0.40550518,0.4201905,0.5124399,0.5348156,0.55263853,0.15161306,0.30042326,0.54372877,0.49813393,0.55709445,0.5889202,0.36472,0.31862086,0.3247934,0.31967142,0.3202999,0.32205173,0.32508942,0.3293146,0.33567405,0.3409744,0.33652803,0.3292017,0.3225114,0.31584558,0.31008825,0.30543295,0.30150783,0.3000308,0.29990616,0.30093014,0.3030365,0.3049103,0.30733407,0.30862403,0.31051585,0.31221247,0.31513852,0.31639814,0.31740484,0.31735122,0.31860563,0.31767383,0.31164593,0.30269396,0.29474148,0.28805605,0.28681487,0.28778777,0.2860475,0.2818358,0.2798468,0.27690747,0.27399445,0.27166358,0.2781598,0.27917165,0.27738374,0.2746537,0.2776688,0.2776963,0.26610374,0.27300715,0.25061148,0.23115955,0.23363371,0.24920745,0.23501518,0.23480959
461,QUE_T1.05.E,0.0,0.0,1.0,0.05610481,0.059575465,0.06349032,0.06809899,0.07282057,0.076516554,0.07904951,0.08131577,0.084131226,0.08788916,0.092285186,0.096786894,0.1011933,0.10557024,0.109982975,0.114482276,0.11895774,0.12321181,0.12693462,0.13047259,0.1335523,0.13653655,0.13962875,0.14285481,0.14607199,0.14951439,0.15289193,0.15638515,0.16035192,0.16521543,0.1699292,0.1744728,0.17988354,0.1842294,0.18753599,0.1913457,0.19644457,0.19964859,0.20255767,0.20617598,0.20957313,0.2132052,0.21722811,0.21965551,0.2216763,0.22402892,0.22658569,0.22912204,0.2318203,0.23485576,0.23883656,0.24187553,0.24402483,0.24936405,0.25441355,0.25605276,0.25597185,0.25544167,0.25604844,0.25699303,0.25629705,0.25570527,0.2574482,0.25926545,0.26109293,0.26314464,0.26491505,0.2668973,0.26856235,0.27082488,0.27404425,0.27847096,0.28640485,0.29096764,0.29051447,0.2903419,0.2874447,0.2860096,0.2865892,0.28752398,0.28859028,0.2897016,0.2904433,0.2912458,0.29226243,0.2935412,0.29525477,0.29673335,0.2970257,0.29795825,0.29961276,0.30187643,0.3044223,0.30796418,0.31171232,0.3197916,0.33515453,0.3602609,0.3706522,0.36614603,0.36662725,0.34460965,0.3314969,0.32559025,0.32416287,0.31856838,0.31561252,0.31703842,0.31564793,0.3124779,0.3097127,0.3091684,0.30929464,0.30966988,0.310379,0.31117955,0.3121687,0.3133271,0.31428027,0.31495473,0.3159702,0.3168417,0.31724203,0.31779838,0.31827578,0.31873953,0.31893954,0.3190537,0.31934947,0.319652,0.3199946,0.32040048,0.32065767,0.32097405,0.32171157,0.3220293,0.32269683,0.32470736,0.32760304,0.33142793,0.3391292,0.35333812,0.3682673,0.3709668,0.3814172,0.13072808,0.4571912,0.1518551,0.065553956,0.26734716,0.113169916,0.11105548,0.19138792,0.30872065,0.3060259,0.3057121,0.3036047,0.29726493,0.2972783,0.29899266,0.30318,0.30855465,0.3097153,0.30610242,0.30596864,0.30613995,0.30599332,0.3064924,0.30618432,0.30575156,0.30572486,0.30596393,0.30693182,0.30696243,0.3059035,0.30327174,0.30221143,0.30035847,0.29898757,0.29751894,0.29487827,0.29314646,0.2976614,0.29961655,0.29923517,0.29809886,0.29528266,0.29323882,0.29310247,0.2906342,0.2905143,0.2880104,0.2861537,0.28428274,0.2833115,0.28266513,0.28186122,0.28574762,0.28289804,0.2738026,0.27491033,0.26911098,0.27079314,0.27662152,0.24811806,0.25368342,0.25061527,0.2222143,0.17162025,0.09082964
464,QUE_T1.05.H,0.0,0.023,0.977,0.05481682,0.058319155,0.062210258,0.06680858,0.071546376,0.075299725,0.07793554,0.08025714,0.08312116,0.08686815,0.09125379,0.095722355,0.100138254,0.10453863,0.10898452,0.11354287,0.11809423,0.12240256,0.12625268,0.1299024,0.13311726,0.13616535,0.13932644,0.1426292,0.145955,0.14951688,0.1529979,0.15656993,0.16077663,0.16605435,0.17131889,0.17634918,0.18219423,0.18693629,0.19058204,0.19471185,0.2001122,0.20377351,0.20698099,0.21092954,0.21462256,0.2185851,0.22290441,0.22560795,0.22789325,0.23050012,0.23326668,0.2360672,0.23899601,0.24232686,0.24658401,0.24990143,0.25235775,0.25754362,0.26268378,0.26449367,0.26478818,0.2646005,0.26518998,0.26636797,0.26830813,0.27067348,0.27267182,0.27482975,0.27643904,0.27900305,0.28104594,0.28293005,0.28521803,0.28753212,0.29103774,0.2961187,0.30489427,0.3095792,0.3089182,0.30857292,0.30527842,0.3036324,0.3042257,0.3052428,0.30650508,0.30775294,0.3087218,0.30963564,0.3107749,0.31237522,0.3143439,0.31596404,0.31652427,0.31774595,0.3196627,0.32195333,0.32447854,0.32819414,0.33217767,0.34119123,0.36465177,0.40761814,0.42666858,0.42720872,0.39194006,0.36100057,0.34585318,0.3387389,0.3371291,0.33109343,0.3273196,0.32922333,0.32842663,0.3254885,0.32316938,0.3231305,0.323882,0.32493687,0.32626042,0.32754892,0.3290496,0.33070338,0.33208212,0.33310804,0.33449045,0.33573794,0.33641937,0.33708823,0.33781782,0.33849105,0.33891484,0.33908495,0.33928972,0.33964968,0.34007,0.34047768,0.34056467,0.34070724,0.34138525,0.3418179,0.34222338,0.34425426,0.34735316,0.35137564,0.36011377,0.37725905,0.39289802,0.3681351,0.13412972,0.62302774,0.45524266,0.3059693,0.49570793,0.5254512,0.58684665,0.45389736,0.3374687,0.32388914,0.30377138,0.29744387,0.29581195,0.29422185,0.29524767,0.2980432,0.3042568,0.3119137,0.31309873,0.31111357,0.31071264,0.31204838,0.31392473,0.31473505,0.3145778,0.31468156,0.31551525,0.31689772,0.31882077,0.3191426,0.31956744,0.31730592,0.31579423,0.31492585,0.3126253,0.31227392,0.3097975,0.3079431,0.31072247,0.31374115,0.31360915,0.3119423,0.3097401,0.30713353,0.30577052,0.30363533,0.30403882,0.30125463,0.29702187,0.29530206,0.2927659,0.29437712,0.29298934,0.2887929,0.2900568,0.29064888,0.28625107,0.29767936,0.2849914,0.27853635,0.27717188,0.25733462,0.23537889,0.23765497,0.19980004,0.107063286
474,QUE_T1.06.H,0.0,0.015,0.985,0.046022944,0.04874124,0.05177394,0.05532103,0.05900231,0.061873868,0.0639042,0.065756336,0.068010606,0.07093382,0.07435595,0.077885486,0.081357434,0.08485049,0.08838264,0.09205928,0.09575678,0.09930883,0.10242113,0.10541928,0.10801827,0.110584706,0.11336033,0.116224624,0.11911231,0.12226551,0.1253607,0.12856792,0.13224815,0.13675736,0.14109834,0.14532527,0.15052311,0.15471984,0.15789786,0.16154365,0.16656588,0.16961384,0.17245767,0.17602892,0.17937425,0.1829913,0.18692705,0.18932089,0.1912946,0.19368811,0.19624688,0.19874969,0.20131478,0.20431176,0.20833981,0.2113863,0.21348906,0.21885401,0.22367878,0.22503819,0.22503787,0.22430182,0.22506642,0.22562715,0.22401467,0.22239171,0.22431397,0.22586909,0.22779138,0.23001106,0.23195124,0.23358072,0.23542963,0.23774979,0.24090542,0.24554802,0.25437498,0.25858054,0.25743833,0.25661817,0.25286612,0.2511135,0.25145128,0.2524589,0.25341228,0.25458446,0.25534564,0.2560845,0.25712922,0.25848415,0.2602528,0.26167378,0.2620141,0.26285693,0.2644703,0.26663792,0.26883277,0.27201226,0.27522105,0.2836143,0.30471063,0.33601686,0.32489684,0.3182303,0.30279112,0.28108507,0.26664492,0.258829,0.25562358,0.25023896,0.24695008,0.24950697,0.25016063,0.24901415,0.24837776,0.24993394,0.2519479,0.2541344,0.25640622,0.25862232,0.26083598,0.2630969,0.26495126,0.26641884,0.26803276,0.26938945,0.2703354,0.27118602,0.2720475,0.27271992,0.2732171,0.27345005,0.27354315,0.27384776,0.27408487,0.2741798,0.27395907,0.2736817,0.2737481,0.27312735,0.27281526,0.27383724,0.27599165,0.27950996,0.2869624,0.30196568,0.31475854,0.21927084,0.030305892,0.1494092,0.165311,0.1363868,0.4661084,0.41368386,0.32350373,0.08875996,0.18474641,0.20915076,0.1964124,0.19754589,0.1958673,0.19615266,0.19800074,0.2015951,0.2066557,0.21413337,0.21721467,0.21775457,0.21992555,0.22249454,0.22554734,0.22780731,0.22918117,0.23104972,0.23314154,0.23523308,0.23765966,0.23879327,0.23957995,0.23924378,0.23933673,0.23881964,0.23807712,0.23779628,0.2363879,0.23466457,0.23856892,0.24000499,0.23978695,0.23794188,0.23453674,0.2331302,0.23285092,0.22881606,0.2272625,0.22469115,0.22305983,0.2188239,0.21619104,0.21520376,0.21540545,0.2099885,0.20001955,0.19842184,0.19925664,0.19231917,0.19281636,0.19304956,0.17443939,0.16497044,0.14652707,0.13789545,0.11762868,0.04467548
475,QUE_T1.06.I,0.0,0.023,0.977,0.048934843,0.05187173,0.05515954,0.0590245,0.06298531,0.066130556,0.06836158,0.07038468,0.072825186,0.07599314,0.07967785,0.08345675,0.087185204,0.090923905,0.09471403,0.09863697,0.10257027,0.106359035,0.10970509,0.11293162,0.11573153,0.11847907,0.12138983,0.124418184,0.1274596,0.13079062,0.13404444,0.13742627,0.14128672,0.14600322,0.15056452,0.15499137,0.16041875,0.16482773,0.16814798,0.17199078,0.17716394,0.18044606,0.18333794,0.18702085,0.19050992,0.19427261,0.19839662,0.20091459,0.20296444,0.20537765,0.20802574,0.21069038,0.21343856,0.21657392,0.22072104,0.22395791,0.22635055,0.23151873,0.23688002,0.23856121,0.23843934,0.237467,0.23822896,0.23920119,0.23968683,0.24045542,0.24244711,0.24483338,0.24669054,0.2486627,0.2507694,0.25267994,0.25469905,0.25711054,0.2602601,0.26507774,0.27423725,0.2791085,0.277819,0.27735212,0.27364248,0.27183288,0.27241614,0.27337873,0.27432045,0.2755932,0.27645084,0.27725855,0.2783335,0.27980208,0.28167439,0.28325304,0.28373396,0.28480247,0.2867096,0.28888422,0.2910665,0.29442325,0.29774645,0.30553022,0.3044145,0.30290166,0.33941007,0.3472712,0.34522104,0.31470934,0.3003605,0.29202557,0.2896802,0.28361583,0.2798373,0.28230423,0.28241208,0.28020516,0.27880868,0.2796676,0.2812303,0.28292733,0.28478628,0.28663686,0.28866363,0.2907695,0.29249364,0.29383144,0.29536787,0.2967217,0.2975924,0.2984254,0.29931673,0.30004475,0.30040509,0.3005978,0.3008226,0.30122232,0.30161324,0.301792,0.30163833,0.3016766,0.3019745,0.301821,0.30176035,0.30299646,0.3058367,0.30978686,0.31759956,0.33090478,0.3464579,0.24447218,0.3007689,0.61515135,0.58445376,0.1942387,0.30203468,0.39334786,0.5352652,0.4992055,0.34043857,0.28472707,0.25609332,0.24576499,0.24131505,0.23869874,0.23916623,0.24209253,0.24900176,0.25980178,0.2595388,0.25753412,0.2578021,0.26009703,0.26293677,0.26435816,0.26538196,0.26648194,0.26738366,0.26982778,0.27161023,0.27217147,0.27274194,0.27235204,0.27126512,0.27008823,0.2700009,0.2694191,0.2681859,0.26655006,0.26958698,0.27212965,0.27142614,0.268277,0.26640737,0.26443595,0.2626798,0.26099154,0.25909033,0.25624385,0.25327098,0.2545076,0.2523072,0.25251737,0.25317627,0.248467,0.24265069,0.24414605,0.24527006,0.23985556,0.24078424,0.23882179,0.2167594,0.20303664,0.2175459,0.1793966,0.15028717,0.2672283
479,QUE_T1.07.C,0.0,0.4167,0.583,0.05151784,0.05454256,0.057978164,0.0618758,0.06579272,0.069189966,0.07205754,0.07481914,0.07786111,0.08140449,0.08521953,0.08907183,0.09292759,0.09676646,0.10065649,0.10459896,0.108593926,0.11245279,0.11608952,0.119636565,0.123201415,0.12690045,0.13072295,0.13471304,0.13885254,0.14315774,0.14763358,0.15226534,0.15710655,0.16213374,0.1671927,0.17249238,0.17768444,0.18304527,0.18848588,0.19360451,0.1988875,0.20334868,0.20776938,0.21219498,0.2165805,0.22078176,0.2248473,0.22906473,0.23322013,0.2371795,0.24100748,0.2447163,0.24849686,0.25212115,0.25540322,0.2587518,0.26206964,0.26444444,0.26695484,0.27026612,0.27410063,0.27794263,0.2809892,0.28404877,0.28730583,0.29080552,0.29401714,0.29691792,0.2999295,0.3029635,0.30589938,0.30872956,0.3116917,0.31438124,0.31663227,0.3179156,0.31792033,0.31989533,0.32280177,0.32549646,0.32921585,0.33231312,0.334443,0.33675298,0.3389918,0.34143174,0.3442805,0.34729078,0.35018757,0.3531836,0.35585898,0.35838783,0.36080506,0.363108,0.3648326,0.36632374,0.36704308,0.3669591,0.36581507,0.3593807,0.3417659,0.34531152,0.35659215,0.33715886,0.33147326,0.3295522,0.32944173,0.32974055,0.32931858,0.3320512,0.3340914,0.33520916,0.3386014,0.3431999,0.34747726,0.35171884,0.35566443,0.35913652,0.36191362,0.36437148,0.36667132,0.36880246,0.3710109,0.37362272,0.37685332,0.38019532,0.38323656,0.38581,0.3873165,0.38772717,0.38708788,0.38602856,0.38529685,0.38492018,0.38484904,0.38464904,0.38379687,0.38377947,0.38448972,0.38460985,0.38429052,0.3837756,0.38319275,0.38253394,0.37949803,0.37161225,0.35802898,0.34853238,0.2573546,0.4156726,0.36831945,0.43230775,0.35613868,0.25919515,0.25575686,0.22444744,0.23549573,0.28168234,0.29797685,0.3070609,0.31625342,0.3257796,0.33229235,0.33714193,0.3415497,0.34439233,0.34328374,0.33991966,0.3349279,0.32926336,0.32464004,0.32091975,0.31908908,0.3177983,0.31791356,0.31846327,0.3196796,0.3221622,0.32330567,0.3239653,0.32424662,0.32547176,0.32646713,0.3261602,0.326615,0.32818952,0.33122,0.3299774,0.32441717,0.31666413,0.308057,0.30243978,0.30026454,0.30068076,0.29897282,0.29359296,0.28943732,0.28860268,0.29046848,0.2872492,0.2850661,0.28468674,0.28401893,0.28629026,0.2828979,0.2803407,0.27285373,0.2545517,0.2503052,0.24587645,0.22721384,0.21404913,0.118913844,0.018853525
480,QUE_T1.07.D,0.0,0.3485,0.652,0.050257087,0.053317957,0.05681342,0.060824554,0.06483404,0.068251364,0.07112063,0.07388266,0.0769286,0.080536544,0.08444162,0.08838039,0.09233124,0.09626211,0.100240424,0.104296796,0.10841986,0.11240614,0.11608953,0.11969335,0.12329629,0.1270685,0.13098776,0.13504063,0.13924037,0.14361519,0.1481822,0.1528955,0.15783013,0.16296251,0.16805096,0.17340977,0.17862576,0.18406947,0.18960863,0.19482005,0.20024657,0.20467561,0.20916307,0.21362805,0.21801952,0.22225244,0.22628416,0.23050044,0.23471162,0.23865172,0.2424334,0.24612764,0.24988042,0.25348586,0.25664493,0.25984895,0.26312777,0.26540282,0.26765162,0.27086765,0.2744315,0.27823868,0.28149962,0.28430808,0.28575897,0.28686655,0.2898096,0.29275903,0.2954294,0.29805633,0.301245,0.30406454,0.30674893,0.30913693,0.3112543,0.3126375,0.31243518,0.31460747,0.3171814,0.31967717,0.32330757,0.326276,0.32846636,0.3305291,0.33266968,0.33500162,0.33758438,0.34035176,0.34317982,0.34598956,0.3484284,0.35087654,0.3529954,0.35478514,0.35630915,0.35778654,0.35889432,0.3588601,0.3579015,0.35398906,0.35507712,0.35460466,0.35828954,0.32974994,0.3247121,0.31953079,0.32034272,0.32058188,0.3200995,0.32257038,0.3246715,0.32607436,0.3293793,0.3339743,0.3382601,0.34244093,0.34632125,0.34964845,0.35238877,0.35476893,0.35700813,0.35907063,0.36109164,0.36350226,0.36654255,0.36966795,0.37245014,0.37470117,0.37619424,0.3765892,0.37597898,0.37498438,0.37428543,0.37384707,0.37364936,0.37337694,0.37240145,0.37224546,0.37269968,0.3728043,0.37217292,0.37142435,0.37067246,0.36972028,0.36753246,0.36040935,0.35545817,0.47281632,0.54173726,0.30717462,0.6003713,0.98194146,0.6671581,0.4275589,0.60439557,0.5233066,0.35252097,0.28900674,0.28616259,0.29251963,0.30114824,0.3088475,0.31462577,0.31966364,0.32511234,0.32971337,0.32834446,0.3241945,0.3202084,0.3152905,0.31178328,0.30921614,0.30753434,0.30644628,0.30604795,0.30767062,0.30960363,0.3111897,0.311697,0.31172475,0.31240135,0.31401667,0.31439602,0.31365293,0.3138951,0.31493837,0.31782952,0.31849697,0.3123197,0.30472118,0.29696494,0.29203516,0.29131776,0.2903629,0.2883128,0.28550154,0.28248233,0.27776614,0.2782098,0.28023615,0.27909252,0.27945283,0.28419614,0.2872615,0.2833784,0.2780339,0.27797005,0.28125042,0.26327848,0.26810178,0.25561014,0.26509896,0.31141707,0.42204654
481,QUE_T1.07.E,0.0,0.2727,0.727,0.05393319,0.057165813,0.06075804,0.06488182,0.06899813,0.072556905,0.07549662,0.078316465,0.08142923,0.08510882,0.08910817,0.09313981,0.09715712,0.10117326,0.10526013,0.109395,0.113624975,0.1176931,0.12151408,0.12524575,0.12889606,0.1326941,0.13662729,0.14070642,0.14492635,0.14932,0.15389895,0.1586364,0.16360117,0.16880375,0.17395931,0.17931023,0.18465711,0.190083,0.19545998,0.20060931,0.20600481,0.21052925,0.21499622,0.21956104,0.22399932,0.22833228,0.23252003,0.23665118,0.24069335,0.2446223,0.24839237,0.25207585,0.25582126,0.25948912,0.2629607,0.2662526,0.269537,0.27217132,0.27481636,0.2779763,0.28134078,0.28467286,0.28762662,0.2904427,0.29345003,0.29668647,0.29995483,0.30258062,0.30576006,0.30877754,0.31152555,0.31431705,0.31673667,0.31935343,0.32154348,0.32297444,0.32401127,0.32659924,0.329072,0.33137122,0.33434808,0.33672908,0.33872083,0.34063572,0.342771,0.34503192,0.34747246,0.3500553,0.35282478,0.3555779,0.35811597,0.3604387,0.36244744,0.36437717,0.36608055,0.36738804,0.36818156,0.36836532,0.3678477,0.36482593,0.37272912,0.382282,0.35683352,0.3586486,0.35286695,0.33935508,0.33409277,0.3325839,0.3316415,0.33294508,0.3342922,0.3356131,0.33874175,0.3426511,0.34632203,0.35018232,0.35403442,0.35743952,0.36020622,0.36270168,0.36505973,0.36718222,0.36947572,0.37196046,0.3750332,0.37812886,0.3809022,0.38322163,0.38462558,0.38519076,0.38478932,0.38387358,0.38335466,0.38304582,0.38302863,0.3828821,0.38214132,0.38192722,0.3825251,0.38249072,0.3820027,0.3815439,0.38121507,0.38080385,0.37911075,0.37613234,0.36845627,0.4588283,0.40240574,0.25748876,0.6033957,0.94396603,0.6322235,0.40182406,0.4946575,0.51492786,0.32764545,0.28997526,0.29939932,0.30323863,0.3087024,0.31571007,0.32168528,0.32703358,0.33146456,0.3370045,0.3360471,0.33213696,0.32821324,0.32435003,0.3205706,0.3181654,0.31673524,0.31597865,0.31592187,0.31691337,0.31975523,0.32171422,0.3230563,0.3224203,0.32350358,0.32484326,0.32597733,0.32569563,0.32638055,0.326257,0.32965568,0.32814315,0.32394293,0.31746078,0.30988792,0.30511835,0.30337828,0.30335268,0.30211496,0.2976176,0.29347798,0.29125294,0.2903433,0.29008642,0.29198465,0.2897756,0.2908133,0.29109246,0.28561938,0.29086652,0.2920899,0.2719938,0.26223364,0.27070194,0.23718438,0.25551826,0.23830198,0.12926292
485,QUE_T1.07.I,0.0,0.303,0.697,0.05199981,0.05520615,0.058714077,0.06275916,0.06687296,0.070385195,0.07324594,0.07593143,0.078934416,0.08249807,0.086414464,0.09035985,0.094278105,0.09819738,0.10212998,0.106147915,0.11023848,0.11423314,0.117945954,0.12157675,0.12509455,0.12872268,0.13250376,0.13637915,0.14035131,0.14446454,0.14871253,0.15315466,0.1579133,0.1629236,0.16796249,0.17311025,0.17836209,0.18350714,0.1885328,0.19348806,0.19871175,0.2031867,0.20763119,0.212161,0.216539,0.22087099,0.22516035,0.22916222,0.23302819,0.23679866,0.24052137,0.24414867,0.24778578,0.25136697,0.25492582,0.25832495,0.26140818,0.2644547,0.26716843,0.27006063,0.27340737,0.27641642,0.2791048,0.2816536,0.2836746,0.2858345,0.2886788,0.29124257,0.2941461,0.29715487,0.29928374,0.30200508,0.3048419,0.30777183,0.3106589,0.31314963,0.31573507,0.31883618,0.3208196,0.32282323,0.324497,0.3262263,0.3280614,0.33010793,0.3320466,0.33423406,0.33649957,0.33886632,0.34135622,0.3439405,0.3462793,0.34863666,0.35057056,0.35234693,0.35432267,0.3565581,0.35858664,0.3601085,0.36103395,0.36056435,0.36253008,0.37278733,0.3706449,0.3644972,0.35049912,0.3496941,0.34681004,0.34571493,0.3448965,0.3452269,0.34606194,0.34741923,0.3493182,0.35127458,0.35304636,0.35553324,0.35810378,0.36040664,0.36235666,0.3642397,0.366145,0.36776605,0.36953226,0.37147745,0.37389722,0.37627146,0.37840614,0.38019496,0.3813899,0.3818004,0.3815247,0.38088197,0.38029042,0.3799831,0.38007432,0.38005176,0.37955686,0.37965328,0.38050088,0.38102043,0.38132337,0.38189104,0.3827172,0.38326705,0.3840151,0.3818796,0.38208732,0.38038784,0.27846938,0.22584718,0.40935442,0.097029045,0.37870649,0.39877316,0.41865245,0.36947426,0.37660253,0.32407948,0.32398865,0.3273445,0.33378285,0.33847708,0.3418243,0.34607354,0.3496049,0.35340852,0.35197365,0.348017,0.3431882,0.3390856,0.3364224,0.33346277,0.3315449,0.3307746,0.33065698,0.33130857,0.33312774,0.33366188,0.3342785,0.3335219,0.3330862,0.3328978,0.33311167,0.33222297,0.33173993,0.33249378,0.3352336,0.33510417,0.33099714,0.32490778,0.31678715,0.3121632,0.3115953,0.31142795,0.3099734,0.30444735,0.3037555,0.3034329,0.3011021,0.3026363,0.30185485,0.30127135,0.3024811,0.2941661,0.30188343,0.3012063,0.30226204,0.28152296,0.2701183,0.26267558,0.24371059,0.22911982,0.19665445,0.37680402
506,QUE_T1.09.J,0.0,0.2652,0.735,0.057417437,0.060847167,0.064630345,0.068953596,0.073414996,0.077193834,0.08021938,0.08306324,0.086245544,0.0900506,0.09428976,0.09859915,0.102880955,0.107196115,0.11154431,0.11595121,0.120447144,0.12480562,0.12884417,0.13275495,0.1365491,0.14038636,0.14441669,0.14859508,0.15286504,0.1573324,0.16193706,0.16670616,0.1718087,0.17740081,0.18289073,0.18849955,0.19429214,0.19987774,0.20509742,0.21031792,0.21627806,0.22087812,0.22535016,0.23013705,0.23479883,0.23944494,0.244062,0.24819957,0.25216022,0.25610456,0.26000255,0.26381123,0.26765215,0.27150106,0.2754701,0.27910224,0.28242862,0.2857885,0.28912723,0.29240933,0.29541072,0.29804087,0.3010684,0.30370963,0.30697122,0.31063744,0.3138479,0.31665143,0.31971395,0.32294497,0.32597363,0.32897487,0.33210173,0.33520946,0.33820623,0.3412453,0.3451037,0.34875202,0.35085288,0.3526675,0.35388505,0.35547334,0.35744914,0.35971788,0.36183378,0.3642181,0.36669925,0.3692498,0.37195268,0.37477702,0.3776585,0.38037598,0.38241068,0.38450792,0.38669485,0.38913178,0.3912041,0.3929645,0.39405778,0.39445922,0.4087319,0.4133157,0.39983994,0.39722922,0.3996419,0.38678718,0.37937003,0.37685227,0.3761596,0.37591675,0.37607765,0.37776065,0.37971538,0.3815171,0.3832035,0.38594884,0.38893703,0.3915856,0.393808,0.39594188,0.39814886,0.40019622,0.40234077,0.4046077,0.40757707,0.4104628,0.4128788,0.41492617,0.41639978,0.41694376,0.41656363,0.4157771,0.41515246,0.41496432,0.41503978,0.41504005,0.4144914,0.41469994,0.41566494,0.4161928,0.41642073,0.41713488,0.41809,0.41909742,0.42046142,0.42149034,0.42654827,0.4570325,0.250674,0.3110855,0.627365,0.7435184,0.2763816,0.36534268,0.44926763,0.4885731,0.35095012,0.35927463,0.35639477,0.35681197,0.36149544,0.36657998,0.37034452,0.37410924,0.38011265,0.38546214,0.38289768,0.3758909,0.37071243,0.36643797,0.36243963,0.3596768,0.35701722,0.35535762,0.35477427,0.35545763,0.3572229,0.35849148,0.3589178,0.35930967,0.35901397,0.35865387,0.3588382,0.35874957,0.35832438,0.35905543,0.36193398,0.36233893,0.358158,0.34969383,0.34177005,0.33585346,0.33438596,0.3339704,0.33202443,0.32829064,0.3276647,0.32443145,0.3210002,0.31865397,0.32042307,0.32363108,0.32044396,0.32146063,0.31624365,0.3125754,0.30719486,0.29712325,0.28029236,0.27657753,0.27631092,0.25836116,0.27945057,0.15987575
509,QUE_T1.10.C,0.0,0.1364,0.864,0.050537586,0.053559236,0.0569549,0.060991623,0.06511054,0.06862245,0.07141318,0.07404268,0.0770663,0.08072358,0.08478507,0.08889792,0.092967026,0.09698451,0.10104643,0.10516157,0.109311365,0.1133239,0.11701347,0.12053092,0.12391914,0.1274327,0.13107188,0.13485299,0.13868374,0.14263846,0.14667918,0.15099576,0.15581383,0.16121249,0.16655254,0.17199425,0.1775857,0.18289754,0.18795788,0.19303603,0.19893534,0.20333676,0.20762138,0.21226622,0.21676719,0.22122449,0.2256846,0.22964877,0.23341414,0.23714006,0.24082808,0.24441515,0.24805558,0.25178057,0.25552648,0.25908744,0.2623259,0.26586503,0.26949534,0.27256307,0.27534705,0.27787396,0.28069013,0.28308764,0.28513777,0.28710037,0.28987128,0.29223207,0.2949549,0.2978738,0.30052385,0.3033426,0.3058491,0.3085101,0.31106254,0.31330216,0.31683072,0.32016233,0.32168674,0.3234465,0.32492605,0.32651037,0.3283503,0.33033898,0.3323188,0.33460543,0.33668262,0.33894718,0.34116462,0.34351072,0.34588283,0.34807134,0.3494724,0.35104492,0.35282597,0.35450038,0.35612443,0.35727528,0.35798562,0.35745218,0.378884,0.3811089,0.38326478,0.39298764,0.36113054,0.3476871,0.34455007,0.3438797,0.34398904,0.34406942,0.3446505,0.3464664,0.34877184,0.35057497,0.35245186,0.35489488,0.35741735,0.35973772,0.36178133,0.36368167,0.36565313,0.3675002,0.36930266,0.37090814,0.37304956,0.37494323,0.37644222,0.37781906,0.37875015,0.37909174,0.37885758,0.37834802,0.37789404,0.377631,0.37762022,0.37756568,0.3771038,0.37676603,0.37720114,0.37759563,0.37760836,0.3780583,0.3788234,0.37923673,0.37981123,0.37909684,0.3716182,0.48693302,0.27937412,0.21116911,0.4858511,0.63757545,0.34864414,0.36682278,0.59159064,0.30893666,0.3401877,0.3121699,0.30557406,0.30785573,0.31540626,0.3224374,0.32458532,0.32818857,0.33509156,0.34108698,0.34321225,0.3387571,0.3362393,0.33554316,0.33548072,0.33397952,0.33251753,0.33169845,0.33210656,0.33256277,0.33428794,0.33454916,0.3341571,0.33339542,0.33302584,0.33185142,0.33111206,0.33067098,0.33015344,0.33058387,0.3332177,0.3328774,0.32962027,0.3224669,0.31637403,0.31067657,0.3098727,0.3077883,0.30518138,0.30229786,0.30073932,0.29762638,0.2955561,0.29637453,0.29489353,0.2931666,0.29441133,0.29258186,0.28926194,0.28318197,0.29010567,0.27593973,0.26559865,0.24836309,0.24895099,0.2601634,0.26014,0.29264486
510,QUE_T1.10.D,0.0,0.1136,0.886,0.05391844,0.057146948,0.06077162,0.065057054,0.06942249,0.07309818,0.07592207,0.078577936,0.08165577,0.0854571,0.08973381,0.094067276,0.098346725,0.10258531,0.10684443,0.1111866,0.11556197,0.1197848,0.12364351,0.127293,0.13078652,0.13436925,0.13808088,0.14190514,0.14573841,0.14972566,0.15382151,0.15816225,0.16297321,0.16831982,0.17358172,0.17894503,0.1844464,0.18972734,0.19474135,0.1997723,0.20564876,0.20987347,0.21407409,0.2186354,0.22302876,0.22735734,0.23169106,0.23554748,0.23921141,0.24284346,0.2464281,0.24993755,0.25346237,0.25698993,0.2605838,0.2639243,0.26694387,0.27045378,0.2733762,0.27650443,0.27918005,0.2816378,0.2842399,0.2865252,0.28640845,0.2859133,0.2886988,0.29124284,0.29377976,0.29622287,0.29859605,0.3012167,0.30390075,0.30665246,0.3093729,0.31170118,0.31485865,0.31841722,0.3202005,0.32163814,0.32309097,0.32445788,0.32631835,0.32817134,0.33022904,0.33240402,0.3345656,0.33673176,0.3389096,0.34134138,0.34380966,0.3460497,0.3474301,0.34878558,0.35053185,0.35258502,0.35480836,0.3565512,0.35744604,0.35769925,0.371145,0.36419398,0.38122854,0.37579533,0.36061206,0.35116538,0.34559986,0.34509403,0.34539422,0.3457207,0.34611085,0.347663,0.34946543,0.35125983,0.3528602,0.3552006,0.3575446,0.35968778,0.36154544,0.36332077,0.3651417,0.3669142,0.36860764,0.37009743,0.37226546,0.37434956,0.37593013,0.3773645,0.3783155,0.37872925,0.3784657,0.37798557,0.37756392,0.3774592,0.37753472,0.37750074,0.37709078,0.3770602,0.3777088,0.3779037,0.3780876,0.37863624,0.37939247,0.3797896,0.38034052,0.37994552,0.3835087,0.5137434,0.5072448,0.49621144,0.5223845,0.8880908,0.657274,0.39568132,0.53243804,0.5411132,0.363207,0.32910874,0.31792143,0.32381368,0.32967377,0.33143738,0.33488336,0.3389162,0.345999,0.35365364,0.35105765,0.34648997,0.34270346,0.3411785,0.33931687,0.3381649,0.33694413,0.33600783,0.33546647,0.33580226,0.3369586,0.33819917,0.33810765,0.3362397,0.33526713,0.33397081,0.33364245,0.3325932,0.33163616,0.33048898,0.33456513,0.3354113,0.3326592,0.32703745,0.32080594,0.31601232,0.31459135,0.3126861,0.3112248,0.3064505,0.30385664,0.30297178,0.30421275,0.30582315,0.30315155,0.30123544,0.3042065,0.30745098,0.30512196,0.30457392,0.29719675,0.2880728,0.28307843,0.29407346,0.27770397,0.2921741,0.3302522,0.3081626
513,QUE_T1.10.G,0.0,0.2273,0.773,0.051988814,0.055107817,0.058544714,0.06258253,0.0667488,0.07019261,0.072837904,0.07530655,0.07819304,0.08175275,0.08574473,0.08975617,0.09374877,0.097764686,0.101796165,0.10587225,0.110018715,0.11402733,0.11769756,0.121189654,0.124537185,0.12792665,0.13145898,0.13511129,0.1388433,0.14271763,0.14673543,0.15095554,0.15559806,0.16076389,0.16583382,0.17102079,0.17625469,0.18131368,0.1862054,0.19102038,0.19656983,0.2007174,0.20473127,0.20904174,0.21323398,0.21734142,0.2214374,0.2251449,0.22870584,0.23217686,0.23559351,0.23886913,0.2422548,0.24561313,0.24890468,0.25199002,0.2549854,0.25735712,0.2600465,0.26269713,0.26580194,0.26880696,0.271184,0.273486,0.27632535,0.27973127,0.28203797,0.28481257,0.28761473,0.2902701,0.2928901,0.29565683,0.29818046,0.3004496,0.30285704,0.30501512,0.30762312,0.31058672,0.31243414,0.31389445,0.31555673,0.31730244,0.31918555,0.3211656,0.32306927,0.32508013,0.32727504,0.3295197,0.33184367,0.33433434,0.33679911,0.3390514,0.34065107,0.34231612,0.34396094,0.34541157,0.34651694,0.34728038,0.34725714,0.34582078,0.34983265,0.37016445,0.34477806,0.35285118,0.33428645,0.3288869,0.32256553,0.32095203,0.32018197,0.32062674,0.32115224,0.32282326,0.3254035,0.32819396,0.3306516,0.33380944,0.33698365,0.33993068,0.34236667,0.34460643,0.34684935,0.34901375,0.3510811,0.35312983,0.3557395,0.3583603,0.36041972,0.36226928,0.3636029,0.36410013,0.3637509,0.36318037,0.3628104,0.3625998,0.36244783,0.36247477,0.361917,0.36162597,0.3619949,0.36187464,0.36164367,0.36160478,0.36166555,0.36184677,0.3622138,0.36349386,0.35739306,0.46339536,0.62851346,0.27844763,0.47237578,0.9051075,0.53779083,0.32138777,0.3729943,0.58062905,0.32507044,0.27794915,0.28774488,0.28503153,0.29305056,0.29812154,0.30172804,0.3073866,0.31399155,0.3217902,0.32007444,0.31599838,0.31263658,0.3097907,0.30830312,0.30688092,0.306066,0.3053965,0.3049896,0.3069911,0.30877078,0.30987483,0.3102863,0.31043243,0.31033856,0.31048915,0.31047353,0.3103488,0.30891243,0.3087749,0.31186834,0.31245983,0.309654,0.3044049,0.2970968,0.29213423,0.29236436,0.29041067,0.28807673,0.28509414,0.28133798,0.28056902,0.27806854,0.2791476,0.2791144,0.27574894,0.2764895,0.27388135,0.27254486,0.27321061,0.26981792,0.25200468,0.25521594,0.23153621,0.22674336,0.23725918,0.16902512,0.2790981
521,QUE_T1.11.E,0.0,0.2197,0.78,0.06749773,0.07175595,0.07634269,0.08150306,0.08666528,0.09093965,0.09423837,0.09720367,0.10056009,0.10467981,0.10942047,0.1143842,0.11935664,0.124324195,0.12921801,0.13412637,0.1390336,0.14363965,0.14778587,0.15173867,0.15553492,0.1592887,0.16315901,0.16722701,0.17138027,0.17564774,0.17989698,0.18413517,0.18894742,0.19485766,0.2013592,0.2076466,0.21378894,0.21980591,0.22553465,0.23084685,0.2361661,0.24041095,0.24466518,0.24895032,0.25301346,0.2570175,0.26089334,0.26453185,0.2680001,0.27138242,0.2746644,0.27791873,0.28117698,0.28438202,0.28759536,0.2904794,0.29320785,0.2954513,0.29708335,0.29965794,0.30228534,0.30518183,0.3075761,0.31009924,0.31320202,0.3163269,0.3189719,0.32181567,0.3248386,0.32745212,0.33019665,0.3327619,0.3355118,0.33831897,0.34116393,0.34358034,0.3457376,0.34787625,0.3497739,0.35150173,0.35399166,0.35612842,0.3580218,0.36017504,0.3622745,0.3645469,0.367052,0.3695727,0.37223363,0.3749431,0.37749913,0.37985796,0.38197604,0.38405722,0.38591686,0.387539,0.38885808,0.3897727,0.3902027,0.38913572,0.38993707,0.38896793,0.39093295,0.3800135,0.37650436,0.37223873,0.36820716,0.36693263,0.36669385,0.36781934,0.3693093,0.37092683,0.3733277,0.37645552,0.3794988,0.38261688,0.385835,0.38873222,0.39109528,0.39324367,0.39535007,0.39731985,0.39927465,0.40182036,0.40477565,0.4077922,0.41044408,0.41262212,0.41429895,0.41520777,0.41528416,0.41475016,0.41424406,0.41400248,0.41379225,0.4136298,0.41294846,0.41292465,0.41388747,0.4144569,0.41449013,0.4146423,0.41490233,0.41526392,0.414928,0.41179627,0.40240383,0.4099953,0.33751482,0.20865344,0.083841376,0.17881626,0.3450066,0.44467103,0.4130823,0.32298836,0.3339689,0.34440425,0.3432254,0.35641697,0.36565763,0.37443307,0.3788736,0.38305277,0.38507283,0.38654816,0.38537577,0.38017103,0.37481567,0.36883378,0.36341023,0.36035654,0.35794723,0.3572259,0.3573751,0.35797486,0.35933897,0.3617237,0.36206675,0.36241,0.36397272,0.36443317,0.36392894,0.36495084,0.36452183,0.36459672,0.36817077,0.368029,0.3632785,0.35603994,0.3484962,0.34359172,0.3423183,0.34162408,0.33833823,0.33484393,0.3315949,0.33034036,0.3271241,0.32779178,0.327349,0.3274738,0.3286789,0.32439876,0.32451522,0.31757447,0.31492367,0.31728172,0.29005352,0.278898,0.2751504,0.27403596,0.24518253,0.11739765
528,QUE_T1.12.B,0.0,0.2424,0.758,0.06628306,0.07023701,0.074611254,0.079591155,0.08460771,0.08873834,0.09194975,0.09485834,0.09818667,0.10239143,0.10726826,0.11242313,0.117689766,0.12299768,0.12828895,0.13357092,0.13876411,0.1434153,0.14746718,0.15122719,0.15488794,0.1583787,0.16182783,0.16552252,0.16921808,0.17264976,0.17609562,0.17935142,0.18375905,0.19068153,0.19908327,0.20686604,0.21330176,0.21983996,0.22637123,0.23207138,0.23763902,0.2419467,0.24614042,0.25029725,0.2543236,0.2580931,0.26150236,0.26550648,0.26951155,0.2731102,0.27649346,0.27980933,0.28315172,0.28618878,0.2886605,0.2911952,0.29418516,0.29489672,0.29572448,0.29855248,0.30240008,0.30706945,0.3103718,0.3137409,0.31527302,0.31644398,0.31921795,0.32181582,0.32481477,0.32735273,0.32976136,0.33237374,0.33439058,0.33658144,0.3382788,0.33841816,0.3359679,0.33687547,0.34022424,0.34274724,0.347983,0.35172018,0.35407045,0.3562488,0.35847902,0.36095694,0.36369765,0.36648402,0.3691453,0.37164158,0.37406427,0.37617785,0.37772524,0.3791647,0.38004717,0.38059327,0.380791,0.37978035,0.3779234,0.37070617,0.36365503,0.32946262,0.33232844,0.32768664,0.3304645,0.3350696,0.34217846,0.34667265,0.34792525,0.35263535,0.35661414,0.35781312,0.3618244,0.3680523,0.37363186,0.37792197,0.3817371,0.38507193,0.38765556,0.38990772,0.39207953,0.39401686,0.39599404,0.39830932,0.40097973,0.4034643,0.40568987,0.40772095,0.4093316,0.41036817,0.4105969,0.41039103,0.41005185,0.4097121,0.40948957,0.40913975,0.4081035,0.40764046,0.40804425,0.40832752,0.40786496,0.4070097,0.40567648,0.4037063,0.39848128,0.38861325,0.38100973,0.5008959,0.66756713,0.24824548,0.29468971,0.2624596,0.4081045,0.39487174,0.34061718,0.3948457,0.28074932,0.30624095,0.30846864,0.3228675,0.33666447,0.3477925,0.35402578,0.3602467,0.3648099,0.37066263,0.37041107,0.36909628,0.36606348,0.3622789,0.35957155,0.35839963,0.35617715,0.35606027,0.3563359,0.356759,0.3578254,0.35884902,0.35958695,0.35766068,0.35761693,0.3575999,0.35838807,0.35820362,0.35892963,0.35935596,0.3631584,0.3646612,0.36142477,0.35555327,0.35026237,0.34484255,0.34179097,0.34049726,0.33664778,0.33208013,0.3324194,0.3303576,0.32491127,0.3245616,0.32664067,0.32499757,0.318371,0.31717673,0.32340863,0.31095338,0.29634053,0.29372457,0.29572606,0.28653428,0.29111105,0.2838743,0.23507921,0.24230434
529,QUE_T1.12.C,0.0,0.2045,0.795,0.06514487,0.06905681,0.07336729,0.07825895,0.083247684,0.08729957,0.09039899,0.09316897,0.09641407,0.10047811,0.10514779,0.11006573,0.11506746,0.12005619,0.12501352,0.1300081,0.13493624,0.13945562,0.14343132,0.14715333,0.15075244,0.15423219,0.15771161,0.16140461,0.16509345,0.1686344,0.1722607,0.17581382,0.1802597,0.18648252,0.19367214,0.20048645,0.20648035,0.21259661,0.21864365,0.22404782,0.22942719,0.23369217,0.2378528,0.24203128,0.24606115,0.24989137,0.25346088,0.25730297,0.26111102,0.26470745,0.26805976,0.27137488,0.2747126,0.27779812,0.2804209,0.28311664,0.28610125,0.28700927,0.2878191,0.2909989,0.2946171,0.29881454,0.30159864,0.3049994,0.30934525,0.31377658,0.31666198,0.31955624,0.32260963,0.32537475,0.32818267,0.33089805,0.33335155,0.3354289,0.33685446,0.3375131,0.3366287,0.33793974,0.34085745,0.34344634,0.3479286,0.35119873,0.35346824,0.35574016,0.35782695,0.3602067,0.3628105,0.36549592,0.36818415,0.37070403,0.3731375,0.3752453,0.3770101,0.37874794,0.38010922,0.38077593,0.3808386,0.38002142,0.37866133,0.37310618,0.3678346,0.36070558,0.34250113,0.33110917,0.33510035,0.34292006,0.3483777,0.3511536,0.35176012,0.3552972,0.35843065,0.35942614,0.36277834,0.3679683,0.3726459,0.37647086,0.38010812,0.38326454,0.38583058,0.3880645,0.39015138,0.39201885,0.39394385,0.3963805,0.39919722,0.40188336,0.40423355,0.40638524,0.4080728,0.40916136,0.40937728,0.40910348,0.40870264,0.4084287,0.40823498,0.40783134,0.40696415,0.40666208,0.40719017,0.40749013,0.40717354,0.4065626,0.40569997,0.40437147,0.4001652,0.39419064,0.3858454,0.34268633,0.20640038,0.3693478,0.38140836,0.39325055,0.38615805,0.39399678,0.2749736,0.16528983,0.28512338,0.30847102,0.3211328,0.32893535,0.34084657,0.34810984,0.35315147,0.35869575,0.36337003,0.36732754,0.3670267,0.3639124,0.36001766,0.35599613,0.35307294,0.35186002,0.34908712,0.3478795,0.34695137,0.34704283,0.34808692,0.34915778,0.34892562,0.34747022,0.34706637,0.34827375,0.34920958,0.34988973,0.3504824,0.351974,0.35544136,0.35620743,0.35408884,0.34833884,0.34324688,0.3390784,0.33815452,0.33702755,0.33180124,0.32774213,0.32656756,0.32523087,0.32416892,0.32345912,0.32041004,0.32371345,0.32030746,0.31657195,0.31788346,0.30890682,0.29974476,0.30085328,0.30919048,0.2947958,0.265658,0.27240187,0.28701645,0.2525645
531,QUE_T1.12.E,0.0,0.3333,0.667,0.0689259,0.073226705,0.077805385,0.08299134,0.088219784,0.092531025,0.09576828,0.09864957,0.10198387,0.10617552,0.11102987,0.11611898,0.12122573,0.12634377,0.13138872,0.13640156,0.14137883,0.14593492,0.14999273,0.15380555,0.15748319,0.16108921,0.16472022,0.16857548,0.17249529,0.17638354,0.18027748,0.18412024,0.18869378,0.19474086,0.20167513,0.20828433,0.21436976,0.22045526,0.22644763,0.2318815,0.2372896,0.24162707,0.24580035,0.25003448,0.25414398,0.25807625,0.26182404,0.2656542,0.2694019,0.27294344,0.27635813,0.27966207,0.2830458,0.28622076,0.28914368,0.2921193,0.295121,0.29647243,0.29786077,0.30080414,0.30409113,0.30796316,0.3108307,0.3140518,0.31846553,0.323839,0.3265727,0.32943892,0.33277595,0.33553672,0.33834213,0.3412895,0.34402454,0.34643435,0.3484614,0.34982815,0.35014865,0.3516954,0.35470286,0.35703442,0.36083567,0.36386067,0.36616555,0.36846364,0.37073022,0.37317827,0.3757439,0.37847862,0.38128257,0.38403937,0.386619,0.38892323,0.39079562,0.39296558,0.3946007,0.39565825,0.39608014,0.3956978,0.39456096,0.39073107,0.40324113,0.4038707,0.3859086,0.3704061,0.3627793,0.3647103,0.368814,0.3706698,0.37131083,0.374386,0.3769319,0.37819812,0.38131452,0.3857448,0.389885,0.39350554,0.39705998,0.40020168,0.4026503,0.40488777,0.40693498,0.40895787,0.4109909,0.41335714,0.41623294,0.41900444,0.4214998,0.42375037,0.42548257,0.42645746,0.42640936,0.42584902,0.42550197,0.42539763,0.42530125,0.425162,0.424492,0.42439684,0.42516392,0.42566654,0.4254512,0.42501098,0.4244128,0.42355844,0.4215258,0.41591996,0.40990505,0.528358,0.7687504,0.38548976,0.6998199,0.8263911,0.5598699,0.46278018,0.41238204,0.46204618,0.35652065,0.35507065,0.3545752,0.36673903,0.374594,0.38358185,0.38842118,0.39262056,0.39642,0.40005597,0.39944452,0.3939794,0.38900745,0.38393536,0.37974504,0.3775752,0.37510934,0.3736189,0.37397775,0.3747949,0.37648278,0.37828317,0.37899622,0.3784219,0.3785516,0.37913233,0.379789,0.37961102,0.37839493,0.3788665,0.38241473,0.38246772,0.3788902,0.37262207,0.36449218,0.35980824,0.3585849,0.35838288,0.35548183,0.3515845,0.34968883,0.34770712,0.3444174,0.34380385,0.34522304,0.3452544,0.34619445,0.3491278,0.34470484,0.33794996,0.3282781,0.32902232,0.3260238,0.29922602,0.30123657,0.30733863,0.32963172,0.27992907
558,QUE_T2.01.B,0.0,0.8333,0.167,0.059121363,0.06251823,0.066277295,0.070439145,0.07471822,0.07854473,0.08185121,0.08501669,0.08836488,0.092130005,0.09615233,0.10022812,0.10436699,0.108530715,0.11267088,0.116852716,0.12108404,0.12514478,0.12897836,0.13286044,0.1367553,0.14071916,0.1448475,0.14910485,0.153526,0.15803422,0.16269328,0.16737893,0.17230266,0.17762682,0.1834568,0.18931541,0.19489303,0.20073013,0.20647432,0.21189727,0.21675885,0.22217166,0.22727804,0.23218808,0.23703772,0.2417407,0.24628597,0.25099832,0.25565866,0.2600241,0.26433414,0.26851404,0.2727548,0.27685273,0.2804406,0.28396,0.28763124,0.28856373,0.29017425,0.2943203,0.2992106,0.30421537,0.30787292,0.31175378,0.31628725,0.32120082,0.3248733,0.3288509,0.3327477,0.33637398,0.33951375,0.34302646,0.34636575,0.349816,0.3524315,0.35450816,0.35545644,0.35844392,0.36186844,0.36500597,0.36903253,0.3722135,0.37480316,0.37720358,0.37973487,0.38254836,0.38586313,0.38940415,0.3931541,0.39667577,0.39985818,0.40302014,0.40640822,0.40972465,0.4125069,0.41462204,0.41633543,0.41668865,0.41592562,0.4112678,0.41253576,0.450044,0.40691993,0.38923916,0.38544545,0.3826845,0.37535635,0.37077147,0.36936927,0.37162036,0.37370375,0.37503046,0.3781098,0.38308185,0.38807997,0.39309457,0.39799696,0.40219685,0.40555173,0.40843022,0.411066,0.41372052,0.4164548,0.4200735,0.42438635,0.42925754,0.43389902,0.43745863,0.43967855,0.44014746,0.43880153,0.43681377,0.43549916,0.43460405,0.43411312,0.43370137,0.4321556,0.43224367,0.43394476,0.43475962,0.43456668,0.43414444,0.43385458,0.43327612,0.4308053,0.42638692,0.42443475,0.36274487,0.21825846,0.4271588,0.7827285,0.5317056,0.59669936,0.3456922,0.20847315,0.4335585,0.33339176,0.32736796,0.35090402,0.36618286,0.3752381,0.38323507,0.39012668,0.39457956,0.3952785,0.39337155,0.38768923,0.38107622,0.3717708,0.3603465,0.35197595,0.34560165,0.34104723,0.3396453,0.33926755,0.34077016,0.3425128,0.34515956,0.34765399,0.3492838,0.3513791,0.3539242,0.3563036,0.35879588,0.36043844,0.36127472,0.36260536,0.36120817,0.3529085,0.3407577,0.32989863,0.32268447,0.3195968,0.32039404,0.31740546,0.31230572,0.30915618,0.30798885,0.30742863,0.3053869,0.3057142,0.3057762,0.30941868,0.3064999,0.30462003,0.29543394,0.29690433,0.2847102,0.26630074,0.26780632,0.27710336,0.23396114,0.20268987,0.11870072
563,QUE_T2.01.G,0.0,0.7727,0.227,0.05504423,0.058059197,0.06132952,0.06504722,0.06891964,0.07232183,0.07520062,0.077902675,0.08080329,0.08416517,0.08779112,0.09149177,0.0952272,0.0989962,0.10277983,0.10660917,0.11044018,0.11415185,0.11762808,0.12114376,0.12463238,0.12822133,0.13195248,0.13575386,0.13970132,0.14370006,0.14784694,0.15204372,0.15646875,0.16124833,0.16657446,0.1717701,0.1766811,0.18177113,0.18689306,0.19169787,0.19586042,0.2007183,0.2053985,0.20973177,0.2139639,0.21805145,0.22202547,0.22610892,0.23009361,0.23383889,0.23751183,0.24106364,0.2446469,0.24810894,0.25099787,0.25383985,0.25683442,0.25724083,0.25771007,0.2612556,0.26588348,0.2704953,0.27390063,0.27701607,0.27984902,0.28318775,0.28631732,0.28988543,0.29304972,0.29604527,0.2991438,0.30239606,0.30573216,0.30907077,0.3122073,0.31451097,0.31599474,0.31896505,0.3217824,0.3243102,0.3274777,0.33029354,0.332621,0.33493343,0.33733737,0.3402011,0.34320447,0.34658477,0.3500804,0.35348624,0.35637954,0.35947463,0.3626776,0.365898,0.36877224,0.3716246,0.37403858,0.37524867,0.37518486,0.3729692,0.39007077,0.40871215,0.38648245,0.36551,0.3600614,0.3498131,0.34214503,0.33768198,0.336176,0.3380391,0.3397389,0.34104,0.34380564,0.34775233,0.3518559,0.35624558,0.36051446,0.36419243,0.36724916,0.3698013,0.37225825,0.37454736,0.37703934,0.38028702,0.38416508,0.38874042,0.3930089,0.39624667,0.39829051,0.3988683,0.39775938,0.39594215,0.3946579,0.39387986,0.39332756,0.39293358,0.39156833,0.3917989,0.3932514,0.39423507,0.39408538,0.39384884,0.3940689,0.39381713,0.39262852,0.38766053,0.39071792,0.3844524,0.5818578,0.65666103,0.8717969,0.62470394,0.46644577,0.4492574,0.29749033,0.37980652,0.30724463,0.33181033,0.33229265,0.33475488,0.3438238,0.35063106,0.35664752,0.36032167,0.36026272,0.35763255,0.3525871,0.3461012,0.33742133,0.32679412,0.3184973,0.31399107,0.30973682,0.307441,0.30664545,0.30831748,0.30944166,0.3120169,0.3145591,0.316071,0.3181136,0.31985593,0.32228684,0.32464033,0.32632893,0.3268588,0.32803872,0.32553703,0.3190685,0.30711085,0.29753178,0.2904545,0.28766277,0.28855762,0.2867248,0.28189087,0.27932638,0.27736825,0.2760131,0.27671137,0.2800359,0.28070435,0.28017387,0.27662,0.27892944,0.2699984,0.282606,0.2714839,0.2607274,0.26535514,0.23642518,0.2556757,0.27954572,0.42150608
564,QUE_T2.01.H,0.0,0.7955,0.205,0.05304269,0.056017317,0.05919329,0.06277001,0.06652912,0.06984233,0.07260864,0.075198665,0.07798563,0.08121931,0.08470987,0.08824901,0.091846384,0.095502526,0.09915071,0.102842614,0.106518336,0.110059105,0.1134418,0.116841614,0.12018777,0.12362114,0.12718312,0.13083613,0.13463718,0.13849674,0.14248952,0.14653456,0.15079485,0.15540741,0.16057599,0.1656391,0.17041734,0.17541133,0.18041636,0.18509088,0.18900244,0.19383426,0.19833173,0.20250985,0.2066138,0.21055888,0.2143807,0.2183364,0.22223285,0.22586915,0.22940719,0.23283793,0.23630306,0.2396702,0.24232967,0.24512991,0.24811591,0.24809362,0.24869776,0.25224552,0.25682205,0.26151985,0.2646345,0.2678628,0.27357447,0.28021327,0.28356594,0.2867107,0.28998595,0.293179,0.29630277,0.29941437,0.30270007,0.30564386,0.3081046,0.31009683,0.311339,0.3137585,0.31719688,0.319786,0.32332748,0.32620302,0.32856756,0.33077958,0.33306888,0.3357026,0.3387085,0.34193256,0.34541047,0.3486843,0.35152557,0.35451925,0.35774055,0.3610186,0.36389235,0.36611125,0.36773252,0.3682183,0.36762702,0.36321643,0.3509992,0.3293043,0.36265707,0.34832996,0.34277526,0.3401581,0.33494747,0.33171082,0.33019552,0.3321488,0.33343318,0.33442047,0.33720857,0.3412436,0.34527552,0.3497549,0.3540427,0.3577986,0.36072475,0.3633746,0.36579803,0.36803988,0.37060675,0.37399212,0.3778945,0.382456,0.38684878,0.39035234,0.39264122,0.3932754,0.3923389,0.39080805,0.3896271,0.38882348,0.38827792,0.3879368,0.3867747,0.38711995,0.38866204,0.38929912,0.38908967,0.38884196,0.38902453,0.38892066,0.38740012,0.38371113,0.37214223,0.4297449,0.67513245,0.51486814,0.5283078,0.4197569,0.31873193,0.46340638,0.61078525,0.5698682,0.33885068,0.33004284,0.324088,0.3314182,0.3381351,0.3449154,0.35168657,0.35475543,0.3544958,0.3511157,0.3467797,0.34175634,0.33267227,0.3225851,0.31322742,0.30867085,0.30528083,0.30255696,0.30150837,0.30312452,0.30481982,0.3075514,0.30999005,0.31138688,0.31303442,0.3159525,0.31787696,0.32057765,0.321886,0.3236105,0.32450715,0.3230658,0.31593272,0.30411726,0.29369155,0.28726104,0.2845679,0.2845866,0.282775,0.27916196,0.27777106,0.27351874,0.27124417,0.274419,0.2753616,0.2737248,0.27560472,0.27492508,0.2698454,0.26611575,0.2709538,0.27306268,0.25163296,0.2323386,0.21942894,0.18487595,0.10641282,0.10833035
567,QUE_T2.02.A,0.0,0.8939,0.106,0.046262957,0.048970964,0.052143186,0.055690173,0.059261985,0.06250947,0.06550236,0.06841399,0.07138788,0.074591175,0.07788064,0.081193164,0.084522255,0.08787751,0.09124084,0.09470036,0.098230764,0.10170356,0.105080195,0.10870535,0.112405404,0.11630438,0.12046865,0.12485249,0.12947296,0.13428651,0.13921471,0.14419946,0.14948039,0.15531474,0.161699,0.16815494,0.1746631,0.18091735,0.18684362,0.1926589,0.19827619,0.20408171,0.20973806,0.2152546,0.22066814,0.22613814,0.23158205,0.23650065,0.24115588,0.24569376,0.25011694,0.25446016,0.25911546,0.26404548,0.26873353,0.27269152,0.27645662,0.2794003,0.28236353,0.28543574,0.2883206,0.29125887,0.2944801,0.29767743,0.30025807,0.30376986,0.30811957,0.31234628,0.31616628,0.320046,0.32363707,0.32734907,0.3309235,0.3342977,0.33798817,0.34133983,0.34496146,0.34744853,0.34680456,0.345153,0.3447038,0.34579048,0.34765372,0.349669,0.35204363,0.35503763,0.35829505,0.3618679,0.36565733,0.36940104,0.37266058,0.37567684,0.37833327,0.38051304,0.3817069,0.38154274,0.3799669,0.3767508,0.37254196,0.3675578,0.36004475,0.33181554,0.34535074,0.32880563,0.29978484,0.27070084,0.25605002,0.24976997,0.24631913,0.2448767,0.24521321,0.24791539,0.25286466,0.25892863,0.26520842,0.2722969,0.27960774,0.28656808,0.2930514,0.2992204,0.3049528,0.31022742,0.31535688,0.32054812,0.32606572,0.3318096,0.33723128,0.3416462,0.34485602,0.34675848,0.34720019,0.34674898,0.3465054,0.346091,0.34558928,0.34430596,0.34192064,0.34005094,0.33809415,0.33487326,0.33100238,0.32786676,0.3261938,0.32583073,0.326643,0.32796144,0.33221176,0.24862053,0.26372504,0.58903825,0.47864988,0.30280554,0.0777668,0.15231296,0.4032876,0.3415732,0.13089056,0.15726618,0.15846999,0.17097685,0.17582496,0.1835358,0.19061919,0.19686234,0.20112355,0.20889854,0.212577,0.21498269,0.21550201,0.21456844,0.21366283,0.21354099,0.21414484,0.21596324,0.21745878,0.2204102,0.22342402,0.22736205,0.23052487,0.23267712,0.23685837,0.23980775,0.24300826,0.2451249,0.24549575,0.24669306,0.2476189,0.24529639,0.2390734,0.23151971,0.22519833,0.21955103,0.2175975,0.21663675,0.21363851,0.20994912,0.20526361,0.20073912,0.19714168,0.19754024,0.19581355,0.19564202,0.1893861,0.18724482,0.17843667,0.17979202,0.16884863,0.16316676,0.16291499,0.15206523,0.14467154,0.15128234,0.155057,0.116020516
587,QUE_T2.04.A,0.0,0.6136,0.386,0.060652893,0.064319655,0.06834991,0.07294097,0.07755956,0.08152288,0.08482038,0.08798993,0.09140626,0.09536728,0.09964378,0.10392411,0.1082209,0.11246778,0.11675229,0.12111557,0.1255628,0.12984242,0.13381857,0.13762815,0.14148863,0.14552942,0.14967136,0.15386555,0.15826307,0.1626817,0.16742088,0.1721637,0.17702606,0.18195385,0.18712977,0.19236073,0.1967269,0.20192471,0.2076115,0.2126313,0.21684058,0.22206016,0.22672896,0.23103859,0.23536254,0.23919638,0.2427964,0.24736986,0.25208154,0.25618896,0.26009163,0.26392236,0.26767913,0.2708675,0.27328822,0.2762867,0.27965593,0.27920753,0.28029898,0.28425717,0.28976163,0.2954442,0.2995987,0.30384582,0.30579683,0.3070174,0.30982563,0.31302342,0.31625062,0.3188601,0.3221433,0.32491446,0.32760867,0.3299601,0.33126995,0.3303857,0.32596263,0.32693577,0.3315575,0.33531886,0.34217152,0.3470195,0.34992304,0.35223886,0.3544646,0.35701555,0.36002332,0.36328462,0.3665993,0.36940047,0.37159532,0.3739413,0.37670636,0.37901607,0.38032734,0.38061842,0.3805126,0.37822297,0.3746824,0.36345115,0.37473992,0.37436998,0.33277595,0.3138866,0.307625,0.31524608,0.32038686,0.32422283,0.32453334,0.33088106,0.33527064,0.3359557,0.34077424,0.34849554,0.3556193,0.36111885,0.36602288,0.37008318,0.37318727,0.3757688,0.3779464,0.3797564,0.38185936,0.3848349,0.3880046,0.39150298,0.3950604,0.39762658,0.39928362,0.39963546,0.3987231,0.3972353,0.39637947,0.3958896,0.39522007,0.39465314,0.39340755,0.39300382,0.39386556,0.39398322,0.39287022,0.39090052,0.3885616,0.38482484,0.37707573,0.3651925,0.3450983,0.46783498,0.4990366,0.22109503,0.5469594,0.16231778,0.3785605,0.4209049,0.37266135,0.15898746,0.2867087,0.28225115,0.2930412,0.30540535,0.31892082,0.33231217,0.34017056,0.3456902,0.34640664,0.34620818,0.34746492,0.34589994,0.34009004,0.33277228,0.3270471,0.3238918,0.32211506,0.32123992,0.32051933,0.32204568,0.32395533,0.32624555,0.32804254,0.3288174,0.3299369,0.33137366,0.3329364,0.33276147,0.33338964,0.3335412,0.33603492,0.33550245,0.32966366,0.3211663,0.31241485,0.3063945,0.30516776,0.3036075,0.30284554,0.29685897,0.29264858,0.29211816,0.28680453,0.28687602,0.28859177,0.2878426,0.28498748,0.28421926,0.27999485,0.28593877,0.2751384,0.27560088,0.26121685,0.25855848,0.23944066,0.21540685,0.15902553,0.12591094
601,QUE_T2.06.E,0.0,0.0,1.0,0.050878987,0.05386744,0.057287928,0.06131616,0.06542677,0.06864423,0.07091617,0.07296664,0.07549028,0.07882922,0.08271762,0.08670681,0.09063066,0.09453756,0.09849504,0.10255041,0.10659658,0.11044702,0.11380138,0.11703193,0.11984022,0.122597344,0.12548518,0.12851271,0.13155708,0.1348399,0.13806851,0.14136979,0.14517869,0.14991951,0.15456393,0.15905762,0.1643674,0.16866025,0.17195266,0.1757047,0.18078394,0.1839153,0.18676719,0.19036156,0.19374926,0.1973718,0.2013562,0.20381041,0.20586248,0.20824085,0.21082619,0.21339795,0.2161278,0.21924922,0.22335202,0.22644657,0.22865583,0.2342903,0.23947498,0.24112928,0.24094838,0.2403173,0.24096948,0.24190643,0.24016307,0.23821397,0.23987514,0.24173354,0.2436334,0.2456201,0.24734798,0.24924476,0.25102952,0.25327244,0.2564391,0.26091763,0.26919246,0.2736886,0.27269357,0.2724299,0.26941928,0.26798582,0.26855657,0.2695317,0.27060732,0.2717323,0.2725214,0.27332473,0.27429426,0.2756496,0.27741376,0.27888042,0.2791941,0.28000197,0.28157872,0.28375775,0.2863195,0.2897661,0.29324687,0.3005809,0.3226364,0.3507215,0.3572463,0.3531618,0.29991293,0.2534431,0.2564162,0.26098657,0.26254696,0.26626238,0.26906937,0.2700791,0.27323842,0.27744228,0.2812058,0.2839789,0.28624284,0.28827375,0.2900347,0.29148117,0.2927476,0.29388025,0.29496035,0.2961118,0.29700145,0.2979256,0.29882225,0.2994484,0.29989275,0.30020162,0.30048475,0.30064276,0.30081502,0.30089992,0.30094665,0.30092475,0.30061084,0.300265,0.3002387,0.30007216,0.29933825,0.29850775,0.29735738,0.29592407,0.29225048,0.28662035,0.28193128,0.46009222,0.44468218,0.43806913,0.67220205,0.608587,0.5019943,0.34916338,0.65616834,0.41346797,0.19554538,0.22701296,0.23280898,0.2366997,0.24564432,0.2529163,0.2577648,0.26153284,0.2639084,0.26732165,0.27068564,0.27387983,0.27391952,0.2738528,0.27435648,0.27613577,0.2775914,0.2781551,0.27933368,0.28025222,0.28162074,0.28284574,0.28239492,0.28134373,0.2790301,0.2772083,0.27651566,0.27488005,0.27362353,0.27276897,0.27644888,0.27858016,0.27698106,0.2761805,0.27274916,0.26997587,0.269886,0.26597607,0.26580942,0.26323625,0.25994906,0.26068446,0.25714043,0.2575324,0.25419232,0.25249156,0.25323644,0.2514398,0.24703126,0.24139749,0.23667705,0.22705813,0.22118823,0.22015788,0.22046886,0.21605633,0.18359953,0.16190934
613,QUE_T2.08.G,0.0,0.2154,0.785,0.054258008,0.05751069,0.06110496,0.065332204,0.069680884,0.07330181,0.07614099,0.07881158,0.08181298,0.08547296,0.089538,0.09367166,0.09776928,0.10182559,0.10591634,0.110075094,0.114289396,0.11835434,0.12212648,0.12574564,0.12917814,0.13271318,0.13635382,0.14008854,0.1439454,0.14786898,0.15195312,0.1561991,0.1607508,0.16555558,0.17052028,0.17551991,0.18030727,0.18525225,0.19022493,0.19491288,0.19938692,0.20389295,0.20820886,0.21230562,0.21640363,0.22023773,0.2238967,0.22773129,0.23147494,0.23494163,0.23834227,0.24173434,0.24501762,0.24813029,0.25102907,0.2539346,0.2567059,0.25811002,0.2596587,0.2630192,0.26662606,0.27010882,0.27324206,0.27611613,0.27835345,0.2807674,0.28340584,0.28633043,0.2886192,0.2912384,0.29379478,0.2961249,0.29868782,0.30109715,0.30315933,0.30442148,0.30514544,0.30708036,0.30987084,0.3123702,0.31545356,0.3180106,0.32012102,0.32216227,0.32415113,0.3263143,0.32855886,0.33087435,0.33319852,0.3354091,0.3374035,0.33949283,0.3414594,0.34333527,0.34482694,0.34606025,0.34732753,0.3480418,0.34803954,0.34448007,0.33939064,0.35623246,0.34539315,0.3373782,0.327147,0.32679838,0.32762006,0.328874,0.3296273,0.3319344,0.3338297,0.33511803,0.33807996,0.34187052,0.34525186,0.34818012,0.35103372,0.35359427,0.35577387,0.3575735,0.35922766,0.36078817,0.36244956,0.36443463,0.3664479,0.36842495,0.37038684,0.37185454,0.37298045,0.37345278,0.37330982,0.37283507,0.3724943,0.3725184,0.37244305,0.37249783,0.37198207,0.37182242,0.3725565,0.3729228,0.37296808,0.37272316,0.37263927,0.37219447,0.37044382,0.36438724,0.35559866,0.4400552,0.71761763,0.6540712,0.21198182,0.21061158,0.41851586,0.30753443,0.25913665,0.20865415,0.27670217,0.28655514,0.30028695,0.3099219,0.3209489,0.3258307,0.33132422,0.33576366,0.33840838,0.33921638,0.34002507,0.34024116,0.33793578,0.33425564,0.33296034,0.33137083,0.3304316,0.33011684,0.3301889,0.33094618,0.33202878,0.33369172,0.33425048,0.33294606,0.33179796,0.33145276,0.33107597,0.3306233,0.3286457,0.32827035,0.33267492,0.3332947,0.32919985,0.32444167,0.31840637,0.31300592,0.311741,0.3099976,0.30953044,0.30599278,0.30356017,0.30004823,0.29934242,0.29679328,0.29433894,0.29549703,0.29417402,0.2960786,0.28635806,0.28820565,0.282677,0.27316788,0.2737494,0.2741232,0.2708904,0.23793282,0.20837489,0.12662967
626,QUE_T2.10.F,0.0,0.1515,0.848,0.06379322,0.06705491,0.07065924,0.07513502,0.079877876,0.08386798,0.08703216,0.09005329,0.09366254,0.098071136,0.10289538,0.10757894,0.11205614,0.11632397,0.120533116,0.1247742,0.12905243,0.13292952,0.13642004,0.13959439,0.14272846,0.14587267,0.14904806,0.152345,0.15573692,0.15900138,0.16234146,0.165699,0.1697056,0.1746728,0.18029805,0.1858476,0.19007236,0.19527344,0.20109975,0.20604743,0.21022308,0.21474421,0.21883747,0.22252078,0.22616996,0.2293203,0.23195407,0.23587741,0.23988442,0.24327472,0.24633478,0.24935745,0.25232404,0.25458202,0.25570145,0.25763234,0.26013386,0.2573368,0.2559411,0.2595502,0.26467267,0.27061114,0.27476504,0.27830768,0.2796358,0.28105012,0.28345916,0.28552252,0.2879294,0.29032892,0.29238868,0.29445267,0.29641607,0.2978166,0.2984637,0.29742664,0.2917884,0.2910917,0.2952838,0.29853106,0.3048456,0.3093338,0.31148452,0.3133972,0.31533742,0.31736124,0.31988785,0.32244295,0.32475245,0.32667494,0.32820207,0.32977128,0.33138958,0.3325553,0.33296722,0.33289233,0.3321855,0.32987556,0.32674083,0.31711924,0.30841917,0.29735494,0.25869486,0.2609012,0.27103472,0.27706853,0.28611845,0.29353005,0.29620892,0.30280265,0.30746964,0.30792812,0.3123789,0.31934226,0.32541817,0.32958153,0.33294043,0.33568266,0.3378253,0.33957073,0.3410321,0.34231824,0.3436195,0.3452219,0.34693068,0.34877443,0.3503327,0.35166815,0.3523681,0.35287973,0.35275114,0.3524718,0.35221854,0.3517055,0.3513919,0.35104388,0.35018706,0.34947655,0.34940618,0.34946585,0.3488385,0.34710348,0.34449434,0.34049064,0.33207425,0.31642738,0.29630044,0.27870288,0.62094223,0.625374,0.46136677,0.251226,0.2752644,0.252619,0.41046345,0.2933136,0.26065293,0.25597322,0.26353744,0.2786421,0.28958562,0.3002165,0.30694994,0.31144193,0.3139674,0.31693578,0.31758842,0.3186365,0.31721565,0.31453285,0.31265318,0.31182846,0.31167078,0.31236988,0.3121784,0.31288716,0.31368345,0.31468338,0.31428874,0.31237108,0.31095356,0.3095916,0.30949286,0.30785072,0.30641,0.30577865,0.3102332,0.3120657,0.30897832,0.30443355,0.29998147,0.29560277,0.2934465,0.2927155,0.29064405,0.28761867,0.28618917,0.2831899,0.28254378,0.28048813,0.2823671,0.2807499,0.27862263,0.27419394,0.27503496,0.2706335,0.26700497,0.26052877,0.26176432,0.25574124,0.23256166,0.24135417,0.2596827,0.32471913
637,Plant5-1e,1.0,0.0,0.0,0.029283335,0.021883333,0.022966666,0.024633333,0.025666667,0.026683332,0.027233332,0.027216667,0.027350001,0.0276,0.02905,0.033466667,0.044916663,0.059249997,0.067033336,0.07161667,0.0718,0.06616666,0.05945,0.056333333,0.055900004,0.052633334,0.04758333,0.045849998,0.04401667,0.038233336,0.034616668,0.030633332,0.0311,0.041899998,0.090950005,0.16898334,0.25781667,0.34446666,0.4089,0.44328332,0.4562,0.46146667,0.46408334,0.46490002,0.46638334,0.46738335,0.46728334,0.46823335,0.47018334,0.47166666,0.47278333,0.47380003,0.47375,0.47355,0.4703667,0.46928334,0.46806666,0.46255,0.45463333,0.44751668,0.4369,0.4332,0.43251666,0.4351,0.43861666,0.44216666,0.44903335,0.4536667,0.45823333,0.46086666,0.46328333,0.46398333,0.4631,0.4626,0.45885,0.45495,0.44716668,0.43135,0.40986666,0.3862833,0.37749997,0.37516665,0.3734,0.37150002,0.3723,0.37438333,0.37843335,0.38171664,0.38528335,0.38766667,0.3889,0.38868332,0.38678336,0.3818333,0.37343335,0.36175,0.34585,0.32751665,0.3091,0.29585,0.26208332,0.22385001,0.18564999,0.1474,0.1092,0.08735,0.07643333,0.06956667,0.06926667,0.069633335,0.070583336,0.07588334,0.08245,0.09121666,0.100366674,0.11023333,0.120683335,0.1311,0.14145,0.15153334,0.16048333,0.16903333,0.17729999,0.18479998,0.19166666,0.19795,0.20296668,0.20733333,0.21146667,0.21350001,0.21448334,0.21428333,0.21303333,0.21058333,0.2083,0.20431666,0.20006667,0.19465,0.18888332,0.18175,0.17523332,0.1699,0.16634999,0.1639,0.16201667,0.16301666,0.1513,0.13816667,0.12503333,0.11185,0.098733336,0.08556667,0.07241667,0.0593,0.04615,0.033,0.019866666,0.015116666,0.011983334,0.016916666,0.022249999,0.023666667,0.025283335,0.02805,0.03025,0.033099998,0.037216667,0.040283334,0.042366665,0.046483334,0.0494,0.053283334,0.05645,0.06025,0.06406667,0.06786667,0.07156666,0.074883334,0.07685,0.0797,0.0808,0.08275,0.08493333,0.08613333,0.08693334,0.08765,0.087633334,0.08766667,0.08538333,0.08161666,0.078049995,0.074716665,0.07151667,0.06853333,0.06451667,0.0601,0.059499998,0.0561,0.0529,0.05055,0.047733333,0.042366665,0.04185,0.040716667,0.035316665,0.036266666,0.031983335,0.031416666,0.023416668,0.023999998,0.0171,0.014733333,0.06128333,0.0945
647,ja_ex_100,0.140428,0.859572,0.0,0.014430774,0.018503593,0.02274528,0.026705138,0.0302614,0.03382141,0.036674276,0.038835302,0.041236434,0.043625705,0.047744486,0.055769026,0.06879168,0.08262539,0.09131845,0.09703389,0.09913401,0.09636187,0.092299715,0.09088949,0.09148968,0.09075854,0.09009343,0.09047438,0.08991603,0.08616813,0.083749495,0.08047501,0.08243649,0.100154206,0.14320599,0.18790756,0.22723798,0.2581988,0.27932665,0.29135707,0.29678458,0.30460027,0.30984655,0.31433284,0.3192337,0.32379532,0.32794815,0.33255377,0.33821753,0.3427753,0.34727305,0.35153213,0.35532454,0.35871482,0.35968965,0.36290386,0.3658528,0.36682844,0.36284885,0.36249545,0.36212856,0.36571008,0.36809278,0.37339252,0.379158,0.38541585,0.39115074,0.39686674,0.40216124,0.4069027,0.41216046,0.415178,0.41891253,0.42177907,0.42320496,0.42576447,0.42803743,0.41129908,0.4038095,0.38715088,0.38195026,0.38483545,0.38658166,0.38622224,0.38866243,0.39121068,0.39573255,0.4017394,0.40789372,0.41327474,0.4176481,0.41931382,0.42200166,0.4226976,0.42070168,0.41448277,0.4038126,0.3917941,0.37666145,0.3780022,0.4983843,0.56053865,0.0,0.06880723,0.3233428,0.14834303,0.16142884,0.1464939,0.14476278,0.14030482,0.14353195,0.14778297,0.15370028,0.16173792,0.17156735,0.18136108,0.19183262,0.20160101,0.21073176,0.21937467,0.22715874,0.2345296,0.24111423,0.24851334,0.2565023,0.26431984,0.2716492,0.27807122,0.2830014,0.286108,0.28719553,0.28628808,0.2847211,0.28139138,0.27808174,0.2742487,0.2702434,0.26658365,0.26347724,0.25829038,0.25281736,0.24853204,0.24575841,0.24858916,0.2462399,0.24523719,0.28258476,0.0,0.0,0.5199991,0.3867129,0.0,0.0,0.7302557,0.0,0.89055765,0.80177397,0.13699102,0.07170855,0.08201474,0.10724573,0.10726609,0.11161918,0.113166,0.11927072,0.1267615,0.13179867,0.13040847,0.12991326,0.12867294,0.12959902,0.12963471,0.13149816,0.13340749,0.13574809,0.1392563,0.14289406,0.14699893,0.15131657,0.15441632,0.15751053,0.16027988,0.16318601,0.16512501,0.16583882,0.16656741,0.16608799,0.16192473,0.15529723,0.14691368,0.14037377,0.13566877,0.13513467,0.13142017,0.1273094,0.121970065,0.120348066,0.11686897,0.11386521,0.11171417,0.11021449,0.10856351,0.10365258,0.10174768,0.09957326,0.09147154,0.07991581,0.090420514,0.083010316,0.060457386,0.062124375,0.08026255,0.084382385,0.1714596
650,ja_a_040,0.303914,0.696086,0.0,0.012277739,0.015141579,0.017875504,0.020422721,0.022764226,0.025051095,0.027365102,0.02935205,0.03147313,0.033681843,0.036664203,0.041289493,0.048108194,0.055324055,0.06032943,0.064095736,0.066460155,0.06656529,0.06623859,0.06708278,0.0681374,0.07008227,0.07080364,0.07289982,0.07426657,0.074467786,0.075406305,0.07589089,0.0789633,0.08981684,0.11392209,0.14021151,0.16629265,0.1882555,0.20339501,0.21380067,0.22211748,0.22777958,0.23367102,0.23977646,0.24548966,0.25129256,0.25698137,0.26197386,0.26669964,0.27149138,0.27631414,0.28102285,0.2856358,0.2900326,0.29508102,0.2991086,0.30281842,0.3060712,0.3077193,0.3087488,0.30911356,0.30992827,0.3125745,0.3161526,0.32101393,0.32747602,0.33348894,0.3389319,0.34392554,0.3491871,0.35426924,0.35803384,0.36167577,0.3653586,0.36881265,0.373175,0.3773135,0.37387645,0.36560532,0.35406265,0.3483044,0.34854138,0.349422,0.3508822,0.35296094,0.35591012,0.36005113,0.36589485,0.37131068,0.37730336,0.382297,0.38630182,0.38920677,0.39111054,0.39137706,0.38881472,0.38308293,0.3757268,0.36619613,0.36558145,0.3847396,0.45099315,0.16125134,0.0,0.5977834,0.23570232,0.19201577,0.18212388,0.17736763,0.17478041,0.17943752,0.18319477,0.18705714,0.19269912,0.2006943,0.2094843,0.21847655,0.22703642,0.23476917,0.24208866,0.24909525,0.255879,0.2621937,0.26889378,0.27685836,0.2844904,0.29206187,0.29850814,0.30322748,0.30594808,0.30692086,0.3045692,0.30156526,0.29760507,0.29331037,0.28932184,0.28447363,0.28107545,0.27837774,0.2736924,0.26896057,0.26664272,0.264907,0.26699823,0.24867277,0.25171542,0.5558975,0.9312854,0.75851077,0.0,0.0,0.0,0.4428836,0.0,0.19870724,0.0,0.48740613,0.15341368,0.08539785,0.112577826,0.12281991,0.1261395,0.13031262,0.13383386,0.13774744,0.14382574,0.14663315,0.14432283,0.1408664,0.13564537,0.13482383,0.13353367,0.13336183,0.13430707,0.13583018,0.13818772,0.14231002,0.14568204,0.14880468,0.15310922,0.15527678,0.15808257,0.16083176,0.163324,0.16433942,0.16541407,0.16369598,0.1592947,0.151563,0.14311737,0.13590217,0.13288096,0.13098547,0.12841834,0.12544902,0.1199815,0.11698261,0.11385335,0.11309605,0.110837735,0.112844385,0.11287956,0.10866526,0.10611237,0.101446204,0.0925736,0.08988469,0.088197045,0.07975844,0.055915285,0.064110704,0.049024116,0.46240172,0.5600807
670,ns_b_040,0.152107,0.847893,0.0,0.02244088,0.026250305,0.030563075,0.034697544,0.038773175,0.042687688,0.046526693,0.050083738,0.05384881,0.057561073,0.061877865,0.0677176,0.07564149,0.08407285,0.09043054,0.09569862,0.09967861,0.10157124,0.103172034,0.10599131,0.10983429,0.113253914,0.11487075,0.1201856,0.12419305,0.12690254,0.13019495,0.13282767,0.13787836,0.14966078,0.17341548,0.1988054,0.2236107,0.24354342,0.2573699,0.26740512,0.27513912,0.2823913,0.2889102,0.29559904,0.30187255,0.30824772,0.31470785,0.3203813,0.32568136,0.33051378,0.33586043,0.34092143,0.34604263,0.3512092,0.3570643,0.36203954,0.36617774,0.37122086,0.37606618,0.378458,0.37924117,0.38066706,0.38343865,0.38704666,0.3916224,0.40062606,0.4065179,0.41158283,0.4177048,0.42350498,0.42759067,0.43340287,0.43741846,0.44223684,0.44692874,0.4502098,0.45748022,0.46997985,0.46034986,0.45736235,0.44951767,0.4475654,0.4476408,0.44985646,0.4516405,0.45567068,0.46018663,0.46573916,0.4711342,0.47701174,0.4821188,0.48841208,0.4917509,0.49527526,0.49713826,0.49809894,0.4963323,0.4924304,0.48528638,0.47120807,0.6634282,0.32550278,0.6310802,0.7405842,0.33226535,0.38751107,0.3385689,0.3187909,0.3165787,0.3136477,0.30688414,0.31157005,0.3201418,0.32777682,0.33036494,0.3389928,0.3476948,0.3566491,0.3638014,0.37095854,0.377996,0.38460547,0.39306155,0.4005751,0.40918055,0.41937009,0.42802116,0.43454129,0.43948987,0.44272402,0.4416098,0.4382408,0.43444338,0.42931983,0.42391747,0.4183523,0.41213658,0.40924376,0.41025895,0.40775475,0.40198177,0.3990468,0.3983318,0.3959,0.36131716,0.36791223,0.21812339,0.07629306,0.0,0.35137,0.0,0.38496172,0.0,0.0,0.21358962,0.0,0.0,0.12745422,0.17849249,0.18040296,0.1933419,0.2035352,0.21279892,0.22310796,0.22639664,0.22642253,0.22382529,0.22043471,0.21509407,0.20804758,0.19969773,0.19480912,0.19455656,0.1944353,0.1949743,0.19853592,0.2009972,0.20643826,0.21141364,0.21692039,0.22095867,0.22453105,0.22861528,0.23129028,0.23402037,0.23337038,0.23333633,0.2263615,0.21485141,0.20039104,0.19172035,0.18574934,0.1820088,0.17989491,0.17579615,0.16815157,0.16663952,0.16576226,0.16510788,0.16924982,0.16755295,0.1663782,0.16189726,0.1651462,0.165289,0.14720523,0.14883825,0.1371632,0.12289994,0.117362745,0.11699311,0.05004115,0.079775974,0.8845687
684,SSC_SALE01_20110405,0.405903,0.594097,0.0,0.038956147,0.041944895,0.045572698,0.049050245,0.051866896,0.053601686,0.054614704,0.055249207,0.055843122,0.056490477,0.057761975,0.06180823,0.07151737,0.08457588,0.09292703,0.09805655,0.09856833,0.09321646,0.08720757,0.0836302,0.08273285,0.08072289,0.07738315,0.07684994,0.07490015,0.070613846,0.067483716,0.0643755,0.06489275,0.076926075,0.11863066,0.17247711,0.22671446,0.27295125,0.3033489,0.31799906,0.32446828,0.3286585,0.331678,0.3340065,0.33690897,0.3394631,0.34085804,0.34333146,0.3472415,0.35030466,0.35294208,0.35538912,0.35750952,0.35933477,0.35694668,0.35832337,0.36036727,0.35920107,0.34905812,0.3478988,0.34475926,0.34863278,0.35105965,0.35647684,0.36088073,0.36763987,0.3728911,0.3779688,0.3833836,0.38733298,0.3908266,0.3930465,0.3947754,0.39456278,0.3918581,0.38737813,0.3764885,0.36822549,0.35735002,0.34132463,0.33749816,0.33621374,0.33433098,0.33276078,0.33364516,0.33671114,0.34218484,0.34799176,0.35309774,0.35732752,0.36063048,0.36287174,0.36268666,0.3601337,0.3548368,0.34557226,0.33291417,0.31584996,0.29886103,0.27985173,0.2723924,0.20075932,0.19658571,0.14260012,0.12390043,0.11114098,0.10549708,0.10374466,0.10118502,0.10240499,0.103862695,0.10549972,0.11177299,0.11962436,0.12734707,0.13557784,0.14391012,0.15233348,0.16044064,0.16829555,0.17584585,0.18264481,0.18958095,0.19580524,0.20201083,0.20802155,0.212953,0.21711737,0.22073388,0.22362264,0.22450931,0.22428277,0.22169955,0.21709459,0.21259956,0.20879468,0.20499757,0.2015903,0.19952743,0.1952699,0.19123888,0.18810505,0.18554187,0.18334089,0.17254332,0.15509446,0.14712034,0.3158331,0.0,0.817311,0.30931523,0.8954371,0.10578083,0.056789383,0.28120488,0.09471393,0.04176511,0.04558577,0.05064564,0.0546683,0.061461613,0.06583386,0.06955036,0.07203089,0.07468448,0.07806423,0.08236693,0.08508973,0.08669966,0.08847399,0.09078262,0.09348611,0.0962156,0.09866881,0.10150654,0.10422533,0.107154734,0.11041451,0.11275453,0.11437171,0.116638474,0.11846863,0.12013806,0.122322805,0.12429069,0.124332204,0.12486844,0.122465804,0.11874674,0.113438144,0.108314715,0.10321275,0.09878566,0.09527237,0.09094604,0.089488275,0.089048296,0.08784171,0.08323965,0.081021175,0.0801302,0.07643463,0.074271604,0.07314262,0.06786672,0.06445222,0.06207239,0.054930687,0.046625137,0.0525182,0.047333833,0.045140263,0.11196602,0.25125295
689,SSC_SALE06_20110405,0.342892,0.657108,0.0,0.04875267,0.05049749,0.052856404,0.055099014,0.056925755,0.05815702,0.058998108,0.05954303,0.06013821,0.060734954,0.061975308,0.06582085,0.07528806,0.08833706,0.09710152,0.10246393,0.103274554,0.09829914,0.09223349,0.088844806,0.08787163,0.08566777,0.08219163,0.08168378,0.079840146,0.07579177,0.07277337,0.069797106,0.07045247,0.082076855,0.12113968,0.16875467,0.21560548,0.25219303,0.27364635,0.2842533,0.28948733,0.29243183,0.29492816,0.29754394,0.29992482,0.302532,0.30492604,0.30700856,0.3092519,0.31151095,0.31379393,0.3159415,0.31797263,0.31983072,0.3214248,0.32301533,0.32438722,0.32610992,0.32330003,0.32226497,0.31841925,0.3175446,0.3185824,0.3209022,0.32420248,0.3295298,0.33343756,0.3382435,0.34188566,0.34559876,0.3483742,0.3506011,0.35224625,0.35292053,0.3539319,0.35395423,0.3525499,0.34786505,0.3372924,0.32331267,0.31532386,0.3119955,0.3102946,0.3087148,0.3094515,0.3116193,0.31556556,0.3200049,0.32429662,0.3283994,0.33139637,0.33318755,0.33355972,0.3327516,0.32981122,0.3241789,0.31578922,0.30521548,0.2935346,0.28763038,0.32872632,0.29773694,0.22660463,0.19659182,0.16360715,0.1378324,0.12707128,0.122421674,0.11882019,0.117153846,0.117571704,0.12028805,0.124957785,0.13063863,0.13688095,0.14417522,0.15165043,0.15896326,0.16649485,0.17353551,0.18038352,0.18678972,0.1930713,0.19871718,0.20440389,0.21000552,0.21467349,0.21866323,0.22224356,0.22447763,0.22559895,0.22518672,0.2230291,0.21920048,0.21517007,0.21172251,0.20845577,0.20568115,0.20396541,0.20041771,0.19741471,0.19576295,0.1949257,0.19546704,0.19611768,0.1930544,0.186198,0.16029374,0.32717982,0.0,0.46923319,0.42029998,0.18254887,0.11787772,0.2679084,0.10230304,0.06052168,0.064590015,0.06870452,0.07310614,0.076044165,0.07995043,0.08379712,0.08672514,0.09054802,0.09484115,0.096981555,0.09879764,0.10043468,0.10175354,0.103810504,0.10595778,0.107807554,0.109937005,0.113280684,0.11559988,0.1188964,0.121474415,0.124235615,0.12614764,0.128733,0.13116989,0.13302405,0.13560842,0.13723867,0.13759612,0.13821554,0.13503902,0.13108584,0.12482603,0.119016916,0.11392185,0.11106767,0.10681408,0.10229432,0.10029554,0.09909498,0.097933784,0.09348166,0.09113357,0.0892718,0.08844194,0.08531518,0.08470806,0.08116921,0.07646432,0.0721239,0.06674251,0.062546946,0.05654522,0.05391206,0.064538695,0.111201,0.3639507
697,SSC_BAPI03_20110406,0.928576,0.071424,0.0,0.012077647,0.013402715,0.015153608,0.016955737,0.018617265,0.019898856,0.020840358,0.021357732,0.021919014,0.022443732,0.02356515,0.026755717,0.03430492,0.045033433,0.05205097,0.055711236,0.055446666,0.05071037,0.045108505,0.04229106,0.041468814,0.039460737,0.036752913,0.03613223,0.034856737,0.032087214,0.029852893,0.027768241,0.028508311,0.036687892,0.0662647,0.11168338,0.16838989,0.22650447,0.26934138,0.2916009,0.29973003,0.30608588,0.3096648,0.31222707,0.31517127,0.3178256,0.3195086,0.3218607,0.32506117,0.32770365,0.33015233,0.33226472,0.33402017,0.33556062,0.3343321,0.33560175,0.33722016,0.33534935,0.32849017,0.32394066,0.31643564,0.31560466,0.31621188,0.32014745,0.3241253,0.33114412,0.33731073,0.34324738,0.34957448,0.35448673,0.35809278,0.36100453,0.36235154,0.362086,0.36014792,0.35787278,0.35202244,0.3396434,0.3207821,0.29779488,0.2885237,0.28530052,0.28205532,0.27958888,0.28006336,0.28286305,0.28812274,0.29397118,0.2991346,0.30359313,0.30643833,0.3079973,0.30820706,0.3054971,0.29957277,0.2893499,0.27571154,0.25937966,0.24356733,0.23427255,0.20649523,0.2401027,0.1572252,0.15061907,0.09185084,0.07467852,0.071144424,0.06714246,0.064604506,0.06423626,0.06468706,0.06661197,0.0703309,0.07554284,0.08080013,0.08695992,0.09336274,0.09994295,0.10668839,0.11337701,0.119789034,0.12572354,0.1316786,0.13736941,0.14256562,0.14733571,0.15163542,0.15529896,0.15854356,0.16111676,0.16201085,0.16162123,0.15940545,0.15584588,0.15245567,0.14916287,0.14585404,0.14299704,0.14116575,0.13782528,0.13375768,0.13142799,0.13007836,0.1296247,0.12946406,0.1315363,0.12788962,0.0,0.79257774,0.0,0.0,0.0,0.29571024,0.7872728,0.0,0.25403017,0.08046125,0.031003224,0.031156827,0.03144247,0.03515173,0.036787987,0.0385499,0.04039729,0.04126053,0.04385402,0.04632252,0.04785321,0.04884676,0.04978226,0.050928235,0.053499416,0.055263687,0.057281014,0.05932677,0.06127958,0.06316605,0.065526634,0.06669903,0.06822257,0.069569714,0.070964895,0.07239522,0.0739047,0.07540087,0.075125605,0.07507989,0.07339325,0.069895014,0.06617305,0.062947184,0.0591368,0.056435958,0.05335238,0.05073985,0.050406463,0.050229464,0.048603926,0.046143666,0.04415312,0.043302413,0.0428813,0.040780637,0.038710453,0.035789344,0.033903215,0.03175395,0.03105885,0.0302493,0.029034164,0.0282378,0.04459917,0.1869864,0.35310063
711,SSI_BAPI01_20110410,0.54104,0.45896,0.0,0.00701532,0.008492389,0.010164756,0.011913907,0.01352125,0.014906905,0.015999516,0.016672434,0.017353864,0.01794046,0.01920896,0.022180002,0.028391333,0.036543332,0.042020462,0.04533895,0.04571019,0.042314712,0.038326047,0.03617378,0.035456423,0.034147825,0.032029074,0.031579476,0.030308593,0.027685106,0.025721226,0.023675866,0.024049062,0.032020807,0.059208553,0.09850014,0.145178,0.18998162,0.22139451,0.23844886,0.24660419,0.2521578,0.25625852,0.25991896,0.26380628,0.26730055,0.2701144,0.2727615,0.27572563,0.27880466,0.281604,0.28451383,0.2875208,0.29062614,0.29234135,0.29534104,0.29801458,0.30107734,0.29446927,0.29326507,0.28759354,0.28675562,0.28802535,0.29140022,0.29569727,0.30499318,0.31108406,0.31739074,0.32309633,0.32816416,0.33197638,0.33533815,0.33714855,0.33695498,0.33638665,0.33515993,0.3303754,0.31997415,0.30356345,0.28066114,0.27064306,0.26657522,0.26345497,0.26076072,0.26123783,0.26428887,0.2695893,0.27568012,0.28094545,0.28535798,0.28908983,0.29087415,0.29122937,0.2888197,0.2836019,0.27432683,0.26097685,0.24475172,0.2287868,0.21918073,0.21739382,0.19126531,0.14403123,0.11270833,0.085588664,0.068818316,0.061620425,0.0577772,0.055550437,0.055046353,0.055690832,0.057229638,0.060871944,0.0655449,0.07044114,0.07614071,0.08203676,0.08803515,0.0941263,0.10002688,0.105715476,0.111233115,0.116564974,0.12159655,0.12631527,0.13054508,0.1342749,0.13736664,0.1405159,0.14255486,0.14292915,0.14220044,0.14001462,0.13617831,0.13252547,0.12913382,0.1260725,0.12384833,0.12235664,0.11936276,0.11595378,0.11384438,0.11311062,0.11312244,0.11742015,0.115470365,0.10787961,0.21368869,0.0,0.34978735,0.8446987,0.35113442,0.095915996,0.08648424,0.18976365,0.070818946,0.03419107,0.02858746,0.023925725,0.023916693,0.027928436,0.029157968,0.030944878,0.03224411,0.03413328,0.036525346,0.038313206,0.03930424,0.040731274,0.0418462,0.043568276,0.04535314,0.04683422,0.048688278,0.050530866,0.05244006,0.05405198,0.055291317,0.056919854,0.058354437,0.059660837,0.060689963,0.062029652,0.06333522,0.06444964,0.06389884,0.06397296,0.06218774,0.058799203,0.055734467,0.052616533,0.04991082,0.04765384,0.04496734,0.042573564,0.041291974,0.04157322,0.039438594,0.03837883,0.036782093,0.03608993,0.036111478,0.031727146,0.03151857,0.031185746,0.028678086,0.025253475,0.022130666,0.02193894,0.023559013,0.024841078,0.030551024,0.07395914,0.109693095
720,SSI_BAPI10_20110410,0.488884,0.511116,0.0,0.01107478,0.012775237,0.014981557,0.017292373,0.019567527,0.02150498,0.02302947,0.024020633,0.024942525,0.025775202,0.02735572,0.030771231,0.037233703,0.045248706,0.050719146,0.05414327,0.054909978,0.05244359,0.049306266,0.047478516,0.047161784,0.046097603,0.044160556,0.0440589,0.043009408,0.040413722,0.038397826,0.03604441,0.036583137,0.04572161,0.07171519,0.104036875,0.13694797,0.1660599,0.18611912,0.19662237,0.20096686,0.20599166,0.2092812,0.21209908,0.21524712,0.21806571,0.21993062,0.22267087,0.22613496,0.22890207,0.23160315,0.2342472,0.23696487,0.23968916,0.23954114,0.24221826,0.2455266,0.24571334,0.2403018,0.24079695,0.23986991,0.24327226,0.24549927,0.24978893,0.25334013,0.2615167,0.26593074,0.2698923,0.27448225,0.27841842,0.2812295,0.2836336,0.28537673,0.28623688,0.28483388,0.2826692,0.27461058,0.26966628,0.26201403,0.2500922,0.24721177,0.24661918,0.24522176,0.24406955,0.2451868,0.24830745,0.2533533,0.25913477,0.2641236,0.26833048,0.27156687,0.27401468,0.27513593,0.27447864,0.27100208,0.26458028,0.2552878,0.24227016,0.22972186,0.21635816,0.2033128,0.15766446,0.14758828,0.12012131,0.097918555,0.08881405,0.084008746,0.08197591,0.07994784,0.080986425,0.08223497,0.083922505,0.08845523,0.09447446,0.100606136,0.10701617,0.1133397,0.11961997,0.12581153,0.1317485,0.13741572,0.14273478,0.1479971,0.15315193,0.15783553,0.16253965,0.1663044,0.16949433,0.17249723,0.17437066,0.17436597,0.17311081,0.1705437,0.16583386,0.16150166,0.15735452,0.15411308,0.15240213,0.15190299,0.14957044,0.14697282,0.1453124,0.1442949,0.14296894,0.13957459,0.1343042,0.11807115,0.11942913,0.0,0.0,0.46949297,0.20423265,0.07151478,0.047901038,0.09889636,0.05915462,0.03469183,0.036414586,0.04367065,0.046352245,0.051199697,0.055029828,0.05798583,0.060001947,0.062279638,0.06521645,0.06734874,0.06890532,0.06973384,0.07021538,0.071230546,0.073130466,0.07476855,0.076097615,0.07775937,0.079479866,0.08139161,0.0829387,0.084268205,0.08571639,0.08707218,0.08834117,0.090073556,0.09183455,0.09309867,0.093747094,0.09280587,0.090620905,0.085932985,0.08109603,0.07563237,0.07125015,0.068538524,0.06528431,0.061937388,0.06101624,0.06162123,0.05999338,0.05799934,0.056795113,0.056495234,0.054641772,0.053102486,0.05148826,0.049249317,0.04504436,0.042336233,0.039037462,0.039567817,0.032693535,0.033755295,0.03985954,0.07398607,0.12485884
722,SSI_BAPI12_20110410,0.382023,0.617977,0.0,0.013919978,0.015470449,0.017424198,0.019613689,0.021796875,0.023695983,0.025174407,0.026114022,0.026974741,0.027745184,0.02937423,0.03294174,0.040085014,0.049265828,0.055546932,0.059426665,0.060144223,0.056970492,0.05296805,0.05101363,0.050724976,0.049220815,0.04711113,0.04700405,0.045815628,0.04287797,0.040762544,0.03833349,0.038930725,0.04876801,0.077995636,0.115004286,0.15269709,0.18562017,0.20787553,0.21914254,0.22267945,0.22839542,0.23138584,0.23389728,0.23677674,0.23940745,0.24097371,0.24351352,0.24684064,0.24941812,0.2519646,0.25435036,0.25675595,0.2590057,0.25831774,0.26052508,0.26326126,0.2636263,0.25693792,0.25721428,0.2557474,0.25878617,0.26094648,0.26524118,0.26888278,0.27871272,0.2837567,0.28744408,0.2921601,0.29614526,0.2988607,0.30090985,0.30254632,0.3033785,0.30195695,0.29928634,0.29147416,0.28675595,0.2785855,0.2663305,0.26300353,0.2622121,0.26081583,0.25991914,0.2610518,0.26415932,0.26925775,0.27502903,0.2801013,0.28433177,0.2875131,0.2899223,0.29112974,0.29044923,0.2870107,0.28044936,0.2709406,0.25758627,0.24478266,0.2314339,0.21757595,0.17924725,0.1578444,0.124073654,0.10718053,0.09835365,0.09428731,0.09152162,0.08913539,0.090259165,0.09180303,0.093732625,0.09866521,0.104927935,0.11126726,0.118059315,0.1248635,0.1315314,0.13808234,0.14437321,0.15033188,0.15603876,0.1618345,0.16742715,0.1724943,0.17758782,0.18180387,0.18552332,0.18894215,0.19114953,0.19142674,0.19046614,0.18809716,0.18369243,0.17958574,0.17579447,0.1723779,0.1702101,0.16935767,0.16670036,0.16372201,0.16190736,0.1606942,0.15926811,0.15189816,0.14624555,0.12927501,0.14101467,0.0,0.0,0.5032061,0.23406559,0.06505677,0.059255734,0.115110256,0.059268653,0.039771415,0.047537815,0.05245238,0.057113256,0.06243163,0.06596891,0.068578534,0.0710133,0.07259806,0.07457648,0.077444956,0.078534536,0.07885515,0.07920177,0.07994516,0.081437714,0.08245146,0.08379057,0.08557911,0.08754986,0.08971622,0.09117651,0.09290252,0.09430417,0.09622164,0.09768747,0.09943457,0.101018675,0.10208139,0.10310135,0.10242476,0.10059905,0.09495021,0.09021758,0.08425529,0.080116145,0.07779949,0.0748624,0.07149226,0.068397745,0.06995186,0.06834797,0.06609067,0.064589284,0.06549334,0.06244588,0.058398075,0.058784682,0.057501666,0.05510495,0.05089844,0.04268604,0.044587076,0.03972984,0.036834918,0.03902218,0.06611946,0.13570496
731,SSI_BAPI01_20110507,0.808845,0.191155,0.0,0.008439105,0.010863284,0.013269672,0.015546089,0.017762726,0.01968064,0.021263508,0.022126002,0.023075078,0.023828637,0.025402745,0.029018424,0.036843944,0.047251638,0.053881664,0.05740609,0.057610143,0.053460874,0.048402913,0.04587693,0.045070615,0.043386474,0.040772278,0.04023169,0.038693607,0.03553319,0.033202954,0.03066401,0.031184917,0.040546305,0.07174413,0.11839299,0.17741923,0.23734197,0.28043315,0.30380327,0.3146286,0.32052216,0.32482663,0.32867187,0.33245897,0.33599874,0.33888945,0.34162712,0.34430426,0.34733364,0.35019812,0.3529411,0.3555711,0.35810968,0.35946494,0.36207682,0.3640075,0.36722815,0.3594977,0.35666797,0.3483734,0.34600717,0.34678522,0.3501349,0.35516992,0.36162406,0.36798376,0.37512657,0.38097495,0.3868775,0.39035517,0.39314258,0.39438495,0.39439997,0.39335912,0.39197734,0.38919696,0.37455383,0.35384336,0.32673162,0.3140765,0.30892763,0.30524063,0.30190355,0.30236638,0.30539197,0.31127802,0.31751972,0.323074,0.3278581,0.331453,0.33323872,0.33308548,0.3300207,0.32357776,0.3127456,0.29713213,0.2789573,0.26093173,0.2524851,0.26390916,0.2037845,0.18990181,0.14014171,0.093767114,0.07684986,0.0677679,0.06308056,0.060411956,0.05959346,0.05999172,0.062045153,0.06625564,0.07132708,0.07681431,0.08339219,0.09011424,0.097120605,0.104157634,0.11106083,0.117863946,0.12422473,0.13040464,0.13635246,0.14178601,0.14687324,0.15112863,0.15471931,0.15791348,0.16046688,0.16068275,0.1597448,0.1573212,0.15313205,0.14920644,0.14523408,0.14204939,0.13937327,0.13728918,0.13353698,0.12943988,0.12674566,0.12570997,0.12522712,0.1310636,0.13114311,0.14381056,0.31562364,0.99462795,0.0,0.0,0.0,0.2689002,0.110123076,0.0,0.08716582,0.041535728,0.028919542,0.025114322,0.026552176,0.028525658,0.029497866,0.031154847,0.03265529,0.034277447,0.037197046,0.038427524,0.03987833,0.041203476,0.043005098,0.044741493,0.04640396,0.04838436,0.05037087,0.052550156,0.05442492,0.056419555,0.05797204,0.059688266,0.061049793,0.062434938,0.06397279,0.06561699,0.06693767,0.067966424,0.06809881,0.067575246,0.06534458,0.06251387,0.058843352,0.055047058,0.052379046,0.049715925,0.04772093,0.04556207,0.043664,0.043742307,0.042365376,0.040268525,0.038636375,0.03756125,0.036196582,0.033234693,0.031521063,0.030533921,0.02957895,0.028548224,0.026138071,0.025939584,0.024243502,0.027149372,0.03345812,0.10810573,0.36403936
736,SSI_BAPI06_20110507,0.676614,0.323386,0.0,0.012101081,0.013672256,0.015553144,0.017883318,0.020292347,0.02224322,0.023756932,0.02467839,0.025523424,0.026062934,0.027492428,0.030412113,0.036341522,0.0440974,0.049127877,0.051845055,0.052363094,0.04993647,0.04606657,0.045182195,0.04526322,0.0439099,0.04225606,0.04210703,0.04133899,0.03916491,0.03731712,0.03530436,0.03572549,0.04338883,0.06696453,0.09821377,0.13283047,0.16450377,0.18608214,0.19756295,0.2022063,0.2071664,0.21034451,0.21305437,0.21596627,0.21857806,0.2209786,0.22329922,0.22598553,0.22841412,0.23091857,0.23326454,0.23558758,0.23777653,0.23914912,0.24135901,0.24391016,0.243127,0.2438888,0.24173647,0.23866688,0.23866645,0.23962541,0.24216713,0.24538545,0.25337633,0.25836816,0.26303148,0.267467,0.27145264,0.27458745,0.27755895,0.2798383,0.28087777,0.28109643,0.28087285,0.27893066,0.2720389,0.26078826,0.24524848,0.23809049,0.2357075,0.234401,0.23312855,0.23377904,0.23684327,0.2419631,0.24784891,0.2529224,0.25725862,0.26057097,0.2628049,0.2638977,0.26316023,0.25974992,0.25305465,0.24343894,0.23135737,0.21840015,0.21080993,0.22155006,0.22177805,0.16158177,0.12087307,0.0977005,0.083499655,0.075870395,0.07234602,0.070496924,0.07003727,0.070243664,0.072122246,0.07574569,0.08011589,0.084617026,0.08998954,0.09552507,0.10114172,0.10654542,0.111725286,0.11687981,0.121568546,0.12658009,0.1312564,0.13573156,0.13996102,0.14379516,0.14688596,0.14954753,0.15123205,0.15128298,0.15012388,0.14779808,0.14396521,0.13993599,0.13610403,0.1325535,0.1306055,0.13010253,0.1278478,0.12482715,0.12340857,0.122719206,0.1221896,0.12080576,0.117549844,0.12050598,0.25276214,0.0,0.72527635,0.0,0.0,0.15152198,0.10189628,0.0,0.13862436,0.037744798,0.03443207,0.033010967,0.03750322,0.03937327,0.040452547,0.042839658,0.044668656,0.045887414,0.047307566,0.05000219,0.05101111,0.0514578,0.051805276,0.052350212,0.053575106,0.054859392,0.056299392,0.05749395,0.058639195,0.059853207,0.061180823,0.062559925,0.06396382,0.06507832,0.06678798,0.06790126,0.068591185,0.06939516,0.06981435,0.06926174,0.06759021,0.063577384,0.06010831,0.056993764,0.053934198,0.05162914,0.04933702,0.047118347,0.04605778,0.046927955,0.04519478,0.04278533,0.042342164,0.04080023,0.040732462,0.04007313,0.036689956,0.037972856,0.03309508,0.033432007,0.02842985,0.028667005,0.033605915,0.02832257,0.033760108,0.12624344,0.3106881
748,SSC_ARCA01_20110510,0.621757,0.378243,0.0,0.027915396,0.029966021,0.032527935,0.035379868,0.03865807,0.04230163,0.045765974,0.048196126,0.049911864,0.05118835,0.05292903,0.055917587,0.061413907,0.06837321,0.073356725,0.076529756,0.07792489,0.07678429,0.074590564,0.07393233,0.07461893,0.07409275,0.073097706,0.07346079,0.07328717,0.07158586,0.07039738,0.0688338,0.069632374,0.07753342,0.09945739,0.12577541,0.15238793,0.17619787,0.19265348,0.20180517,0.20595837,0.21077225,0.21414746,0.21717079,0.22028106,0.22318156,0.22568145,0.22843972,0.23166424,0.23449121,0.23713571,0.23985936,0.24244925,0.24493723,0.24604516,0.248535,0.25138435,0.25109175,0.2508644,0.25050545,0.24943282,0.25089076,0.2520127,0.25481135,0.25769746,0.26331237,0.26691258,0.27103004,0.27486756,0.277812,0.28034517,0.2829761,0.2845885,0.2857873,0.28623208,0.28555685,0.2834978,0.27916998,0.27207786,0.2620877,0.25807944,0.25690508,0.255956,0.25538325,0.25662896,0.25899392,0.26276478,0.26708928,0.27094907,0.27432653,0.27719334,0.2792893,0.2803243,0.28006932,0.27767047,0.2733249,0.26629686,0.25713465,0.24785204,0.2393136,0.23235294,0.21261285,0.20305577,0.16947669,0.14690243,0.13300069,0.12569669,0.12222522,0.12007895,0.11979653,0.12022198,0.121766284,0.12553026,0.13030142,0.13520597,0.14059912,0.1460459,0.15163453,0.15694666,0.16188537,0.16673723,0.17142197,0.17608444,0.18052877,0.18519853,0.1896504,0.1935593,0.19695067,0.20009324,0.20159893,0.20217375,0.20184824,0.20070037,0.19857472,0.19648895,0.19403121,0.19112152,0.18899222,0.18843083,0.18664362,0.1840379,0.1824802,0.18159431,0.18126282,0.17852123,0.18160044,0.17564145,0.23623633,0.26693186,0.22176956,0.18932739,0.16494782,0.12844177,0.1064698,0.12448157,0.096257515,0.08790953,0.084109,0.08202104,0.08483672,0.09117291,0.0947897,0.09838636,0.101173095,0.104951255,0.10772468,0.11006039,0.11028742,0.11055317,0.11096146,0.11089417,0.11127217,0.11196637,0.113203146,0.11438426,0.11515967,0.11764906,0.1194059,0.121049486,0.12264372,0.124420784,0.12613481,0.12838511,0.13026066,0.13182065,0.13215378,0.13215095,0.1300047,0.12630041,0.12149856,0.116399735,0.112764925,0.11091615,0.10865097,0.10441399,0.102847956,0.10360936,0.10159877,0.09951293,0.09904123,0.098491065,0.099199854,0.09486364,0.09161078,0.09215282,0.08981822,0.086626664,0.0823871,0.082236916,0.06954812,0.07702545,0.07961896,0.09537002,0.22556819
761,SSC_SALE04_20110510,0.508309,0.491691,0.0,0.05422588,0.058782455,0.06324331,0.06740197,0.07082806,0.072984554,0.074409164,0.07535898,0.076154865,0.07673433,0.078056574,0.081186704,0.088209644,0.09777539,0.10431307,0.10806244,0.10902147,0.10665301,0.10332117,0.10219309,0.10311368,0.10247264,0.10097525,0.101584196,0.101166725,0.09804251,0.09527418,0.091983385,0.092545584,0.10436005,0.13864377,0.17900062,0.2173035,0.24993421,0.27144495,0.28219825,0.28494215,0.29115307,0.2939344,0.2962928,0.29900652,0.30147782,0.30322248,0.3056547,0.30922592,0.31194913,0.31448162,0.31698957,0.31922892,0.3212342,0.32030812,0.32210883,0.32475254,0.3227473,0.31929654,0.31863183,0.31737104,0.3204374,0.3224311,0.3267088,0.33078793,0.33074266,0.33476835,0.3394393,0.34392816,0.34685892,0.34975818,0.35247937,0.35371843,0.35461694,0.35405573,0.35156658,0.34520385,0.33838978,0.3304405,0.31727743,0.3139585,0.31273574,0.31053546,0.30910772,0.31048477,0.31352907,0.31858158,0.32449377,0.32937258,0.33341005,0.33719978,0.33932522,0.33991903,0.33904898,0.33552545,0.32928476,0.31995824,0.30732116,0.2949866,0.28134325,0.2582098,0.22895095,0.20692317,0.17566279,0.15619014,0.14183615,0.13653806,0.13436551,0.13164677,0.13242698,0.13383105,0.13524882,0.14030878,0.14720435,0.1540479,0.16103832,0.16813764,0.17513344,0.18178113,0.18791723,0.19373555,0.19935744,0.20479518,0.20975542,0.21531121,0.22047281,0.22490922,0.22854953,0.23199825,0.23388809,0.23450372,0.2335266,0.23031543,0.22548042,0.22084354,0.21722154,0.21348755,0.21127963,0.21049406,0.20807385,0.20535591,0.20369843,0.20218737,0.20115829,0.1862141,0.18756765,0.179998,0.21856093,0.2179686,0.17186594,0.18016692,0.1769735,0.114657484,0.10582233,0.12782972,0.083585605,0.07934772,0.079858504,0.08399632,0.09057312,0.09580553,0.100427724,0.104006894,0.10830936,0.11286592,0.11614844,0.1169188,0.11791236,0.11922768,0.12012696,0.12037384,0.12154865,0.122413464,0.124539666,0.12642726,0.12766683,0.1303673,0.13318041,0.13532123,0.13720259,0.13854864,0.14095053,0.14304902,0.1446632,0.14534593,0.14653511,0.14624128,0.1437871,0.13885525,0.13273802,0.12753986,0.12219078,0.119229235,0.11492055,0.110272914,0.109873675,0.109564476,0.10784777,0.10366676,0.10325397,0.10478694,0.102889106,0.098587655,0.09794612,0.09730621,0.08930921,0.0900886,0.0886106,0.08144348,0.06909712,0.07642811,0.075314395,0.11906548,0.21383347
762,SSC_SALE05_20110510,0.573141,0.426859,0.0,0.049316622,0.052319475,0.055464625,0.058290664,0.060942687,0.06278322,0.06412842,0.065116055,0.0661431,0.06716223,0.06862065,0.07251219,0.0808132,0.09190255,0.09956177,0.104897246,0.10664582,0.10429728,0.10173197,0.09899027,0.0987803,0.09846892,0.09629057,0.096596956,0.0959718,0.09262537,0.089328974,0.085495636,0.08610937,0.099037014,0.13425499,0.17390455,0.21069059,0.24013214,0.25888318,0.26874045,0.27094316,0.27776876,0.2808962,0.2837022,0.2867816,0.28983098,0.29206964,0.294859,0.29789776,0.30084217,0.30366993,0.3062765,0.30882332,0.31137142,0.31179652,0.3140209,0.31600904,0.31896007,0.3125695,0.3130214,0.3109477,0.31224325,0.31472963,0.31853142,0.3226984,0.32614774,0.33024308,0.33388397,0.33810145,0.34155813,0.34429455,0.34657153,0.34787512,0.34864846,0.3483105,0.34701154,0.3431816,0.3380448,0.32940504,0.3173753,0.31221873,0.31033185,0.30866626,0.30729416,0.3081255,0.31088394,0.3148485,0.31956717,0.3237923,0.3271293,0.3299633,0.33184245,0.33262587,0.33191994,0.32924777,0.3237495,0.31567535,0.30497283,0.29389584,0.28382996,0.2574775,0.26313347,0.2263376,0.18632308,0.16822568,0.14904387,0.14111796,0.1364263,0.13401245,0.13384707,0.13448001,0.13644743,0.14163195,0.14787787,0.15439421,0.16155611,0.16872987,0.17573908,0.18235905,0.18868354,0.19485813,0.2005059,0.20595549,0.21133043,0.21663484,0.22178529,0.22629283,0.23026066,0.2334652,0.23587047,0.23646818,0.23557438,0.23351717,0.22953992,0.225508,0.22221611,0.21883485,0.21632515,0.21496685,0.21221541,0.20934708,0.20767482,0.20643464,0.20608415,0.1964901,0.19486172,0.17918049,0.22723384,0.29264674,0.24334891,0.21365197,0.21257684,0.11286713,0.09785644,0.17561072,0.08657976,0.074423745,0.08035542,0.08412812,0.08788561,0.09297672,0.0972328,0.101227336,0.104454786,0.10762883,0.11306067,0.114450045,0.115901686,0.11732282,0.118049644,0.118779965,0.12052246,0.12184086,0.12410962,0.12597205,0.12796316,0.13114375,0.13320646,0.13557707,0.13742237,0.13973974,0.14151679,0.1434842,0.1452849,0.14686416,0.14819139,0.1477107,0.14496262,0.14146131,0.13534649,0.12902373,0.12389455,0.119736895,0.116746455,0.11218405,0.11032815,0.111199774,0.10886227,0.10583523,0.10343245,0.10289977,0.10040453,0.09875574,0.09514551,0.09135179,0.088175155,0.08536609,0.078588076,0.07741033,0.06666408,0.06454914,0.075741075,0.091041565,0.1851053
763,SSC_SALE06_20110510,0.64009,0.35991,0.0,0.061196987,0.06422055,0.067444295,0.07043081,0.07315256,0.07500605,0.07628629,0.07714686,0.07804489,0.07884029,0.08021107,0.08373734,0.09189962,0.103396766,0.11158231,0.11691114,0.1184856,0.115481235,0.111320086,0.10920442,0.10883806,0.107712775,0.10515032,0.105168626,0.10419844,0.10066174,0.09768114,0.094310656,0.094981,0.10696433,0.14202589,0.18267347,0.22014236,0.24993512,0.26865283,0.27806643,0.2796135,0.28621534,0.28894708,0.2912609,0.29397145,0.29648226,0.29851845,0.3009969,0.30403587,0.3066163,0.3091727,0.31152642,0.31360093,0.31561837,0.31540287,0.3172413,0.31938106,0.31826374,0.31543875,0.31468856,0.31325713,0.31487057,0.31687757,0.3202191,0.32344195,0.32358387,0.32734933,0.3306662,0.33472908,0.3380817,0.34071562,0.34300756,0.34447157,0.34526235,0.3447217,0.3428578,0.33775318,0.3334409,0.32606876,0.3153575,0.31178713,0.31031817,0.30863532,0.30734763,0.30853793,0.3114762,0.31566536,0.32062346,0.32498208,0.32858652,0.331356,0.33362904,0.33458182,0.33406526,0.33146998,0.3263675,0.3186367,0.30771822,0.2965853,0.28353062,0.26050276,0.2451734,0.21968044,0.19080642,0.17214905,0.154376,0.14797191,0.14372839,0.1411083,0.14155802,0.14246565,0.14419772,0.14968072,0.15642767,0.1630471,0.17032368,0.17745021,0.18433262,0.19085233,0.1969501,0.20279862,0.2081934,0.21356596,0.21862434,0.22366637,0.22866173,0.23301269,0.23678161,0.23967816,0.24189024,0.24233484,0.241163,0.23844343,0.23388912,0.22946212,0.22589777,0.22231129,0.21995957,0.21903498,0.21675211,0.21446094,0.21281277,0.21162672,0.21098329,0.2010547,0.19633065,0.17781053,0.21395186,0.3836291,0.28401324,0.20939417,0.18998715,0.1104188,0.11285235,0.14734164,0.078059025,0.09046442,0.09169938,0.09430545,0.09912418,0.10456702,0.109822445,0.113699324,0.11694504,0.120569155,0.12643868,0.1278136,0.12858933,0.12941055,0.13064343,0.13092095,0.13223709,0.13345727,0.13509227,0.13704517,0.13886277,0.14204411,0.14460793,0.14642675,0.14861701,0.15098695,0.15291329,0.1554224,0.15714471,0.1593909,0.16050643,0.16003528,0.15713507,0.15301305,0.14540575,0.13833861,0.13248664,0.12841061,0.12456332,0.118927844,0.11861979,0.1189053,0.11701964,0.114144005,0.11240923,0.112202734,0.10880459,0.1057452,0.10429691,0.100299425,0.0981109,0.09402237,0.0865347,0.08446226,0.07806281,0.07900422,0.06777808,0.11545698,0.19356142
764,SSC_SALE07_20110510,0.6311,0.3689,0.0,0.045811288,0.048644748,0.051428795,0.054062463,0.056065585,0.057576768,0.058500275,0.05913399,0.059692264,0.060175832,0.06134318,0.06430227,0.071162656,0.080829315,0.08773379,0.09215812,0.09349019,0.0906994,0.086452246,0.08492083,0.08498294,0.08330903,0.081112504,0.0810565,0.08003273,0.07656576,0.07376514,0.07073421,0.071075104,0.08151306,0.113494195,0.15106975,0.18704575,0.21624112,0.23460127,0.2440419,0.2476631,0.25192383,0.25442082,0.25677818,0.25921544,0.26152587,0.26362497,0.26560083,0.26791942,0.26997194,0.27210376,0.27424946,0.27596188,0.2775639,0.27852994,0.28005674,0.28141156,0.28135106,0.2810813,0.27935734,0.27633515,0.27598068,0.276909,0.2787713,0.28129116,0.28099218,0.2844488,0.28846586,0.29216677,0.29505837,0.29798615,0.30001697,0.30171517,0.30276728,0.30317274,0.30388322,0.30337265,0.29849923,0.28978285,0.27806866,0.27215108,0.27016938,0.26870432,0.2675765,0.26830867,0.27097136,0.27522647,0.27971917,0.28367892,0.28720888,0.28998625,0.29199934,0.292799,0.29238793,0.29011053,0.2854614,0.27796975,0.2686831,0.258151,0.25067827,0.24371265,0.24864173,0.21022865,0.17407474,0.14420836,0.12790282,0.11926805,0.11485585,0.11279774,0.11222927,0.11268733,0.114838,0.11885634,0.1238942,0.1291481,0.13519546,0.14145064,0.14745662,0.1533897,0.15905891,0.16439296,0.16936883,0.17451057,0.17931992,0.18414879,0.18886523,0.19318381,0.19688876,0.19997336,0.20221974,0.20255683,0.2019455,0.19982526,0.1962258,0.1922408,0.18889208,0.18597315,0.18351176,0.18267037,0.18003677,0.17735535,0.17632696,0.17565219,0.17524534,0.17351396,0.17576542,0.16309334,0.24756412,0.26822484,0.413849,0.21356674,0.34931597,0.09787437,0.08840503,0.10145403,0.058423195,0.067861624,0.06501816,0.072714135,0.07459513,0.07745433,0.08036284,0.0825144,0.08492483,0.08810711,0.091140874,0.09340831,0.09451879,0.09486873,0.095773734,0.09656536,0.09742808,0.09934881,0.1008929,0.10270047,0.10480372,0.106727146,0.10875907,0.11072453,0.112423345,0.114502236,0.116080485,0.11780837,0.11914904,0.12021592,0.12185875,0.1214012,0.11850137,0.11521999,0.10957572,0.10467386,0.10053417,0.09787064,0.094539925,0.0914751,0.08916775,0.089537516,0.08783037,0.086465135,0.08366904,0.083752535,0.0823716,0.07966496,0.07936799,0.07505458,0.072972044,0.068530716,0.06731353,0.060132343,0.057589114,0.056306925,0.060903195,0.08869956,0.15066268
769,SSC_SALE12_20110510,0.619301,0.380699,0.0,0.05081674,0.053756293,0.05638026,0.059345167,0.06171664,0.0634667,0.064703204,0.065442525,0.0661801,0.066750266,0.06831408,0.072502755,0.082238555,0.09533203,0.10453784,0.110272646,0.11192818,0.108444095,0.10324046,0.100990824,0.10121044,0.09930311,0.09619031,0.09615087,0.09468677,0.089797854,0.08555331,0.08063737,0.08092407,0.09645853,0.14055696,0.18947391,0.23244546,0.2666148,0.28837156,0.29873142,0.30175763,0.30708018,0.30971557,0.31184757,0.3143333,0.31652352,0.31782073,0.3200044,0.32342136,0.3257688,0.3280698,0.3301187,0.33183384,0.33343035,0.33198446,0.33310583,0.3352323,0.3329668,0.32798284,0.32599163,0.32341358,0.3260869,0.32753855,0.33111298,0.3347878,0.34767038,0.35133627,0.35587648,0.36009762,0.3640227,0.36690894,0.36941254,0.37060538,0.3711233,0.36973,0.36631215,0.35746232,0.35150582,0.3422723,0.32867992,0.32480785,0.32325256,0.32082203,0.31961834,0.32070738,0.3241502,0.32907364,0.33469406,0.33964884,0.34357876,0.34655425,0.3489259,0.34956452,0.3482698,0.34424308,0.33680344,0.32637578,0.311968,0.2974104,0.28029177,0.25759903,0.22985125,0.19308752,0.16553049,0.14650735,0.13242011,0.12626478,0.12237714,0.120023064,0.12139841,0.12224151,0.12392766,0.12950842,0.13693441,0.14395627,0.15160918,0.15916991,0.16643909,0.17346783,0.18004955,0.18638308,0.19228789,0.19806968,0.20357323,0.2091145,0.21468763,0.21939364,0.22309875,0.22652712,0.22884591,0.22965066,0.22895844,0.22618203,0.22156566,0.21734588,0.21380424,0.21037404,0.20759715,0.20582096,0.20268488,0.19916704,0.19642353,0.19458838,0.19288139,0.18271293,0.17495878,0.16616772,0.15626799,0.3815636,0.1598446,0.27842698,0.19779731,0.0758178,0.071087636,0.11453247,0.06557413,0.060022425,0.068190806,0.07426057,0.07893964,0.08442003,0.08827726,0.091075584,0.093626514,0.09625854,0.1010138,0.10328877,0.10466863,0.105302766,0.106094696,0.10740123,0.10872039,0.110425085,0.11174332,0.11442966,0.11679531,0.11936076,0.121440895,0.12395754,0.12562266,0.12768383,0.12972581,0.13180718,0.13330811,0.13574202,0.13604787,0.13551454,0.13350007,0.1288971,0.12275376,0.1176449,0.11380477,0.1103902,0.106459714,0.10330563,0.10139893,0.10141157,0.09902402,0.096470624,0.093593754,0.094399706,0.09139602,0.08918918,0.08446605,0.08209907,0.07818443,0.0760776,0.07173655,0.06724935,0.06525717,0.058065798,0.06384863,0.138896,0.10840571
779,SSC_BAPI11_20110511,0.778003,0.221997,0.0,0.008862692,0.010896608,0.013734838,0.016729891,0.019435959,0.021345468,0.022682238,0.023316424,0.02392081,0.02457861,0.025925307,0.029908653,0.039186087,0.052460574,0.06108383,0.06571753,0.06572288,0.05995239,0.052927505,0.049366783,0.04806813,0.045427997,0.041734677,0.040742192,0.038747728,0.0349636,0.03182703,0.028668968,0.029152501,0.039342333,0.07671487,0.13300945,0.20304862,0.2733961,0.32407126,0.35127458,0.3634916,0.36966607,0.3737486,0.37750298,0.38115102,0.38443723,0.3873711,0.38967106,0.3919903,0.39482924,0.39748043,0.39985582,0.40203246,0.40392292,0.40506077,0.4068273,0.40785453,0.40856943,0.401381,0.39553452,0.38376984,0.3791835,0.37904832,0.38166004,0.38678843,0.39225948,0.39955834,0.40698445,0.41366947,0.41928166,0.4231288,0.4260932,0.42741826,0.42615604,0.4242331,0.4222701,0.41828415,0.4014578,0.3768822,0.34521025,0.32943282,0.32346478,0.31890908,0.3148333,0.31458285,0.31776294,0.3233375,0.32974663,0.33550486,0.3399552,0.34349194,0.34492236,0.34405047,0.33991253,0.33203298,0.32005328,0.3033203,0.28437644,0.26515272,0.25645843,0.28048527,0.32555744,0.20858715,0.14897707,0.09895171,0.07609893,0.06549207,0.060584776,0.058371365,0.05728949,0.05748713,0.060030386,0.06415444,0.06962476,0.075359486,0.082180426,0.089290716,0.09661257,0.10396555,0.11122527,0.11814221,0.1247204,0.13113384,0.13703233,0.14243911,0.14738072,0.1515713,0.15511113,0.15854058,0.16127118,0.16207923,0.16162592,0.15917383,0.15498632,0.15097342,0.14733346,0.14395943,0.14126834,0.13868757,0.13472858,0.1304198,0.12753275,0.12633537,0.12593901,0.12792197,0.12620102,0.13171202,0.66896886,0.5530375,0.0,0.0,0.0,0.7502771,0.16299015,0.50655204,0.21507645,0.041087553,0.026754137,0.021469986,0.020627562,0.022616351,0.024455305,0.026121728,0.02797107,0.028598133,0.031234322,0.03404886,0.035704006,0.037487905,0.039595965,0.041446734,0.04383204,0.04596223,0.04840959,0.050766032,0.052794814,0.05515929,0.057013765,0.059008498,0.06065767,0.0617081,0.06353439,0.064912945,0.06598326,0.06678989,0.06714528,0.06694091,0.06560926,0.062037244,0.059318256,0.056355234,0.053236626,0.050756153,0.04771753,0.045829546,0.04384533,0.042698048,0.040269997,0.039311484,0.03784655,0.036185153,0.03408881,0.03237549,0.030658495,0.028105203,0.027187942,0.023125837,0.021246135,0.020286249,0.025990942,0.024474317,0.041246638,0.09456342,0.5702921
786,CHI_CECU06_20110519,0.62825,0.37175,0.0,0.016628537,0.017714938,0.018955233,0.02100547,0.023761924,0.026042294,0.027575223,0.028553708,0.029315306,0.030072065,0.03151051,0.035185717,0.04246589,0.052051287,0.058970712,0.06334379,0.063994884,0.060909733,0.0566607,0.05476994,0.05451758,0.053200148,0.05081416,0.050713126,0.050210748,0.047456224,0.044077795,0.040459923,0.04053224,0.05116441,0.08278085,0.12435873,0.17491665,0.22698678,0.26655227,0.2895102,0.297967,0.305933,0.30972692,0.3129867,0.31585985,0.31846607,0.32182217,0.32338053,0.32432348,0.32622343,0.3280253,0.32967803,0.33121166,0.33186796,0.33405218,0.33423266,0.33371833,0.33360285,0.33420655,0.32688528,0.31368,0.3035464,0.30077985,0.30080515,0.30417034,0.31645897,0.32361782,0.33026615,0.33698195,0.342728,0.34713396,0.35016027,0.35251006,0.35294315,0.35280183,0.35190523,0.35428613,0.3433794,0.31758395,0.28945348,0.26874766,0.25983152,0.25550088,0.25142923,0.25037175,0.25250155,0.2575685,0.26366365,0.26893514,0.27312043,0.27621555,0.27849457,0.27863583,0.2765274,0.27130336,0.26202473,0.24894829,0.23391676,0.21775821,0.21185204,0.23333818,0.21535109,0.19412175,0.14016367,0.10251682,0.07915119,0.067686796,0.06221091,0.06018504,0.058599684,0.057839353,0.05953702,0.061407857,0.06366579,0.06618018,0.0698204,0.07351461,0.0772091,0.080910906,0.08461138,0.08806299,0.09145152,0.09479312,0.098051645,0.10119388,0.1043569,0.107246436,0.109694146,0.11153789,0.11240104,0.11203216,0.112264164,0.11251593,0.1115282,0.10946285,0.107056856,0.10455987,0.1024288,0.10120012,0.09895029,0.09708085,0.09625136,0.0961831,0.09699202,0.098067775,0.0991371,0.10332499,0.086132735,0.17792505,0.14652462,0.093897544,0.1073016,0.05447102,0.047595985,0.07125106,0.03905442,0.032828514,0.03234895,0.03397746,0.03556102,0.035978947,0.037380107,0.038464837,0.038986225,0.039745633,0.04166654,0.04284754,0.043594755,0.043670844,0.044014737,0.044454042,0.045181815,0.04571216,0.04611175,0.04733037,0.04755288,0.048373025,0.049099397,0.049965415,0.050559655,0.05198511,0.052784186,0.054364536,0.054468904,0.0560656,0.056869365,0.057172235,0.056041263,0.054248802,0.052046902,0.05030309,0.04852277,0.046730485,0.04470749,0.043719288,0.041982617,0.0423929,0.04093987,0.039962538,0.039078917,0.037852295,0.036322713,0.0364499,0.03378791,0.034646157,0.029931696,0.030077215,0.02651356,0.026229655,0.025990373,0.028181326,0.031870835,0.05708215,0.12811731
787,CHI_CECU07_20110519,0.643001,0.356999,0.0,0.017462896,0.018618984,0.019877069,0.021735728,0.024317423,0.026578376,0.028133767,0.029099941,0.029795239,0.030487692,0.031677682,0.03455759,0.040198598,0.0477242,0.0530809,0.0564041,0.056912586,0.054431442,0.051320102,0.04988636,0.050077,0.049330354,0.04762683,0.04766218,0.04731557,0.0450154,0.042386997,0.03941853,0.03951917,0.04868082,0.07603938,0.112715766,0.15734035,0.20687062,0.24816494,0.27258357,0.28053257,0.28959998,0.29336044,0.29577288,0.29839578,0.3005379,0.3021043,0.30378446,0.30596527,0.30798155,0.309707,0.31119156,0.31256497,0.31301215,0.31165484,0.31182358,0.31187704,0.3105841,0.3052231,0.2994906,0.28911045,0.2833725,0.28198066,0.2839702,0.2877821,0.2967547,0.30382156,0.30963725,0.31601536,0.3208164,0.32509276,0.32752946,0.3293995,0.32928693,0.32748812,0.32448375,0.3197573,0.3079329,0.2875582,0.26317328,0.24874312,0.24281207,0.23945437,0.23618482,0.23576829,0.23814143,0.24310842,0.24900058,0.25405827,0.25791243,0.26059005,0.26259556,0.26279834,0.26058865,0.2549773,0.2456427,0.23286499,0.21764225,0.20215546,0.19235769,0.19807304,0.17021574,0.15352298,0.113157354,0.087150455,0.07178774,0.06348137,0.059774216,0.05778873,0.057231627,0.05715911,0.058532793,0.06076507,0.06375436,0.06687444,0.07070966,0.07452352,0.07834979,0.08208426,0.08583484,0.08935903,0.092694774,0.09606787,0.0994731,0.102533326,0.10567772,0.10858253,0.11110314,0.112932034,0.11361256,0.11338584,0.113624364,0.11390163,0.1128963,0.11102142,0.10863581,0.10618555,0.104191646,0.102827884,0.10074913,0.09870731,0.097513005,0.09693726,0.09677605,0.09447538,0.09481805,0.095002145,0.082943514,0.18545546,0.12730865,0.08185438,0.07076217,0.060872976,0.04220618,0.06856475,0.03067962,0.0321686,0.032222357,0.034849454,0.035855412,0.0372692,0.038440358,0.03971494,0.040738083,0.041108165,0.042655293,0.044244323,0.04527488,0.04569078,0.045654766,0.04632675,0.04690432,0.047287047,0.048047803,0.049153924,0.04952717,0.05035772,0.050932918,0.051851068,0.05270795,0.053510077,0.054523584,0.05594732,0.05626958,0.0575308,0.058659066,0.058745027,0.05742459,0.055463877,0.053608596,0.051894587,0.049358986,0.047942374,0.047043696,0.044712678,0.043658514,0.04362696,0.04321928,0.041017134,0.03994012,0.039994225,0.03910111,0.038089808,0.036758438,0.03383196,0.032419093,0.031196209,0.027832942,0.026083408,0.026305351,0.028295044,0.034571186,0.056512237,0.10292228
816,SSC_SALE02_20110606,0.513848,0.486152,0.0,0.050468564,0.053163607,0.05675163,0.05981552,0.06252512,0.06412467,0.065467045,0.06626981,0.06718203,0.0677828,0.06886444,0.071566686,0.07717834,0.08525833,0.09095707,0.09447156,0.09581542,0.094330154,0.09129087,0.09110455,0.09169479,0.09117805,0.09001221,0.09072952,0.090421595,0.08770636,0.08554149,0.08277127,0.08331041,0.09390917,0.123784184,0.15637535,0.18579537,0.20948176,0.22476886,0.23307906,0.23599948,0.24121335,0.24416836,0.24696912,0.2499475,0.25266126,0.25520578,0.25801903,0.26127496,0.26401672,0.26684678,0.26947275,0.2719414,0.2742616,0.2753951,0.27712604,0.27970722,0.27886227,0.27858636,0.27730387,0.27661973,0.27879035,0.28064755,0.28316325,0.28647697,0.2955148,0.29880917,0.30406037,0.30827788,0.31172222,0.3147088,0.31791452,0.3205003,0.32115406,0.32273516,0.32268226,0.31901842,0.31391653,0.3080446,0.29618207,0.29205236,0.290544,0.28989118,0.28812551,0.289561,0.2927889,0.29737937,0.30311745,0.3079869,0.3119695,0.31532192,0.31779578,0.31966308,0.31994727,0.31799042,0.31341395,0.30685785,0.2966709,0.28555912,0.27851564,0.30656698,0.62908715,0.4664802,0.20465556,0.1591774,0.14354464,0.13586612,0.13372467,0.13096267,0.13038948,0.1314686,0.13338497,0.13791524,0.1436397,0.14985749,0.15657374,0.16333857,0.1698418,0.17599027,0.18204518,0.18763342,0.19322269,0.1983685,0.20381142,0.20880447,0.21380082,0.21876247,0.22250761,0.22595674,0.22827975,0.22939624,0.22866163,0.22573757,0.22146314,0.21716115,0.21382546,0.21024485,0.20803648,0.20727092,0.2051733,0.20231257,0.20029263,0.20013739,0.19887462,0.20106465,0.20846926,0.33614928,0.0,0.77531725,0.0,0.0,0.0,0.90600544,0.0,0.6325624,0.42355892,0.3371373,0.08677229,0.07698081,0.084214404,0.0877854,0.09263727,0.09617731,0.100135006,0.10404124,0.10548571,0.10968196,0.112197086,0.11374308,0.11358498,0.11510173,0.11550143,0.11791584,0.119929515,0.12178195,0.12461075,0.12649141,0.12922601,0.13094153,0.13321322,0.13596907,0.1374794,0.1394997,0.14201935,0.14299399,0.14375901,0.14294864,0.14040492,0.13591999,0.12889533,0.12240361,0.11807381,0.11644268,0.109273694,0.10675688,0.10568869,0.10733882,0.103481084,0.099313274,0.09909032,0.10028687,0.09632333,0.09310269,0.09008625,0.08400084,0.08056364,0.07929697,0.07661656,0.06962958,0.07002505,0.06493602,0.06897799,0.71646893,0.61060905
817,SSC_SALE03_20110606,0.338159,0.661841,0.0,0.05794681,0.060301658,0.06354307,0.06607936,0.068707205,0.07021198,0.071470544,0.072178654,0.07298315,0.073441945,0.07424743,0.076355144,0.08036389,0.085841574,0.089608654,0.092171855,0.0935561,0.09363124,0.093483075,0.09421161,0.0957689,0.097262755,0.09795688,0.0999068,0.10041676,0.098161295,0.096629485,0.09366396,0.09428293,0.10676562,0.13347964,0.15784216,0.1770246,0.19195491,0.20208815,0.2079558,0.20907418,0.21493454,0.21785064,0.2206269,0.22363819,0.22631836,0.22881263,0.23160696,0.23494594,0.23782167,0.24061854,0.24338235,0.24586564,0.24833226,0.24923943,0.25121394,0.25401217,0.25322163,0.25322172,0.25204787,0.25213745,0.25532115,0.2574371,0.260028,0.2634707,0.26283848,0.26630023,0.2707058,0.27456933,0.27766532,0.28063053,0.28366455,0.2862626,0.28741103,0.28887576,0.2902061,0.28768507,0.28220424,0.27842858,0.26844913,0.26607847,0.26620218,0.26649493,0.26548183,0.2669066,0.26988173,0.27409303,0.27947718,0.28401604,0.2876119,0.2905224,0.29267704,0.294918,0.29562953,0.29436582,0.29090986,0.28592244,0.27783477,0.26937234,0.26414278,0.28289226,0.45240015,0.58531266,0.24774818,0.17432109,0.15102008,0.14632514,0.14371322,0.1411457,0.14055339,0.14267388,0.14421636,0.14786601,0.15329877,0.15936176,0.16558653,0.17173484,0.17779629,0.1832605,0.18870988,0.19361599,0.19848405,0.2030438,0.20793301,0.21250235,0.21736246,0.2220275,0.22556101,0.2287863,0.23085813,0.23155093,0.23066483,0.2284473,0.22476752,0.22098133,0.21759684,0.21453181,0.21288078,0.21225646,0.21085234,0.20890824,0.20732383,0.20688124,0.20616943,0.21100922,0.22597338,0.25636393,0.0,0.42022914,0.0,0.0,0.0,0.9284161,0.0,0.61418235,0.352967,0.32367006,0.10879815,0.100843064,0.101058535,0.108305916,0.113405444,0.117543966,0.12175902,0.12606306,0.12779468,0.1297333,0.1325009,0.13261393,0.1316746,0.13269328,0.13253564,0.1342025,0.13545896,0.13660608,0.1388045,0.14082019,0.14339386,0.14484219,0.1469217,0.15086113,0.1515304,0.15322404,0.15606098,0.15806551,0.15715475,0.15750249,0.15477918,0.14854342,0.14105053,0.13565311,0.13083825,0.1282838,0.12264271,0.118162975,0.11717711,0.119992256,0.11584554,0.11211887,0.11306283,0.10927605,0.110785656,0.108643815,0.10502306,0.100619346,0.093067996,0.09369135,0.09136562,0.078904845,0.084489256,0.07102828,0.079042874,0.68386966,0.56382394
820,SSC_SALE06_20110606,0.527887,0.472113,0.0,0.06452276,0.06651746,0.06912158,0.07184131,0.0745444,0.076541424,0.0778841,0.07908095,0.08021094,0.08130755,0.082587466,0.08542583,0.091847435,0.10124908,0.108273976,0.11322193,0.11525261,0.11392107,0.11230634,0.110158056,0.110733554,0.110747814,0.10913474,0.10947394,0.10913529,0.10630328,0.103800155,0.1008455,0.101481326,0.1126087,0.14277413,0.17490138,0.20214543,0.22364949,0.23794444,0.24545883,0.24608926,0.2529057,0.2558757,0.25830588,0.26103422,0.26383883,0.26566213,0.26846513,0.27208397,0.2750613,0.27785358,0.28059724,0.28298548,0.28528157,0.2847134,0.28660852,0.28872192,0.2901355,0.28399575,0.28469113,0.28417355,0.28744033,0.2897772,0.29427144,0.29840457,0.29506093,0.2984883,0.30389392,0.30717364,0.31053668,0.31357327,0.31599516,0.31797427,0.31855375,0.31873652,0.3184281,0.3143322,0.30843174,0.30247587,0.29178393,0.28859425,0.28826237,0.28718007,0.28626728,0.2875033,0.2904711,0.2951717,0.30043945,0.30540895,0.3091695,0.31224224,0.31418628,0.31607875,0.31613386,0.31405208,0.3094884,0.30219692,0.29281643,0.28319666,0.27633807,0.3124816,0.25778544,0.2566516,0.20783621,0.16874507,0.15431236,0.1500438,0.14685151,0.14330752,0.14327724,0.14463332,0.14624427,0.15087488,0.15649074,0.16283885,0.16940819,0.17595127,0.182371,0.18850611,0.19442645,0.19995286,0.20515089,0.2100989,0.21520182,0.2200942,0.2253947,0.22961566,0.23348792,0.23631169,0.23857681,0.23981783,0.23916632,0.23703188,0.23284817,0.22846696,0.22482637,0.221792,0.21956822,0.2189218,0.2170557,0.21443076,0.21282224,0.21179485,0.2114913,0.21025473,0.21029104,0.21714076,0.42392483,0.0,0.88187695,0.0,0.0,0.0,0.3292694,0.0,0.52232426,0.11848075,0.09339245,0.10081934,0.10477627,0.10897227,0.11356367,0.117362775,0.121316604,0.12537318,0.12853849,0.13107632,0.1331189,0.1343894,0.13525926,0.13470809,0.13608675,0.13829012,0.13955706,0.14220935,0.14400078,0.14677623,0.14934692,0.15190728,0.15326579,0.1562343,0.15834542,0.16015631,0.16212295,0.16313125,0.16436002,0.16317806,0.16146885,0.15618616,0.14910804,0.14167482,0.13625887,0.13219057,0.12820776,0.12378289,0.1239711,0.12320419,0.121784225,0.1184786,0.11696961,0.117315836,0.11582255,0.10982524,0.11090648,0.10489118,0.102044486,0.09886639,0.09915415,0.085521966,0.08045957,0.08292796,0.060779497,0.25939083,0.532544
824,SSC_SALE10_20110606,0.215179,0.784821,0.0,0.042446397,0.04513901,0.047749083,0.050330084,0.052509326,0.054073866,0.055283204,0.056159575,0.056899857,0.05754652,0.05843826,0.060529448,0.06467145,0.07004401,0.07420435,0.077044874,0.07862783,0.078631304,0.07784568,0.078500256,0.07960924,0.080257334,0.08052719,0.08216403,0.08348961,0.082480796,0.08122117,0.07861469,0.079283856,0.08952779,0.111512676,0.13179757,0.14842835,0.16141622,0.17013584,0.17538567,0.17735276,0.18165907,0.18444674,0.18703175,0.18965362,0.19226366,0.19470033,0.19722058,0.20008716,0.20263204,0.20535228,0.207971,0.2104147,0.21285295,0.21392626,0.21626268,0.21903004,0.21840875,0.21867687,0.21858154,0.21845588,0.22106217,0.22246224,0.22568083,0.22851203,0.22992294,0.23325507,0.23659165,0.24054167,0.24393062,0.24670702,0.24912949,0.251084,0.25281096,0.25385645,0.25405678,0.25214925,0.24869351,0.24388888,0.23436867,0.23219827,0.23243104,0.23214279,0.23178403,0.23322882,0.23554732,0.23947933,0.24409504,0.24847628,0.25202188,0.25490576,0.2570239,0.25879,0.2595237,0.2583818,0.2551928,0.2499359,0.24264994,0.23505741,0.2301682,0.25076,0.2845524,0.26970187,0.22379637,0.13013388,0.12969841,0.12174033,0.11951061,0.11762021,0.11757015,0.11898565,0.11987968,0.123321444,0.12790449,0.13303305,0.1383926,0.14379044,0.14875148,0.15376641,0.15844348,0.16299866,0.16735858,0.17130905,0.17582798,0.18027563,0.18446496,0.18875456,0.19245988,0.19516723,0.19725923,0.19781917,0.19716594,0.19570507,0.1925018,0.18946692,0.18648256,0.18371055,0.18194537,0.18133233,0.17971401,0.17749253,0.17676878,0.17604402,0.1769302,0.16890822,0.17105676,0.15116447,0.96750146,0.55668145,0.0,0.38721764,0.0,0.52484775,0.0,0.96499085,0.6516333,0.14874046,0.068401575,0.07706813,0.07888148,0.08412339,0.08870647,0.09251629,0.096166275,0.097754605,0.09990706,0.101837985,0.10454809,0.10450155,0.10454054,0.10351078,0.10360482,0.105204694,0.106481776,0.107458144,0.108779974,0.11106177,0.11267728,0.114739515,0.11666099,0.11828288,0.12018208,0.122324094,0.123615146,0.1249121,0.12518527,0.12484585,0.12264531,0.118271634,0.11144081,0.10748658,0.10303204,0.09971986,0.09732165,0.09362302,0.09184881,0.09310432,0.092587374,0.08967941,0.08576099,0.087273404,0.08541608,0.083825424,0.08273481,0.07876126,0.07355979,0.07292746,0.07024611,0.060395423,0.057356272,0.04867288,0.0657214,0.22969246,0.0
827,SSI_ARCA02_20110607,0.111772,0.888228,0.0,0.026214035,0.027934162,0.03053959,0.033510916,0.03641933,0.039314914,0.041567136,0.043493316,0.04486321,0.04617069,0.04768885,0.05023596,0.054614898,0.060340293,0.06507696,0.068349406,0.0701948,0.07021143,0.069140464,0.069541454,0.07021715,0.070318125,0.06979683,0.07039009,0.070527434,0.069255285,0.06849017,0.067214206,0.06787584,0.07476832,0.09166438,0.11103055,0.12951382,0.14504941,0.15575078,0.16194218,0.16467576,0.16899782,0.17178644,0.17421965,0.17680286,0.17933734,0.1814504,0.18372533,0.18626039,0.18863998,0.19090027,0.19296382,0.19519843,0.19729131,0.19853501,0.20085192,0.20285223,0.20470685,0.2032027,0.20394102,0.20315984,0.20466194,0.20623602,0.20913401,0.21177371,0.21722688,0.22027041,0.22310314,0.22653167,0.22931677,0.23185791,0.23346291,0.23574297,0.23690869,0.2377292,0.23771451,0.23679219,0.23550005,0.2300264,0.22355947,0.22043444,0.21963532,0.21965668,0.21948178,0.22063239,0.22340359,0.22675997,0.23057884,0.23404731,0.23724805,0.23982862,0.24223617,0.2436723,0.24431132,0.24333207,0.24105297,0.2364885,0.23043299,0.22366972,0.2178168,0.22327442,0.2522134,0.24959895,0.20019528,0.1515948,0.13429283,0.1312342,0.12706546,0.12541816,0.12610954,0.12583382,0.12789963,0.13213141,0.13649233,0.14043982,0.14550295,0.15028006,0.15502974,0.15966088,0.16421737,0.16855307,0.17275159,0.17692073,0.18111108,0.1854105,0.18962486,0.19325794,0.19649735,0.1996968,0.20181271,0.20206405,0.20190407,0.20117351,0.19915788,0.197496,0.19575693,0.1930554,0.19168893,0.19181894,0.19089292,0.18871512,0.18849424,0.18851002,0.1884838,0.18152598,0.19208437,0.18067446,0.33798257,0.0,0.0,0.0,0.7260262,0.37216738,0.20929489,0.0,0.2948564,0.13259672,0.08474333,0.0936189,0.09440621,0.099159084,0.10268287,0.10600773,0.10986195,0.113372445,0.117891945,0.11903409,0.11943167,0.11938633,0.11943433,0.119120374,0.11960219,0.11976357,0.120916955,0.12167352,0.12272697,0.124914184,0.12635759,0.12758133,0.12932825,0.13083434,0.13276082,0.13376312,0.13515775,0.13647309,0.1363154,0.13787313,0.13588238,0.13135321,0.12659375,0.121541254,0.11800285,0.11463408,0.113507986,0.10885177,0.108744554,0.10954024,0.10779761,0.10543337,0.10601851,0.10446903,0.10414326,0.10199609,0.09946987,0.09783362,0.09248649,0.088547245,0.0885702,0.07888818,0.08124409,0.07507176,0.095190555,0.23279762,0.0
829,SSI_ARCA04_20110607,0.288582,0.711418,0.0,0.02895155,0.03022078,0.0331854,0.036120042,0.03945987,0.04232878,0.04512137,0.047346786,0.048800033,0.050193843,0.051639352,0.05393932,0.05824774,0.06382975,0.0682974,0.07130144,0.07285056,0.07265437,0.07110416,0.071488425,0.0721214,0.071920566,0.071194895,0.07157241,0.07176629,0.07051594,0.06939311,0.06807216,0.06872482,0.07510985,0.09173541,0.11053633,0.1275995,0.14168851,0.15150842,0.1569191,0.15869014,0.1627257,0.16512823,0.16708559,0.1692268,0.17123024,0.17283966,0.17494087,0.17744547,0.17948136,0.18145745,0.18346049,0.18523845,0.1871007,0.1876271,0.18966179,0.19197598,0.19153063,0.1918819,0.19185355,0.19271623,0.1945033,0.19617993,0.19846052,0.20088781,0.20532027,0.20821309,0.21111189,0.21412906,0.21657667,0.21894516,0.22111939,0.22305873,0.22483283,0.22543992,0.22658946,0.22684032,0.22422905,0.2220143,0.21621676,0.21461225,0.21458396,0.21470252,0.21503668,0.21667907,0.21901414,0.22282133,0.22674647,0.23016809,0.23339942,0.23619695,0.2383616,0.24034564,0.24124724,0.24108092,0.23936573,0.23593044,0.2311345,0.22563778,0.22203447,0.21908127,0.30526623,0.536209,0.22611453,0.16370529,0.13857152,0.13499178,0.13230743,0.13022949,0.12980263,0.12998344,0.13202797,0.13549404,0.13946433,0.1436849,0.14857906,0.15317748,0.15810122,0.1625783,0.16701816,0.17114578,0.17501333,0.17925535,0.18332034,0.187627,0.19192524,0.1952754,0.19860364,0.2014684,0.20375098,0.20415764,0.2035969,0.20273809,0.20068064,0.19868238,0.19658072,0.1936922,0.1919143,0.19240308,0.19192691,0.18963732,0.18896231,0.18963702,0.18971977,0.18549117,0.18505746,0.14805995,0.62359643,0.0,0.5656091,0.5378586,0.0,0.0,0.43877262,0.9869555,0.81098634,0.1122354,0.08686392,0.09204013,0.09549872,0.099905215,0.10416582,0.10758491,0.11091809,0.11468943,0.117947355,0.1196475,0.12057324,0.12026124,0.11956167,0.1188839,0.118879125,0.11937951,0.12017514,0.12110437,0.122294694,0.1240592,0.12582944,0.12755391,0.12944995,0.13073237,0.13315414,0.135033,0.13584219,0.1374899,0.13754751,0.1375644,0.1338344,0.13022166,0.12632777,0.120839134,0.11711122,0.11518257,0.111071035,0.10927942,0.10711408,0.10819697,0.105964355,0.103379495,0.1022255,0.102666385,0.1015468,0.09773674,0.096124694,0.09660582,0.08928756,0.087038375,0.084038906,0.079797946,0.07889603,0.0636281,0.07807479,0.39541334,0.2047973
850,CHI_ADFA04_20110609,0.466342,0.533658,0.0,0.021265605,0.022143546,0.024183862,0.026819034,0.02917852,0.03110226,0.03279471,0.0342792,0.035663463,0.036812108,0.038546808,0.042063467,0.048403136,0.05676012,0.063359804,0.068009846,0.070054084,0.068830475,0.06646298,0.06559526,0.06597428,0.06523893,0.063694514,0.06395331,0.06391968,0.061610714,0.059439495,0.05660368,0.057137735,0.067075364,0.09351889,0.12440477,0.15442222,0.17980398,0.1964739,0.20534518,0.20718217,0.21317911,0.2156182,0.21786731,0.22016223,0.22234198,0.2243394,0.22617929,0.22837883,0.23028742,0.23227008,0.23398823,0.23556505,0.23665419,0.23694944,0.23795605,0.23908138,0.23939946,0.2379083,0.23727086,0.2348172,0.2339976,0.23440987,0.2362131,0.2387806,0.23840815,0.24221443,0.24497363,0.2485328,0.2512099,0.25382552,0.25633255,0.25752333,0.25925726,0.25987676,0.26040015,0.2585856,0.25602618,0.24906692,0.23985185,0.23343542,0.23107165,0.22945999,0.22840242,0.22836724,0.2307801,0.23513381,0.24022733,0.24460702,0.24813394,0.2509943,0.25350776,0.25508434,0.25571632,0.2546592,0.2513842,0.24609725,0.2382948,0.22958039,0.22217569,0.21304733,0.20305425,0.18736905,0.16994356,0.14292492,0.12862416,0.1200176,0.11534413,0.11254608,0.111779064,0.11277931,0.11449386,0.11787386,0.1219091,0.12613708,0.13096473,0.13556746,0.13992111,0.14395593,0.14786018,0.15137908,0.15484865,0.15806118,0.16166312,0.16527747,0.16892833,0.17241643,0.17512052,0.177638,0.17856988,0.17806904,0.17748779,0.17664824,0.17439753,0.17141111,0.1682436,0.16574396,0.16472541,0.16504888,0.16403131,0.16290483,0.16240956,0.16330217,0.16361533,0.16069917,0.16052078,0.16100915,0.13945475,0.7714329,0.2607957,0.24451807,0.119587615,0.108692184,0.10494657,0.1215867,0.0626422,0.069807306,0.07116905,0.07487993,0.076790795,0.08067452,0.08467377,0.0880924,0.09102186,0.09426524,0.09611184,0.097487144,0.09750133,0.09747634,0.09629825,0.09612827,0.096159555,0.096395716,0.09679188,0.097578846,0.0982277,0.099577166,0.10058076,0.10163438,0.10294266,0.10472157,0.1068121,0.10772219,0.10953043,0.11001036,0.11187388,0.11168484,0.109507404,0.106224746,0.09988204,0.09552369,0.09174099,0.0901987,0.08709864,0.08366178,0.08240687,0.08196525,0.08189456,0.08081923,0.07928937,0.07918798,0.07821257,0.074933305,0.0732638,0.072992064,0.06858924,0.06604336,0.059940767,0.056165975,0.05070623,0.052668277,0.06592193,0.099647686,0.16297677
858,CHI_CECU02_20110609,0.438703,0.561297,0.0,0.026536776,0.026908107,0.027986186,0.029789858,0.032176327,0.034170978,0.035600983,0.036578264,0.0374376,0.038187794,0.039413925,0.041909266,0.047017973,0.05459788,0.060771424,0.06504227,0.06638875,0.06423121,0.061021112,0.059776254,0.059693955,0.058432598,0.056518707,0.05631427,0.05583005,0.053401344,0.051073626,0.04848767,0.04861622,0.05653782,0.08181655,0.114116944,0.14797865,0.17946564,0.20149122,0.21338281,0.21666881,0.22181009,0.22369258,0.22529785,0.22692733,0.22845532,0.22969513,0.23085414,0.23231201,0.2336256,0.23496465,0.23619281,0.23732783,0.23790073,0.23770665,0.23818758,0.23874752,0.23912093,0.2362589,0.23436625,0.23003191,0.22785835,0.22760636,0.22907254,0.23160775,0.2353418,0.23996098,0.24281403,0.2462874,0.24889666,0.25155136,0.25377148,0.25486994,0.25594518,0.25602335,0.25598443,0.25365683,0.25012735,0.2407524,0.22957112,0.22135463,0.21825495,0.21667941,0.2156401,0.21563213,0.21784799,0.2215587,0.22607207,0.22988476,0.23315406,0.23566002,0.23802583,0.23924509,0.23917486,0.2373531,0.23323599,0.22659601,0.21758242,0.20723008,0.19874868,0.18955523,0.16789906,0.16539206,0.14366412,0.11767163,0.10155112,0.09398238,0.089277245,0.087168604,0.08661856,0.08636165,0.0878657,0.090712935,0.09395497,0.09706987,0.101156235,0.10498104,0.1087759,0.11247693,0.11598318,0.11934857,0.122609116,0.12576471,0.12906733,0.13209149,0.13548407,0.13865303,0.14101434,0.14315549,0.14392406,0.14349753,0.14372079,0.14419569,0.14308195,0.14105597,0.13856716,0.13595887,0.13399306,0.13387641,0.13278571,0.1311312,0.13015789,0.13031588,0.12995379,0.12996247,0.12923518,0.12364073,0.116657615,0.6195317,0.27307713,0.1807395,0.12583882,0.07162878,0.07872731,0.11427344,0.06384827,0.05301756,0.05814731,0.060620088,0.062498648,0.06519533,0.067421235,0.069313005,0.07063219,0.07235625,0.07502766,0.07772302,0.07717873,0.076745376,0.07599996,0.07659218,0.07698141,0.07699693,0.07737025,0.077957086,0.0787546,0.0798535,0.08020186,0.08168591,0.08264596,0.08428984,0.08511925,0.085911445,0.08792821,0.08853042,0.089868,0.090407886,0.088617325,0.085824184,0.082511775,0.0795472,0.07621506,0.073712,0.07272058,0.06964324,0.06748881,0.068207145,0.06724437,0.06548341,0.06425244,0.06408579,0.063344665,0.06117602,0.060391944,0.058488887,0.0543318,0.052824967,0.047882948,0.046091534,0.04337604,0.043187115,0.062469862,0.06192026,0.14142919
860,CHI_CECU04_20110609,0.510833,0.489167,0.0,0.023944477,0.024609338,0.025855593,0.027708542,0.030789902,0.03340492,0.035346888,0.03653049,0.037505563,0.03829533,0.03967321,0.042583507,0.048617307,0.05684299,0.06321655,0.06745354,0.06845097,0.06628813,0.06283285,0.06164644,0.061790824,0.060569163,0.058410358,0.058268137,0.05806596,0.055911876,0.052759513,0.04942319,0.049375717,0.05800329,0.08318599,0.11514234,0.15083125,0.18762925,0.21596238,0.23178048,0.23696655,0.24304622,0.24562356,0.24747063,0.24945578,0.25121003,0.25245973,0.25389603,0.25601235,0.25756726,0.25926203,0.26055115,0.26159105,0.26232883,0.26139352,0.26169488,0.26225773,0.26020902,0.25760707,0.25375795,0.24796534,0.24538265,0.24444279,0.24613772,0.24889062,0.25436962,0.25877893,0.26380613,0.2679237,0.27165154,0.27420425,0.27690345,0.27818525,0.2787834,0.27789348,0.27631703,0.27256966,0.26576874,0.25195944,0.23537591,0.2264462,0.22201173,0.22013508,0.21817909,0.21788988,0.21999025,0.22421522,0.22954491,0.23394671,0.23750983,0.24028261,0.2422809,0.24303156,0.24192289,0.23815551,0.23176451,0.22246045,0.21007226,0.19745131,0.18851914,0.16473468,0.15918872,0.13411075,0.11671564,0.092939824,0.07906462,0.0734319,0.07056656,0.06848622,0.06814774,0.06856085,0.069650374,0.07207896,0.07523421,0.07876131,0.08242345,0.086177275,0.09003405,0.09373944,0.09718072,0.100516014,0.10361252,0.10691918,0.10999967,0.1131989,0.11643283,0.11918657,0.12174475,0.12388382,0.1246464,0.124471016,0.124777965,0.12510596,0.1239115,0.12199434,0.11976468,0.11703602,0.11498318,0.11442798,0.11302393,0.11125977,0.11028601,0.109655574,0.1092511,0.10848498,0.10502131,0.10738394,0.106101036,0.20667985,0.23527256,0.17844395,0.19527973,0.0740846,0.058098387,0.11764138,0.06397499,0.04299679,0.044216994,0.042542767,0.044861045,0.04804479,0.049492717,0.05151885,0.052892838,0.054545417,0.056012403,0.057154384,0.057890948,0.058176033,0.05759391,0.05780309,0.058472004,0.059093963,0.059249103,0.059874646,0.060361013,0.06141707,0.061976127,0.06273622,0.0636542,0.06463887,0.06536233,0.06648338,0.067775294,0.068478234,0.06917621,0.06932158,0.06827784,0.06614954,0.06395699,0.06108888,0.059397466,0.057020284,0.05633419,0.053948708,0.05276575,0.05313151,0.05252011,0.0505342,0.04959407,0.04844563,0.04849039,0.046145108,0.0434088,0.040636692,0.04231725,0.04077123,0.037595533,0.03347234,0.03148241,0.0306736,0.036962233,0.08493159,0.24314398
861,CHI_CECU05_20110609,0.639101,0.360899,0.0,0.01863757,0.019191636,0.019589067,0.021213597,0.023535231,0.02571926,0.027105344,0.02781312,0.02841339,0.028841687,0.029932288,0.032570705,0.03823761,0.04609073,0.052021265,0.05579635,0.056531597,0.053774197,0.04961501,0.04828385,0.047682133,0.046131354,0.043879215,0.043502107,0.042859234,0.04025855,0.03757395,0.034504168,0.03450178,0.04260741,0.068195306,0.10158879,0.13937968,0.17820333,0.20796052,0.2241471,0.23046687,0.23513618,0.23759018,0.23938443,0.24134976,0.24284148,0.24396843,0.24517271,0.247044,0.24855271,0.24982813,0.25094375,0.2519419,0.2523823,0.2508426,0.25086734,0.25123376,0.24773186,0.24572055,0.24021237,0.23295698,0.2296042,0.22799632,0.22887151,0.23140241,0.23576647,0.24099106,0.24639353,0.2507963,0.2554253,0.25860694,0.26159942,0.26275876,0.26346558,0.2629542,0.26167145,0.25682372,0.24647737,0.23302037,0.21534799,0.20404163,0.19941178,0.19668804,0.19420724,0.1936695,0.19569072,0.2003081,0.20575888,0.21050854,0.21432175,0.2172605,0.21925904,0.21973586,0.21853206,0.21475892,0.20770518,0.19719258,0.18473536,0.17132123,0.16223595,0.14519262,0.1277954,0.11502089,0.09100234,0.07385707,0.059044566,0.054824933,0.051676575,0.04997228,0.049852524,0.050004866,0.050722647,0.05269228,0.05522578,0.057832073,0.060888752,0.06386043,0.0668309,0.06970457,0.07260724,0.07510619,0.07772624,0.08029566,0.08272999,0.08528276,0.08766317,0.090044044,0.09202639,0.093639955,0.094292,0.09412939,0.09424008,0.09451931,0.09397657,0.092278786,0.090175055,0.088410646,0.08639498,0.08557638,0.084191196,0.08232783,0.081455946,0.08106593,0.08063176,0.080506176,0.08100756,0.077704936,0.12919164,0.18032542,0.18302009,0.14815216,0.17059427,0.06544161,0.064541794,0.15052427,0.057887673,0.03552364,0.03054947,0.03307606,0.031810407,0.03426957,0.035415046,0.036570325,0.037216242,0.03781452,0.03908355,0.040726446,0.04146222,0.042027418,0.04222608,0.042797066,0.042688966,0.043282293,0.043623816,0.044079166,0.04468049,0.04508457,0.045934368,0.046438895,0.046931878,0.047960453,0.04846479,0.04903108,0.049925108,0.050625686,0.051096514,0.05077811,0.050876107,0.04894805,0.047398306,0.045955945,0.043191183,0.043106616,0.040779836,0.03920128,0.039218064,0.04009593,0.039037466,0.037804015,0.0372801,0.036870036,0.034023385,0.0330907,0.032755785,0.030723719,0.032094516,0.030559102,0.028661089,0.025270967,0.028658153,0.03075246,0.041470934,0.09845389,0.1119609
876,SSC_BAPI08_20110615,0.527624,0.472376,0.0,0.01122473,0.012373871,0.014207891,0.016453333,0.018731352,0.020651814,0.022544332,0.023742476,0.024924349,0.02591967,0.027700491,0.03149565,0.03966232,0.050880592,0.058457416,0.062721975,0.06353946,0.06027127,0.05499184,0.053297315,0.05318248,0.051254563,0.048512753,0.04812216,0.047332104,0.044173498,0.041189443,0.038048886,0.0385617,0.048988942,0.08064687,0.121882014,0.16433047,0.20271252,0.22989242,0.24365889,0.245619,0.25460535,0.2580918,0.2604292,0.26357546,0.26605394,0.26768607,0.27038547,0.27447835,0.27732268,0.2801371,0.28247195,0.28442523,0.28610036,0.2838003,0.28517357,0.28784,0.28188822,0.2769312,0.2734355,0.269918,0.27300867,0.27415094,0.27900714,0.28263357,0.28491166,0.29032618,0.29558018,0.30061588,0.30570725,0.30940157,0.3119744,0.31428683,0.31407365,0.31289464,0.30806816,0.29946867,0.28759772,0.2764082,0.25867072,0.25473073,0.25384358,0.2526912,0.2511491,0.25224465,0.25525752,0.26124468,0.267468,0.27309754,0.27804482,0.28115833,0.28342757,0.28451297,0.28269014,0.27751464,0.2689083,0.25680056,0.24131255,0.22637555,0.21427687,0.22473373,0.19755131,0.24458627,0.6066111,0.13206741,0.08327117,0.075935744,0.073923536,0.071073145,0.07250364,0.07353117,0.07511829,0.07941413,0.085029826,0.09055185,0.09635922,0.10245096,0.10850106,0.114333086,0.119981855,0.1254745,0.13059036,0.13563627,0.14085595,0.14554885,0.1503748,0.15447903,0.15801789,0.16116871,0.1632699,0.16370636,0.16320832,0.16138768,0.15779257,0.15426283,0.15080144,0.14755668,0.14480923,0.14403446,0.14134929,0.13762005,0.13508488,0.13369152,0.1312155,0.12158548,0.101440646,0.24546638,0.8477145,0.0,0.0,0.0,0.0,0.3944599,0.6635011,0.8515285,0.75685716,0.4379001,0.070920594,0.037245225,0.0382058,0.04442609,0.047615994,0.05015564,0.052052256,0.052291576,0.05554831,0.0582204,0.059565056,0.059531443,0.059467446,0.06036707,0.061227117,0.06284942,0.06403417,0.06561489,0.0672075,0.069048576,0.070031814,0.0716278,0.0727338,0.07460486,0.07554719,0.076874144,0.07798403,0.079313755,0.08014696,0.07961988,0.07732194,0.07370875,0.07003956,0.0645328,0.062305253,0.060410626,0.057905708,0.055289228,0.054152813,0.053656537,0.05228184,0.05124597,0.049335063,0.047562934,0.04666195,0.044113062,0.04327708,0.041994788,0.03978747,0.03547366,0.03690177,0.030702626,0.033555724,0.040368073,0.06296844,0.23412123,0.26555875
884,SSC_BAPI04_20120113,0.528053,0.471947,0.0,0.022942198,0.024854744,0.02793027,0.031346325,0.034794267,0.038207483,0.041037735,0.043680206,0.04589801,0.047937937,0.05092825,0.05628972,0.06539568,0.07565321,0.08299066,0.08804636,0.089774944,0.087941684,0.08492357,0.08410953,0.08466576,0.0834835,0.08164856,0.08207815,0.08196755,0.079512134,0.076414414,0.07319517,0.07461311,0.09010954,0.12593178,0.1677771,0.20836927,0.24218203,0.2639891,0.2767817,0.2820553,0.29054946,0.2957533,0.3008918,0.30589023,0.31083116,0.31572285,0.31983486,0.3241699,0.3284126,0.3327189,0.33717078,0.34121922,0.3454978,0.34952018,0.35349756,0.35760003,0.36137047,0.36251074,0.3635479,0.36141127,0.36176056,0.3630269,0.3663546,0.37083206,0.37764332,0.38457748,0.39046687,0.39655674,0.401905,0.40708682,0.41237372,0.41516742,0.4182234,0.4204457,0.42185968,0.42308292,0.41991216,0.406762,0.39026058,0.3805083,0.3750754,0.37186056,0.3695567,0.37084642,0.37563267,0.38365284,0.3925761,0.40092897,0.40789005,0.4141656,0.42012224,0.42192328,0.4218887,0.41939023,0.4132735,0.40438068,0.39131263,0.37567583,0.36368448,0.35579103,0.3390609,0.31961384,0.2723142,0.22947636,0.19556803,0.17923802,0.16867043,0.16366294,0.16170162,0.16099377,0.16414192,0.16919333,0.17571092,0.18262716,0.190783,0.19952744,0.20760563,0.21582839,0.22343953,0.23096247,0.23822394,0.2452707,0.2519895,0.25868577,0.26534554,0.26987967,0.27372086,0.27791166,0.28052166,0.27949607,0.27586624,0.2692202,0.26050246,0.2520288,0.24554206,0.24009365,0.23736373,0.24032377,0.23823062,0.23655242,0.23511152,0.22696276,0.22796749,0.23273884,0.240671,0.23740678,0.23749962,0.2185178,0.2780096,0.23348054,0.1973472,0.16215935,0.14405723,0.13694306,0.10210939,0.09661102,0.0940582,0.09643824,0.098091744,0.10478975,0.108514674,0.11135705,0.11585618,0.120570816,0.1267675,0.12814996,0.12711677,0.12629026,0.12606664,0.12703604,0.12684873,0.12823473,0.12936288,0.12965278,0.13147892,0.1331968,0.13466677,0.13741194,0.13930686,0.14123128,0.14320163,0.14682557,0.14889279,0.14951791,0.15051994,0.14980684,0.14491282,0.13646825,0.1280122,0.119873114,0.11210138,0.10876005,0.10537703,0.09882473,0.096767105,0.09992542,0.09902512,0.09635059,0.09649599,0.09472081,0.09386123,0.0938075,0.09241394,0.088701144,0.087234594,0.08297437,0.08696618,0.078824274,0.08137603,0.09354713,0.10362363,0.11746804,0.18554324
885,SSC_BAPI05_20120113,0.516278,0.483722,0.0,0.021494504,0.023224434,0.026041806,0.029142467,0.03234126,0.035497885,0.038118653,0.04061687,0.042670574,0.044597134,0.04734641,0.05197754,0.059720255,0.0684333,0.074636474,0.07893699,0.08046546,0.07871882,0.07627271,0.07558981,0.07600927,0.07529354,0.07400926,0.074402176,0.07404968,0.07208314,0.07021571,0.06810675,0.06953103,0.08259126,0.11386345,0.15415856,0.19780265,0.23803765,0.26578665,0.28249776,0.28824916,0.30025223,0.30669582,0.31302947,0.31922904,0.32530656,0.3310977,0.33628216,0.3417916,0.34713823,0.3525615,0.35821596,0.36340985,0.3689476,0.37365398,0.37889233,0.38434854,0.3890067,0.38915285,0.39006582,0.3863854,0.38734165,0.38904428,0.39391434,0.4001269,0.40871102,0.41710904,0.4251409,0.43344605,0.44053623,0.4480289,0.45371383,0.45666763,0.46003184,0.46092018,0.4611245,0.46040246,0.45401487,0.43600464,0.41311875,0.4010158,0.39524403,0.39171353,0.38922355,0.39068013,0.3963885,0.40565458,0.4157874,0.4257602,0.43387255,0.44056866,0.44719663,0.44981435,0.44967568,0.4452476,0.43563145,0.42167148,0.40348622,0.383288,0.36861187,0.3538004,0.33539966,0.30660966,0.25470045,0.2110865,0.18127225,0.16351451,0.15600374,0.15019827,0.14885958,0.14814301,0.1518253,0.15633628,0.16367988,0.16997083,0.17903909,0.18762454,0.19689935,0.20551226,0.21405564,0.22160418,0.2298192,0.23740634,0.24517758,0.25239125,0.25983375,0.2642783,0.26887682,0.2738898,0.27714184,0.2764251,0.27358106,0.26806086,0.26010054,0.25262004,0.24680448,0.24164467,0.23930407,0.24028447,0.23757346,0.23499292,0.23153193,0.22662137,0.22549261,0.22997306,0.23396698,0.23381948,0.25196475,0.20321074,0.26501068,0.2193985,0.18372373,0.15895425,0.12758955,0.11613892,0.09374178,0.09311728,0.09183718,0.09481754,0.09384577,0.102231525,0.105371155,0.10705418,0.11081311,0.113127686,0.120452195,0.12397543,0.12108367,0.11857675,0.1195734,0.1212893,0.12064735,0.12247658,0.12324886,0.12307866,0.12723802,0.12858222,0.1301872,0.13294156,0.13507456,0.1363327,0.14058313,0.14199223,0.14535236,0.14505424,0.14721349,0.14502542,0.14286132,0.13375926,0.1281874,0.11792025,0.11244858,0.10793648,0.107606284,0.10195645,0.099215835,0.09951736,0.099026114,0.09403015,0.097946666,0.0956464,0.09425672,0.09288039,0.091387734,0.08476517,0.08671879,0.08712185,0.08583374,0.07159189,0.07132166,0.11131685,0.12397022,0.14072539,0.14171654
930,CHC_ARGL04_20120128,0.720779,0.279221,0.0,0.016196288,0.01719215,0.01755917,0.018273374,0.020492557,0.023331616,0.025774857,0.026515992,0.02695456,0.027458819,0.028302561,0.03188113,0.03852391,0.04682966,0.05244492,0.05592274,0.056867015,0.05466868,0.050978404,0.049988076,0.05029389,0.049029972,0.04674922,0.046553217,0.045234002,0.041149624,0.038067922,0.033898875,0.033865307,0.04728097,0.08489785,0.13622433,0.19429278,0.25176316,0.29273656,0.31601438,0.3242868,0.33641675,0.34263462,0.34813747,0.35356253,0.35850888,0.36212024,0.36511126,0.36898375,0.37240237,0.37547573,0.37871507,0.38068703,0.38199568,0.38066584,0.38122657,0.38121465,0.37595883,0.36771077,0.3578733,0.341306,0.33400762,0.33191484,0.3347143,0.3399839,0.3492126,0.35922563,0.36934346,0.3779318,0.38583812,0.39159232,0.3958812,0.39677793,0.39613202,0.3933609,0.3871433,0.37447146,0.35534054,0.32709515,0.2935768,0.27499864,0.2666246,0.26184055,0.25753996,0.255156,0.25736016,0.2638006,0.2727687,0.27976236,0.28501377,0.28920078,0.29196244,0.29145384,0.28820518,0.28089535,0.2685541,0.25243688,0.23149602,0.21141402,0.19291966,0.16996263,0.15444365,0.12901363,0.09677564,0.07130132,0.055468988,0.048037432,0.044674907,0.04301609,0.04266474,0.04262015,0.043724615,0.04661806,0.050369103,0.0539709,0.05823985,0.062415164,0.066533506,0.07053746,0.074630104,0.078340106,0.08196244,0.08567074,0.08927886,0.09238939,0.09600365,0.0987414,0.100843415,0.10232833,0.10261097,0.10177148,0.10209175,0.10228157,0.10006609,0.097175516,0.09387792,0.09041316,0.08820215,0.08829093,0.086061046,0.08368472,0.08301008,0.08214776,0.08166787,0.07184808,0.07165973,0.063123256,0.051887855,0.08024254,0.043060623,0.048317336,0.044798993,0.031284012,0.027333142,0.034525674,0.024106394,0.013919631,0.014954776,0.01574873,0.017182568,0.019213999,0.020876385,0.023055939,0.023313196,0.022834245,0.027282607,0.026968578,0.028497092,0.028602028,0.02756681,0.028023366,0.028991392,0.030209847,0.030610492,0.031049108,0.03211268,0.03174194,0.03353087,0.034409706,0.034113687,0.03456791,0.036913503,0.036501687,0.037751295,0.03944401,0.041332625,0.041031733,0.040667843,0.03803934,0.03509914,0.032441508,0.03142837,0.027642446,0.027424606,0.025257142,0.024939083,0.024900692,0.023947222,0.022211898,0.02273323,0.020639293,0.018834027,0.016977882,0.015705803,0.01679626,0.015044986,0.013201327,0.016737564,0.015969103,0.018763682,0.017880496,0.026589818,0.07299719,0.1927302
941,CHC_CEME08_20120128,0.684412,0.315588,0.0,0.026482295,0.02700593,0.028069412,0.029541036,0.03139993,0.03298866,0.034144197,0.034820873,0.03530995,0.035619352,0.036574587,0.038903814,0.04424948,0.051998053,0.057368267,0.060671076,0.06103399,0.057994418,0.054066826,0.05263556,0.052468333,0.051158287,0.049602393,0.049389485,0.04912411,0.047297098,0.045925807,0.04419545,0.044709302,0.051571403,0.076423295,0.11784729,0.16939177,0.22258392,0.26198184,0.28376123,0.28813416,0.29954302,0.30301124,0.3057484,0.30884156,0.3116422,0.31434086,0.31654644,0.31887543,0.32109106,0.32369593,0.3261508,0.3283173,0.3301405,0.33145326,0.33293012,0.3341427,0.33357996,0.33395597,0.3306118,0.32455394,0.32079026,0.32044116,0.32190335,0.32721442,0.3268374,0.33293012,0.33741245,0.3425933,0.34748986,0.3509573,0.35304198,0.35585436,0.35647756,0.35723642,0.35645536,0.3537219,0.34710887,0.33387014,0.3152949,0.30339035,0.29718843,0.29412976,0.29223767,0.29204974,0.2951643,0.30090722,0.30741587,0.31286177,0.31789857,0.32161012,0.325262,0.32597435,0.3242713,0.32066682,0.31329605,0.3024833,0.28812802,0.27205563,0.25891826,0.2512947,0.23295166,0.21818177,0.1765813,0.13822393,0.1176501,0.10567926,0.09970584,0.096876636,0.09564201,0.09587313,0.09737929,0.10094129,0.10524191,0.10964688,0.115015,0.120327994,0.12564653,0.13105315,0.13589478,0.14073025,0.144779,0.15006381,0.15477489,0.15891188,0.16389735,0.16762945,0.17159718,0.17400225,0.17470287,0.17426763,0.17410009,0.17398211,0.1721569,0.16939722,0.16591743,0.16207372,0.159341,0.1588426,0.15682195,0.15454727,0.15385965,0.15440705,0.15400569,0.1436968,0.1469279,0.14123406,0.1330466,0.123132244,0.14736485,0.12934509,0.12495842,0.09061496,0.09047467,0.07617976,0.062220167,0.064607136,0.06557306,0.06759799,0.07198485,0.07229691,0.07564334,0.076705284,0.0782709,0.07936099,0.0850866,0.08198009,0.082690425,0.08034612,0.07936273,0.07960729,0.07944621,0.07885089,0.07925466,0.079650685,0.08095608,0.08148772,0.08251325,0.0832339,0.08425976,0.08483957,0.087623104,0.08934153,0.09052773,0.09221457,0.09347837,0.09430248,0.094266534,0.08851377,0.08615683,0.08078878,0.07659059,0.07606899,0.0736468,0.074196786,0.07028556,0.070015475,0.067376874,0.06631511,0.06607642,0.065706156,0.063853495,0.059821215,0.054170277,0.059055936,0.05396747,0.057831716,0.045529626,0.039334472,0.03900417,0.04482123,0.066877574,0.12276641,0.30546275
959,CHI_ADFA07_20120225,0.631018,0.368982,0.0,0.035242025,0.035482135,0.03675488,0.038584907,0.040161435,0.04160778,0.042835377,0.04407974,0.045103893,0.046288956,0.04736411,0.0498627,0.054489803,0.06038611,0.06472541,0.06776128,0.06915489,0.06822985,0.0664343,0.066065714,0.06654271,0.0663807,0.06546183,0.06579594,0.06599227,0.064598486,0.0633065,0.06189127,0.062391106,0.06916748,0.08894078,0.114312485,0.13925518,0.16096428,0.17565352,0.18335167,0.18493834,0.19030543,0.1925604,0.19443218,0.1965107,0.19854541,0.1997618,0.20167354,0.20432329,0.2062602,0.20819889,0.20989749,0.21139625,0.21291512,0.21259417,0.21403898,0.2155907,0.21620815,0.2127636,0.21360776,0.2133598,0.21572968,0.21715082,0.2202986,0.22254924,0.2268007,0.22982055,0.23196419,0.2348652,0.23817492,0.24034303,0.24302809,0.24446438,0.24597724,0.24730764,0.24648638,0.24314196,0.23981303,0.23847836,0.23262495,0.23112358,0.2313979,0.23142669,0.23140159,0.23230067,0.2348265,0.2395889,0.24478331,0.24951449,0.2536845,0.25689688,0.25973734,0.26211873,0.2633204,0.26323134,0.2610294,0.25691876,0.24997368,0.24256672,0.23264769,0.20847967,0.19608478,0.18765752,0.1692422,0.15610097,0.14269342,0.13651805,0.13357653,0.13115288,0.13227688,0.13404386,0.13517162,0.13937254,0.14479071,0.15067394,0.15601078,0.16156946,0.16646035,0.17113991,0.17543009,0.17942075,0.18329267,0.18757497,0.19164191,0.19586281,0.2002557,0.20390174,0.20700203,0.20943086,0.21033119,0.20970558,0.20828588,0.20646542,0.20363209,0.19993474,0.19580528,0.19238226,0.19058636,0.19196835,0.19154665,0.18982881,0.18980388,0.19036332,0.19074343,0.19379693,0.18961044,0.18073756,0.18550135,0.20294781,0.1472895,0.13985999,0.16447036,0.12089009,0.11655458,0.10165732,0.0970304,0.090026595,0.09827836,0.10423147,0.11117843,0.11627398,0.12188986,0.12613091,0.12963487,0.13582192,0.13366066,0.13497692,0.13408914,0.13282079,0.13072872,0.12961571,0.12729223,0.12786184,0.12856458,0.12806621,0.12981679,0.13123275,0.13192353,0.13335899,0.13580288,0.13713196,0.13997476,0.14141689,0.14466044,0.14513788,0.1462258,0.14636545,0.14201222,0.13739118,0.12877803,0.12234918,0.11783722,0.11774742,0.11202579,0.10965335,0.10712793,0.1091347,0.10758226,0.10522361,0.10395093,0.10233757,0.10325992,0.10134908,0.0993255,0.09923038,0.09544007,0.08997393,0.08302356,0.074678466,0.07532871,0.07036197,0.07935332,0.100513265,0.16736428
961,CHI_ADFA09_20120225,0.520646,0.479354,0.0,0.024584524,0.025555965,0.026784308,0.028457245,0.029553859,0.030730883,0.03158423,0.03219752,0.032735493,0.03302431,0.03399982,0.035677854,0.039094534,0.04433052,0.048083153,0.05052568,0.051448885,0.050126825,0.04777308,0.0475795,0.047504034,0.04706604,0.046331745,0.046519574,0.046649735,0.045556117,0.044786472,0.044093594,0.044595275,0.049502254,0.06580353,0.08943583,0.11659685,0.14228027,0.15997346,0.16966985,0.17265896,0.17748928,0.17996448,0.1820101,0.1841357,0.18622153,0.1879154,0.18988106,0.19181392,0.19382307,0.19585076,0.19739312,0.19876648,0.2001558,0.2007075,0.20165023,0.2028761,0.20285054,0.20195763,0.20175968,0.19988857,0.19986269,0.20035055,0.20187348,0.20428856,0.21082278,0.21463141,0.21746756,0.22134724,0.22409396,0.22717334,0.22951302,0.23135465,0.23325662,0.23410621,0.23424648,0.23361966,0.23014265,0.22505175,0.21690017,0.21302792,0.2109475,0.2104206,0.20993099,0.21015759,0.21307659,0.21746817,0.22272438,0.22704764,0.23129553,0.23449731,0.2371473,0.23943023,0.24068785,0.24045719,0.23780699,0.23335873,0.22622588,0.21875912,0.2108673,0.20276085,0.18801568,0.17503995,0.15260987,0.13662075,0.12319244,0.11421819,0.110825576,0.10807433,0.10835417,0.10915821,0.1106135,0.11382651,0.11790468,0.122287415,0.12699334,0.13168226,0.13602853,0.13996771,0.14392573,0.14754876,0.15103388,0.15470149,0.15849039,0.1623786,0.16618967,0.16993074,0.17258725,0.17510107,0.17591558,0.1755717,0.17425865,0.1725014,0.16991146,0.16691265,0.16334234,0.16081485,0.15969329,0.1604957,0.16054751,0.16006514,0.16021891,0.16105206,0.16195753,0.16371486,0.16413985,0.16443166,0.15939361,0.1710626,0.14529876,0.1465916,0.12984237,0.113250986,0.10455133,0.08077149,0.07131997,0.07856258,0.083217524,0.08404168,0.087253414,0.0903159,0.09447584,0.09898619,0.10217131,0.10285608,0.102680765,0.10391719,0.1032509,0.103568554,0.101632185,0.10062705,0.100018166,0.09986237,0.09981168,0.10059084,0.10208442,0.10265071,0.10358836,0.1055858,0.10739059,0.10870641,0.10987215,0.1121925,0.11390999,0.11523388,0.11629315,0.11647516,0.11305269,0.10930409,0.10245148,0.09799692,0.09294125,0.091599874,0.08951588,0.08586345,0.08359719,0.08646854,0.08493836,0.08275709,0.08134613,0.082672566,0.08001043,0.07934066,0.080346994,0.07411119,0.07191875,0.06783347,0.06799102,0.06709977,0.06372252,0.055260442,0.063497856,0.10006257,0.1788557
964,CHI_ADFA12_20120225,0.578749,0.421251,0.0,0.020691607,0.02169942,0.022530654,0.02384279,0.024600761,0.025763657,0.026434239,0.027072998,0.027567808,0.027866645,0.028848553,0.030556345,0.033903573,0.038895342,0.04263199,0.04529994,0.046503823,0.04563033,0.04349313,0.04341967,0.04351678,0.04294627,0.04217161,0.042291634,0.04252958,0.041455008,0.04055721,0.039686304,0.040219843,0.04544667,0.061487414,0.082033604,0.1030073,0.120800324,0.13237783,0.13882023,0.13980554,0.14451449,0.14655676,0.1482461,0.1500592,0.1518135,0.1534786,0.15513992,0.1565659,0.15819922,0.15996972,0.16133592,0.16248819,0.16375004,0.16511011,0.16592763,0.16707562,0.16723917,0.16889286,0.16901264,0.16780584,0.16736452,0.1678671,0.16869636,0.1709297,0.17299661,0.17545986,0.17714885,0.18023208,0.18282595,0.18497565,0.18651097,0.18836457,0.19038521,0.19168602,0.1930199,0.1948423,0.19383627,0.19037348,0.18572633,0.18269365,0.18086542,0.18092528,0.18080744,0.18146509,0.18379496,0.18749739,0.19169433,0.19507308,0.19849409,0.20117578,0.20334564,0.20576555,0.2072156,0.20757157,0.20630346,0.20402448,0.20010553,0.1956798,0.19320439,0.1979104,0.18947814,0.17654859,0.15730833,0.14170383,0.12829724,0.11895578,0.11380636,0.11178513,0.111437686,0.11157333,0.11368554,0.11648585,0.11951353,0.12284769,0.12698404,0.13082327,0.1346092,0.1381196,0.14153792,0.1446368,0.14771055,0.15131621,0.15437412,0.15756239,0.16104434,0.16420485,0.16626546,0.16866857,0.16941912,0.16845948,0.16742103,0.1660363,0.16369766,0.16056393,0.15729578,0.15552682,0.15466528,0.15561698,0.15583584,0.15536585,0.15636656,0.1578891,0.15918913,0.16068268,0.16246538,0.15867458,0.16064729,0.17258039,0.15641373,0.1453297,0.13070512,0.122181416,0.11865822,0.085214175,0.082806796,0.090490356,0.09299968,0.09173347,0.09520685,0.09881016,0.10129311,0.105280004,0.10675671,0.107478335,0.10796009,0.109688364,0.10912805,0.10732708,0.104802586,0.104703546,0.10396716,0.10297468,0.102895565,0.103834584,0.10468224,0.10448096,0.10566612,0.106666446,0.10850508,0.109991044,0.111137964,0.11213252,0.11384495,0.11378934,0.116239935,0.11624011,0.1135523,0.108270265,0.10325595,0.09786416,0.093508,0.091764495,0.08933534,0.084968016,0.085009545,0.08765015,0.08601054,0.084644675,0.082593046,0.0832996,0.08354811,0.07945093,0.08297273,0.07741593,0.07419576,0.070523575,0.07020733,0.06590381,0.06228976,0.057275597,0.07105918,0.081487015,0.1583829
972,CHI_CECU10_20120225,0.672376,0.327624,0.0,0.021002468,0.02143896,0.021656154,0.02288572,0.024865035,0.026534714,0.02767926,0.028183961,0.028315712,0.028590139,0.029326867,0.03142304,0.03628795,0.043449506,0.04830863,0.05094657,0.051021744,0.047811504,0.04370554,0.04228619,0.042077888,0.04084566,0.03897143,0.038690273,0.03816118,0.0363214,0.03454713,0.03242177,0.032692444,0.039427835,0.06320617,0.102111466,0.15316829,0.21157946,0.25909942,0.28664145,0.2970323,0.3058185,0.30975124,0.31276077,0.3155546,0.31809065,0.31980613,0.32176748,0.3240708,0.32631078,0.32820237,0.32999086,0.3314638,0.33221188,0.331075,0.33152676,0.33169478,0.33004445,0.32314473,0.31783324,0.3078559,0.30223435,0.3004359,0.30264658,0.30613273,0.3153265,0.32175297,0.3286747,0.33405578,0.33992773,0.34413403,0.3469903,0.34938335,0.34965822,0.34823072,0.3458872,0.33838028,0.32676166,0.3066517,0.28263265,0.26709625,0.2608399,0.25732556,0.2544341,0.25364575,0.25598896,0.26186034,0.2682392,0.27430174,0.27907726,0.28244495,0.284161,0.2849609,0.2827381,0.27717388,0.267797,0.25348932,0.23561127,0.21775962,0.20430514,0.18445927,0.16049002,0.1456653,0.10742154,0.08315207,0.06629022,0.058484953,0.055013243,0.0530348,0.052812975,0.053152554,0.054190002,0.056608,0.059850764,0.063395046,0.06746236,0.0714406,0.07541595,0.079579026,0.08344089,0.08721439,0.09101445,0.09446924,0.09803374,0.10163136,0.10494189,0.108116895,0.11063787,0.112670995,0.113374166,0.11273399,0.11280572,0.11343436,0.112678766,0.11049621,0.10768811,0.104691096,0.10191528,0.100885265,0.09944642,0.09714431,0.09590241,0.09502029,0.09514468,0.095901504,0.0960428,0.09457528,0.08983325,0.09832005,0.08049529,0.07817327,0.054017026,0.053591266,0.043629874,0.04229468,0.033961,0.02788631,0.029571565,0.032212514,0.034425233,0.035863813,0.03609931,0.037120413,0.03812988,0.03820988,0.041115604,0.040793613,0.041522782,0.04273637,0.042514697,0.042689282,0.04292528,0.043373127,0.044269323,0.044132583,0.045485735,0.045211084,0.046457734,0.046590045,0.047231186,0.049659014,0.049901254,0.05045527,0.05151286,0.053435933,0.0527016,0.05397736,0.053971704,0.05153215,0.04886085,0.046664767,0.04506592,0.043742374,0.04089229,0.0394085,0.038296923,0.040165152,0.038554702,0.036110155,0.0368002,0.035034243,0.034998022,0.033642516,0.033190407,0.030194998,0.027203925,0.029386563,0.025057213,0.030197723,0.02814405,0.028586818,0.03591735,0.08149217,0.11440073
973,CHI_CECU11_20120225,0.636089,0.363911,0.0,0.022075595,0.022241477,0.02262351,0.02379076,0.02555211,0.027120749,0.028169684,0.0289372,0.029277029,0.02938575,0.030126695,0.03192737,0.035596266,0.041198,0.045005444,0.047033366,0.047149595,0.044847656,0.041740756,0.04091811,0.04104738,0.04026093,0.039121702,0.03912197,0.038965907,0.037738428,0.03630747,0.034550898,0.034708872,0.040327128,0.058375135,0.08812583,0.12959361,0.1809117,0.22553103,0.25242484,0.26371697,0.27167046,0.2755977,0.2785257,0.28131935,0.2838059,0.28546792,0.28752628,0.29016832,0.292267,0.29435444,0.29617184,0.2977024,0.29872698,0.2971341,0.29789552,0.29826552,0.2960244,0.28984603,0.28544515,0.2772479,0.27430752,0.2731028,0.27579898,0.2790697,0.2913076,0.29754812,0.30401373,0.30934894,0.31404772,0.31850472,0.32167667,0.3238013,0.32356688,0.32288066,0.31904253,0.31086165,0.30013084,0.28465304,0.26327372,0.25016323,0.24530882,0.24213153,0.23925489,0.23873323,0.24125703,0.24675635,0.25310862,0.25905797,0.2635928,0.26701432,0.26960713,0.2703013,0.26846296,0.2631809,0.2544594,0.24140866,0.22444531,0.20756273,0.19099666,0.1684868,0.14705896,0.13523269,0.10399068,0.08170598,0.06607818,0.059574824,0.056267396,0.054182846,0.054230265,0.05480584,0.055500325,0.05801537,0.061551284,0.065185115,0.06931348,0.07342557,0.07717869,0.08118636,0.08491865,0.0884706,0.092156835,0.09551609,0.099025235,0.102262974,0.1054308,0.10843959,0.11107688,0.11252363,0.11310705,0.11247415,0.11257133,0.11272799,0.11155678,0.10898563,0.106449805,0.103358395,0.10090407,0.100216284,0.0985439,0.09630411,0.09507347,0.09419932,0.09366724,0.0949239,0.09337492,0.09326873,0.09502129,0.08597884,0.07772294,0.08075462,0.072872885,0.05167469,0.048501093,0.04729396,0.03680373,0.03190161,0.034391593,0.03584733,0.037298355,0.0393411,0.039977368,0.041379116,0.042310562,0.043128327,0.04551876,0.04574016,0.045602314,0.04591717,0.04729023,0.04654287,0.04663787,0.04748229,0.047700685,0.04849334,0.048926,0.04935175,0.05018505,0.050871313,0.05125548,0.0531739,0.053391855,0.054146193,0.055626463,0.056148633,0.05690323,0.056246493,0.056160115,0.053741977,0.051723257,0.049913168,0.047592513,0.046406396,0.044042435,0.042653557,0.041941397,0.04139882,0.04062084,0.038980126,0.039350707,0.03823952,0.037869945,0.036096193,0.034283426,0.030320484,0.035274226,0.031741854,0.030779747,0.031768754,0.03346051,0.03361005,0.047192708,0.07522262,0.19169945
975,CHC_ADFA02_20120226,0.526392,0.473608,0.0,0.020511799,0.021074327,0.021841139,0.0224166,0.022962328,0.023902794,0.02437519,0.024833815,0.025313508,0.025493568,0.026106797,0.027175324,0.029414034,0.03269683,0.03505801,0.03664298,0.037207242,0.03662542,0.03572351,0.03564592,0.035880465,0.03604556,0.035964474,0.036511634,0.0368163,0.03643187,0.03662742,0.0364776,0.03741757,0.04137647,0.05346371,0.0705342,0.08968528,0.10738004,0.119494155,0.12649716,0.12880673,0.13351037,0.13597131,0.13845842,0.14095682,0.14304969,0.14511852,0.1472516,0.14934729,0.15139714,0.15344582,0.15519452,0.1570712,0.15863688,0.15980606,0.16090654,0.16227907,0.16389653,0.16343294,0.1637228,0.16292554,0.16317387,0.1637424,0.16527686,0.16788621,0.1740006,0.17731705,0.18083373,0.18400212,0.18596093,0.18956691,0.19072016,0.19316307,0.19446762,0.1957496,0.19665155,0.19573082,0.193722,0.18977572,0.18367508,0.18005228,0.17804949,0.17789245,0.17693843,0.17756495,0.17970242,0.18370993,0.18853994,0.19225025,0.19608212,0.19876392,0.20130855,0.20347548,0.20473379,0.2044711,0.20289056,0.1992401,0.19367212,0.18727596,0.18180357,0.17312127,0.16252324,0.15644687,0.13645846,0.11963038,0.10516833,0.09706886,0.09260507,0.09026461,0.089687064,0.09021382,0.09147968,0.094149195,0.09740763,0.10123624,0.10511314,0.10928722,0.11288643,0.116492175,0.11999216,0.12320965,0.12617917,0.1291881,0.13260026,0.13604562,0.13948517,0.14228255,0.14488168,0.14690508,0.14755471,0.14653164,0.14548239,0.14393656,0.14121272,0.13760701,0.13381508,0.13100591,0.12989323,0.13102421,0.13032205,0.1296249,0.13044858,0.13159576,0.13227114,0.1344889,0.13536192,0.13494007,0.13588405,0.13343349,0.13015322,0.11670522,0.10732762,0.09773092,0.08274318,0.07181738,0.05928459,0.06327949,0.06263568,0.0650277,0.06744277,0.07031576,0.07448651,0.077669054,0.07952376,0.07910339,0.08114856,0.08284896,0.08272069,0.08217893,0.08018519,0.079244785,0.07883687,0.07965906,0.079807706,0.07960913,0.08007605,0.08061443,0.081842236,0.08208739,0.083946176,0.08531758,0.08639384,0.08751141,0.089531526,0.090753205,0.091211334,0.08964229,0.088217646,0.085198246,0.08004301,0.07488074,0.071526736,0.06933301,0.06636648,0.063088566,0.06292129,0.06514021,0.063889004,0.06072409,0.05956339,0.061097607,0.061845712,0.058911435,0.058599982,0.058432292,0.054786753,0.05145263,0.051263705,0.041901648,0.03749659,0.044806954,0.04402004,0.07750479,0.11892031
978,CHC_ADFA05_20120226,0.785143,0.214857,0.0,0.017591638,0.017563488,0.017720563,0.01866051,0.01949702,0.020763997,0.021062557,0.02155407,0.02179225,0.022369677,0.023468997,0.025271261,0.030202603,0.036973312,0.041587234,0.04448139,0.044824436,0.04213466,0.03829358,0.03726727,0.03693041,0.035764314,0.03421998,0.034197908,0.03398533,0.032338914,0.031293977,0.030470531,0.03144069,0.037055634,0.057684116,0.08886571,0.12439538,0.15878372,0.18277958,0.1953291,0.20073856,0.20515496,0.20798618,0.21055959,0.21312512,0.21552007,0.2172204,0.2196394,0.2227677,0.22505929,0.22755247,0.22961397,0.23130913,0.23282078,0.23168723,0.23337373,0.23528852,0.23314837,0.23074335,0.23010066,0.22920771,0.23022152,0.23056854,0.23325796,0.2361743,0.23741755,0.24091296,0.24467163,0.24809548,0.2520705,0.25508896,0.25708336,0.25914162,0.2606794,0.26057744,0.25843042,0.252147,0.247609,0.24279547,0.23357458,0.23053409,0.22825699,0.22710295,0.22698446,0.22675247,0.22922388,0.23388426,0.2397605,0.24467464,0.24831751,0.25155687,0.25476876,0.25606945,0.2566292,0.25474438,0.24978527,0.24272,0.23200344,0.22006772,0.20119008,0.16558577,0.15336265,0.1501708,0.12836152,0.11188302,0.09847609,0.09221912,0.08886334,0.08658201,0.08706201,0.088206336,0.08877093,0.093020074,0.09827359,0.10358313,0.10872353,0.11374862,0.11871983,0.123083115,0.12740074,0.13116185,0.13468781,0.13891245,0.14279206,0.14649348,0.1506652,0.15386507,0.15631996,0.15847254,0.15988025,0.15894537,0.15836677,0.15670933,0.15378813,0.15009648,0.14647397,0.14372142,0.14171925,0.14163157,0.14009663,0.13819014,0.13801287,0.13698417,0.13617738,0.13266863,0.12744813,0.12232838,0.11194382,0.10826237,0.09823693,0.09245642,0.079836175,0.076031126,0.06472545,0.04768599,0.04773915,0.046383772,0.04825668,0.0519936,0.05313717,0.059979342,0.063027956,0.0654961,0.067455605,0.0689431,0.073534295,0.07374807,0.07406306,0.07386466,0.07381858,0.073045574,0.0747576,0.075242825,0.075588875,0.07560482,0.0766717,0.07815095,0.078126445,0.07988,0.08059022,0.08240237,0.08442497,0.08524608,0.08788623,0.0889518,0.09180264,0.08972072,0.08826103,0.08426915,0.080171935,0.07523788,0.07005311,0.06807881,0.06437216,0.06270365,0.064679466,0.063453965,0.06309338,0.060612142,0.05859629,0.058820646,0.056080166,0.05750211,0.05044578,0.05162854,0.047851715,0.047751416,0.03934568,0.041671094,0.03743406,0.034924302,0.03745847,0.06778338,0.1225288
993,CHC_CEME01_20120226,0.611426,0.388574,0.0,0.025225842,0.026495682,0.027462756,0.028738927,0.030464135,0.03232949,0.033355244,0.034061614,0.03473005,0.035062965,0.036017172,0.038047355,0.042326577,0.048796095,0.053597596,0.056619775,0.057409924,0.055384707,0.05285601,0.05218613,0.052358817,0.05231093,0.051761493,0.05249331,0.052747957,0.05178492,0.051580343,0.05092867,0.052260865,0.05937429,0.082344435,0.11601257,0.15544848,0.19405833,0.22128253,0.23634896,0.24167131,0.24843338,0.25186023,0.2552975,0.25845927,0.26125675,0.2641089,0.26676357,0.2692132,0.27187902,0.27443618,0.27672306,0.27896196,0.28081205,0.2823518,0.28354532,0.2848206,0.28655365,0.28529456,0.28366774,0.27938864,0.27738768,0.27713805,0.2789671,0.28258997,0.28195438,0.28640488,0.2914132,0.29640186,0.29866353,0.30334562,0.30500385,0.30794334,0.30908343,0.30986258,0.3116485,0.31035373,0.30441207,0.2946029,0.2805936,0.2711374,0.267125,0.26551458,0.2634636,0.26362038,0.26577455,0.2706324,0.27653846,0.28120166,0.2857399,0.28913757,0.29108274,0.2928302,0.29290453,0.29069284,0.28577137,0.27756274,0.26650625,0.25528634,0.24859868,0.24074952,0.21824045,0.20538327,0.16833152,0.13978544,0.118931286,0.10710374,0.10074966,0.09698464,0.09572681,0.095935576,0.097337805,0.10042623,0.10421257,0.10860101,0.11360762,0.118694276,0.12346445,0.12825364,0.13302334,0.13727565,0.1416158,0.14587918,0.15040874,0.15500098,0.15964337,0.16344973,0.16678903,0.16948397,0.17065121,0.1703577,0.16995385,0.16945876,0.16724403,0.16369826,0.15960401,0.15608016,0.15371466,0.15328382,0.1512569,0.14956753,0.148742,0.14938621,0.14990775,0.15880848,0.15874806,0.1597311,0.16425556,0.15086295,0.1480972,0.13946716,0.11824317,0.10207459,0.08830293,0.07198526,0.06112199,0.063835315,0.06251862,0.0644974,0.06745137,0.07008212,0.0731171,0.07613022,0.07904799,0.08060115,0.07886563,0.081885464,0.081978925,0.08152359,0.08085645,0.08056161,0.07964411,0.08024825,0.08049237,0.081460856,0.08167205,0.08220487,0.08453835,0.085272335,0.08722878,0.08848953,0.090745814,0.092376135,0.094105326,0.09534859,0.09806056,0.09662708,0.0948075,0.091962524,0.08574144,0.081213094,0.07771788,0.075056456,0.07237061,0.069763534,0.06840122,0.06936933,0.06853861,0.06584691,0.063662395,0.06281435,0.06440087,0.061179828,0.058413472,0.059637733,0.05337448,0.05502564,0.04868467,0.048619177,0.040384453,0.043597445,0.053149283,0.09330828,0.12883732
1003,SSC_ARCA02_20120228,0.686721,0.313279,0.0,0.028438687,0.029336018,0.031033142,0.032465044,0.03447788,0.036111847,0.037238993,0.038099445,0.038737375,0.03933445,0.040266164,0.04213524,0.046265833,0.05247025,0.056783445,0.0593143,0.059897803,0.057845607,0.054832045,0.05379864,0.053591825,0.052864954,0.05151329,0.05138639,0.05108776,0.049549602,0.048421662,0.047306146,0.047773886,0.05286439,0.07039032,0.09482105,0.122525044,0.14865014,0.1666014,0.17589894,0.17898464,0.18316959,0.1855496,0.18757957,0.18970217,0.19174741,0.19364028,0.19560267,0.19773506,0.19963174,0.20181577,0.20356975,0.20531927,0.20689137,0.20758511,0.20918962,0.21080522,0.21033373,0.21070112,0.20946251,0.20691179,0.20654526,0.20736636,0.2088878,0.21118926,0.21264741,0.21630265,0.21999305,0.22284909,0.22601822,0.22882968,0.23099858,0.23311909,0.23420048,0.23478317,0.23522526,0.23403333,0.23087169,0.22285795,0.21225885,0.20708956,0.20473677,0.20342602,0.20248944,0.2029919,0.20477928,0.20814422,0.21193649,0.2155753,0.2187601,0.22107567,0.22256568,0.22414218,0.22412232,0.22294283,0.21891138,0.21262245,0.20491137,0.19653222,0.19250005,0.20013133,0.16374488,0.15459487,0.12861471,0.116601236,0.09658985,0.08961373,0.08562725,0.083095424,0.08216321,0.082638845,0.0836109,0.08583925,0.08889601,0.092639595,0.09670983,0.10106649,0.10524679,0.10960237,0.11358786,0.117678836,0.12134165,0.124936305,0.12870486,0.13251567,0.13608147,0.13945912,0.14224447,0.14468864,0.14649604,0.14703742,0.14668529,0.14560178,0.143341,0.14118315,0.13879591,0.13621683,0.13428561,0.13457938,0.13283932,0.13047095,0.1296106,0.12937452,0.129914,0.13355356,0.13928038,0.15342636,0.35843822,0.5475808,0.0,0.26723233,0.271032,0.18471314,0.108141676,0.26065537,0.0888584,0.06765199,0.054847397,0.05755806,0.05854347,0.06177753,0.06299719,0.06520554,0.067779034,0.06790396,0.0721298,0.07185383,0.07362459,0.07475027,0.074186884,0.07388578,0.07453008,0.075938955,0.076593354,0.0774755,0.079585865,0.0805901,0.08141052,0.083575375,0.08488556,0.085936785,0.0876569,0.08868378,0.09080709,0.09014591,0.091996066,0.091674305,0.08983514,0.08584763,0.0833393,0.08021989,0.07737603,0.074387,0.07187058,0.07126212,0.06839802,0.06904782,0.06805826,0.06597336,0.063901074,0.06315036,0.06312889,0.06495147,0.060462695,0.061947826,0.056308825,0.055982567,0.0553908,0.055557124,0.055410262,0.04744571,0.072668284,0.15289332,0.3560509
1010,SSC_ARCA12_20120228,0.616674,0.383326,0.0,0.033308443,0.03288946,0.03431234,0.036071755,0.037828293,0.03970455,0.041297864,0.042678535,0.043827567,0.044812147,0.04584424,0.04803626,0.051973414,0.057521548,0.061695572,0.06447293,0.06565213,0.06479162,0.063588224,0.06254203,0.062798075,0.062918685,0.062301245,0.062713705,0.06273143,0.06176859,0.061103705,0.06015361,0.061032668,0.06692304,0.083565846,0.10299403,0.12242986,0.13834949,0.1483021,0.15390562,0.1536817,0.1596881,0.16195495,0.16407607,0.1663859,0.16856375,0.17085555,0.17300074,0.1749222,0.17692594,0.17917745,0.18126129,0.18317649,0.18521,0.18743652,0.18929754,0.19084765,0.19339938,0.19408046,0.19491653,0.19410223,0.19394,0.19542043,0.19734502,0.20000198,0.2062482,0.20883547,0.2118679,0.21476707,0.21824102,0.22020291,0.22258975,0.22402099,0.22637971,0.2275838,0.22870117,0.23161578,0.23461726,0.22871298,0.22313757,0.21885188,0.21629748,0.21613298,0.2165465,0.21710773,0.21941693,0.22257537,0.22605954,0.22931069,0.23212457,0.23465964,0.23773192,0.24005051,0.24153802,0.24166231,0.24069491,0.23784138,0.23380715,0.2288154,0.22689842,0.23494624,0.27831027,0.21035245,0.19552965,0.17371339,0.15821531,0.14530416,0.13786416,0.13530757,0.13276245,0.13179092,0.13419701,0.13604322,0.13899262,0.14207372,0.14651556,0.1511683,0.15542562,0.15980051,0.1642587,0.16837615,0.17185496,0.17618188,0.18000388,0.18439093,0.18880898,0.19276294,0.19612607,0.1986712,0.20070188,0.20109256,0.20013501,0.1993133,0.19755211,0.1955937,0.19292744,0.18996447,0.18837391,0.18949144,0.18865547,0.18662702,0.18721516,0.18817136,0.19043596,0.19320615,0.19489461,0.18890141,0.21372421,0.2618994,0.31283507,0.33636293,0.29459846,0.15982825,0.13760036,0.24263747,0.12653929,0.10277783,0.10844137,0.104416065,0.10654668,0.110956244,0.115893714,0.11746837,0.12007502,0.12112243,0.12791482,0.1292924,0.12810409,0.12671736,0.12555295,0.12552863,0.12457561,0.124009155,0.1250531,0.12623657,0.127188,0.12912957,0.130577,0.13276748,0.13494939,0.1373916,0.13885053,0.14080337,0.14310299,0.14410359,0.14510418,0.1435168,0.14184813,0.13605183,0.13096663,0.12525657,0.121461645,0.11931549,0.11671769,0.11233449,0.111529715,0.112081036,0.108965114,0.10704851,0.10853339,0.10775965,0.10702859,0.108976364,0.10025776,0.10207159,0.09868817,0.09185419,0.08830695,0.08772434,0.083856754,0.08138135,0.09881668,0.15563793,0.26185948
1012,SSI_BAPI02_20120302,0.600346,0.399654,0.0,0.01615798,0.018835006,0.019909898,0.021935826,0.02465802,0.027564688,0.029965317,0.03152622,0.03292869,0.034082096,0.036003035,0.039448977,0.04633444,0.055492304,0.062424343,0.06685945,0.06825725,0.065941885,0.061557848,0.060875535,0.06015969,0.058548324,0.055968784,0.055709545,0.054524224,0.051136803,0.048319086,0.045108978,0.045183003,0.055484448,0.086510964,0.1257973,0.16654985,0.20215257,0.2258612,0.23878719,0.24472532,0.2506986,0.25473088,0.25863317,0.26252934,0.26614156,0.2695179,0.272993,0.27649978,0.2800252,0.2833023,0.28680155,0.2898199,0.29306927,0.29482117,0.2980487,0.30129522,0.30176204,0.30187398,0.30053177,0.29749864,0.29753944,0.29880136,0.30179852,0.306099,0.3116857,0.31825575,0.32484472,0.33057955,0.33610407,0.34167922,0.34539813,0.34876448,0.3504008,0.3513379,0.35294548,0.34913,0.34318715,0.3293189,0.31139278,0.29989433,0.29590523,0.29364088,0.29173735,0.29212856,0.295572,0.30295476,0.31046453,0.31781045,0.32404703,0.32936642,0.3330449,0.33501726,0.33474597,0.33183873,0.3246042,0.3131759,0.29797107,0.2815293,0.2714224,0.25693017,0.23547195,0.2073057,0.16366965,0.13273248,0.10886809,0.099177934,0.09392706,0.090698265,0.08992893,0.09003205,0.09164422,0.09561717,0.10066687,0.10611761,0.112212874,0.118659884,0.12474255,0.131048,0.13722338,0.14270434,0.14836255,0.15400918,0.15928833,0.16490969,0.17021468,0.17461339,0.17835523,0.18171822,0.18411657,0.18433765,0.18287869,0.17941271,0.17413174,0.16895376,0.16355596,0.15942825,0.1577022,0.15749328,0.15566276,0.15248726,0.15151915,0.15118524,0.15178378,0.15178238,0.1564533,0.15936604,0.22861396,0.36450806,0.4276892,0.29533628,0.30568328,0.08664985,0.086770885,0.23894253,0.074775465,0.055405904,0.044283673,0.044510126,0.04620007,0.04970907,0.05167424,0.05464009,0.05711799,0.058791056,0.062864825,0.063623376,0.06418953,0.065373674,0.065732524,0.066096686,0.067674786,0.069672756,0.0708227,0.072282344,0.07388724,0.075821154,0.07712688,0.07911245,0.080591395,0.08231609,0.08350776,0.086128816,0.08768608,0.08846858,0.08817113,0.087214015,0.084817015,0.08115255,0.0757684,0.07027269,0.06724048,0.06423528,0.061587684,0.058112066,0.06032211,0.05753386,0.05703214,0.053761967,0.05434413,0.05281726,0.052458696,0.051203292,0.05010062,0.0476243,0.044455033,0.046719916,0.04318776,0.04026527,0.04096633,0.04301715,0.0563782,0.14858256,0.2142386
1013,SSI_BAPI03_20120302,0.52964,0.47036,0.0,0.014997494,0.01758131,0.018787498,0.021026475,0.023578042,0.026148995,0.02798404,0.029095657,0.03013291,0.03115457,0.0327973,0.035654273,0.041233115,0.048315268,0.05358839,0.05697739,0.05824678,0.056698497,0.053616323,0.053342823,0.052853305,0.051932648,0.0501052,0.0501098,0.04925112,0.046580695,0.04446222,0.041848768,0.04192441,0.05059407,0.07472167,0.10309556,0.13069515,0.15381855,0.1689123,0.1772073,0.18074541,0.18542519,0.18840688,0.19129498,0.1942188,0.19690867,0.19956127,0.20220397,0.20492893,0.20752941,0.21003774,0.21284573,0.21493483,0.21748464,0.2188136,0.22133227,0.22410733,0.22329594,0.22630052,0.22504361,0.22346722,0.22402522,0.22486266,0.22691606,0.22983323,0.2252889,0.2297127,0.23417851,0.23823772,0.242038,0.24602695,0.2487138,0.25129917,0.25293848,0.25415057,0.255942,0.25505632,0.25038493,0.24152729,0.23026201,0.22239743,0.21978286,0.21827301,0.21695167,0.21735498,0.21997443,0.22572711,0.23154084,0.23706299,0.24163207,0.24574378,0.24867724,0.25023994,0.25060192,0.24909468,0.24465619,0.23726936,0.22724816,0.21600519,0.2090813,0.19987029,0.17908795,0.15794863,0.13050894,0.10653276,0.08971528,0.081057705,0.07678203,0.0740845,0.07315634,0.07330254,0.07437558,0.077738844,0.081259586,0.08575721,0.09041618,0.09519671,0.09989002,0.104597814,0.10908271,0.112979636,0.117150456,0.12109502,0.1252967,0.12923127,0.13323514,0.13627863,0.13921611,0.14157502,0.14331628,0.14323814,0.14153913,0.13862528,0.13419844,0.130084,0.12562092,0.122623555,0.12158743,0.12178741,0.121061675,0.11882348,0.118803486,0.11866801,0.11907043,0.122286305,0.1302994,0.12897596,0.19275388,0.33400568,0.38761202,0.28833875,0.26643118,0.07659208,0.08945484,0.21912019,0.078589134,0.055975802,0.038115423,0.03904964,0.042314284,0.043514375,0.044964813,0.04841199,0.05110881,0.053239893,0.053280294,0.055987164,0.055750825,0.05755202,0.0580493,0.058274332,0.05855616,0.06006901,0.060362697,0.061369814,0.06264812,0.06369458,0.064880885,0.0663812,0.06791296,0.069416955,0.07035757,0.0720747,0.07183166,0.073263645,0.073580846,0.072588876,0.070669256,0.067094244,0.06307945,0.057997618,0.05488142,0.052270874,0.050091308,0.047619652,0.04637226,0.04808243,0.04794075,0.045734357,0.04476154,0.042408362,0.04453415,0.04110133,0.042337798,0.03836756,0.03722092,0.036145784,0.03699778,0.041705925,0.037627347,0.034863725,0.06194095,0.12619811,0.18343587
1020,SSI_BAPI10_20120302,0.542596,0.457404,0.0,0.013583765,0.015546231,0.017827202,0.020012852,0.022277934,0.024764895,0.026766798,0.02781576,0.028643271,0.029679812,0.031075645,0.033839762,0.038486216,0.044740368,0.049550813,0.052664444,0.05371594,0.052538585,0.050269056,0.04905099,0.048934463,0.048281033,0.046829145,0.046580244,0.045903146,0.04398819,0.042343736,0.0402091,0.04044098,0.04803286,0.06968732,0.09718157,0.12534876,0.15089048,0.16840129,0.17815061,0.18133283,0.1878595,0.19162008,0.19476862,0.19828787,0.20156132,0.20421603,0.20728329,0.2108188,0.21377674,0.21684352,0.21985728,0.22286251,0.22587156,0.22706103,0.23004293,0.23373362,0.23402032,0.23330119,0.23347802,0.23287743,0.23504171,0.23651654,0.23975748,0.24394605,0.245156,0.24977842,0.2545554,0.25839815,0.2632757,0.26594442,0.270513,0.27322614,0.27458847,0.27555236,0.27651864,0.27177468,0.26433182,0.25881726,0.2456674,0.24073805,0.23972498,0.23768482,0.23625736,0.23719135,0.24036644,0.24624151,0.25258213,0.25882366,0.26343802,0.26761588,0.27035463,0.2721828,0.2722613,0.2705314,0.26569602,0.25759566,0.24640223,0.23512942,0.22537181,0.21273814,0.16615142,0.16326621,0.1345438,0.11135619,0.10250208,0.094167136,0.091009855,0.08872838,0.089099154,0.089958936,0.09158877,0.095603295,0.10041679,0.105966955,0.111505754,0.11735381,0.12295458,0.12812182,0.1333127,0.138146,0.14267574,0.1472053,0.15177931,0.15640235,0.1605145,0.16481872,0.16784239,0.17038323,0.17213662,0.17179498,0.1697903,0.16645238,0.16156296,0.1560119,0.15164448,0.14757642,0.14659357,0.14752899,0.14649734,0.1446825,0.14423116,0.14471093,0.14512372,0.1455056,0.15310326,0.15165415,0.20015478,0.0,0.18798642,0.19511916,0.30341354,0.11501111,0.08540547,0.1685292,0.10021584,0.053800207,0.057772778,0.052122816,0.05718535,0.061909977,0.06432079,0.067194365,0.07048559,0.074349,0.074783325,0.076192304,0.075851165,0.07652294,0.07654616,0.07596788,0.0775016,0.07864415,0.07960686,0.07990478,0.08189663,0.0837253,0.08473835,0.086298816,0.08733567,0.08884945,0.09017434,0.0921552,0.094171695,0.094555266,0.09566978,0.09478429,0.09069939,0.086097114,0.081162006,0.07483991,0.0710866,0.06937267,0.064681455,0.06281859,0.061919745,0.061410658,0.06102834,0.061335955,0.057414953,0.06069163,0.058575314,0.056032997,0.054370955,0.056271072,0.054666217,0.052142937,0.04852129,0.048139326,0.05119364,0.03814487,0.05532136,0.095276214,0.15902624
1027,Resid004,0.106509,0.786982,0.106509,0.057074618,0.061957777,0.067784116,0.07394715,0.07980454,0.085027,0.08962263,0.09385513,0.098205015,0.10292579,0.10822289,0.114350475,0.12184723,0.1304405,0.13878079,0.14628127,0.15215898,0.15597564,0.15883811,0.16231972,0.16661139,0.16954698,0.1736211,0.17758629,0.18131666,0.1847298,0.18775892,0.19099261,0.19602132,0.2060469,0.22277448,0.2411367,0.258001,0.27211025,0.28259355,0.29039907,0.29888374,0.30200556,0.3063165,0.3110519,0.3156104,0.3200861,0.3245593,0.32871598,0.3326418,0.3365534,0.34055454,0.3444097,0.34826937,0.35199273,0.35606244,0.3599251,0.36349994,0.367965,0.37286335,0.37567225,0.37799147,0.38004732,0.3832008,0.3864464,0.38717848,0.3868447,0.39048338,0.39377037,0.3974044,0.4014949,0.40517822,0.4084063,0.41122288,0.41461596,0.41719687,0.4218657,0.42444694,0.4241242,0.42324436,0.4230273,0.42399406,0.42461678,0.42593724,0.4280096,0.43081582,0.43350112,0.43603772,0.4393131,0.44397414,0.4481219,0.45295247,0.45610684,0.45803684,0.4600898,0.46200493,0.46351123,0.46390507,0.46257386,0.45992655,0.45049515,0.42972928,0.43220934,0.4094394,0.4325062,0.41431627,0.38495243,0.36858368,0.3606475,0.3572419,0.35432634,0.35248214,0.35495892,0.35910788,0.3635481,0.36915043,0.3760754,0.3831214,0.38934046,0.39457753,0.39968392,0.40458745,0.40925878,0.414562,0.41878763,0.42551377,0.43272123,0.43841422,0.44341826,0.4471386,0.44924793,0.4492665,0.4481345,0.4466368,0.44526684,0.4445777,0.442773,0.44034007,0.44036853,0.44053605,0.43944657,0.43678802,0.43555868,0.4326363,0.4300125,0.43692973,0.44312677,0.44141585,0.31923872,0.012835566,0.005786735,0.089973636,0.07324078,0.37611717,0.33477786,0.11720851,0.06866162,0.20378049,0.2649865,0.29076207,0.29885173,0.31163988,0.31757027,0.32609522,0.3337882,0.348496,0.35342896,0.35196802,0.34379035,0.33597755,0.33321533,0.32609054,0.32180798,0.32169133,0.31988236,0.32085076,0.32409164,0.32477584,0.33090082,0.33616325,0.33883372,0.3404338,0.34518087,0.34649095,0.34924424,0.344469,0.34611443,0.34744406,0.34130743,0.33387944,0.32130486,0.30906153,0.30765754,0.30649498,0.31045577,0.30042276,0.29778197,0.29094392,0.28575546,0.28143567,0.28785098,0.29643017,0.27449855,0.2857855,0.27646503,0.26438573,0.26188865,0.31689554,0.30633104,0.30552834,0.267577,0.037190974,0.010456185,0.009672301,0.023248184
1041,Resid018,0.12426,0.201183,0.674556,0.053940807,0.058308262,0.06331716,0.06886228,0.07438691,0.078974776,0.08240726,0.08544058,0.0889301,0.09333311,0.098853566,0.10553118,0.113738604,0.12301231,0.13199335,0.14025362,0.14694563,0.15154608,0.15489568,0.15840375,0.16190298,0.16470775,0.16660477,0.16973783,0.17248349,0.17432813,0.17522924,0.17612198,0.1800808,0.19170883,0.21021625,0.22849722,0.24531256,0.25826836,0.26699665,0.2735948,0.28142184,0.2835179,0.2865024,0.2903885,0.2938978,0.29781657,0.30181977,0.30432755,0.30655935,0.30924472,0.31208405,0.31497666,0.31797996,0.32134795,0.32603037,0.32944554,0.33215126,0.33875093,0.34471124,0.34639388,0.34648958,0.34559625,0.34686574,0.3486198,0.35144356,0.35525098,0.35871246,0.36154684,0.36422583,0.36690632,0.3701935,0.37310648,0.37535498,0.3780465,0.38132954,0.3872076,0.3956627,0.3990243,0.396795,0.39437008,0.390285,0.38821656,0.3882716,0.38927263,0.3906312,0.39197996,0.39350206,0.39492282,0.397324,0.40011567,0.4034461,0.40594354,0.40587544,0.40640765,0.40727073,0.40855938,0.40976384,0.411687,0.41250196,0.4134071,0.39421186,0.3850094,0.38829362,0.41566658,0.39896882,0.36947834,0.35670745,0.34786707,0.3441629,0.33801877,0.3341928,0.33744186,0.33928296,0.33964893,0.34189066,0.3462183,0.3507628,0.3548892,0.3592011,0.36322922,0.3673221,0.37131584,0.3752922,0.37819257,0.38285264,0.38658932,0.38925874,0.3921997,0.3950557,0.39669815,0.39792156,0.39814043,0.3979637,0.39782557,0.39760748,0.39710397,0.39616883,0.39560267,0.39513513,0.39376,0.3926233,0.39380926,0.40327165,0.40721217,0.41749492,0.42281926,0.4540786,0.2537246,0.038962673,0.117989965,0.32165456,0.13369118,0.4625151,0.33576313,0.12382621,0.18717504,0.3196189,0.31165612,0.30861574,0.2837614,0.283926,0.28356573,0.28896338,0.2988463,0.31577945,0.332282,0.32969847,0.3207517,0.3209882,0.32397673,0.32669407,0.32719296,0.32812142,0.33216184,0.3339176,0.3371328,0.34089392,0.34376854,0.3462028,0.3474642,0.34578925,0.34332192,0.34530956,0.3419226,0.3388853,0.33868957,0.3436001,0.34463218,0.34479558,0.33378103,0.32991892,0.32688347,0.32811657,0.32577562,0.32842708,0.3230345,0.31850266,0.309881,0.30515826,0.30886182,0.3106626,0.30375355,0.2810489,0.30269158,0.3339206,0.3259138,0.33020204,0.3532759,0.3045061,0.3187726,0.18728155,0.18294507,0.3350228,0.08569156
1058,Resid037,0.0,0.804734,0.195266,0.059721634,0.06429301,0.0694095,0.07512354,0.08093682,0.08608285,0.09050506,0.09468196,0.09908869,0.10411531,0.10948556,0.11499066,0.12067656,0.12654105,0.13248277,0.13853729,0.14460884,0.15047522,0.15600078,0.16129424,0.1660653,0.17048237,0.17498836,0.17995203,0.1851606,0.19015293,0.19501677,0.19971073,0.20475078,0.21081576,0.21720013,0.22325906,0.22926432,0.23477602,0.23974125,0.2446805,0.25000164,0.25422442,0.25855505,0.26288244,0.2670758,0.2712667,0.2753647,0.27909732,0.28266785,0.2862338,0.28983042,0.2933596,0.29676712,0.30026698,0.30413282,0.30750704,0.3105767,0.3141484,0.31761613,0.32079446,0.32344437,0.32581934,0.32842356,0.33120468,0.3355396,0.340591,0.34329495,0.34661373,0.34947005,0.35222438,0.35581535,0.35892862,0.3618462,0.365124,0.36820844,0.37073854,0.37433246,0.37729776,0.37939036,0.38112482,0.3819286,0.38356185,0.3855497,0.38771912,0.38966277,0.3921009,0.3948964,0.39782873,0.40075526,0.40373766,0.4070288,0.4103786,0.41314977,0.4158806,0.41881558,0.4212416,0.42313573,0.42386654,0.4245505,0.42248017,0.40881735,0.4031251,0.42385635,0.42131564,0.41332316,0.40079013,0.3899929,0.3841655,0.380356,0.37875602,0.37869108,0.37964308,0.38141915,0.3841804,0.38749865,0.39169678,0.39575532,0.39929748,0.4021453,0.40462348,0.4073483,0.40948936,0.41228518,0.41532722,0.4201323,0.42504168,0.4293667,0.43322664,0.43585157,0.4379717,0.43811217,0.43752956,0.43657848,0.43565345,0.43470684,0.43383497,0.432112,0.4321801,0.43387845,0.43440333,0.43321806,0.43292412,0.43190214,0.43515992,0.4322788,0.44024172,0.44627723,0.39037615,0.039966162,0.20548944,0.4443114,0.21664646,0.5298836,0.46354035,0.43329245,0.3946216,0.36820796,0.32076025,0.34181362,0.35807088,0.36271167,0.36759695,0.3745535,0.38213202,0.3847418,0.39548326,0.38948646,0.38928998,0.38421762,0.37657678,0.370401,0.36831075,0.36252645,0.36301884,0.36154038,0.36450446,0.36732802,0.37648043,0.37757173,0.37552035,0.37323615,0.3775962,0.3743494,0.37083027,0.37294778,0.37645778,0.37800235,0.372787,0.3703379,0.35750306,0.34579313,0.34301877,0.34250185,0.3368407,0.335725,0.3330449,0.32121205,0.31805947,0.31920895,0.32800436,0.3399714,0.3386868,0.31426042,0.3152968,0.33594683,0.34743538,0.35837528,0.2931664,0.2499671,0.263342,0.18259321,0.19339254,0.26692435,0.23406282
1067,Resid046,0.0,0.147929,0.852071,0.0566781,0.060652543,0.06508811,0.07026664,0.07571055,0.08050354,0.084142104,0.087494195,0.09131757,0.09607613,0.10197057,0.10864508,0.11586546,0.12322225,0.130684,0.13827412,0.14570211,0.15241395,0.15815143,0.16311525,0.1675791,0.17100383,0.17305607,0.17715141,0.1810241,0.1834191,0.18426457,0.18419994,0.188287,0.2012083,0.21538931,0.22453092,0.23105437,0.23642217,0.24107228,0.24553189,0.25069836,0.25390187,0.25741106,0.26100644,0.26441392,0.26777375,0.27103174,0.27403715,0.27680835,0.2796719,0.28249168,0.28524584,0.28800902,0.29094547,0.2940757,0.2969691,0.2996378,0.30257624,0.30533123,0.3081698,0.3105041,0.3128941,0.31540367,0.31811798,0.3242382,0.33187178,0.3341362,0.33730114,0.33961898,0.3418768,0.34480518,0.34738767,0.34962228,0.35234243,0.35456595,0.35608733,0.3593005,0.36349663,0.36535567,0.36655316,0.36746997,0.36883366,0.3702522,0.37185127,0.37371996,0.3758149,0.37805596,0.37996945,0.38164043,0.38372856,0.3863004,0.38822913,0.38961738,0.39095634,0.39243996,0.39327,0.3942225,0.3946919,0.39482504,0.3894002,0.3749163,0.3667419,0.3753073,0.37925577,0.36767164,0.35702065,0.3512337,0.3486027,0.34505787,0.3437299,0.3446254,0.34703025,0.35054836,0.35557944,0.3605812,0.3656422,0.37012202,0.37449995,0.3782325,0.38144544,0.38432932,0.38734528,0.39018992,0.3927966,0.39575773,0.39881963,0.4012001,0.40363562,0.4054542,0.40704829,0.40769726,0.40800846,0.4081478,0.4078846,0.40795135,0.40722793,0.40617347,0.40502667,0.40612924,0.4058663,0.40451762,0.40385175,0.40628296,0.40389848,0.39586255,0.40369996,0.3668981,0.25201663,0.025220629,0.017840698,0.19927642,0.18341158,0.3665979,0.28862032,0.20887147,0.3160101,0.27837348,0.25744936,0.26132384,0.26268244,0.27289486,0.28285205,0.2928361,0.29974416,0.30818892,0.3199573,0.32573563,0.33379585,0.33725527,0.34233087,0.34262,0.34458604,0.34741563,0.35310465,0.35501182,0.3613457,0.36467826,0.3709609,0.36971942,0.36758828,0.36617833,0.36478585,0.36139557,0.35696217,0.35640514,0.35829216,0.35991076,0.3618811,0.36012608,0.35733065,0.3530958,0.35129815,0.3455119,0.3438629,0.34628278,0.33722883,0.33091882,0.3333942,0.32588765,0.31119964,0.32067382,0.30255353,0.29108828,0.29975736,0.29088938,0.32753092,0.3468516,0.28013572,0.23448369,0.20944802,0.12717384,0.15098487,0.17656438,0.04310733
1075,Resid054,0.0,0.0414201,0.95858,0.067146644,0.07195935,0.07730464,0.083678536,0.09044991,0.09597975,0.099971615,0.10358042,0.10789924,0.11353827,0.120362245,0.12796462,0.13607678,0.14447689,0.15306836,0.16205102,0.17098577,0.1792587,0.18646935,0.19278105,0.19722548,0.20121045,0.20410883,0.20806614,0.21243647,0.21563075,0.21739253,0.2184025,0.22252567,0.23365931,0.24602766,0.2546434,0.26178366,0.26728344,0.27168477,0.27610445,0.28145516,0.28424,0.28721476,0.2903817,0.29324776,0.29633713,0.2993717,0.3014365,0.30334976,0.30552077,0.30782166,0.3101297,0.31242317,0.3151833,0.31877413,0.32161012,0.32378927,0.3280639,0.33207446,0.33415398,0.33534235,0.33631706,0.33794215,0.3397539,0.3442096,0.3501288,0.35274467,0.35520652,0.3572234,0.35987568,0.36272472,0.36494294,0.36721048,0.37060213,0.37353086,0.37759006,0.3842676,0.38907754,0.38985202,0.3908036,0.38998315,0.39098564,0.39301106,0.3950977,0.39745358,0.39991918,0.40225223,0.40443915,0.40651026,0.4089525,0.4119664,0.41450208,0.41595373,0.41765162,0.41972545,0.42128447,0.42327625,0.42621735,0.43001905,0.43529603,0.42760384,0.42122704,0.4277148,0.44534102,0.4359837,0.41741967,0.4072498,0.4029342,0.39939362,0.3966179,0.3956323,0.39789903,0.39847764,0.40005237,0.40221247,0.4046729,0.40739495,0.4104963,0.413268,0.41517147,0.41746676,0.4196648,0.42170626,0.42297253,0.4252341,0.42702663,0.42815924,0.42999333,0.43125027,0.43243137,0.43333912,0.4342652,0.433725,0.43366614,0.43369007,0.43334082,0.43231404,0.43226552,0.43253237,0.4322587,0.43206015,0.43274912,0.43710947,0.43977734,0.43728763,0.45383704,0.45668736,0.42895415,0.053127613,0.10932382,0.12747811,0.21813853,0.5199115,0.49238253,0.2547725,0.29836166,0.33343467,0.3265859,0.3394386,0.34196135,0.33805305,0.343354,0.35153395,0.3594789,0.36518937,0.38242278,0.38465396,0.38849565,0.39162943,0.39704153,0.40207377,0.40078083,0.40314755,0.40720206,0.40927917,0.41366327,0.4146535,0.41889885,0.41833785,0.41623935,0.4113771,0.40517476,0.399298,0.3946472,0.39079663,0.39170074,0.3984375,0.4002478,0.39440772,0.39604056,0.39668185,0.39516586,0.38839105,0.38594073,0.38973746,0.37710154,0.37939164,0.3792351,0.37435916,0.36635578,0.36590025,0.33842292,0.34368128,0.341511,0.32961518,0.34393772,0.36765727,0.3421202,0.3002627,0.3053945,0.33655292,0.20559539,0.29155153,0.1432431
1077,Resid058,0.0710059,0.639053,0.289941,0.05122742,0.055060424,0.05941864,0.06411237,0.06865093,0.0726417,0.07591951,0.07884571,0.08197587,0.08572823,0.09023907,0.09581199,0.10290617,0.11096206,0.118703015,0.12563936,0.1311035,0.13446352,0.13695881,0.1397404,0.14311828,0.14587992,0.14814389,0.15117186,0.15425716,0.15644996,0.15851639,0.16063407,0.16467597,0.17393029,0.1904511,0.2073702,0.22125524,0.23244107,0.24073714,0.2466709,0.25140595,0.25508413,0.25883427,0.26224,0.26556298,0.26873732,0.2716031,0.27478307,0.27796224,0.28099582,0.28379023,0.28655508,0.28914782,0.29169804,0.29384446,0.29624158,0.29878086,0.29986736,0.30135623,0.30341277,0.30571336,0.3083903,0.31076697,0.3138112,0.3168853,0.32089582,0.3237495,0.32628673,0.32888845,0.3320882,0.33471456,0.33716214,0.3397246,0.34124765,0.3429731,0.34382397,0.3431088,0.34346688,0.34403202,0.34378687,0.34494203,0.3465988,0.3481355,0.34975407,0.35128585,0.35340783,0.35567865,0.3581867,0.36064947,0.36336073,0.3654298,0.36752677,0.3695646,0.3710806,0.37177533,0.3716816,0.37041754,0.3683076,0.36464676,0.35691187,0.33793992,0.3382373,0.3292739,0.32770726,0.31604394,0.30574638,0.29748482,0.29200062,0.28873116,0.28844234,0.28935474,0.29100806,0.29454485,0.29963908,0.30455643,0.30997726,0.3149107,0.3194698,0.32345825,0.32697052,0.33018038,0.33359247,0.3370369,0.3404848,0.34461084,0.34912056,0.3531465,0.35638225,0.35945976,0.36061993,0.36066565,0.3600395,0.35958937,0.35875636,0.35746613,0.35639802,0.35432738,0.35326052,0.35365176,0.35285074,0.3515204,0.34991032,0.35141003,0.35446656,0.3562371,0.35750732,0.33443296,0.19479217,0.073879324,0.2299117,0.47221678,0.39001703,0.34561935,0.381395,0.51381963,0.29370886,0.26418328,0.23811656,0.24329892,0.25818208,0.26979595,0.26935652,0.2741029,0.2799533,0.2863207,0.2943523,0.29573694,0.29118457,0.28819022,0.28529465,0.281762,0.27755988,0.27659076,0.27740854,0.28078052,0.28521335,0.28683567,0.29085782,0.29252738,0.2918623,0.29428408,0.29163247,0.29507557,0.2980967,0.29342365,0.2956238,0.29710957,0.2962655,0.28905478,0.2815342,0.27562028,0.271301,0.26793757,0.26903874,0.2616394,0.25965312,0.25813657,0.2565794,0.2618336,0.2665423,0.27777806,0.25487426,0.2633136,0.27623016,0.24650085,0.234702,0.24580272,0.2631407,0.2858256,0.33349454,0.2928225,0.19383135,0.25148505,0.2856306
1081,Resid062,0.171598,0.0532544,0.775148,0.058251593,0.062498566,0.067268886,0.0727178,0.07825531,0.08292595,0.08636274,0.08929811,0.09262731,0.09702572,0.10263978,0.109551445,0.118184924,0.12764913,0.13644862,0.14450891,0.15135616,0.1563925,0.16045928,0.16438252,0.16871995,0.1714737,0.17438892,0.17738059,0.18010622,0.18240428,0.184716,0.1874797,0.1919238,0.20162986,0.21941388,0.2384909,0.25484347,0.26755208,0.27634928,0.28230083,0.2871453,0.29032123,0.29359975,0.2966769,0.29969332,0.3025595,0.3051429,0.30768847,0.31028873,0.31284642,0.31523222,0.31747502,0.31983456,0.32209027,0.32415053,0.32638568,0.3285485,0.32963097,0.33080745,0.33205572,0.33318624,0.33549768,0.33769324,0.34063274,0.34340456,0.34683064,0.3496021,0.3529279,0.3556237,0.35850358,0.36086622,0.36278212,0.36445653,0.36559337,0.36731812,0.36800835,0.3673664,0.365995,0.36436883,0.3615094,0.3617335,0.36357063,0.36517084,0.3666156,0.3682497,0.37006065,0.37196,0.37372962,0.3754724,0.3773617,0.37926203,0.3810578,0.38157427,0.3819787,0.38150617,0.38038114,0.3778109,0.37389213,0.36974704,0.36274308,0.34196204,0.33915263,0.3353454,0.33343628,0.32253307,0.3146724,0.31042925,0.3092839,0.30968574,0.3099267,0.30983967,0.31220418,0.31493747,0.31852433,0.32186967,0.3255815,0.32918197,0.33286434,0.33582538,0.33885038,0.34196043,0.34523353,0.34829086,0.35084957,0.3538567,0.3569334,0.35947853,0.36152905,0.3635962,0.3650463,0.36577561,0.3660742,0.36600062,0.36609864,0.36546752,0.36479867,0.3631587,0.36168423,0.36140501,0.3596636,0.35763896,0.35568064,0.35188466,0.35065073,0.35484797,0.36303255,0.38483506,0.31917843,0.13805932,0.16377509,0.30289906,0.41410348,0.37958732,0.4180562,0.4469361,0.2971968,0.2865403,0.29278764,0.2838922,0.28921238,0.28872564,0.29330027,0.29725093,0.30095375,0.30848044,0.31322196,0.31365988,0.31194377,0.3137225,0.31508452,0.3171719,0.3167579,0.3205691,0.32085314,0.32310396,0.32393053,0.3250755,0.32847658,0.33010626,0.32789668,0.3260424,0.32040638,0.31921571,0.31677085,0.31211767,0.3109061,0.31521133,0.31631026,0.31808522,0.31716123,0.3135066,0.3073819,0.30782726,0.30987266,0.30693215,0.30855963,0.3153575,0.30279255,0.29896203,0.29973054,0.3133452,0.3196906,0.30043224,0.3156244,0.30142266,0.24213085,0.28842953,0.26978606,0.27726933,0.36636773,0.42211014,0.51467633,0.3985536,0.35166675
1093,Resid074,0.0,0.0236686,0.976331,0.06661609,0.07129807,0.07653844,0.08306053,0.09026574,0.09624979,0.10032374,0.10376733,0.10784477,0.1134333,0.1203451,0.12783653,0.13568097,0.14418381,0.15375,0.1645983,0.17638655,0.18793875,0.1979897,0.20616025,0.21230213,0.21729697,0.22133484,0.22541937,0.22948098,0.23351298,0.23736796,0.24105537,0.24575712,0.2525604,0.25937998,0.26532036,0.2710423,0.2758527,0.28016645,0.28448442,0.28939232,0.29222876,0.29533577,0.29822645,0.30093005,0.3036683,0.3061496,0.30787855,0.3094415,0.31135786,0.31315085,0.3149644,0.31691304,0.31926027,0.32211974,0.3244823,0.32663643,0.33035845,0.33384973,0.33573505,0.33751407,0.33876076,0.3403058,0.3424828,0.3455414,0.34917897,0.35113567,0.3534587,0.35585165,0.3581825,0.3603767,0.36232588,0.3646235,0.36646953,0.36965296,0.3732631,0.3777674,0.37919116,0.3805712,0.38078862,0.38003072,0.38118574,0.3828373,0.38447335,0.38579616,0.38735914,0.38855582,0.38939166,0.39071137,0.39228132,0.3939915,0.3960617,0.39677662,0.39741203,0.3987792,0.399729,0.40095064,0.402639,0.40578237,0.40828127,0.39553747,0.41372788,0.4039133,0.41443458,0.41009626,0.39956388,0.3936605,0.39249122,0.39287946,0.3904998,0.39039096,0.39225486,0.39278346,0.39345604,0.39495,0.3967207,0.39828756,0.39993918,0.40129116,0.40262583,0.40376997,0.4054953,0.40690342,0.4083753,0.41018745,0.41166455,0.4128106,0.4140955,0.41578352,0.41637197,0.4169837,0.41759264,0.41781285,0.4177738,0.41788644,0.41807333,0.4176426,0.41728938,0.4178552,0.41836503,0.41784683,0.41923368,0.42357513,0.4255583,0.431789,0.44607496,0.4667691,0.37822515,0.09238921,0.16302118,0.2823891,0.13820626,0.31670743,0.45572034,0.3774965,0.3380432,0.35911742,0.36125612,0.35082668,0.3529194,0.36095032,0.35937858,0.36548698,0.3723194,0.38216045,0.4020077,0.40020424,0.3995164,0.402925,0.40390676,0.4072409,0.4121891,0.4125223,0.41196233,0.4151425,0.41678888,0.4195434,0.4204587,0.4207121,0.41556045,0.41313335,0.4073819,0.40194762,0.39885384,0.3888391,0.38930893,0.39941865,0.40280196,0.4053267,0.40175483,0.4011034,0.39832106,0.39655715,0.40306962,0.3941229,0.39156127,0.39100805,0.39483988,0.3983385,0.38896707,0.3847463,0.40522838,0.4097306,0.40389276,0.38471767,0.315204,0.37314636,0.48883963,0.39588776,0.48287046,0.44558206,0.5197573,0.23925214,0.3653859
1097,Resid078,0.0,0.12426,0.87574,0.06441754,0.06872789,0.073653065,0.079886235,0.08709304,0.09317989,0.097343214,0.10077812,0.10481797,0.11040747,0.117466696,0.12525585,0.1336408,0.1430532,0.15403461,0.16691136,0.18128163,0.1956737,0.20834242,0.2185056,0.22632667,0.23199232,0.23686552,0.24130929,0.2457972,0.25019476,0.2546443,0.25912434,0.26424146,0.2706095,0.27734035,0.28401986,0.29010162,0.29581168,0.3011629,0.30591542,0.31131127,0.31376293,0.31666058,0.3192559,0.32157516,0.32362306,0.32531884,0.32694936,0.3285818,0.3302032,0.33173472,0.33324885,0.33496836,0.3369427,0.3389344,0.3409046,0.34335676,0.34519708,0.34736976,0.3499472,0.35259148,0.35555196,0.3582271,0.36110732,0.36363262,0.3669985,0.36961803,0.37209216,0.37463272,0.3777395,0.3805848,0.38298586,0.38535035,0.3870134,0.38937756,0.39105624,0.3923554,0.39440027,0.39659983,0.3979017,0.39984682,0.4028603,0.40527156,0.40731013,0.40877432,0.41086492,0.4125599,0.4141152,0.41605493,0.41791844,0.419947,0.4224554,0.423055,0.4239046,0.42466137,0.42534956,0.42569974,0.42578253,0.42530563,0.42276615,0.40217835,0.40327546,0.3986611,0.4107622,0.4072391,0.40126264,0.4018607,0.4048419,0.40543652,0.4062084,0.4082103,0.4088767,0.41093725,0.4144988,0.41741163,0.419775,0.42194438,0.4238243,0.42528218,0.42652285,0.4274348,0.42925915,0.43093202,0.4321558,0.43419546,0.43611053,0.4377219,0.43903306,0.44084218,0.44173518,0.4418715,0.4422647,0.44203863,0.44187757,0.44174367,0.4417838,0.4407671,0.44051608,0.4411136,0.44147876,0.44093525,0.44030395,0.43734697,0.43045953,0.4316863,0.43366683,0.40496448,0.35984898,0.23178154,0.15110673,0.062014863,0.10883112,0.22787386,0.29379898,0.16943417,0.26728788,0.30679792,0.3369017,0.35849407,0.3782994,0.3882959,0.39224342,0.3984344,0.4025489,0.4086573,0.41883606,0.422118,0.42293474,0.42381722,0.42594084,0.42790377,0.4269545,0.42725852,0.42884186,0.42900145,0.4293806,0.43120685,0.43492982,0.43566185,0.42708763,0.4228442,0.4140815,0.41271126,0.40865764,0.40204498,0.39917994,0.40394747,0.4080365,0.40924555,0.40616828,0.4053478,0.40752757,0.40370393,0.4018289,0.39860937,0.39302683,0.38306203,0.3844033,0.37847003,0.374868,0.39116326,0.352037,0.36415762,0.36746034,0.34373993,0.30708778,0.2898982,0.2881689,0.22757833,0.21481036,0.18876784,0.21112134,0.019422226,0.027962742
1120,Resid106,0.0118343,0.408284,0.579882,0.056369588,0.05970572,0.06323959,0.06695611,0.07065434,0.07405663,0.07707778,0.07992848,0.08291159,0.08618625,0.089864254,0.09396435,0.09835262,0.102844976,0.10711095,0.11120478,0.115031056,0.11850694,0.121597625,0.12481923,0.1279696,0.13055457,0.13362134,0.1369466,0.14019427,0.14308201,0.14550816,0.14779116,0.15171796,0.15934485,0.16851549,0.17627503,0.18302532,0.18840964,0.19308046,0.1977277,0.20309874,0.20664424,0.21067223,0.21486525,0.21898878,0.22331001,0.22760636,0.23125434,0.23471619,0.23831503,0.24194662,0.24547206,0.24902387,0.25278082,0.25696903,0.26055962,0.2637809,0.26812673,0.27220833,0.27496126,0.27690881,0.27851853,0.28056628,0.282999,0.2861911,0.2891844,0.2919981,0.29507396,0.29804644,0.30087194,0.30328572,0.30616787,0.30887705,0.3111489,0.31406838,0.31780538,0.3233436,0.3248616,0.3251243,0.32485765,0.3241896,0.32474667,0.325919,0.327615,0.32906047,0.330645,0.33256435,0.3344546,0.33660606,0.33887154,0.34118143,0.34294355,0.34437308,0.34589818,0.34749225,0.34892458,0.35054716,0.35174417,0.35282782,0.3546807,0.35268664,0.3415907,0.35599104,0.35412404,0.34588438,0.3286608,0.31744584,0.31294417,0.30944148,0.30650994,0.3056182,0.30834678,0.30966863,0.31123644,0.31348467,0.31718367,0.32065117,0.32405818,0.3271057,0.3302232,0.33324006,0.33579212,0.33783886,0.34074172,0.34418097,0.34720373,0.3496195,0.35186875,0.35400164,0.35554183,0.35580388,0.3557772,0.35592076,0.3555298,0.35530314,0.35464808,0.3543517,0.3538717,0.35356823,0.352854,0.35214648,0.35218644,0.35243827,0.3546404,0.35798463,0.35623997,0.35959476,0.19270657,0.019393012,0.24270636,0.42106587,0.3254379,0.3671036,0.30425903,0.34643903,0.18819624,0.24224702,0.23762357,0.2448146,0.25091088,0.26008135,0.26518238,0.27143052,0.27740815,0.28807455,0.29700342,0.29763752,0.2975998,0.2951566,0.2971994,0.29647356,0.30008447,0.29886132,0.29820782,0.30114788,0.30457026,0.3071542,0.31026483,0.3128345,0.3125138,0.313308,0.31315947,0.30853686,0.30719447,0.30944893,0.3120258,0.31013116,0.3100286,0.30205062,0.29567182,0.29475874,0.29005766,0.2870276,0.28324044,0.27902532,0.2812648,0.279945,0.27645636,0.2783155,0.29342398,0.26655877,0.25650784,0.25839576,0.2513778,0.24636523,0.24381843,0.21408293,0.19402519,0.2321269,0.20256673,0.2132467,0.13167877,0.009205013,2.74e-05
1123,OPE3_002,0.0448718,0.384615,0.570513,0.032545656,0.034828085,0.037358195,0.04043864,0.043669146,0.04631865,0.048145037,0.049745608,0.051774226,0.054538667,0.057956707,0.061751787,0.06589094,0.07031167,0.0746438,0.07892556,0.08302135,0.08670138,0.089955956,0.09299641,0.095677815,0.09810693,0.100661494,0.10333155,0.10596542,0.10873592,0.11150813,0.11445294,0.11800176,0.12293511,0.12899463,0.13504352,0.14136022,0.14666861,0.15080367,0.15463108,0.15857923,0.1618289,0.16475512,0.16785729,0.17078361,0.17368276,0.17687844,0.1791003,0.18106961,0.18321922,0.18547356,0.18769616,0.18992457,0.1922457,0.1954017,0.19781269,0.19981045,0.20277567,0.2073903,0.20873064,0.2094388,0.20932557,0.21019663,0.21112384,0.21208633,0.2130071,0.2150823,0.21701187,0.21894203,0.22082911,0.22238572,0.22440802,0.22672637,0.22882523,0.23136963,0.23455428,0.239845,0.24147335,0.23977774,0.23901412,0.2369637,0.23695928,0.23782444,0.23876259,0.23980355,0.24110138,0.24208646,0.24343756,0.2449971,0.24640338,0.24804002,0.24918349,0.2500972,0.25144705,0.25289124,0.25397712,0.2545836,0.2550525,0.25547123,0.25942254,0.2549444,0.23708786,0.24826635,0.25328866,0.25487557,0.23379707,0.21162146,0.20466343,0.2021626,0.19735321,0.19555269,0.19896233,0.20162082,0.20339522,0.20569411,0.2095001,0.21342716,0.21718243,0.22103158,0.22415389,0.22703747,0.22983412,0.23241115,0.23476876,0.23687062,0.23902433,0.24108775,0.24223801,0.24338728,0.2441998,0.24435842,0.24434625,0.24403554,0.24390124,0.24401179,0.24342485,0.24241985,0.24147679,0.2409894,0.23967463,0.23846811,0.23764773,0.23965068,0.2411871,0.24987304,0.27517554,0.27223745,0.09858385,0.047399886,0.19804072,0.19936645,0.003544878,4e-07,2.1e-09,0.000172035,0.07083299,0.33540773,0.21425246,0.14654227,0.13589624,0.1277476,0.1323152,0.13825195,0.14143394,0.14812098,0.15199666,0.1590039,0.16065985,0.16321501,0.16608088,0.16879012,0.17236316,0.17474635,0.17843904,0.18162803,0.18347493,0.18654203,0.19005185,0.19203171,0.19026318,0.19057582,0.19290777,0.19243228,0.19246459,0.19363448,0.19270834,0.19569518,0.19661155,0.1957793,0.19331992,0.1917542,0.18988031,0.18736385,0.18399815,0.18284617,0.18001337,0.17747565,0.17112324,0.17294459,0.17411424,0.16954504,0.16898054,0.15489018,0.16643539,0.17454152,0.17033023,0.16819927,0.16572286,0.15106834,0.15588637,0.15882225,0.1621914,0.2018474,0.16705404
1125,OPE3_004,0.0128205,0.365385,0.621795,0.035554115,0.037945684,0.04059066,0.04375642,0.047077533,0.04987649,0.051889986,0.0537849,0.056035273,0.059023198,0.062546045,0.06638341,0.070508204,0.07482665,0.07910467,0.083380334,0.0875348,0.09139461,0.09489197,0.09831381,0.10136362,0.1041167,0.106923155,0.10994634,0.11314438,0.11646844,0.119740695,0.12315067,0.12731092,0.13291784,0.13936074,0.14564852,0.15237501,0.15805465,0.16262946,0.16721709,0.17190786,0.17606856,0.17994778,0.18406318,0.18798916,0.19208936,0.19629385,0.19945513,0.20234343,0.20550683,0.20873907,0.21198055,0.2152718,0.21886869,0.22314976,0.22675404,0.22966537,0.23489268,0.23982994,0.24183303,0.24295035,0.24336901,0.24514322,0.24651508,0.2479662,0.24934949,0.25179037,0.2549072,0.25737172,0.25980544,0.2621264,0.26424772,0.26668283,0.26937467,0.2725897,0.27669215,0.28396153,0.28825542,0.28600278,0.28494385,0.28220627,0.28102854,0.28149858,0.28241283,0.2835225,0.284926,0.28615177,0.28746334,0.28916067,0.2906773,0.29231548,0.29390877,0.2948037,0.29575223,0.29700089,0.29808635,0.29878017,0.30020523,0.30082184,0.30226362,0.29328474,0.26852587,0.26052973,0.28773424,0.2863129,0.27073222,0.25388566,0.24550352,0.24185213,0.23488328,0.23212956,0.23559588,0.23793155,0.23888059,0.24116479,0.24518245,0.24947049,0.25366077,0.2576853,0.26140848,0.2647741,0.26778933,0.27084836,0.2734695,0.27636978,0.27889156,0.2812,0.28312007,0.28455973,0.28534597,0.28550103,0.28523085,0.28522035,0.28517118,0.28509632,0.28466037,0.28367335,0.28233647,0.28170282,0.28036138,0.27910525,0.2789267,0.28080586,0.28718123,0.29877436,0.31155494,0.32807896,0.1740191,0.24026904,0.27279475,0.17899197,0.002425348,1.63e-07,0.0,1.63e-07,0.002537119,0.22010459,0.30523553,0.14147438,0.16395092,0.15341134,0.15626153,0.1618095,0.1671227,0.16943483,0.1778598,0.1851942,0.18809558,0.189857,0.19185509,0.1949169,0.19454542,0.19845612,0.20039766,0.20309672,0.20644549,0.20938581,0.21133992,0.21547884,0.21472758,0.214434,0.21515107,0.21650809,0.21691827,0.2148346,0.21754812,0.2222432,0.22165023,0.21731472,0.21231377,0.20914017,0.20595688,0.20324352,0.20094833,0.20006388,0.1944688,0.18895116,0.18929015,0.18661618,0.17480317,0.18093008,0.18618798,0.1887484,0.18292032,0.1797246,0.16758275,0.18712793,0.1442634,0.106597774,0.1261738,0.13462655,0.0730332,0.21125901,0.26013446
1155,OPE3_039,0.0192308,0.141026,0.839744,0.04658959,0.049907055,0.053643662,0.05806041,0.06280882,0.06659723,0.06919495,0.071482584,0.07435085,0.07830989,0.08320173,0.0885733,0.09427943,0.10039589,0.106724784,0.11339767,0.12024611,0.12702146,0.13312101,0.13851361,0.14305444,0.14710495,0.15098274,0.15528713,0.15949412,0.16380963,0.16825491,0.17273575,0.1776101,0.18363218,0.18965492,0.19581044,0.20267335,0.2084407,0.2128335,0.21713309,0.2229825,0.22570576,0.22803578,0.23117547,0.23403952,0.23689057,0.24006377,0.24202043,0.24365889,0.2454975,0.24758182,0.2496632,0.25183833,0.25410333,0.2573516,0.25992346,0.26196787,0.26556966,0.2709647,0.27212235,0.27259263,0.2723486,0.27353072,0.27453575,0.27539995,0.27613345,0.278104,0.2802113,0.28225085,0.28395984,0.2858738,0.28744626,0.28908423,0.29102355,0.29358652,0.29824036,0.3053094,0.30741784,0.30631772,0.30480373,0.30160147,0.30098706,0.3018412,0.30251932,0.3036364,0.30464497,0.30556485,0.30661774,0.30764922,0.30926943,0.31125692,0.31248972,0.31230003,0.31300184,0.3138488,0.31438127,0.3154533,0.31743774,0.3198737,0.32461458,0.31451026,0.29729992,0.3053394,0.33398712,0.31781858,0.29273254,0.28103527,0.2774062,0.27475053,0.26819623,0.2655639,0.26899642,0.2718083,0.27232903,0.27494052,0.27885365,0.2826775,0.286538,0.29000732,0.29353592,0.29681346,0.29986078,0.3022303,0.304274,0.30686173,0.30852818,0.30962867,0.31134328,0.3126902,0.31354237,0.3141281,0.31479952,0.3150026,0.315557,0.31579286,0.31576055,0.31541544,0.31496626,0.3138585,0.31251997,0.3118845,0.31167173,0.30938917,0.31260192,0.32304353,0.3481029,0.25213048,0.16468127,0.18696955,0.06484212,0.01925427,5.6e-05,0.015430665,0.08153192,0.025364427,0.07287289,0.28749707,0.19850343,0.15471895,0.17632864,0.18356097,0.19098331,0.19459075,0.20231515,0.21187045,0.21968493,0.22611596,0.22806814,0.23326187,0.23754549,0.24282795,0.24605006,0.24889007,0.25263697,0.25514668,0.25948802,0.263486,0.26563814,0.2676898,0.26594886,0.26643816,0.2674692,0.26602885,0.26350442,0.26177233,0.26401708,0.2700994,0.27018404,0.2677073,0.268108,0.26672915,0.26099864,0.2590775,0.2552903,0.25573996,0.25359684,0.24831866,0.2400006,0.2395001,0.23985465,0.23644298,0.23416108,0.23526274,0.22335915,0.22432682,0.22149652,0.21304786,0.19771025,0.16299537,0.10463702,0.15391342,0.18275684,0.14014605,0.11738051
1163,OPE3_047,0.961538,0.0192308,0.0192308,0.020921458,0.023769267,0.026171673,0.027943036,0.029212313,0.030621259,0.031688217,0.03231416,0.03299299,0.034121193,0.03699761,0.04370246,0.05609458,0.069924414,0.078397475,0.0826853,0.08207212,0.07595294,0.069184765,0.0657262,0.06433824,0.061532233,0.058388032,0.057436988,0.055465024,0.051637806,0.047802415,0.04473261,0.0469358,0.063898474,0.10812748,0.16766584,0.23397589,0.29569417,0.3382475,0.36167717,0.3779321,0.3799856,0.3816154,0.3850944,0.38861173,0.39179716,0.39558372,0.39858386,0.4015629,0.40457234,0.40762466,0.4104573,0.41309533,0.41518396,0.41751584,0.4196186,0.42122218,0.42175564,0.4235297,0.42017412,0.41573486,0.41368943,0.4145949,0.41755813,0.42054057,0.42336982,0.42817926,0.43256214,0.43669528,0.43990454,0.44235823,0.44418323,0.44550568,0.44588053,0.44572592,0.4467925,0.4485619,0.44263119,0.4291622,0.41333833,0.40291607,0.4004105,0.39936218,0.39856905,0.39949083,0.40135527,0.40459177,0.4080874,0.4117347,0.4152357,0.41841757,0.41924894,0.4175753,0.4148544,0.4101973,0.40269402,0.39249372,0.3806635,0.36990705,0.37073684,0.36401656,0.36017597,0.3650168,0.37040964,0.31925744,0.23445703,0.1711905,0.14992514,0.13995378,0.13208812,0.13166587,0.13766453,0.14444205,0.15183976,0.16093454,0.17171523,0.18278585,0.19471982,0.20603253,0.21666808,0.22682771,0.23656517,0.24528834,0.252935,0.26078984,0.2673811,0.27317125,0.27805987,0.2825272,0.2857744,0.28741038,0.28785503,0.28703794,0.28534254,0.2829401,0.27940583,0.2752622,0.27030715,0.26588163,0.25999862,0.25387925,0.24902561,0.24144909,0.24129492,0.2519406,0.28666008,0.2878743,0.17522886,0.23893203,0.34861654,0.026759546,0.000152704,0.051160324,0.14683314,0.04498358,0.15088935,0.30022064,0.101470105,0.0349768,0.04264366,0.0523766,0.052619107,0.055676505,0.060627993,0.06661489,0.07471134,0.078841604,0.08086453,0.08592517,0.090696,0.09855247,0.10204454,0.106303275,0.11166412,0.11484908,0.12051095,0.12557814,0.12745479,0.13248646,0.13550141,0.13834977,0.13986257,0.1424368,0.14444278,0.14728765,0.14745241,0.14794819,0.14723924,0.14113857,0.13542189,0.13251336,0.12863295,0.1251112,0.1208311,0.11693162,0.11168986,0.10693383,0.10165527,0.09197614,0.09186512,0.09102053,0.091422364,0.07717168,0.07002277,0.072207876,0.07601397,0.0584754,0.057011995,0.039737616,0.045684285,0.079802215,0.06640117,0.14990924,0.19817102
1165,SF_006,0.916667,0.0833333,0.0,0.012007216,0.014146292,0.016181687,0.017833754,0.01921322,0.020599583,0.02188237,0.022778498,0.023655152,0.024926187,0.027661078,0.033654816,0.044530112,0.056615166,0.06421998,0.068186864,0.06839529,0.06383144,0.058552332,0.055827565,0.054881442,0.05324847,0.051228292,0.05067685,0.048633456,0.045003366,0.042297628,0.040109284,0.04195248,0.0566871,0.09553487,0.14820194,0.20741533,0.26386777,0.3045251,0.32881498,0.34405917,0.35080597,0.35603845,0.36183774,0.36745545,0.3725934,0.3781255,0.38249788,0.38659757,0.39074463,0.39502838,0.3992373,0.4033684,0.4071376,0.411208,0.414259,0.4165349,0.4144636,0.4131042,0.40732956,0.39904937,0.39595306,0.39688697,0.4005632,0.4051042,0.41100037,0.4189809,0.42654353,0.43349096,0.43916944,0.4435934,0.44746453,0.4499727,0.45095587,0.4506957,0.44934154,0.44593024,0.43276554,0.41200158,0.386443,0.37143007,0.3677615,0.36639798,0.3653629,0.3665556,0.36967856,0.37465373,0.3804796,0.3862919,0.39127195,0.3951151,0.39722115,0.3965792,0.39248258,0.38473263,0.37313363,0.35641935,0.33635908,0.31869024,0.32582825,0.37618217,0.35637295,0.34824938,0.3563999,0.32669023,0.26523054,0.17031188,0.12522839,0.11628657,0.09550238,0.09145411,0.0953177,0.098354556,0.10271531,0.10840717,0.11575917,0.123947114,0.13250557,0.14107378,0.14937995,0.15742414,0.16499138,0.17260134,0.17959055,0.18649979,0.19310385,0.19897921,0.20410183,0.20849504,0.2118979,0.21339366,0.21351515,0.2124057,0.2099323,0.20692852,0.20318818,0.19866419,0.19449697,0.19012374,0.18383256,0.17795934,0.1740376,0.17013948,0.16759174,0.1822302,0.18280983,0.05744678,0.067819506,0.05505489,0.000225371,4.5e-09,0.0,0.0,1.04e-05,0.019338502,0.20094293,0.012862025,0.042130966,0.099293105,0.088566296,0.04756612,0.044712797,0.046871502,0.04889647,0.052649107,0.06276248,0.0585385,0.05817332,0.05923587,0.058576826,0.06164878,0.065514766,0.06692266,0.06975664,0.07283409,0.07477208,0.07858792,0.0805796,0.08299716,0.085921,0.088857695,0.08949482,0.09036626,0.092493765,0.094160676,0.09668158,0.094768934,0.09192367,0.09159288,0.087811284,0.07756344,0.077795565,0.07302683,0.07286355,0.074307956,0.065424815,0.06312911,0.06371072,0.06402701,0.059378605,0.051551733,0.047574695,0.04404805,0.04552053,0.046297655,0.0526789,0.082056455,0.09221266,0.10075019,0.13459933,0.061380897,0.221795,0.28290537,0.37194473
1168,SF_009,0.99359,0.00641026,0.0,0.014487829,0.01671511,0.018842516,0.020930514,0.022743223,0.02431461,0.02521559,0.025413742,0.025622122,0.026095562,0.028073724,0.034054853,0.047272127,0.0635262,0.07330404,0.07739375,0.07512282,0.065754786,0.05632093,0.051358927,0.0491905,0.045963414,0.04218049,0.04050369,0.037726603,0.03347052,0.030030362,0.027485998,0.028918182,0.042724106,0.08904285,0.1696037,0.2787785,0.39824763,0.492409,0.5488362,0.5786199,0.58818257,0.59280086,0.59739023,0.60158765,0.6051075,0.60861635,0.6112251,0.614095,0.61723596,0.620323,0.6232144,0.62614125,0.62860614,0.6302908,0.6314273,0.63111556,0.6242825,0.6133612,0.59885514,0.5804197,0.5743098,0.57493114,0.58011186,0.5894422,0.6017619,0.6129932,0.62379587,0.63327885,0.6402033,0.6448527,0.6472219,0.64718854,0.6442724,0.6403149,0.6344585,0.62331337,0.60049796,0.5649195,0.52290165,0.50104284,0.49404898,0.49047455,0.48832834,0.48880455,0.4921919,0.49739313,0.5032503,0.5092402,0.5140967,0.51713777,0.5174374,0.5136159,0.50566685,0.4921053,0.47276676,0.44852775,0.42129523,0.39737523,0.39876792,0.43329355,0.45357734,0.420208,0.40869844,0.40734324,0.32902047,0.19763838,0.13755092,0.11300652,0.09667066,0.09096844,0.09711338,0.10296505,0.10981479,0.11830219,0.1294904,0.14115854,0.1535396,0.16583516,0.1778405,0.18928874,0.2001552,0.21035172,0.21960525,0.22838138,0.23629996,0.24313879,0.24925528,0.254652,0.25869173,0.2613044,0.26168907,0.26048195,0.2581506,0.2542579,0.2500652,0.24479738,0.23817891,0.23175618,0.22370343,0.21575098,0.20823605,0.19556837,0.19279125,0.15167537,0.043481432,0.016301708,0.031396795,0.001062489,6.72e-07,0.002054025,0.032864407,0.002054026,5.18e-06,0.006507822,0.0414906,0.09665966,0.040422827,0.040234093,0.013041841,0.004528976,0.016896565,0.02191228,0.023084939,0.02546654,0.028466769,0.036641937,0.04188347,0.045032606,0.046267442,0.05201113,0.059027478,0.06120837,0.0661278,0.07018254,0.07543279,0.08085137,0.08445597,0.08664307,0.08847195,0.092609905,0.094968714,0.09565633,0.09600521,0.098786846,0.10036415,0.10226897,0.09948736,0.09539045,0.09331096,0.08772493,0.08246762,0.078626126,0.07716896,0.07034708,0.06537754,0.06178216,0.046469633,0.04273059,0.039643314,0.035219405,0.027103681,0.02167159,0.031956203,0.020393046,0.004155355,0.00462177,0.003722105,0.001912548,0.005697358,0.003188695,0.000492783,0.056891616,0.034128573
1189,SF_030,0.852564,0.141026,0.00641026,0.015042071,0.017798016,0.021109695,0.024123672,0.026235862,0.027898299,0.029225834,0.030044809,0.030834265,0.03185261,0.034408517,0.04052938,0.052487962,0.066263795,0.07475676,0.078951575,0.07848379,0.07234166,0.06569418,0.06244206,0.0617144,0.060328353,0.05841653,0.05816061,0.05621472,0.05271055,0.049963962,0.047705315,0.04958512,0.06474952,0.10660736,0.16601536,0.23702875,0.31121677,0.36910096,0.40494308,0.4270726,0.43547508,0.43968803,0.44530207,0.45074734,0.45537925,0.46131676,0.46515203,0.46878028,0.4724703,0.4765956,0.48045376,0.48414615,0.48715144,0.49137467,0.49441886,0.49644855,0.4947968,0.49806723,0.49008438,0.479059,0.47291797,0.47310123,0.4763758,0.47948924,0.48368615,0.49157962,0.49883288,0.5054359,0.5104926,0.51452863,0.5175644,0.51936316,0.519211,0.51927173,0.51844794,0.51979053,0.5104529,0.48518014,0.45497513,0.43600863,0.42961428,0.427114,0.4256587,0.4265437,0.42948562,0.43427777,0.43981922,0.44531673,0.45017868,0.45438755,0.4563504,0.454963,0.4503008,0.44241863,0.43034294,0.4133124,0.39295894,0.37359124,0.36384085,0.3793688,0.3825624,0.4229203,0.4312825,0.39299873,0.31367216,0.19739638,0.1452148,0.12760383,0.11204418,0.107414715,0.11319768,0.116207674,0.120583124,0.12751664,0.13646267,0.14637432,0.15678293,0.16718306,0.17727336,0.1869668,0.19677286,0.20565923,0.21352297,0.2222168,0.23015498,0.2369705,0.24282718,0.24800159,0.25157312,0.25359303,0.25414315,0.25318423,0.25021154,0.24678499,0.24259824,0.23751505,0.2322425,0.22694607,0.22048579,0.2130796,0.20682698,0.19634776,0.19936076,0.22990204,0.29045856,0.29370987,0.4146879,0.09582118,0.000253457,3.2e-09,0.0,0.0,3.56e-06,0.008692758,0.09203344,0.005382717,0.036778923,0.10632408,0.08814406,0.05746795,0.04835829,0.047359023,0.0515323,0.05555946,0.060600307,0.06284658,0.063244864,0.066333234,0.07116914,0.07268103,0.07504218,0.077479854,0.080565706,0.08358543,0.08848724,0.09311328,0.096803,0.099379756,0.10109435,0.10264478,0.10429288,0.10989389,0.11081283,0.11166076,0.11335175,0.111840464,0.10918588,0.10407979,0.098843075,0.09291349,0.09149273,0.09092547,0.08955981,0.08551768,0.082950845,0.07974236,0.0807502,0.06728868,0.062364962,0.06435946,0.06263066,0.051129147,0.0620482,0.05284694,0.053074848,0.06088971,0.056407895,0.06746873,0.112223215,0.14081366,0.052474473,0.2004457,0.2853573
1201,SF_042,0.00641026,0.833333,0.160256,0.025233435,0.026680939,0.028578484,0.030958882,0.033895224,0.03744735,0.041636713,0.04628912,0.05126493,0.056264184,0.06110743,0.06583512,0.07055885,0.07511324,0.079226315,0.083158545,0.08700028,0.09068768,0.09418878,0.09775873,0.10138797,0.105048716,0.10899182,0.113087386,0.116761625,0.1205156,0.12410981,0.12754706,0.13165972,0.13802904,0.14574607,0.15322424,0.1610366,0.16766673,0.17234778,0.17683627,0.18299855,0.18736383,0.19071303,0.19537461,0.19998707,0.20432366,0.20971213,0.21358988,0.21684788,0.22010809,0.22381653,0.2273843,0.23082715,0.23405178,0.23882152,0.24225622,0.24536178,0.24770209,0.25631186,0.25784168,0.25838298,0.25724006,0.25793162,0.2589973,0.2564171,0.25365263,0.25607386,0.2583882,0.26113072,0.26375374,0.26610494,0.268823,0.27157548,0.2739667,0.2770853,0.28055534,0.28714833,0.28873783,0.28704932,0.2835035,0.2786561,0.276527,0.2766933,0.27718586,0.27795404,0.27926302,0.28166905,0.28486413,0.2883668,0.29240084,0.2964065,0.29943994,0.30129656,0.30361667,0.30650944,0.30849898,0.30948105,0.30908078,0.30767253,0.30755523,0.3069205,0.26531318,0.27006072,0.28929567,0.2504743,0.26509187,0.22954872,0.22765255,0.2211502,0.21249762,0.2085852,0.20946273,0.21138279,0.21270971,0.2149605,0.21943618,0.2242208,0.22887048,0.23280302,0.23627838,0.24014165,0.24411494,0.24769393,0.2517777,0.25767875,0.26401928,0.26963633,0.27425635,0.27814546,0.2805467,0.2813842,0.28093997,0.27925617,0.27668846,0.2741146,0.2726126,0.27003056,0.26949608,0.2707985,0.2695995,0.2675462,0.2657872,0.26175728,0.26150417,0.2604022,0.22420198,0.21644543,0.11937642,0.10485132,0.08575039,0.01393813,0.000174838,0.04212062,0.04212545,0.014935492,0.23370157,0.08035229,0.03625619,0.19196275,0.21124533,0.1688931,0.16341893,0.16892126,0.17570913,0.18673566,0.19322263,0.192571,0.18565288,0.18076177,0.17875376,0.17400049,0.1679257,0.16284119,0.16188227,0.162213,0.16396947,0.16700411,0.16893992,0.17286728,0.17693996,0.17993997,0.18348429,0.18783967,0.19106637,0.19275832,0.19136897,0.19297884,0.18963768,0.1816109,0.17188431,0.1627578,0.15652087,0.15675633,0.15444824,0.15375714,0.14467366,0.14102463,0.14747526,0.14709274,0.14292437,0.1352825,0.14114964,0.14329149,0.15817395,0.12637468,0.10966465,0.14324845,0.109156705,0.05276495,0.10056466,0.11931315,0.10477564,0.043354705,0.09948697
1213,SF_060,0.179487,0.711538,0.108974,0.03183779,0.03456324,0.03772687,0.040829737,0.043501772,0.04589814,0.047849964,0.04940294,0.051033814,0.053067375,0.056097753,0.06115292,0.06974044,0.079872765,0.087058336,0.09147957,0.092734866,0.09019654,0.087267235,0.08658169,0.08716565,0.08705853,0.08693085,0.087955065,0.08842206,0.08807316,0.08753839,0.08733453,0.08976912,0.09915776,0.12160115,0.15442517,0.1958149,0.23908083,0.27211195,0.29160872,0.3017632,0.3068329,0.30996236,0.31278622,0.315597,0.31800354,0.32056454,0.32287192,0.3252899,0.32763377,0.3299294,0.33214408,0.33437014,0.33623078,0.33806086,0.34004587,0.34149972,0.34240088,0.34373194,0.34198686,0.3388723,0.33842197,0.3398824,0.34254307,0.3493715,0.35746968,0.36131728,0.36486986,0.368962,0.3719847,0.37429547,0.37582496,0.37692472,0.3780639,0.37885728,0.3811725,0.38597748,0.38594046,0.3781011,0.36724383,0.35994712,0.35826486,0.3587667,0.3595882,0.36121765,0.36341277,0.3663251,0.36952627,0.37277558,0.37601244,0.3789336,0.38113052,0.38182887,0.38167316,0.38037235,0.37715948,0.37261745,0.36757466,0.36236462,0.36191043,0.34321627,0.32880884,0.34252602,0.3560511,0.31711653,0.32642767,0.26167247,0.22180454,0.21034086,0.20052016,0.19841827,0.20331006,0.20897134,0.21326691,0.21889192,0.22672632,0.23558664,0.24442998,0.25280607,0.2606669,0.26834857,0.27560964,0.28242266,0.28903684,0.2956506,0.30179685,0.30702248,0.3115921,0.31536305,0.3178487,0.31888828,0.31855947,0.31702211,0.31529486,0.3133177,0.31090122,0.30755892,0.30492297,0.3024026,0.29891124,0.29416776,0.29130235,0.2894559,0.29372165,0.29696894,0.35736707,0.27979028,0.11585292,0.13705342,0.061794527,0.08467287,0.18343084,0.045260474,0.00243356,0.06615785,0.36229616,0.06398078,0.25754642,0.20471765,0.11753266,0.13718544,0.14056504,0.1468364,0.15241164,0.15923837,0.16170159,0.16518228,0.16626224,0.16365625,0.16454794,0.16489485,0.16602762,0.16642751,0.16889293,0.17242125,0.17417274,0.17691852,0.18130985,0.18498427,0.18713088,0.18990226,0.1908867,0.19410767,0.1963019,0.1969453,0.19924791,0.1978681,0.19708341,0.19352944,0.18428572,0.17925282,0.17350128,0.16901241,0.16784139,0.1629863,0.15753964,0.1597198,0.15730052,0.154749,0.1430579,0.14236274,0.14377904,0.1432507,0.14112666,0.13933687,0.1313688,0.13598862,0.12375535,0.16251668,0.068479836,0.1590514,0.14475033,0.20385775,0.06756873
1226,SF_073,0.192308,0.769231,0.0384615,0.04017324,0.04347099,0.04722531,0.051081046,0.054545093,0.057695042,0.060459092,0.06291832,0.06543718,0.068322524,0.07199298,0.077204116,0.08485001,0.0935853,0.10033584,0.10522218,0.10803932,0.108290605,0.107947774,0.109165974,0.11109981,0.11260488,0.1140518,0.11664396,0.11863614,0.11977196,0.120515615,0.12135916,0.12477904,0.13492006,0.15494429,0.18006851,0.20864794,0.23451644,0.25211912,0.2632251,0.27159098,0.27557215,0.2787205,0.28264013,0.286453,0.29029977,0.2947779,0.29739973,0.29960123,0.3021017,0.3049414,0.30780703,0.31088108,0.31425595,0.31921718,0.3227969,0.32540137,0.32996488,0.3371703,0.33739778,0.3358446,0.3336429,0.33481088,0.33607695,0.33525425,0.33489498,0.33828515,0.34157085,0.34504092,0.34855056,0.35187027,0.3548354,0.35810357,0.36152557,0.3660439,0.37320837,0.3843978,0.3868399,0.38394624,0.37865528,0.37222356,0.37043568,0.37190914,0.37373737,0.37571147,0.3785383,0.38160157,0.38477924,0.38804233,0.3919235,0.3959297,0.39951608,0.4015551,0.40379664,0.40632057,0.4081361,0.4091447,0.4111412,0.41230226,0.40393516,0.37267223,0.38308617,0.39349923,0.39057553,0.36929116,0.37046638,0.34248233,0.32868883,0.32250562,0.30734077,0.30387515,0.30840397,0.31141162,0.31306496,0.31651267,0.3228686,0.33007255,0.33710477,0.34364998,0.35006207,0.35618162,0.36245278,0.3685734,0.3741343,0.380421,0.38630965,0.39127812,0.39575735,0.39956257,0.40213078,0.40348765,0.40315357,0.40173313,0.40080297,0.39915752,0.39712602,0.39429256,0.39247897,0.3923602,0.39148402,0.39024737,0.39009824,0.38489667,0.3852411,0.3740823,0.3769304,0.10029051,0.13122216,0.1500443,0.034452654,0.019974157,0.057899468,0.08189458,0.008637935,0.035047,0.19003311,0.006993213,0.032049324,0.22384804,0.22597167,0.23949401,0.24607626,0.25405964,0.25965694,0.26747507,0.2739802,0.27450156,0.26981923,0.2635661,0.26173306,0.26047575,0.2607995,0.25725836,0.25843102,0.2594752,0.26190054,0.26700315,0.27108413,0.2734528,0.27721322,0.28000134,0.28243092,0.28402755,0.2833088,0.2847867,0.28908604,0.28897485,0.2878539,0.28167617,0.27179146,0.2617322,0.2531755,0.24777028,0.24507654,0.24378023,0.23432708,0.22877541,0.2267829,0.2277462,0.22247715,0.22258483,0.22873831,0.21891262,0.21035625,0.20805636,0.16515826,0.13732362,0.10636613,0.08841128,0.042968962,0.019121563,0.02826824,0.006193961,0.00824942
1236,SF_085,0.0705128,0.839744,0.0897436,0.039770346,0.04300543,0.046753194,0.05076496,0.054553963,0.058033552,0.06107226,0.06390876,0.06687204,0.07017243,0.07409285,0.07891652,0.08519079,0.09207175,0.09777868,0.10251077,0.10607752,0.108073354,0.109676324,0.11213893,0.11491563,0.117439374,0.120073944,0.123425566,0.12619747,0.12841542,0.13044736,0.13239385,0.13625306,0.1449462,0.15966262,0.17696705,0.19634175,0.21473692,0.22850287,0.23797587,0.24470331,0.24916422,0.25309846,0.25705624,0.26091102,0.26471364,0.26849633,0.2716176,0.2744924,0.27746516,0.28043178,0.2834673,0.286534,0.28978646,0.29333737,0.29640186,0.29885167,0.30204234,0.30481225,0.3059483,0.3059127,0.30657482,0.3081898,0.31053108,0.31357214,0.31716746,0.32061782,0.3240401,0.32729316,0.3305702,0.3335061,0.33607632,0.33857962,0.34133652,0.34428522,0.34779146,0.35258418,0.35557464,0.35395724,0.3515394,0.3490278,0.34882295,0.3500476,0.35167584,0.35361284,0.35632938,0.3590564,0.36220238,0.3655518,0.3690114,0.37211135,0.3749278,0.3773417,0.37954465,0.38075337,0.38119993,0.38113645,0.38044727,0.37925762,0.37564805,0.37372112,0.35460448,0.34489217,0.3647579,0.36779252,0.34043467,0.30609515,0.29367015,0.29228553,0.28817707,0.28682208,0.29024324,0.29359552,0.29782203,0.3015937,0.30753806,0.31404376,0.3200524,0.3256286,0.33108097,0.3359169,0.3407262,0.34543452,0.35016558,0.35554805,0.36116925,0.3658065,0.36981964,0.37300226,0.37473115,0.37487602,0.37392434,0.37301615,0.3717674,0.37055504,0.36900994,0.3667622,0.36525872,0.36567542,0.36449048,0.3627885,0.36140022,0.36104244,0.36563933,0.37892854,0.47095054,0.22904135,0.08457718,0.40681598,0.17052378,0.003682531,8.36e-07,0.0,0.0,2.84e-08,0.000784776,0.12519734,0.33892432,0.33071256,0.25221345,0.24562646,0.250879,0.2532635,0.25984967,0.26662475,0.27019942,0.27031574,0.2668584,0.26051635,0.2572501,0.25373253,0.2515011,0.25054708,0.2513332,0.25213885,0.2545687,0.2572487,0.26025102,0.26243365,0.26373616,0.26550284,0.26876187,0.26968724,0.27460364,0.2761277,0.27552268,0.27545622,0.2742181,0.2664204,0.2576714,0.24749652,0.24453183,0.24299267,0.23984562,0.23351227,0.22930865,0.22993428,0.22510685,0.22530529,0.22001469,0.21147706,0.20818059,0.23281918,0.22676888,0.2178497,0.21123976,0.2033845,0.2013011,0.19679089,0.19457754,0.15519805,0.18415111,0.24663764,0.48741415
1248,SF_097,0.141026,0.814103,0.0448718,0.033993166,0.036673985,0.039667934,0.042910706,0.045898374,0.048712697,0.05127923,0.05373184,0.056299936,0.059245516,0.062949896,0.06775696,0.07447566,0.082071684,0.08816635,0.09285763,0.09599705,0.097113,0.09778614,0.09956746,0.10181577,0.10362978,0.10534752,0.10799376,0.11044798,0.11203154,0.113442376,0.11478924,0.11828105,0.12718776,0.14318275,0.16256905,0.18461582,0.20591314,0.2217613,0.23208748,0.23925567,0.24338028,0.24678795,0.25035757,0.2538958,0.25723532,0.2608291,0.26369214,0.26636752,0.26900613,0.27167743,0.27444115,0.2772837,0.28021222,0.28358376,0.286375,0.28878975,0.29086015,0.2935745,0.2944543,0.29440272,0.29515228,0.2966772,0.2988188,0.3001145,0.30182576,0.305022,0.30832845,0.31139877,0.3145366,0.31760713,0.32036126,0.3227845,0.32544246,0.32839763,0.33210313,0.33744037,0.33775654,0.33662227,0.3339701,0.33164814,0.33182484,0.33325332,0.3347274,0.33665723,0.33925998,0.3421204,0.3455437,0.3489287,0.352283,0.3553204,0.35842922,0.3604767,0.36230072,0.3636303,0.3640609,0.36354768,0.3624164,0.36146593,0.36273602,0.3472402,0.31807774,0.33246857,0.30380967,0.3010597,0.2975676,0.29080907,0.2796321,0.27342886,0.26689443,0.26795772,0.27083755,0.274637,0.27909943,0.28356326,0.28990963,0.29637185,0.30269518,0.30861628,0.31426165,0.3195371,0.32468215,0.3296052,0.33475435,0.34060386,0.34622926,0.35123745,0.35572195,0.35930344,0.3609331,0.36157593,0.36057726,0.35949984,0.358288,0.35669684,0.35455406,0.3518179,0.35096464,0.35139924,0.35015124,0.34901538,0.34737307,0.34173942,0.3452531,0.3390973,0.42730573,0.3426996,0.079577155,0.24702987,0.24327393,0.047046684,0.03157131,0.20638482,0.012807405,0.000147074,0.04983176,0.14646697,0.068400554,0.13820052,0.20825966,0.22074759,0.22327308,0.22829844,0.23599853,0.24111158,0.24385534,0.24752073,0.24574932,0.23946348,0.23652837,0.23286499,0.23209517,0.23153064,0.23151794,0.23345007,0.23515128,0.2366484,0.24072333,0.2428513,0.24531199,0.24699315,0.2494968,0.2519326,0.25616628,0.2578079,0.25860283,0.25924966,0.25747737,0.24685878,0.23750746,0.23143724,0.2254269,0.2190904,0.2151346,0.21314624,0.20739068,0.20297407,0.20825785,0.20813604,0.20650142,0.19896893,0.19960125,0.19029674,0.19572389,0.1855922,0.172746,0.17236078,0.16447313,0.16258246,0.18401206,0.13872653,0.13761654,0.22539745,0.09023229
1259,SF_108,0.0833333,0.166667,0.75,0.051513232,0.055708822,0.060653243,0.066891015,0.073387995,0.078630336,0.08172038,0.08411505,0.08741915,0.09252663,0.09949892,0.107713,0.11730049,0.12770233,0.13766432,0.1471139,0.15566145,0.1624529,0.16782242,0.17255758,0.17656563,0.17957078,0.18254079,0.18559738,0.18793827,0.18967666,0.19064687,0.19139276,0.19479233,0.20452131,0.21909475,0.23274392,0.24524541,0.25572243,0.262948,0.26808724,0.27325153,0.27581552,0.2777604,0.28011554,0.28225568,0.28388292,0.2859481,0.2873692,0.28853336,0.28958046,0.2908034,0.29212546,0.29336676,0.2944254,0.29613915,0.29752016,0.29901168,0.29865998,0.30186027,0.30271578,0.30400032,0.30503485,0.30644858,0.30803657,0.30521947,0.3018297,0.30370608,0.30566075,0.30711716,0.3090067,0.31107467,0.31299648,0.31459063,0.3163166,0.317734,0.319366,0.31973484,0.3178971,0.318355,0.31818554,0.31977648,0.3219225,0.32359463,0.32495376,0.3264478,0.3279001,0.32937646,0.33105466,0.33266985,0.3343497,0.33590892,0.33675104,0.33723426,0.33800593,0.3386575,0.33905232,0.33807033,0.33659002,0.33493122,0.32838193,0.3252922,0.31006488,0.3154949,0.34148756,0.32189837,0.29668024,0.2917573,0.29212925,0.29375353,0.29315335,0.29382867,0.29612002,0.2984253,0.30157375,0.30505005,0.3083729,0.3118753,0.31517988,0.3175199,0.32000273,0.32234746,0.32402194,0.32607806,0.3275861,0.32952902,0.33129302,0.33241343,0.33395725,0.33466753,0.33513263,0.3357007,0.33538944,0.33492407,0.33516598,0.33443955,0.33409885,0.33335358,0.33215794,0.33113608,0.3300715,0.32898793,0.32789633,0.32405585,0.3194546,0.30889615,0.24717043,0.13883871,0.042799115,0.012830101,0.097954504,0.053831015,0.020309726,0.017089032,0.057107557,0.08752457,0.000666851,0.008451205,0.10934135,0.20929195,0.22512084,0.24665196,0.25625867,0.25897315,0.26700276,0.274859,0.27870166,0.2799396,0.28080317,0.28108665,0.2837351,0.2819504,0.28190112,0.28448048,0.2856288,0.2865885,0.28814715,0.2879964,0.28999475,0.2901457,0.28872514,0.285248,0.28555408,0.28326294,0.28096655,0.27603194,0.27387965,0.2806253,0.28411618,0.28204963,0.2828521,0.2790752,0.2735145,0.27217653,0.2715917,0.2691318,0.26204863,0.26112983,0.25986156,0.26067096,0.25641602,0.24859194,0.25301138,0.24121276,0.22204639,0.21162486,0.19277985,0.20554292,0.19439785,0.18412448,0.2539981,0.20726953,0.1465072,0.04254165,0.11921476
1268,SF_122,0.0192308,0.794872,0.185897,0.03954529,0.04283904,0.04651408,0.050757118,0.055482294,0.06033222,0.06504604,0.069748364,0.074731804,0.08018581,0.08630174,0.092960246,0.100064114,0.10706963,0.11352686,0.11956562,0.1252086,0.13010961,0.13446198,0.13896821,0.14301804,0.146707,0.15059598,0.15494484,0.15870665,0.16195011,0.16453084,0.16670074,0.17149615,0.18272799,0.19710925,0.20836115,0.21833329,0.22534491,0.23018593,0.2350267,0.24031399,0.2446431,0.24879688,0.25328115,0.25748655,0.2619369,0.2666238,0.2696309,0.27210438,0.2748814,0.2778874,0.28091568,0.28406394,0.28765458,0.2925326,0.29604897,0.29864627,0.30384785,0.31034437,0.31097308,0.31039056,0.30849183,0.30910897,0.30952328,0.31054544,0.3126459,0.31513566,0.31767225,0.3200744,0.32237878,0.3248822,0.32725856,0.33020866,0.3331399,0.3365922,0.34132928,0.34984764,0.35395,0.35170555,0.3479179,0.34221187,0.3405023,0.3406667,0.3414106,0.34229657,0.34372422,0.34535113,0.3473256,0.34937325,0.35159642,0.35384768,0.3558491,0.357674,0.35962537,0.36169398,0.36366972,0.364944,0.36725637,0.3694164,0.3645799,0.33465755,0.34548828,0.3372569,0.31375992,0.3555735,0.3516561,0.3434195,0.33388412,0.3296293,0.31847578,0.31473055,0.31576675,0.3170506,0.31479684,0.31441474,0.31661472,0.319735,0.32261342,0.32513252,0.32769215,0.3299943,0.33260792,0.33516717,0.33793995,0.3414915,0.3447228,0.34760287,0.3504134,0.35250577,0.35381612,0.35413548,0.35364747,0.35314846,0.3522893,0.35126877,0.35002616,0.34867635,0.34784576,0.3485208,0.34893212,0.3483316,0.3489227,0.34832856,0.35774827,0.3673537,0.33931443,0.2369601,0.18523802,0.11328303,0.08962219,0.030901695,0.14855307,0.16811202,0.22592802,0.16737635,0.068291634,0.041894577,0.20721684,0.23693846,0.26785326,0.25960484,0.26861274,0.27601507,0.27960745,0.284696,0.2875133,0.2903676,0.2875791,0.28358033,0.2779438,0.27434433,0.2716421,0.27147222,0.2707828,0.26951757,0.27030683,0.27365583,0.27586153,0.27669638,0.27880388,0.2813298,0.27857402,0.28127077,0.28313646,0.28371772,0.28485298,0.28782588,0.28614017,0.28177813,0.27171013,0.2632941,0.2589988,0.2570149,0.2554951,0.24870168,0.24245022,0.23874384,0.23795962,0.23862463,0.24103013,0.23732169,0.23074658,0.23061933,0.22559556,0.25233495,0.24628536,0.2338312,0.23254472,0.19859013,0.2533925,0.1203009,0.21293396,0.16585,0.19940744
1271,SF_125,0.00641026,0.884615,0.108974,0.033319186,0.036339324,0.03980858,0.044092096,0.048858527,0.053865228,0.059059698,0.06451066,0.070261315,0.076288156,0.08262489,0.08905948,0.0956026,0.101988,0.10800772,0.11375213,0.11922754,0.12429701,0.12901849,0.13390811,0.13831122,0.14245263,0.14712146,0.1519871,0.15649797,0.16098475,0.1647397,0.1681102,0.17341827,0.18336366,0.19503722,0.20434493,0.21319972,0.21964984,0.2243195,0.22932829,0.23491712,0.23962887,0.24418439,0.24907453,0.25376943,0.2586879,0.2638282,0.26722053,0.2701393,0.2733233,0.2767194,0.2801829,0.28374815,0.28762996,0.29289928,0.29664865,0.29956988,0.30501774,0.3117798,0.31282297,0.31251273,0.3104442,0.31109163,0.31152275,0.31088325,0.31067443,0.31360018,0.3162038,0.31858343,0.3213991,0.32393762,0.3267737,0.3296308,0.33288476,0.33677575,0.34244025,0.35182348,0.35475612,0.35289437,0.34819922,0.34241942,0.3406586,0.34095263,0.34169844,0.3430536,0.3442987,0.3462414,0.34821436,0.35067475,0.35354412,0.35599276,0.35794547,0.35994828,0.36211246,0.3648134,0.36696032,0.36801872,0.37012693,0.3724189,0.37261218,0.34357443,0.31575462,0.34583953,0.36748794,0.34733635,0.34065947,0.33506033,0.32448724,0.3188829,0.31007475,0.3069378,0.30800113,0.30901563,0.30735174,0.30759865,0.3102155,0.31368467,0.31714883,0.32036167,0.3233005,0.32592204,0.32869458,0.33164006,0.33497515,0.33886656,0.3426747,0.34622645,0.3495151,0.35172305,0.35314202,0.35338664,0.35292453,0.35188156,0.3504259,0.34915093,0.3480826,0.34655252,0.34555557,0.34629467,0.3464234,0.34603116,0.34655172,0.3490272,0.3468784,0.3581252,0.34899294,0.5391479,0.17133369,0.035777874,0.16285077,0.113730095,0.13408448,0.03284636,0.048636343,0.23543327,0.29624715,0.24559501,0.42262465,0.3155011,0.26716107,0.25913665,0.2526426,0.2599711,0.2656224,0.2751227,0.27941814,0.27610832,0.2727097,0.26858738,0.26431307,0.25907797,0.2548183,0.25382394,0.25354615,0.2538443,0.25560835,0.25907812,0.26110598,0.26245824,0.2653118,0.26824653,0.26748005,0.27230334,0.2741811,0.27480546,0.27561375,0.2747822,0.27204686,0.26768664,0.26026696,0.2532052,0.24408415,0.24331309,0.23978072,0.23699626,0.23370628,0.22725245,0.22851281,0.23221003,0.22892335,0.23170678,0.23637126,0.23311938,0.2191386,0.22614324,0.23280708,0.21555002,0.2223662,0.20944515,0.22654198,0.280544,0.3802271,0.4597745,0.38018107
1273,SF_134,0.0897436,0.826923,0.0833333,0.02254707,0.024740783,0.027170487,0.029880377,0.032924425,0.036105312,0.03941411,0.04276218,0.046160497,0.049790896,0.053886354,0.05873343,0.064409435,0.07003619,0.07466217,0.078628704,0.08195982,0.0843678,0.086439446,0.088968866,0.091489054,0.093667455,0.09583226,0.09855443,0.10080936,0.102262475,0.10332136,0.10398535,0.107170306,0.11691219,0.1316474,0.1449491,0.15676133,0.16573495,0.17190045,0.17704515,0.18185294,0.18576714,0.18949577,0.19342795,0.19722092,0.20108624,0.20508064,0.2080663,0.21080787,0.21362045,0.2164871,0.21932471,0.2222253,0.22519203,0.22883338,0.23167728,0.23390265,0.23748179,0.2411596,0.24095775,0.23961419,0.23827848,0.23902299,0.24018948,0.24013266,0.24045043,0.24294084,0.2457002,0.24834566,0.25050107,0.25259763,0.25499243,0.25750467,0.25947875,0.26161924,0.2638197,0.2687563,0.26876253,0.26513696,0.25940636,0.25339976,0.25142032,0.2513578,0.25153995,0.2523386,0.25403675,0.2559986,0.25817263,0.26070756,0.26318523,0.26541126,0.26698172,0.26833215,0.2695357,0.2703091,0.26990592,0.2686055,0.26681757,0.2633645,0.26278752,0.26158032,0.25834495,0.24342175,0.23814625,0.2600788,0.24363397,0.21221405,0.1967166,0.19227967,0.18409798,0.17959134,0.18178101,0.1830514,0.18382336,0.18564959,0.1893316,0.19356775,0.1973436,0.20089976,0.20427929,0.20757358,0.21067959,0.21350393,0.21675669,0.22048062,0.22424915,0.22757755,0.2302334,0.23251514,0.23384885,0.23412831,0.23379704,0.2325703,0.23165838,0.23022018,0.22888751,0.22667925,0.225581,0.225019,0.22382352,0.22240284,0.22176328,0.21756507,0.22258571,0.23122893,0.2279136,0.49356368,0.43045312,0.1567812,0.0766722,0.0784551,0.050543126,0.17022082,0.06975968,0.03424407,0.22984222,0.34352148,0.36313188,0.10503641,0.12857394,0.13163911,0.13713516,0.13565357,0.14188196,0.14664917,0.15329996,0.15181695,0.15250802,0.15076953,0.14930701,0.14692318,0.14615104,0.1451787,0.14483789,0.14491804,0.14705007,0.14882272,0.15294491,0.15515192,0.15627868,0.15679985,0.15878934,0.16184989,0.16215448,0.16347803,0.16362053,0.16424756,0.161709,0.15728085,0.15084246,0.14667027,0.14134385,0.13867787,0.14341673,0.14318946,0.13621578,0.12629825,0.12913106,0.13197146,0.13304129,0.1265022,0.12014886,0.11864696,0.116072826,0.112670235,0.09207749,0.07047378,0.045453593,0.066094026,0.058431715,0.05887526,0.15205744,0.11929799,0.13761996
1282,COP_20160316_2-30-E,0.559904,0.440096,0.0,0.020885851,0.02278043,0.025043255,0.027362444,0.029174386,0.030645618,0.031694036,0.032437384,0.033168714,0.034296233,0.036637474,0.041871607,0.05117621,0.06137628,0.06807072,0.071765974,0.07191013,0.06845173,0.06442307,0.062368046,0.061653715,0.06031814,0.058637045,0.05850154,0.057084154,0.053823937,0.05126271,0.04879804,0.0501754,0.06348039,0.09730696,0.13954969,0.18226664,0.2200519,0.24556051,0.2595408,0.26732108,0.2708257,0.27375397,0.27685928,0.2799181,0.2827726,0.28545237,0.28780577,0.29012638,0.29261327,0.29500383,0.29731685,0.29942164,0.30127344,0.30292615,0.30440375,0.30533844,0.30443507,0.3014325,0.29652673,0.2916522,0.290881,0.29227167,0.29519957,0.30108005,0.30836776,0.31424555,0.31988552,0.32490286,0.32922712,0.33284336,0.33556986,0.33749387,0.33854693,0.3390796,0.339828,0.3401001,0.33256498,0.31746078,0.30086988,0.29200515,0.28996143,0.28955153,0.28947705,0.2908578,0.29406363,0.29836953,0.30315408,0.30796355,0.31238505,0.3158272,0.31785923,0.31848103,0.31759876,0.314533,0.3084997,0.29923335,0.2872464,0.27486056,0.2501682,0.27443323,0.2923457,0.30088082,0.33304858,0.45894012,0.25959754,0.004430045,0.04939392,0.062559605,0.07879516,0.086512804,0.08698039,0.09520884,0.1062726,0.1152966,0.12350129,0.13148433,0.13915578,0.14648129,0.15356357,0.16022746,0.16636157,0.17257747,0.17874865,0.18473038,0.19074894,0.19638442,0.20104024,0.20474,0.20750234,0.20898353,0.20923738,0.20824385,0.20579883,0.20256034,0.19867153,0.19403781,0.18921027,0.1846383,0.17888646,0.17181921,0.16412537,0.1553147,0.1401574,0.14282228,0.18588327,0.19139948,0.21296427,0.2680333,0.26562035,0.24500032,0.21606538,0.14463489,0.11414616,0.12586339,0.114217795,0.06953931,0.06175472,0.05910137,0.06106458,0.06286019,0.06556511,0.069196224,0.073394425,0.07796306,0.080912605,0.08225105,0.08393823,0.0852905,0.086109586,0.08661137,0.08733865,0.08862968,0.09051257,0.09278706,0.09543642,0.0982792,0.10125043,0.10409384,0.106439605,0.108275145,0.10979061,0.11124903,0.11241295,0.11329432,0.11385494,0.11366129,0.11210938,0.108970344,0.10460441,0.10002643,0.0957619,0.09314906,0.09132577,0.08813406,0.08478991,0.08286117,0.081057966,0.07886218,0.07734565,0.07560265,0.074516736,0.07342017,0.07094448,0.0689746,0.06838834,0.066353664,0.0621655,0.060533233,0.05815599,0.056636136,0.062056024,0.07990261,0.10582433
1296,COP_20160405_2-50-E,0.628894,0.371106,0.0,0.018939452,0.020719036,0.022986159,0.025284536,0.027129648,0.028723696,0.029934332,0.030836115,0.031727735,0.032910343,0.03529308,0.04015642,0.048264123,0.057040107,0.06308641,0.06678971,0.067608446,0.06511516,0.062072787,0.06062908,0.06036845,0.059641086,0.05850975,0.058648355,0.057419065,0.05467281,0.052658908,0.05059774,0.052095845,0.06470099,0.094186574,0.12785041,0.15914339,0.18696833,0.20720877,0.21948001,0.22719571,0.23149416,0.23522662,0.239085,0.2428869,0.24654888,0.2501029,0.25346372,0.25672224,0.26003096,0.26325902,0.26628447,0.2691554,0.2717575,0.27420017,0.27659723,0.27859965,0.27897656,0.27829412,0.276841,0.2751608,0.27584895,0.27786154,0.28109032,0.28650796,0.29329574,0.29836908,0.30331624,0.3079447,0.31203896,0.3155843,0.3186455,0.32123366,0.3233227,0.32503936,0.3268349,0.32841933,0.324842,0.3148682,0.30297965,0.29658842,0.2955451,0.29591128,0.29652402,0.2981808,0.3012794,0.30569065,0.3108567,0.31609318,0.3210013,0.32531682,0.32862577,0.3303863,0.33054304,0.32863575,0.32394615,0.3161058,0.30550215,0.29451206,0.28747833,0.27687964,0.28022754,0.29186702,0.34854344,0.5389847,0.10604846,0.05538287,0.08599327,0.0937259,0.10460613,0.110244446,0.11168886,0.119580105,0.12991418,0.13894035,0.14754654,0.15600921,0.16405298,0.1715937,0.17883822,0.18560088,0.19178599,0.19807325,0.20461324,0.21125335,0.2180365,0.22440967,0.22998556,0.23457092,0.23806483,0.2400253,0.24057087,0.23947929,0.23666474,0.23336317,0.22940072,0.22487742,0.22083561,0.21768428,0.2130296,0.20697278,0.20120326,0.19565868,0.18765758,0.19069292,0.21494758,0.2207932,0.25069338,0.31130153,0.31036213,0.27948195,0.25322992,0.17123672,0.13590875,0.14104299,0.12514138,0.08873212,0.08148512,0.07979465,0.08151921,0.085281275,0.08877579,0.09292116,0.09719839,0.10203647,0.10806706,0.11084731,0.111959256,0.11250272,0.11283223,0.11321301,0.11375381,0.11477074,0.11636581,0.11836011,0.12093473,0.12407233,0.12744595,0.13053812,0.13340355,0.13549574,0.13722086,0.1386767,0.1399714,0.1409121,0.14145178,0.1414449,0.13972795,0.13552225,0.12977053,0.12412805,0.11959434,0.11689291,0.11495905,0.111480586,0.107431345,0.1059891,0.10503161,0.10347302,0.10188926,0.100862235,0.10060053,0.09893845,0.09824789,0.096590444,0.09524211,0.0925728,0.089663744,0.08746081,0.08677005,0.08181553,0.08519222,0.10996915,0.15704753
1297,COP_20160405_5-0-E,0.382609,0.617391,0.0,0.029936265,0.03249368,0.035470225,0.03849815,0.041042,0.043214787,0.044946052,0.046329748,0.04773374,0.049456995,0.052227437,0.057023503,0.06441222,0.07212158,0.0775625,0.081161246,0.08266153,0.08183813,0.08056319,0.08041412,0.08111129,0.08141429,0.08138506,0.082431436,0.082378194,0.08092606,0.07978995,0.078490674,0.08042757,0.09210638,0.11718035,0.14382572,0.16714862,0.18696614,0.20107585,0.2098247,0.21573618,0.21953647,0.22300614,0.22653382,0.23006983,0.23345502,0.2367496,0.23998506,0.24321514,0.24645422,0.24962763,0.2527139,0.25573018,0.25862175,0.26133323,0.2640938,0.26660824,0.26779893,0.2684254,0.26885632,0.26935014,0.27128685,0.27373317,0.27717876,0.2811947,0.285943,0.29029173,0.29453948,0.2986861,0.30240932,0.30578047,0.30883083,0.31154433,0.3139311,0.31610554,0.3183764,0.32097784,0.3203894,0.31536946,0.30921718,0.30617455,0.30645415,0.30787426,0.3094822,0.31179103,0.31507778,0.31898797,0.3232109,0.3274865,0.33155656,0.33534524,0.338623,0.34075904,0.34168217,0.3414269,0.33954978,0.33577615,0.33052725,0.32585362,0.3356393,0.2744405,0.2665155,0.26796266,0.28616694,0.37548193,0.19454974,0.16664498,0.18312715,0.18772207,0.19423969,0.19832404,0.20135772,0.20831606,0.21682817,0.22490498,0.23304215,0.24121468,0.24907792,0.2565535,0.26379293,0.27073523,0.27730367,0.28378117,0.29006782,0.29640412,0.30260018,0.30827683,0.31337845,0.3180471,0.32175505,0.3241873,0.32569897,0.3257398,0.32460272,0.32311758,0.32126698,0.31894088,0.3169235,0.31556588,0.31299144,0.31002402,0.30848548,0.30923784,0.31355548,0.3152448,0.3077615,0.31286666,0.34339726,0.4152941,0.40590087,0.38169876,0.36317113,0.27978238,0.23740102,0.24170999,0.22562644,0.18158992,0.17438237,0.17361945,0.17632028,0.1816586,0.18651786,0.19160916,0.19683531,0.202265,0.20954572,0.21267165,0.21351968,0.21381934,0.21384549,0.21461137,0.21578735,0.21740367,0.21935308,0.22187483,0.22503836,0.22888295,0.23265706,0.23562042,0.23728836,0.23800987,0.23799802,0.23779105,0.23733824,0.2365951,0.23692514,0.23869169,0.23824827,0.23455559,0.22896852,0.22296041,0.21755674,0.21351576,0.21040341,0.20640752,0.20294273,0.20114546,0.19951119,0.196866,0.1945885,0.19406754,0.19326802,0.19157915,0.18902756,0.18725184,0.18347663,0.1800397,0.17654102,0.17096467,0.16737688,0.161775,0.1636522,0.17784588,0.19668877
1316,COP_20160501_2-40-W,0.0791453,0.920855,0.0,0.024125721,0.027286666,0.031344235,0.035607565,0.039294727,0.042387985,0.045022976,0.047372874,0.04954579,0.051797573,0.05472307,0.059080955,0.06505232,0.07118125,0.0761586,0.0802807,0.08326523,0.08504339,0.0862283,0.08794982,0.09055429,0.093089804,0.09571388,0.09923095,0.10164235,0.10220288,0.102490135,0.101858854,0.10495006,0.11962516,0.14577477,0.16993141,0.18948376,0.20573273,0.21800129,0.22693415,0.23402765,0.24007982,0.24572507,0.25129896,0.25674242,0.2619295,0.2668934,0.27166158,0.27630177,0.28080705,0.28518778,0.28937477,0.29340374,0.2971251,0.30057853,0.3040822,0.30744758,0.30853942,0.3095575,0.3099922,0.3099727,0.31135878,0.31388935,0.31739542,0.32242042,0.3285862,0.33373076,0.33875972,0.34367824,0.34814507,0.3522036,0.35575137,0.35867396,0.36106196,0.36303803,0.36538997,0.36854747,0.36585453,0.35655636,0.34539235,0.3383991,0.33661342,0.33651188,0.33657914,0.33779278,0.34068477,0.34518388,0.35072097,0.35624832,0.36126825,0.36570236,0.36939487,0.37196383,0.37324783,0.37271297,0.3696694,0.3638986,0.35581285,0.34752855,0.32805315,0.30564317,0.3152105,0.31630823,0.3203199,0.33823013,0.46858627,0.14484215,0.11793359,0.13890742,0.16098686,0.16994846,0.17029822,0.17910193,0.19033237,0.19924107,0.20736384,0.21519247,0.22234266,0.22869961,0.23455504,0.24005663,0.24511117,0.25038686,0.2563769,0.26309186,0.27029017,0.27707443,0.2829175,0.28760478,0.29071245,0.2918982,0.29148015,0.2891184,0.28493723,0.280621,0.27604577,0.2712127,0.26821116,0.26713324,0.26435652,0.2599303,0.25566316,0.25144616,0.242569,0.24015388,0.268796,0.278968,0.33698064,0.55413395,0.66297156,0.5703672,0.586318,0.36726996,0.2597902,0.2945508,0.2565792,0.1598484,0.13654175,0.13389234,0.13639994,0.14177658,0.14746195,0.15348095,0.15951322,0.1648321,0.16897401,0.16943216,0.16789491,0.16504335,0.16146533,0.15769257,0.15509927,0.15384395,0.15388845,0.15483095,0.15683447,0.15978138,0.16331176,0.16682912,0.16998622,0.17268646,0.17499828,0.17706256,0.17882037,0.18026394,0.18118227,0.18073645,0.17762643,0.17094602,0.16219106,0.15413456,0.14795148,0.14507718,0.14355661,0.1400131,0.13538681,0.13347167,0.13297601,0.1316573,0.13084984,0.13146167,0.1314328,0.13083945,0.12965593,0.1285338,0.12713856,0.12474249,0.121337034,0.1154223,0.113821425,0.10764759,0.106908165,0.13567173,0.19613793
1318,COP_20160501_5-0-E,0.0794454,0.920555,0.0,0.03536325,0.038450036,0.041977122,0.045497645,0.048594836,0.051341623,0.05376598,0.055936053,0.057968605,0.06008434,0.06271336,0.066093035,0.07007303,0.07391636,0.07716753,0.08007914,0.08270057,0.08500528,0.087048665,0.089408405,0.09206743,0.094926216,0.09791672,0.10149043,0.10442236,0.106318295,0.10792808,0.10894009,0.11222004,0.12261938,0.13966124,0.15517204,0.16806373,0.17892571,0.18742065,0.19404867,0.19978292,0.20476447,0.20941082,0.21408212,0.21860905,0.2229889,0.22730757,0.23135503,0.23523329,0.23917127,0.24306993,0.24687925,0.25066623,0.25434524,0.2580163,0.261642,0.2649228,0.2673971,0.26953024,0.27143463,0.27308688,0.27515095,0.27822065,0.281376,0.28635123,0.29237399,0.29687276,0.30126125,0.30545276,0.3093047,0.31294551,0.3163171,0.31955928,0.3226088,0.3254858,0.32904202,0.33491752,0.3358817,0.3308158,0.3251608,0.3210657,0.32061186,0.3216634,0.323022,0.32508633,0.32817757,0.33212417,0.33660012,0.34108946,0.34541348,0.3494387,0.3529819,0.3557121,0.357797,0.35902303,0.35908127,0.3578046,0.3555274,0.3547083,0.3416272,0.25927162,0.27219644,0.27220714,0.27223918,0.27287233,0.26562372,0.23108426,0.2500159,0.25133047,0.25465974,0.2574779,0.26026428,0.26513854,0.2706222,0.276239,0.2823293,0.2884839,0.2943024,0.2996146,0.30458972,0.30940068,0.31411865,0.31879932,0.32391834,0.32960328,0.33539015,0.34086892,0.34578037,0.3500562,0.3532785,0.35511476,0.35570464,0.3550339,0.35314807,0.3511409,0.34902358,0.3469955,0.34674233,0.34790125,0.34791216,0.34780607,0.3498428,0.35542262,0.3698031,0.37944534,0.35108602,0.35987997,0.41991344,0.6766021,0.7579025,0.7454683,0.6326139,0.4402855,0.37891212,0.42513373,0.38815045,0.2716194,0.24781953,0.24080704,0.24324709,0.24968287,0.25531346,0.261398,0.26739535,0.2727341,0.2786967,0.2798597,0.2777135,0.27400166,0.26995623,0.266715,0.2644886,0.2632803,0.2632143,0.26412013,0.2661022,0.2692892,0.27268645,0.275353,0.27710107,0.27756745,0.27760172,0.27775353,0.27749082,0.27705854,0.27771717,0.27941236,0.2781342,0.27253407,0.26425442,0.2557941,0.24897598,0.24451011,0.24196464,0.23793094,0.23448204,0.2339566,0.2333901,0.23164597,0.23121333,0.23227009,0.233212,0.23317981,0.23275016,0.23151797,0.2288426,0.22459276,0.22091165,0.210797,0.20583841,0.20340382,0.2054209,0.24049942,0.30032557
1347,QUE_T3.02.B,0.0,0.77,0.23,0.050822314,0.053378005,0.05637913,0.059841212,0.063236296,0.06620459,0.06879254,0.0713165,0.07401712,0.07708532,0.080383375,0.08370067,0.08702679,0.09036491,0.093700305,0.09713644,0.100576706,0.10392556,0.106987044,0.110170715,0.11334075,0.11661908,0.12017253,0.12400099,0.12795372,0.13214925,0.13634726,0.14050834,0.14519475,0.15097938,0.15686613,0.16256693,0.16859154,0.17408787,0.1789199,0.18396786,0.19030191,0.19481891,0.19913504,0.20419665,0.20915951,0.21426007,0.21951675,0.22390203,0.22800928,0.23214068,0.23622367,0.24040267,0.24486992,0.24974224,0.25492844,0.2593441,0.26319847,0.26867872,0.2739679,0.2772533,0.27965358,0.2811918,0.28381276,0.28652638,0.28520232,0.28307796,0.28649276,0.2895014,0.29324064,0.29624915,0.29893017,0.3021257,0.30551088,0.30853972,0.31238404,0.31607282,0.32141078,0.32507363,0.32586184,0.3264017,0.32622585,0.32699662,0.32881424,0.3310782,0.33328217,0.335846,0.33859652,0.3414847,0.3443519,0.34747946,0.35074645,0.3536817,0.3555781,0.35750908,0.35925975,0.36085507,0.3620819,0.3626215,0.36195683,0.36152175,0.37350604,0.4212443,0.44219723,0.44368896,0.36907944,0.3167634,0.29919857,0.2905184,0.2865108,0.28427312,0.2838408,0.28548166,0.28904322,0.29320973,0.29729623,0.30242038,0.30774707,0.31281212,0.31723645,0.32144684,0.32560995,0.32954025,0.33319843,0.33681396,0.34104347,0.34532377,0.34892008,0.35219163,0.3546194,0.3559895,0.3563988,0.35597318,0.35547957,0.35518745,0.35495836,0.35412884,0.35256565,0.35155308,0.35099274,0.3493727,0.34724885,0.34556442,0.34546658,0.3456899,0.3481951,0.35101244,0.36186698,0.3052674,0.18081844,0.27163655,0.21653976,0.36191761,0.54907626,0.16944976,0.03728908,0.19273734,0.4812015,0.14467853,0.20233476,0.21175021,0.21499957,0.22366719,0.23048171,0.23766269,0.2448851,0.25366035,0.25655767,0.25565413,0.25528023,0.25494233,0.25348982,0.25308588,0.25220874,0.25271273,0.2531761,0.25524125,0.25769022,0.2611296,0.26447195,0.2663246,0.26879275,0.27072158,0.27206007,0.27414152,0.27612424,0.27630466,0.277529,0.2768101,0.2722927,0.26542005,0.25867257,0.25378957,0.25064683,0.2501122,0.24558195,0.24066429,0.23725347,0.23444086,0.23188041,0.22643192,0.22880195,0.22820638,0.22026695,0.21996242,0.21623486,0.20988931,0.2068547,0.20633331,0.18882187,0.16240826,0.15165342,0.11909965,0.11931729,0.08393109
1351,QUE_T3.02.F,0.0,0.77,0.23,0.05310899,0.056161284,0.059710085,0.06372541,0.067717806,0.071274504,0.07448457,0.07760512,0.08085199,0.084432915,0.0881775,0.09195601,0.09581068,0.0996788,0.10351918,0.10745471,0.11143183,0.1153655,0.11899258,0.122684635,0.1264252,0.13030654,0.13449189,0.13894995,0.14358325,0.14840089,0.1532334,0.15800148,0.1633656,0.16992736,0.17689215,0.18382807,0.19094111,0.19747885,0.20330264,0.20923407,0.21621983,0.22157772,0.22666255,0.23235594,0.2379958,0.2437195,0.2495745,0.25458586,0.25922093,0.26373804,0.26821396,0.27278882,0.27766326,0.2828886,0.2883897,0.2931793,0.29726833,0.3018733,0.30628505,0.30958626,0.31246305,0.31482166,0.31751806,0.3205191,0.3209467,0.32042414,0.32434374,0.32818687,0.33164778,0.33527803,0.33860144,0.3417547,0.34534505,0.34914258,0.35328424,0.35720104,0.362651,0.36616722,0.36572582,0.36477825,0.3634626,0.36361402,0.36501223,0.3669283,0.3689952,0.37155688,0.37425554,0.37753248,0.38091886,0.38452056,0.38813832,0.39142612,0.39344612,0.3954297,0.39731663,0.39894634,0.39970702,0.39936435,0.39759016,0.39795566,0.40056643,0.40008605,0.49424887,0.42191586,0.37831753,0.34058905,0.3182079,0.3096293,0.30415547,0.30077857,0.300127,0.30172083,0.3044415,0.3080794,0.31218717,0.31735045,0.32288924,0.32821277,0.33285367,0.3372062,0.34148875,0.34560084,0.34944573,0.3534079,0.35834485,0.36344773,0.3678348,0.37150687,0.3741626,0.37550348,0.37542292,0.37439838,0.37373406,0.3731098,0.3726077,0.37148523,0.3697077,0.3686638,0.36807132,0.36642516,0.36390474,0.36242956,0.36207312,0.36241108,0.36496532,0.37271196,0.37834278,0.3008618,0.12873404,0.11007941,0.15234354,0.6470196,0.36012095,0.31552467,0.035724126,0.2852009,0.19130537,0.1463814,0.19936493,0.22751717,0.23140286,0.24016581,0.24747945,0.25418344,0.26255658,0.27122128,0.27157506,0.27031478,0.26799995,0.26515844,0.26228797,0.25966457,0.25829947,0.25796333,0.25799373,0.259406,0.26172772,0.26440755,0.2677756,0.2699665,0.27323383,0.27636382,0.2784408,0.28025064,0.28223637,0.28428322,0.2842824,0.28156698,0.27542812,0.26771936,0.25924364,0.25382915,0.25263155,0.25274763,0.24786024,0.24335094,0.2371025,0.23519021,0.22865704,0.22730757,0.22942458,0.2290252,0.22853263,0.22785436,0.22311461,0.20993342,0.19964132,0.19813082,0.1921665,0.16793413,0.1353125,0.14367424,0.16192032,0.32808658
1358,QUE_T3.03.C,0.0,0.53,0.47,0.046312146,0.048493415,0.051135067,0.054225393,0.057244137,0.05987233,0.062114142,0.064295225,0.06666116,0.06945962,0.0725417,0.07575784,0.07903585,0.08233353,0.08559083,0.08889122,0.09215656,0.095231846,0.09790386,0.1006606,0.103368066,0.10617248,0.10915443,0.112423144,0.1158949,0.11950269,0.12285837,0.12596877,0.13017404,0.13639255,0.14327115,0.14940538,0.1553445,0.16048613,0.16493382,0.16951571,0.17507204,0.17902516,0.18305048,0.18748924,0.19179885,0.19625098,0.20078471,0.20449539,0.20787407,0.21134521,0.21472934,0.21819031,0.22199671,0.22606961,0.23067819,0.23435842,0.23735054,0.24284305,0.24690194,0.24915417,0.2504897,0.25140962,0.25352484,0.2553068,0.25187612,0.24713486,0.25005725,0.25289387,0.2555861,0.25807106,0.25999364,0.26255348,0.26530892,0.26803413,0.27158818,0.27484366,0.2799707,0.28374434,0.28370717,0.2833701,0.28231606,0.2824332,0.28367576,0.28536758,0.2871353,0.2891578,0.2911628,0.29323414,0.29549402,0.29800287,0.3005258,0.30273476,0.30421627,0.30546856,0.3069396,0.3087421,0.31029102,0.31121978,0.3113882,0.3138513,0.3427056,0.3298271,0.3489149,0.37711725,0.29119563,0.26188338,0.25332716,0.24555436,0.24200854,0.23943791,0.23909536,0.24111457,0.2442618,0.2474213,0.2509602,0.25561047,0.26059815,0.26524803,0.26950854,0.27348572,0.27727708,0.28074542,0.28405747,0.28715113,0.2906413,0.29414228,0.29704437,0.29973072,0.3017324,0.30284265,0.30319107,0.30294958,0.30270925,0.302391,0.30216524,0.30139342,0.30034387,0.2992937,0.29858577,0.29715234,0.29528892,0.29410234,0.29417232,0.29471323,0.29731247,0.3071508,0.31084,0.3683671,0.5623779,0.2743259,0.07558051,0.21994793,0.47429898,0.6650132,0.24913487,0.0948814,0.1393736,0.2312452,0.16924058,0.16839978,0.17317794,0.18126504,0.18659852,0.1923748,0.19905813,0.20604931,0.20820652,0.20977652,0.20941828,0.21007042,0.21044207,0.21080391,0.21066388,0.2114761,0.21411708,0.21643423,0.21913216,0.22175415,0.22497453,0.2268099,0.22834496,0.23050235,0.23187207,0.2328815,0.23435,0.23491314,0.23628862,0.23570669,0.23266217,0.22642651,0.21980327,0.21597917,0.21442807,0.21517372,0.21215811,0.20675112,0.20179726,0.20200394,0.19732754,0.19100076,0.19407642,0.19272834,0.1890817,0.18946809,0.18531902,0.18103245,0.17493916,0.16561061,0.18775278,0.1603293,0.13600859,0.118599266,0.12647937,0.0658394
1363,QUE_T3.03.H,0.0,0.58,0.42,0.048835937,0.051263154,0.054092377,0.05736395,0.06065409,0.06355538,0.06604598,0.068436526,0.0710109,0.0739194,0.077069096,0.080286376,0.08352427,0.08680864,0.09008588,0.09345479,0.09683989,0.10013243,0.10311851,0.10615704,0.10922222,0.11235402,0.11565415,0.11920103,0.12293818,0.12678795,0.13051131,0.13412619,0.13858704,0.14448813,0.1505573,0.15607828,0.1614631,0.16654031,0.17125353,0.17599097,0.18140858,0.18578912,0.1899848,0.19452016,0.19896844,0.20339444,0.20788033,0.21182795,0.21561912,0.21927355,0.22291668,0.22656135,0.23027363,0.2339887,0.23786747,0.24138272,0.2445293,0.24757457,0.2504004,0.25310677,0.2559192,0.25864297,0.26113474,0.263777,0.26450425,0.26510072,0.2681417,0.2711917,0.27433145,0.2768439,0.27940655,0.28214484,0.28526685,0.2882791,0.2912845,0.29427776,0.29791564,0.30158445,0.30245593,0.30326945,0.30364978,0.3045863,0.30613345,0.30792361,0.31003472,0.31229165,0.31460297,0.31709528,0.31970948,0.32240343,0.3251888,0.32783988,0.32975426,0.33162487,0.33339965,0.33500022,0.33601582,0.33624682,0.33555108,0.33138865,0.32220495,0.26431903,0.21930806,0.2615244,0.28517276,0.27997252,0.2767925,0.27212942,0.26891235,0.26713115,0.26688638,0.26854828,0.27161053,0.27526754,0.27908537,0.28387085,0.28880867,0.2933454,0.29730633,0.30101117,0.30462152,0.3079548,0.31113568,0.31428424,0.31813818,0.3221965,0.3255713,0.3284575,0.3307093,0.3318522,0.33197713,0.33146858,0.33098945,0.33050963,0.33017695,0.3295279,0.3282798,0.32751045,0.32701924,0.3257561,0.32404035,0.32295752,0.3228394,0.32242084,0.32400635,0.32481003,0.337061,0.40581897,0.1452806,0.18655612,0.38644898,0.6434264,0.68175197,0.56690824,0.52257776,0.81563485,0.30485642,0.17492975,0.2031818,0.20163682,0.20547676,0.21353534,0.22005334,0.2267016,0.2349404,0.24011706,0.24176817,0.24147159,0.24038531,0.2381317,0.23545341,0.23464015,0.23418441,0.23482865,0.23558015,0.23711616,0.24044743,0.24346907,0.24590634,0.24837786,0.25002012,0.25291145,0.25504425,0.25570714,0.25686496,0.25733405,0.25938186,0.25797388,0.25370622,0.24742308,0.23994932,0.23471005,0.23264745,0.2315102,0.22998083,0.22572294,0.21892713,0.21986347,0.21518254,0.21392912,0.21198903,0.21244109,0.20949401,0.2043905,0.21277687,0.21212552,0.19436988,0.19771752,0.17446573,0.14461933,0.13790536,0.17182326,0.06496715,0.013231963
1365,QUE_T3.03.J,0.0,0.58,0.42,0.046780735,0.04917008,0.051845055,0.05494721,0.058035564,0.06073939,0.063050725,0.065293,0.06766397,0.070381016,0.073316894,0.07629298,0.07928287,0.08231556,0.085330956,0.08840887,0.09150704,0.09450596,0.09728558,0.10008107,0.102941275,0.105921805,0.10908128,0.112489335,0.11603589,0.11972923,0.123402886,0.12701987,0.13127273,0.13674368,0.1424808,0.1478381,0.1530586,0.15799807,0.16259736,0.1672137,0.17246814,0.17678255,0.18088059,0.18530379,0.18964869,0.19400156,0.19839276,0.20236848,0.20611125,0.20971993,0.21329933,0.21688394,0.22058389,0.22434303,0.22814314,0.23166688,0.23494348,0.23743446,0.24026187,0.2430965,0.24613701,0.24931599,0.2518247,0.25426516,0.25767884,0.2619169,0.264865,0.2676543,0.27085492,0.27372417,0.27650037,0.27933347,0.2821107,0.2845677,0.28781897,0.29095158,0.29442254,0.29810584,0.29911685,0.30013326,0.30124682,0.30249825,0.30436167,0.30645052,0.30871302,0.31103036,0.31352443,0.31607318,0.31880492,0.3216817,0.32460442,0.32728776,0.32926202,0.3312659,0.33302385,0.33430323,0.33522853,0.33527517,0.334947,0.3349222,0.3379319,0.3409745,0.38924107,0.35086235,0.3077995,0.29150715,0.27985862,0.27274832,0.26865602,0.26749432,0.26756307,0.26951203,0.2728188,0.2768343,0.2811451,0.28621873,0.2914092,0.29627764,0.30059063,0.30461434,0.30852506,0.3122253,0.315525,0.31888205,0.322979,0.32710633,0.33060157,0.3336328,0.33593208,0.33709446,0.33741847,0.3369967,0.3365891,0.33617875,0.33607087,0.33536193,0.3341251,0.3334236,0.33298984,0.3315848,0.32978615,0.32829896,0.32833436,0.3281518,0.32920685,0.33237132,0.33382756,0.2791282,0.40530062,0.32743192,0.1420693,0.30963853,0.24090002,0.3035039,0.13281435,0.36178237,0.05617656,0.1366809,0.18135233,0.19864619,0.20633584,0.21183245,0.21753387,0.22500181,0.23159307,0.23973273,0.24184635,0.24210167,0.2410756,0.23902576,0.23773333,0.23658574,0.23639564,0.23681185,0.23784001,0.24039336,0.24247195,0.24553357,0.24805056,0.25036222,0.25239158,0.25461423,0.25685734,0.25820798,0.259421,0.2605885,0.26256257,0.2607753,0.2544328,0.24783413,0.2421451,0.2363054,0.23354013,0.23357682,0.23013814,0.22566798,0.2201411,0.21619469,0.2163537,0.21380123,0.21299703,0.2109355,0.20453882,0.2026509,0.20247315,0.19716783,0.1777233,0.17338079,0.16160987,0.15120669,0.1288585,0.098866776,0.10617897,0.025122046
1384,QUE_T3.51.I,0.0,0.06,0.94,0.028398007,0.02993535,0.031642724,0.033784833,0.035948526,0.037659988,0.038864646,0.039970756,0.04135739,0.04321448,0.045427535,0.04773477,0.050082754,0.05246985,0.054909967,0.057418242,0.059933137,0.06235245,0.06452829,0.066628754,0.06860949,0.07060699,0.072733976,0.074986294,0.07734442,0.07983161,0.082410574,0.08510512,0.08823707,0.092032544,0.0960559,0.100029,0.10407176,0.10797884,0.1116957,0.115334466,0.11924969,0.12253891,0.12575635,0.12906073,0.1323074,0.13548698,0.13861556,0.1414998,0.14425421,0.14693081,0.14952482,0.15212506,0.15467502,0.15724128,0.15980661,0.16210258,0.1642817,0.16593762,0.1673211,0.1692563,0.17159836,0.1738656,0.17581475,0.1776182,0.17913722,0.18072788,0.18315674,0.18488422,0.18693537,0.18896979,0.19083595,0.19285685,0.1945396,0.1961527,0.19798824,0.19953579,0.20118216,0.20370561,0.20395999,0.20493771,0.20560445,0.20657915,0.20781767,0.20921516,0.21044692,0.21207407,0.21352047,0.21490814,0.21639316,0.2177519,0.21921492,0.22039692,0.2212736,0.22191237,0.22249252,0.22282368,0.22250402,0.22180441,0.22073819,0.22061418,0.22808401,0.21736202,0.2399013,0.1818337,0.1996572,0.17039062,0.1628029,0.15920646,0.15748961,0.15721361,0.15826263,0.16115011,0.16583508,0.17100224,0.17595984,0.18121243,0.18642142,0.19129743,0.195699,0.19974174,0.2034678,0.20683023,0.20976713,0.21226159,0.21468486,0.21680214,0.21851261,0.21996272,0.22127865,0.22211573,0.22273725,0.22307894,0.22334254,0.2233699,0.22323054,0.2229159,0.22203195,0.22086503,0.2196233,0.21804585,0.21603948,0.21421592,0.21326609,0.21235831,0.21272817,0.21083155,0.20863113,0.19469345,0.2644284,0.33983064,0.21301685,0.42775312,0.46798292,0.70300865,0.7235167,0.7673163,0.27385533,0.06933297,0.073112,0.08802355,0.09147375,0.09444025,0.09969377,0.104085065,0.10867822,0.11619005,0.12406574,0.12687355,0.13074279,0.13492106,0.13969783,0.14315858,0.14729291,0.15084398,0.15419486,0.15797,0.16150272,0.16484769,0.16722825,0.16811675,0.16916929,0.16995475,0.17015101,0.17038523,0.17146476,0.17052603,0.17192446,0.17261684,0.17098081,0.17001186,0.16641212,0.16438918,0.16344891,0.16029282,0.1574871,0.15492392,0.15229467,0.14773054,0.14408408,0.14111009,0.13757263,0.13654184,0.12820669,0.12555239,0.1264756,0.10847783,0.11029171,0.121758364,0.125444,0.085150026,0.08234477,0.08791198,0.11306745,0.21627522
1387,QUE_T3.06.B,0.0,0.0,1.0,0.06922997,0.073600195,0.07843446,0.08404118,0.089806914,0.09434491,0.09751604,0.10036435,0.103838496,0.10834659,0.11358026,0.11891289,0.12408328,0.1292538,0.13444562,0.13972373,0.14499342,0.14994459,0.15422207,0.15834153,0.16190517,0.16522998,0.16869837,0.17234457,0.17605686,0.18014851,0.18410037,0.18805629,0.19262286,0.1983485,0.2039372,0.2090297,0.21526949,0.22020638,0.2237346,0.22788328,0.23358393,0.23721087,0.24048582,0.2447098,0.24861266,0.2528506,0.2575397,0.2603335,0.26263514,0.2653823,0.2683347,0.27126706,0.2744139,0.27817777,0.2831682,0.2867383,0.28943062,0.29637456,0.3036261,0.30529678,0.30463874,0.30327392,0.30386227,0.3044626,0.30343294,0.30231503,0.30458355,0.3069697,0.3089777,0.31107643,0.31296274,0.3152334,0.31740668,0.32010448,0.32379785,0.32854465,0.3381148,0.34358114,0.34245387,0.34210926,0.33888704,0.33714014,0.33767152,0.33883843,0.33999977,0.34132117,0.34241533,0.3432056,0.34435257,0.3458506,0.34763888,0.34924737,0.3500974,0.35141367,0.35334343,0.35571072,0.35862514,0.3625363,0.3664334,0.37025207,0.36051747,0.34521434,0.36703193,0.39166,0.38581344,0.39270124,0.3817236,0.37582102,0.37420788,0.36720285,0.36396965,0.36542118,0.36477703,0.36154518,0.3589631,0.35884908,0.3594271,0.3602837,0.36142528,0.36269924,0.36394453,0.3655083,0.3669359,0.3678172,0.3691502,0.3701463,0.37095845,0.3717039,0.37247792,0.3730388,0.37350595,0.37364498,0.3737817,0.3740373,0.3744524,0.374918,0.37508234,0.37526703,0.375697,0.37615764,0.37683713,0.37884396,0.3817632,0.38611254,0.3932939,0.40864784,0.41148424,0.34740084,0.272355,0.03818283,0.29034442,0.4883716,0.470159,0.550175,0.362852,0.4670992,0.48569614,0.35481635,0.3225175,0.32949728,0.32953703,0.32620502,0.3267358,0.33097225,0.33856046,0.34670615,0.34808877,0.34517428,0.34594047,0.34736398,0.34904277,0.34930208,0.349256,0.350239,0.3509064,0.35196716,0.35331586,0.35351613,0.3531165,0.35193545,0.3504738,0.34854007,0.347947,0.3459006,0.34397277,0.34204203,0.3459772,0.3481508,0.34711063,0.34497,0.3419028,0.33994547,0.33898658,0.3379422,0.33630013,0.33350867,0.331556,0.32853773,0.32779664,0.3236513,0.3239338,0.32305995,0.32259536,0.31189612,0.31293288,0.30968213,0.3168497,0.30021438,0.2919713,0.2665793,0.25381634,0.24834703,0.22872753,0.30131808
1400,QUE_T3.08.C,0.0,0.26,0.74,0.06965319,0.0736914,0.07813828,0.0833577,0.08864061,0.09293951,0.09618734,0.09919497,0.102687225,0.1070166,0.11192357,0.11687554,0.121710464,0.12652977,0.13133942,0.136275,0.14126466,0.1460767,0.15042412,0.15465662,0.15855287,0.16240682,0.16644166,0.1706188,0.17490004,0.17949955,0.18410307,0.1888122,0.1938517,0.19950898,0.20502359,0.2103442,0.21635082,0.22164191,0.2261719,0.23101296,0.2368273,0.24125192,0.24551226,0.2502611,0.25478983,0.25949782,0.26433933,0.2681632,0.27165696,0.2753035,0.27905706,0.28274333,0.286529,0.29059672,0.29520988,0.29897285,0.30223185,0.30746624,0.31261703,0.3152252,0.3173265,0.31853122,0.32051593,0.32247424,0.32415643,0.32571855,0.32869932,0.33171943,0.33443475,0.33709043,0.33999765,0.34266162,0.34557614,0.34860933,0.3516917,0.35540715,0.36161673,0.365387,0.3669474,0.36783484,0.36734423,0.3682051,0.36978865,0.37159956,0.37360656,0.3755902,0.37751183,0.37948912,0.3817484,0.38414308,0.38661093,0.38893476,0.3907127,0.39265275,0.3950681,0.39744115,0.39971852,0.4020054,0.4039174,0.40801516,0.4276887,0.43748277,0.402854,0.45068526,0.42204496,0.40844047,0.39983886,0.39578083,0.39483932,0.39158997,0.39037472,0.3922667,0.3929333,0.39263844,0.3928114,0.39451894,0.3964222,0.3983503,0.40018755,0.4019346,0.40375444,0.40528956,0.40711677,0.40914416,0.4113807,0.4136988,0.41568974,0.41740158,0.4187266,0.41955152,0.41934952,0.41859284,0.41826296,0.41829413,0.41849396,0.41856572,0.41819993,0.4184597,0.41937533,0.4197676,0.42017865,0.42124823,0.42277855,0.42461658,0.42866665,0.43452948,0.44227096,0.31405407,0.23738568,0.11873341,0.23921947,0.11506431,0.10179593,0.21749893,0.42972994,0.35169125,0.42911562,0.35398588,0.36773524,0.36536834,0.3722726,0.37495595,0.3769921,0.38102874,0.3851572,0.39012152,0.38861978,0.38535905,0.38148978,0.37816465,0.3764116,0.37423447,0.37293434,0.37171474,0.3717047,0.37230572,0.3735599,0.37513128,0.37483567,0.3737912,0.37278762,0.3726515,0.37216738,0.37214994,0.3707866,0.3698645,0.37454408,0.37619582,0.37281096,0.36630434,0.36042213,0.3570852,0.35501346,0.35455647,0.3521531,0.34854427,0.34647366,0.34489968,0.3437379,0.34253365,0.34055287,0.34313667,0.3358466,0.33852887,0.34387982,0.3361378,0.32168642,0.3158688,0.30669594,0.2780422,0.2825246,0.282859,0.18103106,0.11660357
1426,QUE_T3.10.I,0.0,0.2,0.8,0.06503022,0.06917047,0.07376831,0.079158865,0.08473895,0.089144185,0.09227204,0.095124595,0.098577425,0.1030564,0.10822298,0.113475055,0.11860581,0.12372522,0.12884338,0.13402034,0.13917874,0.14412767,0.14852378,0.15273663,0.15656585,0.16030878,0.16417801,0.16818169,0.17222472,0.17655836,0.18088935,0.18533088,0.19023153,0.1960443,0.20187235,0.20755221,0.2137318,0.21928853,0.22405677,0.22901213,0.23498309,0.2394019,0.24352694,0.24818647,0.25263843,0.25721213,0.26187897,0.2655577,0.26888615,0.2723104,0.2758567,0.27938017,0.2829182,0.28662944,0.2908025,0.29427713,0.29733664,0.30138463,0.30496562,0.3075611,0.310029,0.31196418,0.3140722,0.31634665,0.31826335,0.32011598,0.32328275,0.32590318,0.32865807,0.33144593,0.334236,0.33679003,0.33959293,0.34267968,0.34580085,0.3492808,0.35424107,0.35842934,0.35979468,0.3611502,0.36144593,0.36221734,0.36400798,0.36584067,0.36780372,0.36997288,0.37200198,0.37400323,0.3762649,0.3786708,0.38115406,0.3834992,0.3851724,0.38694385,0.38907167,0.39135277,0.3934563,0.39553902,0.39700767,0.39440665,0.34229624,0.27063522,0.280748,0.3252744,0.35953787,0.3847808,0.38990706,0.38933155,0.38953704,0.3875164,0.38696775,0.3884043,0.38945803,0.3900091,0.39078224,0.39268643,0.39462656,0.39661428,0.39854634,0.40031207,0.40218258,0.40387243,0.4056956,0.40754893,0.40970704,0.4119312,0.41380802,0.41530913,0.41655594,0.41722146,0.4170826,0.4165799,0.41637492,0.41628653,0.4165127,0.41663265,0.4162497,0.4165676,0.41719788,0.4175279,0.41790286,0.41891274,0.42042583,0.4216314,0.42460096,0.4264735,0.41959006,0.52093786,0.41418433,0.77567583,0.69711804,0.52778965,0.46004853,0.48318347,0.34142295,0.29259926,0.382389,0.40632197,0.36515483,0.36512056,0.36940408,0.37355304,0.37605512,0.3802583,0.38639835,0.39113706,0.3895435,0.38608757,0.38213715,0.3788679,0.3775789,0.37619764,0.3731748,0.37274247,0.3726303,0.3732667,0.37502855,0.37593773,0.37543318,0.37378463,0.37265897,0.37117285,0.37114096,0.37052396,0.36920747,0.36811176,0.3730831,0.37390864,0.37088075,0.36558563,0.35789174,0.35367212,0.351924,0.35145584,0.34912556,0.34620345,0.34571874,0.34240225,0.3391764,0.33877203,0.33863285,0.33737034,0.33769566,0.342238,0.33652174,0.33315983,0.3328992,0.33078542,0.3179774,0.32012606,0.29753372,0.29174906,0.3154286,0.13687737
1430,QUE_T3.71.C,0.0,0.41,0.59,0.046605393,0.04921648,0.052189566,0.055608198,0.05903753,0.06205715,0.06461816,0.067106806,0.069821276,0.072945684,0.07632621,0.079749726,0.083190404,0.08668107,0.09018303,0.09377911,0.0974336,0.101010405,0.104328945,0.107729785,0.11098556,0.11435648,0.11795809,0.12176605,0.1257077,0.1299332,0.13411134,0.13841447,0.14312084,0.14845455,0.15384634,0.15913604,0.1652644,0.17080165,0.17561024,0.18059684,0.18627614,0.19077514,0.19522654,0.2000732,0.20472613,0.20957215,0.21461363,0.21848898,0.22200808,0.22571215,0.22949754,0.233275,0.23717947,0.24138327,0.24617085,0.25002125,0.2533022,0.25839207,0.26305768,0.2654823,0.26716405,0.26824656,0.2700848,0.27197874,0.27388033,0.27575096,0.27883247,0.2820353,0.28495836,0.2878096,0.29064906,0.29361755,0.29665127,0.29992625,0.30345422,0.30754155,0.31379828,0.31818658,0.31808102,0.31783804,0.31638908,0.31636727,0.31778625,0.31949994,0.3213438,0.32342237,0.32548234,0.32754815,0.32998186,0.33262372,0.33521494,0.33766106,0.33965492,0.3415258,0.34342036,0.34545767,0.34728262,0.3488206,0.34932095,0.34972954,0.33924657,0.30998695,0.31445602,0.30371463,0.31586683,0.3054206,0.2974053,0.29045895,0.28795716,0.2848442,0.28354746,0.28578848,0.2886646,0.29118246,0.29413056,0.29838783,0.3029545,0.30716673,0.31102717,0.31461194,0.3180686,0.32109448,0.3241126,0.32729253,0.33075064,0.33428234,0.33738196,0.33993492,0.34187382,0.34306142,0.34286144,0.3420025,0.34144315,0.3413098,0.34121725,0.34060898,0.3394336,0.33897805,0.33884284,0.33792725,0.3367328,0.3360883,0.33663452,0.3376765,0.34134117,0.34589922,0.3413269,0.6236553,0.7666573,0.8550809,0.668016,0.7897335,0.9818188,0.74793065,0.911892,0.643603,0.43713832,0.30827874,0.23644108,0.22187263,0.22212468,0.22628222,0.23213698,0.23799843,0.24448033,0.2514251,0.252996,0.25247285,0.25130442,0.25027892,0.2491002,0.24793912,0.2478349,0.24872558,0.2503535,0.25258356,0.25567496,0.25849384,0.26068714,0.26232094,0.2640547,0.2661278,0.26741812,0.26777798,0.2692781,0.2701286,0.2719141,0.27091238,0.26687786,0.25983238,0.25312006,0.24963374,0.24704987,0.24715354,0.2428278,0.23776564,0.23532267,0.2337103,0.23097499,0.22712523,0.22346564,0.22569689,0.22697817,0.22596493,0.22271878,0.2198014,0.21018782,0.20443125,0.20233405,0.2174633,0.19465943,0.196468,0.20506084,0.20676348
1437,QUE_T3.71.J,0.0,0.36,0.64,0.045757495,0.048225876,0.05106577,0.054341007,0.05761805,0.06041566,0.062797956,0.065108605,0.06763793,0.07056038,0.073725894,0.07692707,0.080136135,0.08336211,0.08661,0.08995824,0.09338865,0.0967943,0.09985933,0.10303853,0.10607032,0.10925903,0.11271649,0.11629457,0.12004513,0.12406558,0.12807217,0.13228913,0.13678822,0.1417805,0.14677788,0.15177536,0.15744792,0.16257285,0.1671,0.17183822,0.17726615,0.18149914,0.18588232,0.19052313,0.19497806,0.19961388,0.20439726,0.208125,0.21153335,0.21513316,0.21871215,0.22233371,0.22601189,0.22992568,0.23441155,0.23799677,0.2408527,0.24629503,0.24952155,0.2516909,0.25340647,0.25458515,0.25643727,0.2582129,0.25470343,0.24982893,0.25274196,0.25543252,0.25801602,0.26040915,0.262662,0.2649892,0.26773718,0.27100033,0.27487993,0.27903613,0.28577948,0.2895523,0.28920758,0.288898,0.28705764,0.28710833,0.28843248,0.2900043,0.2917976,0.29368165,0.29561478,0.2976317,0.29983073,0.30219045,0.3045231,0.30678943,0.30839863,0.30979922,0.31175417,0.31456688,0.3175127,0.32006457,0.32127202,0.3231677,0.3267088,0.33419573,0.33741188,0.333669,0.29824725,0.28283748,0.27375934,0.2676723,0.26407883,0.26033086,0.25942823,0.2619535,0.26454863,0.26653135,0.26924998,0.2732524,0.27732614,0.28127757,0.28495446,0.2883395,0.2915979,0.294383,0.2972226,0.29999632,0.3030499,0.30599272,0.3086143,0.3107599,0.31233993,0.31332657,0.3132447,0.31262633,0.31218666,0.3118699,0.31165704,0.311228,0.30997044,0.30952585,0.30923405,0.30816367,0.306999,0.30664423,0.30707178,0.30858228,0.3141375,0.32312903,0.33194053,0.5404424,0.8508981,0.84569824,0.53388935,0.3631896,0.40673488,0.47769055,0.36503467,0.35666752,0.21028417,0.21543574,0.18165688,0.19002132,0.19098544,0.19520612,0.20059949,0.2060871,0.21269158,0.21744075,0.22069634,0.22227108,0.22277762,0.22311454,0.2230422,0.22350332,0.22475077,0.22610992,0.22761202,0.2305655,0.23362224,0.23580107,0.23750837,0.23929776,0.24025199,0.24106365,0.2419994,0.24335137,0.24326685,0.2431022,0.24496086,0.24367152,0.24204576,0.23618734,0.23106313,0.22676362,0.2250827,0.22433768,0.22015625,0.21637496,0.21393365,0.20878941,0.20746103,0.20519483,0.20418958,0.20204964,0.19801918,0.1978202,0.19348095,0.18344662,0.17872219,0.18097831,0.17673722,0.16438133,0.15433063,0.1651671,0.19202857,0.1148827
1445,Plant5-9,1.0,0.0,0.0,0.06943333,0.052866668,0.048666667,0.048333332,0.045133334,0.044333335,0.044800002,0.045133334,0.044866666,0.04543333,0.047233332,0.0537,0.07133334,0.0913,0.10266667,0.109066665,0.10923333,0.10063333,0.09036666,0.086100005,0.084533334,0.07986667,0.0725,0.07033333,0.0673,0.0587,0.05316667,0.0461,0.0456,0.06196667,0.1299,0.22853333,0.3351333,0.43153334,0.49876666,0.5342,0.5567,0.5536,0.55736667,0.55986667,0.5623,0.56506664,0.5665333,0.5681667,0.56983334,0.57310003,0.5748,0.57670003,0.57863337,0.57993335,0.58306664,0.5833,0.58176666,0.5883,0.5858,0.58126664,0.5672,0.5552333,0.55633336,0.5601,0.5693,0.57603335,0.5832333,0.5907,0.59699994,0.60316664,0.60546666,0.60693336,0.60490006,0.60326666,0.59873337,0.59183335,0.58356667,0.575,0.54136664,0.5115667,0.4998,0.4936,0.49016666,0.48866665,0.48896667,0.49203333,0.49673334,0.50086665,0.50430006,0.5072333,0.5081666,0.50773335,0.5055,0.4973,0.48656666,0.46986666,0.4485,0.42356667,0.4028,0.38813332,0.341,0.2945,0.24796666,0.20143335,0.1549,0.11283333,0.106366664,0.100366674,0.09633333,0.0963,0.097799994,0.10376667,0.11276666,0.12343333,0.1339,0.1465,0.15966667,0.17233334,0.1856,0.1976,0.20960002,0.22093333,0.2313,0.24033333,0.24916667,0.25693333,0.26316667,0.26933333,0.27406666,0.2773,0.2785333,0.27886668,0.27853334,0.27533332,0.27336666,0.26893333,0.26403335,0.2574,0.24986666,0.24146669,0.23353334,0.22853333,0.2235,0.22246666,0.22383332,0.21139999,0.20353334,0.18676667,0.17003334,0.15326667,0.13653333,0.11973333,0.10300001,0.08626667,0.0695,0.052733332,0.03596667,0.014233333,0.0245,0.026933333,0.031966668,0.033466667,0.036533333,0.038866665,0.043766666,0.04793333,0.05316667,0.057,0.06096667,0.065299995,0.07106667,0.07556667,0.08036666,0.08523333,0.0904,0.09623333,0.10043333,0.10453334,0.1077,0.111,0.113066666,0.11506667,0.11693334,0.11973333,0.12013333,0.12216667,0.12143334,0.1196,0.116966665,0.11293334,0.10733333,0.103033334,0.09996667,0.0947,0.09053334,0.089033335,0.082166664,0.07913333,0.0746,0.07113334,0.0677,0.0606,0.0626,0.05556667,0.0504,0.049566668,0.046066668,0.04006667,0.044166666,0.030833334,0.025866667,0.021966666,0.021300001,0.0
1446,Plant6-4,1.0,0.0,0.0,0.04832857,0.036971428,0.0354,0.03654286,0.03597143,0.036157142,0.03652857,0.03667143,0.036614288,0.036985714,0.038285714,0.043,0.05634286,0.07285714,0.08187143,0.08688571,0.086414285,0.0787,0.07008571,0.066457145,0.0654,0.061828572,0.056414284,0.054642856,0.052628573,0.046742857,0.043014284,0.03857143,0.038700003,0.050085716,0.102299996,0.18935715,0.29465714,0.40298572,0.4872143,0.5338715,0.5554,0.5597714,0.5634286,0.56502855,0.5670429,0.5689286,0.56880003,0.57014287,0.57248574,0.5749572,0.57644284,0.5778143,0.57864285,0.57907146,0.5775,0.57685715,0.5751143,0.5742286,0.564,0.5574857,0.5439857,0.5369143,0.5375857,0.5415428,0.548,0.55377144,0.56095713,0.5676571,0.57331425,0.5787,0.5807,0.58258575,0.58124286,0.579,0.5748143,0.56814283,0.55277145,0.53962857,0.5113429,0.48235717,0.47314286,0.4697,0.46664286,0.4644857,0.46562856,0.46842858,0.47337145,0.47768572,0.4816857,0.48501426,0.4861,0.486,0.48337144,0.47695714,0.46617144,0.45017144,0.42968568,0.40461427,0.38307142,0.36532858,0.32439998,0.2787,0.23295714,0.18725714,0.14154287,0.09841429,0.09644286,0.088999994,0.086,0.087157145,0.08891428,0.094157144,0.10301428,0.11375714,0.12444286,0.13694286,0.14934286,0.16192856,0.17421429,0.18620001,0.19711427,0.20761429,0.21738572,0.22661428,0.2349,0.24227142,0.24907143,0.25457144,0.25937143,0.26214287,0.26345715,0.26351428,0.2620857,0.25975713,0.25717142,0.2531,0.248,0.24181427,0.2346,0.22731428,0.21917142,0.21275714,0.20884286,0.20727143,0.20675714,0.20257142,0.17744286,0.16298571,0.14852858,0.13409999,0.11964286,0.10517143,0.09072857,0.07628571,0.061828572,0.04737143,0.03291429,0.014885714,0.027328571,0.026742857,0.0315,0.032771427,0.03582857,0.03797143,0.041257143,0.04677143,0.050442856,0.05467143,0.058042858,0.061114285,0.06632857,0.0708,0.07592857,0.08008571,0.085028574,0.09011429,0.093728565,0.0977,0.10088571,0.10377143,0.10587143,0.10844286,0.11041428,0.112500004,0.11448572,0.11497144,0.11474286,0.11325715,0.11182857,0.10658572,0.10234286,0.09761429,0.0939,0.09070001,0.084871426,0.08161429,0.07912857,0.07551428,0.072157145,0.06752857,0.063528575,0.0596,0.058242857,0.053357143,0.051885717,0.04535714,0.04424286,0.038685713,0.03352857,0.032314286,0.028885713,0.0368,0.018257143,0.06708571
1447,Plant6-7,1.0,0.0,0.0,0.03505,0.02685,0.026483335,0.027575001,0.028375,0.029258333,0.029658332,0.029641666,0.029675,0.029858334,0.031349998,0.03618333,0.048583332,0.064075,0.072525,0.07745,0.07723334,0.070675,0.06289167,0.05925833,0.05835833,0.05466667,0.049258333,0.047325,0.045375,0.039383333,0.035550002,0.031349998,0.03155,0.04236667,0.09316667,0.17583334,0.2766,0.38471666,0.47535834,0.53099996,0.5546333,0.5653333,0.5697667,0.5721167,0.57460004,0.5763583,0.5771,0.57785004,0.57963336,0.58149165,0.5832667,0.58470833,0.5849583,0.58474165,0.58219165,0.58085835,0.57870835,0.5715917,0.55878335,0.544675,0.5245,0.515575,0.5135583,0.51661664,0.5223667,0.53045,0.54066664,0.55049163,0.5586583,0.56462497,0.5685,0.57021666,0.57090837,0.5667,0.561525,0.55569166,0.54240835,0.5164667,0.47953334,0.44156668,0.42874166,0.42421666,0.42150834,0.4186667,0.41990831,0.42291665,0.42801666,0.43275,0.43765834,0.44117498,0.443375,0.44295,0.43969166,0.43239167,0.42081666,0.40435,0.38317502,0.35916665,0.337575,0.32465833,0.29270002,0.25026667,0.20785,0.16540833,0.12298334,0.086925,0.07879167,0.07485,0.072116666,0.072825,0.074225,0.078825004,0.086425,0.09483334,0.10376667,0.11410833,0.1246,0.13538334,0.146075,0.15644167,0.166025,0.17554165,0.18411666,0.19217502,0.199175,0.20578332,0.21150833,0.21623333,0.22044165,0.22296667,0.22410834,0.223925,0.22260833,0.21998334,0.21718334,0.21339166,0.20841666,0.20262499,0.19621666,0.18921667,0.18173333,0.17632501,0.17275,0.17145835,0.17028333,0.16273333,0.14609167,0.134275,0.122425,0.11060833,0.09878334,0.086950004,0.07514167,0.0633,0.051475,0.039633334,0.0278,0.011233334,0.018783333,0.02375,0.024441667,0.027099999,0.029283332,0.031574998,0.032883335,0.037066665,0.041025,0.04410833,0.046916667,0.050058335,0.0534,0.05755,0.061133336,0.06533333,0.06883333,0.072908334,0.076466665,0.07991666,0.08191667,0.084175,0.08599167,0.08759167,0.08948333,0.09075,0.09218333,0.09329167,0.09270833,0.091983326,0.08955833,0.086383335,0.08256667,0.07909167,0.076516666,0.07331666,0.069425,0.06705833,0.063766666,0.060041666,0.058116663,0.053541664,0.05245,0.049275,0.045675,0.04285,0.041008335,0.03574167,0.036291666,0.034316666,0.029441668,0.028966667,0.025899999,0.018041667,0.035766665,0.029150002
1478,CHC_ADFA04_20110807,0.586275,0.413725,0.0,0.0207592,0.022174645,0.02336617,0.024536235,0.02619083,0.027367325,0.028451491,0.029474605,0.030329555,0.031029766,0.032568626,0.035488985,0.041044626,0.047728084,0.05254857,0.056102935,0.05812744,0.057815652,0.057032414,0.05656033,0.057548802,0.058143303,0.058098633,0.059209574,0.059709366,0.058619726,0.05803414,0.05684548,0.058210295,0.06659407,0.087639906,0.11263463,0.13559751,0.15424706,0.16674255,0.17379084,0.177299,0.18132499,0.18422215,0.18670927,0.18937942,0.19182955,0.19381933,0.19612516,0.19892544,0.20120792,0.20352922,0.20548384,0.20730415,0.20890307,0.20894533,0.210399,0.21217465,0.21201512,0.21015444,0.21071403,0.21057056,0.21258333,0.21398528,0.21649337,0.21885125,0.22413734,0.2264781,0.22976409,0.23210095,0.2346657,0.23709112,0.23913953,0.24043055,0.2418361,0.24192436,0.24040101,0.23599203,0.234434,0.23170961,0.22497803,0.22339478,0.22305042,0.22248761,0.22207789,0.2227223,0.22547317,0.22988634,0.2349382,0.2393165,0.2428181,0.24560966,0.24794117,0.24996887,0.25045142,0.24927218,0.2466691,0.24143702,0.23379697,0.22544123,0.21336298,0.18492419,0.1605015,0.1623201,0.14638086,0.13281128,0.11989923,0.115785405,0.11272224,0.111065574,0.11271711,0.11413266,0.115375265,0.11981596,0.12550567,0.13078114,0.13593788,0.14084326,0.1454615,0.14954723,0.15327592,0.15688968,0.16020116,0.16363326,0.16707815,0.17060187,0.17421207,0.17727455,0.17986669,0.18158671,0.18205293,0.18073267,0.17974606,0.17815118,0.17516597,0.17111498,0.1670549,0.16405492,0.16271228,0.1633799,0.1624685,0.16146332,0.16126391,0.16061276,0.15961368,0.13788271,0.12450875,0.110533975,0.09988253,0.061824404,0.21215382,0.08183015,0.10682798,0.0607165,0.049795907,0.082352445,0.037344627,0.050495315,0.058337618,0.0689873,0.074253015,0.08115649,0.08598294,0.090188414,0.093071476,0.09325643,0.09784237,0.09904985,0.098678805,0.097416505,0.09626885,0.095322385,0.09503166,0.09513335,0.09536015,0.095414765,0.09614266,0.09644535,0.097131096,0.09836184,0.09948573,0.10098689,0.10225344,0.10436361,0.105969176,0.10760992,0.10815503,0.108207636,0.105454765,0.102086,0.095600456,0.09177882,0.08841913,0.08552125,0.081380285,0.07962091,0.07928421,0.07998171,0.07748981,0.076661855,0.074159704,0.07511362,0.07163089,0.07064923,0.071584836,0.068118334,0.058417514,0.05911291,0.053511415,0.050968744,0.041870277,0.043791372,0.047349766,0.07322142,0.17392725
1498,CHC_CEME02_20110807,0.492696,0.507304,0.0,0.024127005,0.02495904,0.025609763,0.027094308,0.028631194,0.030511979,0.031552833,0.032239575,0.03257717,0.03350665,0.034335624,0.036669273,0.04114831,0.047134373,0.051302817,0.05394783,0.054861028,0.053177036,0.050859723,0.050460592,0.050604045,0.05036504,0.04976739,0.05036779,0.050170045,0.048586264,0.04786745,0.04657821,0.047506984,0.055210043,0.07674249,0.105136625,0.13585183,0.16445965,0.18467109,0.1960179,0.20114367,0.2056549,0.20851856,0.21114874,0.21373707,0.2160821,0.21817556,0.2203966,0.22265132,0.22491217,0.22702189,0.22908995,0.23087865,0.23253135,0.2333807,0.23471835,0.23610097,0.23640682,0.23509143,0.23436673,0.23127991,0.23090689,0.23199348,0.2339592,0.23638678,0.24274856,0.24674416,0.25076592,0.2539108,0.25698638,0.25988188,0.26226908,0.26419786,0.26534876,0.26618877,0.26569474,0.26483467,0.26003954,0.25298935,0.24232079,0.23671657,0.23527232,0.2350729,0.23466724,0.23559102,0.2379324,0.24240884,0.24724382,0.2514562,0.25520456,0.25812873,0.26080117,0.26214272,0.26222387,0.26052114,0.25659567,0.24997368,0.2408556,0.23063853,0.22191048,0.2091177,0.17575525,0.17941941,0.14891188,0.12917812,0.112463064,0.104365155,0.100924306,0.098921254,0.098984785,0.09973427,0.10138735,0.105095945,0.1096477,0.11446579,0.119507775,0.12449595,0.12936555,0.1339245,0.13820723,0.14255485,0.14640969,0.15042628,0.15429926,0.1583871,0.16230987,0.16580261,0.16878971,0.17079267,0.17169282,0.17119938,0.17087565,0.17036925,0.1683158,0.16513683,0.1610532,0.15779616,0.15570398,0.15550804,0.15405314,0.15246242,0.15151887,0.1515827,0.15117604,0.14962485,0.14552851,0.14286225,0.13961038,0.23270442,0.14018872,0.15984723,0.14112881,0.068824895,0.075369075,0.08315138,0.052392516,0.05280273,0.059627224,0.0647705,0.07045464,0.073096655,0.076976374,0.080388166,0.082575046,0.083978094,0.08610312,0.08748139,0.087762915,0.08741179,0.086398624,0.08637019,0.08672655,0.086677365,0.08727386,0.08828809,0.08867676,0.08981467,0.091135375,0.09235919,0.093802966,0.094689526,0.096264705,0.098159604,0.099723324,0.10178736,0.10216624,0.10275887,0.101024054,0.0968745,0.091985874,0.087873325,0.08449503,0.08170748,0.07892751,0.0758286,0.075043045,0.07567676,0.07343217,0.07151918,0.06977919,0.072190695,0.06902317,0.0670273,0.06616595,0.060857575,0.060670666,0.05411082,0.055054452,0.050609812,0.04427552,0.042144492,0.041718382,0.08981995,0.1908601
1506,SSI_BAPI02_20110830,0.769901,0.230099,0.0,0.013199936,0.014145453,0.015573619,0.017621016,0.0197962,0.022032807,0.02440407,0.02585841,0.02723393,0.02859806,0.03069565,0.03566361,0.046169877,0.060368694,0.06969897,0.07480976,0.075667,0.07101498,0.06428233,0.06127815,0.06037917,0.057953786,0.05447832,0.05377167,0.051640686,0.047180798,0.044034835,0.040305566,0.040980745,0.054093655,0.09490276,0.14999026,0.2112061,0.2675972,0.30569223,0.32577604,0.33482614,0.34116143,0.34552586,0.34934506,0.3532131,0.35681513,0.36004063,0.36291903,0.3660087,0.36939114,0.37253812,0.3751625,0.37763688,0.37986696,0.3808035,0.38262612,0.38443336,0.38330337,0.3799397,0.37511662,0.36590958,0.3627555,0.3630401,0.3665967,0.3709391,0.380914,0.3895803,0.39738676,0.4034176,0.40985516,0.4143636,0.4190979,0.42116493,0.42256597,0.42111847,0.4189976,0.41440013,0.40319997,0.3821855,0.35341677,0.33858603,0.33271796,0.32831115,0.32459515,0.32495472,0.328784,0.3355979,0.3440281,0.35124752,0.35731786,0.36220026,0.36552322,0.36577442,0.36359164,0.35717672,0.34650797,0.3308807,0.31148046,0.29178017,0.276924,0.25881255,0.2334174,0.2193884,0.16704495,0.131581,0.10708298,0.095788464,0.08953846,0.08690047,0.08655989,0.086456195,0.08852943,0.09306954,0.09826445,0.10405792,0.11078308,0.11768632,0.12441578,0.13112856,0.13746803,0.14378402,0.14989772,0.15566327,0.1613652,0.166953,0.1719431,0.17641653,0.18011235,0.18341516,0.18546358,0.18549047,0.18394543,0.18066928,0.17580955,0.17023377,0.16553847,0.16143084,0.15892486,0.15789528,0.15502152,0.1513814,0.14924838,0.14872694,0.14887375,0.14434944,0.13816789,0.14122887,0.113847956,0.6592966,0.30682197,0.22007087,0.0,0.075087816,0.06583459,0.17262295,0.065030485,0.04173825,0.044293143,0.046169393,0.046661075,0.05215043,0.053602807,0.056658216,0.057913646,0.058689848,0.06284301,0.06419809,0.06359388,0.06332477,0.06329624,0.06496276,0.066546686,0.067011684,0.06925985,0.07095855,0.072215766,0.07411672,0.07622255,0.077641994,0.07929857,0.08172878,0.083025075,0.084141135,0.08610567,0.08733568,0.0877565,0.08713888,0.08423591,0.079386115,0.07510009,0.07054302,0.06762134,0.064550385,0.061678074,0.059035912,0.05751845,0.05803546,0.055399362,0.052949227,0.053177316,0.05112599,0.049272258,0.047773775,0.045577787,0.04574847,0.0407579,0.040153876,0.033801176,0.034659624,0.030113885,0.033335175,0.036740683,0.065434106,0.13797235
1514,SSI_BAPI10_20110830,0.738639,0.261361,0.0,0.009545652,0.010133887,0.011492013,0.013277819,0.01517251,0.017023738,0.018537713,0.019455472,0.020095224,0.020830998,0.022302896,0.02560415,0.032544665,0.041887958,0.048076786,0.051524144,0.05200652,0.048848104,0.044249956,0.04210838,0.04160271,0.039863903,0.03741851,0.036800582,0.035309363,0.032283314,0.029894324,0.02728538,0.02766135,0.036805816,0.06562886,0.10545662,0.15050498,0.19210741,0.2200498,0.23504822,0.241786,0.24693511,0.25052243,0.25378212,0.2569586,0.26006663,0.26287627,0.26515138,0.26772705,0.27034345,0.2728645,0.2753259,0.27745742,0.27953207,0.2809492,0.28264326,0.28424495,0.28500313,0.2819905,0.27929625,0.27317932,0.27078342,0.2712752,0.27373213,0.27780333,0.29099324,0.296477,0.30250168,0.30804047,0.31300512,0.31702322,0.32017148,0.3220196,0.3225527,0.32182693,0.32013357,0.32044926,0.3109278,0.29345444,0.27188098,0.25866425,0.2536369,0.25012335,0.24722967,0.24762386,0.2506358,0.2563841,0.26301122,0.26906487,0.274012,0.27797693,0.28051156,0.28105497,0.2792325,0.27466592,0.26659766,0.25459126,0.24014905,0.22434793,0.21410437,0.2077747,0.19462098,0.19258776,0.13138276,0.08718252,0.075824976,0.06667619,0.061708447,0.05953468,0.05875687,0.05860448,0.060577195,0.06413593,0.06818703,0.072856866,0.07812243,0.08362509,0.08927247,0.09477656,0.099985234,0.10506694,0.109925784,0.11496887,0.11958723,0.12395991,0.128139,0.13099816,0.13382441,0.13632526,0.13788506,0.1375435,0.13573042,0.13285062,0.12788299,0.123417184,0.119298585,0.11618676,0.11465127,0.11401057,0.11180857,0.108890325,0.108037345,0.10786365,0.107345276,0.108507566,0.11399167,0.11448277,0.24246012,0.0,0.0,0.3883177,0.5736186,0.12787825,0.115278244,0.25977597,0.11184446,0.053728383,0.034324177,0.028702315,0.028429512,0.029127829,0.031565852,0.033054512,0.034535207,0.037010085,0.03919004,0.04048055,0.041138392,0.04234075,0.04318441,0.044603944,0.04521668,0.04659123,0.048041455,0.04951794,0.051080063,0.052156787,0.05381627,0.05514753,0.05595537,0.05727098,0.058906827,0.05972025,0.060895823,0.062188234,0.06215421,0.061798286,0.059215236,0.056055777,0.05258185,0.04876508,0.045454804,0.04350182,0.041493617,0.039159846,0.038360316,0.040088337,0.03763703,0.03721833,0.035823766,0.03567469,0.03285972,0.03125102,0.028709618,0.031535916,0.02746981,0.02760369,0.028082382,0.024694467,0.026759105,0.0350919,0.054036777,0.12536031,0.0
1533,CHI_ADFA04_20110908,0.250202,0.749798,0.0,0.018915372,0.020177264,0.021048045,0.021928819,0.023073306,0.024415426,0.025534451,0.026856907,0.027786436,0.028636554,0.030215958,0.032734435,0.03722179,0.042698067,0.046831775,0.0499298,0.05169828,0.051761948,0.0509026,0.051732734,0.05301164,0.053906225,0.0545492,0.05619763,0.05744957,0.057324696,0.057858657,0.058138207,0.060129516,0.06835048,0.0872385,0.10870142,0.12883507,0.14480346,0.15580823,0.16280611,0.16583052,0.17170611,0.17538245,0.17869028,0.18195845,0.18489483,0.18814625,0.19085124,0.19334234,0.19596492,0.19848715,0.20085308,0.20283283,0.20471373,0.20646927,0.20817973,0.20986973,0.20983246,0.21334238,0.21320102,0.21247396,0.21188705,0.21182908,0.21328494,0.21510449,0.21774942,0.22055441,0.22342311,0.22650766,0.22950146,0.23252814,0.23466472,0.23740213,0.23962717,0.24114643,0.24183305,0.24503455,0.24213442,0.23803538,0.23218527,0.2266887,0.22422723,0.22238414,0.22173749,0.22232294,0.22497943,0.22960162,0.23523827,0.24032407,0.24440463,0.24778469,0.25102285,0.2534251,0.2551381,0.25541458,0.25410554,0.2514526,0.2462532,0.23877162,0.2327179,0.24277255,0.22596611,0.21139084,0.19716011,0.17100407,0.15211605,0.13835843,0.1297624,0.12599342,0.1246291,0.123594776,0.12620045,0.12976243,0.13303052,0.13624427,0.14035062,0.14430481,0.14784345,0.15114789,0.15412547,0.15675619,0.15939882,0.16278741,0.16591994,0.16932513,0.17272972,0.17571281,0.17789322,0.17949194,0.1795021,0.17728393,0.17491488,0.17309698,0.1697176,0.16524793,0.16073252,0.15771164,0.15659758,0.15894346,0.15849489,0.15868254,0.1603423,0.16150369,0.16391374,0.14770228,0.14398953,0.12174819,0.09052398,0.10341373,0.106347926,0.08939988,0.08731976,0.06624088,0.06098037,0.042642497,0.04669993,0.06335334,0.06713594,0.08109602,0.086703464,0.09171332,0.09655655,0.10018635,0.10188054,0.09948838,0.10408623,0.10391029,0.10123752,0.098112,0.09474276,0.092934385,0.09191833,0.09087416,0.09025399,0.08985702,0.08952318,0.090150505,0.09106962,0.09196527,0.09227322,0.09437356,0.09685462,0.09820677,0.09990876,0.10154648,0.10344814,0.10310337,0.10086205,0.096209265,0.08984438,0.0852213,0.08069538,0.07802412,0.075109854,0.07222881,0.07140306,0.07290801,0.07130579,0.06987204,0.06969473,0.06870012,0.06847933,0.06722044,0.06815369,0.0601669,0.059201602,0.050254747,0.050501857,0.04184452,0.039019823,0.03752733,0.053414598,0.09106537,0.2111792
1538,CHI_ADFA10_20110908,0.321646,0.678354,0.0,0.0172052,0.017928096,0.018320771,0.019785065,0.020805113,0.021785183,0.022910247,0.023790298,0.024431225,0.025376799,0.026430877,0.028168619,0.031334687,0.035271034,0.03814982,0.04043122,0.041870188,0.042220224,0.04200891,0.042400476,0.043518282,0.044403505,0.045012336,0.046440307,0.047459997,0.047550537,0.04815236,0.048615687,0.050309744,0.05590192,0.069727264,0.086945266,0.104856834,0.12052047,0.13152282,0.1386155,0.14205866,0.14662908,0.1499038,0.15265042,0.15551879,0.15816219,0.16067839,0.16309643,0.16559389,0.16768996,0.16995935,0.17197196,0.17403549,0.17582902,0.17733793,0.1787062,0.18037516,0.18170817,0.182247,0.18218154,0.18154973,0.18171927,0.1818663,0.18360901,0.18605073,0.19482805,0.19785385,0.20054995,0.20293222,0.20654729,0.20918876,0.21085338,0.21315524,0.21509074,0.216465,0.21749796,0.21783109,0.21563049,0.21205108,0.20604315,0.20147963,0.19979478,0.1994954,0.19879866,0.19934891,0.20202304,0.20618698,0.21058415,0.21517713,0.21879435,0.22143058,0.2239189,0.22602606,0.22718152,0.22692582,0.22567922,0.22252356,0.21752019,0.21144746,0.20634298,0.21469034,0.19404857,0.18055663,0.16749884,0.1521265,0.13834076,0.1282585,0.122987784,0.12063913,0.12050971,0.12071744,0.12258942,0.12563299,0.12880406,0.13178723,0.1354037,0.1388391,0.14189205,0.14452367,0.14729121,0.14979507,0.15225008,0.15506841,0.15745832,0.16037938,0.16368341,0.16604808,0.16833511,0.16951816,0.16988172,0.16801234,0.16631259,0.16525365,0.16225143,0.15887728,0.15587491,0.15328763,0.15302612,0.15424325,0.15400286,0.1542509,0.15546077,0.15626226,0.15766257,0.14573763,0.14081536,0.13786823,0.08479794,0.1258788,0.12245949,0.117603585,0.13428484,0.08698125,0.08302654,0.081706144,0.071983956,0.07186977,0.08200034,0.09140649,0.095656015,0.098883435,0.10504816,0.10873068,0.10961628,0.108360305,0.111199655,0.1092894,0.10799176,0.104153566,0.10125327,0.10032887,0.09850767,0.09873542,0.09808322,0.09778614,0.09878686,0.09878917,0.09968134,0.09942575,0.10104157,0.10213027,0.10402896,0.1052732,0.10735509,0.10955898,0.11028578,0.110197335,0.107272305,0.1043541,0.0981915,0.09278991,0.089106224,0.086253434,0.085490294,0.08199886,0.08344142,0.08244527,0.082452364,0.08113531,0.08036413,0.08054293,0.07980919,0.07759789,0.07477967,0.0709657,0.065111585,0.069927976,0.061648425,0.0625002,0.058325943,0.047404442,0.04627274,0.19069214,0.30597034
1543,CHI_CECU03_20110908,0.338901,0.661099,0.0,0.020141127,0.021099206,0.021742998,0.02276308,0.02443092,0.026251355,0.027355857,0.028279627,0.028730603,0.02909505,0.030158376,0.03173923,0.034802873,0.03895707,0.042103942,0.044298135,0.044984568,0.043775763,0.042100403,0.04183617,0.041731596,0.041464668,0.040853843,0.04097189,0.040636055,0.03928729,0.038604572,0.03768734,0.037887655,0.043042105,0.0589207,0.08231616,0.1102054,0.13918144,0.1621893,0.17581359,0.18098065,0.1866086,0.18942054,0.19146426,0.19352783,0.19532476,0.1970015,0.19875412,0.2007432,0.20263039,0.20427097,0.2058142,0.2070699,0.20800059,0.20773587,0.20834665,0.20911074,0.20843948,0.20723447,0.20552383,0.20220524,0.20058009,0.19955523,0.20132433,0.20318517,0.20818697,0.21143344,0.21474531,0.21793222,0.22108532,0.22392935,0.2258277,0.22825532,0.22952896,0.23001957,0.22897808,0.2280908,0.22113034,0.21449725,0.20364621,0.19606033,0.19307896,0.1913928,0.19036569,0.19062503,0.19261993,0.1971303,0.20231915,0.20695938,0.21069926,0.21343663,0.21547277,0.21703076,0.21738759,0.2154707,0.21143259,0.20512645,0.19585256,0.1851149,0.1762343,0.17844868,0.15961955,0.13226005,0.115357704,0.097132705,0.08216937,0.07408554,0.070038415,0.06841939,0.0683503,0.06829994,0.069915585,0.07263043,0.07549724,0.07837016,0.08192045,0.08508802,0.08813979,0.09107806,0.09380801,0.09649556,0.098655,0.101464525,0.10401334,0.10672997,0.109376624,0.1114942,0.11346283,0.114793174,0.1148118,0.11354559,0.11310705,0.11302531,0.11161709,0.10890868,0.1062341,0.10357977,0.10163825,0.10247009,0.10179696,0.10079584,0.10109544,0.10072245,0.10113733,0.09006463,0.08642977,0.07042297,0.091404766,0.13089858,0.13729651,0.087815136,0.09750611,0.040880304,0.0396316,0.045858424,0.038625423,0.032165505,0.028396066,0.038730897,0.040544707,0.044160947,0.047232635,0.049848955,0.050590113,0.049748454,0.051499065,0.05434791,0.05435334,0.053740136,0.053246237,0.052806027,0.052922502,0.053229522,0.05354714,0.053269275,0.053832497,0.053964425,0.05481062,0.055365536,0.055275712,0.055874817,0.05763024,0.0585135,0.05911703,0.061378285,0.06102463,0.061697595,0.060163498,0.05693835,0.054860916,0.052480515,0.049267706,0.049632095,0.047153518,0.0459126,0.043539677,0.044349823,0.04300459,0.04278564,0.040712513,0.040878974,0.039745465,0.034900077,0.034872998,0.033068042,0.029288495,0.027507717,0.024859406,0.02610352,0.0238441,0.029030519,0.040157743,0.08692289,0.1961147
1546,CHI_CECU06_20110908,0.551394,0.448606,0.0,0.024745058,0.024984121,0.025865631,0.027857067,0.029962594,0.03216242,0.03405191,0.035190992,0.036021773,0.036702354,0.038539063,0.041934703,0.04871793,0.057231504,0.06321422,0.066952735,0.06791886,0.06605239,0.062738806,0.061464917,0.061389755,0.060469445,0.05866366,0.058575008,0.0578518,0.054801006,0.052391615,0.04916056,0.04950722,0.06033476,0.08993871,0.12719376,0.16517077,0.19896589,0.22254604,0.23608227,0.24171184,0.248484,0.25224152,0.2555389,0.25869197,0.26165006,0.26410717,0.26633337,0.26894936,0.27124202,0.27334628,0.27533057,0.2771024,0.27833924,0.277996,0.27878097,0.2797785,0.27824628,0.27563247,0.27233565,0.26598236,0.2618141,0.26070955,0.26304454,0.2663936,0.2704733,0.2760564,0.2813321,0.28615034,0.29035848,0.29485017,0.2984587,0.3007922,0.30260098,0.30212122,0.30117083,0.29713884,0.28907907,0.2752082,0.25621232,0.2450734,0.24068265,0.23905359,0.23727292,0.23758888,0.24055283,0.24620654,0.2531446,0.25905263,0.2640383,0.2676749,0.27070886,0.27163374,0.2708164,0.26769522,0.2609081,0.25037134,0.23619212,0.22110297,0.20822828,0.19304092,0.17359486,0.15995543,0.12797645,0.1063523,0.08902224,0.08157321,0.078278795,0.076478206,0.076624505,0.0769446,0.078480124,0.08154687,0.085191354,0.088860996,0.09279478,0.09677558,0.10042765,0.10383596,0.10728391,0.1103126,0.11333503,0.11652419,0.11968248,0.12250973,0.125691,0.12827781,0.1304972,0.13207218,0.13240708,0.1310603,0.13043144,0.13055041,0.1291547,0.12675758,0.12346459,0.12027276,0.11781492,0.11791162,0.11690084,0.11533152,0.114930145,0.11480221,0.11452767,0.11187576,0.10769116,0.106603466,0.15192927,0.55661565,0.36751622,0.5060262,0.15140371,0.0880429,0.085952595,0.16082415,0.06983448,0.05262085,0.053135294,0.05158704,0.053706896,0.056577485,0.05796286,0.059509452,0.060892466,0.06251162,0.065484144,0.06500929,0.06543791,0.0645211,0.06445374,0.06375971,0.06470379,0.06395086,0.06433312,0.064138114,0.06529684,0.06501972,0.06578311,0.06629513,0.06713564,0.06854948,0.07012639,0.07055031,0.072553225,0.07228469,0.07453517,0.07568474,0.07379807,0.071398474,0.068848945,0.065699816,0.063816205,0.062134393,0.060059723,0.057720866,0.0556759,0.05665356,0.05513796,0.054469272,0.051359735,0.054577954,0.05635455,0.051148776,0.052965827,0.04821705,0.04703484,0.043696206,0.044439413,0.04328858,0.040502403,0.039733026,0.060291328,0.14035493,0.45695645
1548,CHI_CECU08_20110908,0.605977,0.394023,0.0,0.0272151,0.027272852,0.027916722,0.029484527,0.0319685,0.03395732,0.0358155,0.036826286,0.03761655,0.038491726,0.03993845,0.042949073,0.049000654,0.056762498,0.06200362,0.0652771,0.06605716,0.06388195,0.060965147,0.05955009,0.059892945,0.059132148,0.057567295,0.057689372,0.057358745,0.055224296,0.053158395,0.050565783,0.051032823,0.05981735,0.08518316,0.11896763,0.15714686,0.19349678,0.21975051,0.23479457,0.24019165,0.24723782,0.2509269,0.2540311,0.25702628,0.25972274,0.26218587,0.2644056,0.26658815,0.26901025,0.27118048,0.27307785,0.27500343,0.27652645,0.2771262,0.27764538,0.27822208,0.27895704,0.27577642,0.27242407,0.2648781,0.26023883,0.25978062,0.2615009,0.2654279,0.2721422,0.2785124,0.28454158,0.28881142,0.29377276,0.29793975,0.30068696,0.30331153,0.30487505,0.30496255,0.30382338,0.30118597,0.29339644,0.27973595,0.25969705,0.24736032,0.24238907,0.24003585,0.23863083,0.23864833,0.24113493,0.24660924,0.2528861,0.25877848,0.2632316,0.26649052,0.26927635,0.2702585,0.2691237,0.26563558,0.25872716,0.24843624,0.2348793,0.22049691,0.21092835,0.20834532,0.20255366,0.17613773,0.14384928,0.11298314,0.09669972,0.087934,0.08285018,0.08118963,0.08084861,0.080847874,0.082411274,0.08506346,0.08834759,0.091413096,0.09500481,0.09883756,0.10262763,0.106235154,0.10964287,0.112922505,0.11615346,0.11943413,0.12238399,0.12562452,0.12871705,0.131089,0.1333629,0.13492079,0.13526641,0.1342735,0.13381974,0.13364786,0.13225977,0.13036925,0.12739763,0.12396963,0.121968634,0.12185347,0.12063618,0.11912022,0.11875401,0.11851451,0.11912883,0.11545909,0.107815854,0.0961483,0.14848723,0.09765751,0.1525947,0.19671266,0.21071388,0.07593044,0.07596359,0.09752948,0.049954914,0.05142672,0.04999777,0.056026578,0.05555661,0.060050264,0.06261232,0.06526401,0.0650376,0.066276915,0.06744989,0.06981381,0.06896375,0.068370886,0.06770612,0.06769146,0.06804412,0.06746509,0.068100624,0.06855394,0.06889959,0.06931252,0.0698929,0.07059072,0.071825765,0.07241463,0.07373794,0.0742723,0.07607696,0.07715823,0.07794469,0.078021415,0.0774099,0.073409066,0.07124999,0.067901485,0.06612077,0.064191274,0.062057648,0.06056218,0.060193524,0.059991248,0.057816964,0.0583644,0.0548009,0.054297194,0.05354847,0.05077683,0.050303046,0.046241067,0.038941637,0.039530493,0.03961832,0.031780675,0.031765953,0.02964158,0.048453666,0.08126456,0.2764875
1553,CHC_ADFA02_20110909,0.391114,0.608886,0.0,0.01782121,0.01776129,0.018388268,0.019800926,0.020753207,0.021309009,0.021963673,0.022912389,0.023593359,0.023788596,0.024532937,0.026012536,0.028953377,0.03249397,0.03500611,0.036867235,0.037938125,0.037845477,0.036854867,0.037419446,0.038278483,0.038830232,0.039326433,0.040392384,0.04115557,0.04137268,0.04202463,0.042381283,0.04395742,0.048991058,0.062208667,0.07927155,0.097255185,0.11287599,0.12366047,0.13033207,0.1341741,0.13813815,0.141154,0.14392506,0.14670737,0.14907733,0.15163927,0.1540507,0.15620384,0.15824483,0.16042574,0.16229415,0.16414677,0.16589549,0.16747431,0.16905361,0.1707551,0.17032285,0.17369093,0.17273372,0.1718535,0.17161699,0.17158578,0.17248426,0.17453347,0.17812647,0.18135668,0.1839305,0.18705021,0.18939869,0.19156925,0.19315659,0.19556446,0.19739737,0.19858392,0.20038907,0.20164804,0.1986688,0.19369744,0.18704294,0.18178098,0.18000378,0.17944752,0.17870468,0.17898819,0.18082552,0.18455566,0.18885387,0.19274281,0.19613019,0.1988066,0.20097081,0.20261054,0.2037923,0.20389779,0.20235173,0.19916385,0.19439504,0.18832326,0.18956187,0.21008189,0.21739946,0.21456248,0.14534496,0.11293609,0.10728637,0.09763098,0.09299099,0.09059191,0.088785835,0.089292094,0.09108043,0.09353304,0.0964203,0.099548385,0.10304786,0.10672143,0.11001032,0.11303074,0.115878515,0.11846981,0.12116186,0.12367968,0.12669088,0.12982635,0.13292363,0.13521086,0.13723275,0.13858558,0.13904066,0.13741027,0.13568543,0.13401596,0.13145311,0.12746124,0.12414549,0.12120019,0.12034177,0.12173655,0.121271305,0.12112748,0.12226108,0.123419784,0.124192886,0.11260808,0.10957361,0.11004494,0.5157082,0.6184311,0.747359,0.18983746,0.90497273,0.3967837,0.19176298,0.17853098,0.0,0.06218001,0.05433709,0.051704533,0.05663726,0.06120782,0.065284505,0.0686253,0.07082848,0.07214219,0.07135472,0.07213967,0.07169934,0.06987073,0.067762606,0.066181146,0.06648592,0.06565238,0.06533236,0.06574341,0.06645112,0.065995775,0.06707969,0.067057736,0.06799715,0.069926575,0.07164469,0.07222225,0.07368648,0.07397149,0.074842714,0.07665397,0.07371061,0.06961356,0.06557136,0.061301466,0.057589296,0.055392154,0.053433355,0.052556418,0.052113675,0.05353929,0.05238197,0.050458327,0.050462946,0.049709354,0.046967443,0.04602552,0.04074459,0.04311568,0.040331014,0.03649864,0.03368729,0.035460673,0.02897797,0.032237634,0.06027963,0.37776694,0.0
1562,CHC_ADFA11_20110909,0.34356,0.65644,0.0,0.017930528,0.018759428,0.020033756,0.020895457,0.022460103,0.02363782,0.024771402,0.025813688,0.026781205,0.02744508,0.028723948,0.031251624,0.035579987,0.040592477,0.04437024,0.047003288,0.04831734,0.047809426,0.046620574,0.04641697,0.047259577,0.047579776,0.04754487,0.04854896,0.049023576,0.048334565,0.04803318,0.04746863,0.04873796,0.055696044,0.073347576,0.09511525,0.11611353,0.13322113,0.14431857,0.15097553,0.1546708,0.15866505,0.16156135,0.16438383,0.16701075,0.1695355,0.1719247,0.17432554,0.17667553,0.17889221,0.18095937,0.18287535,0.18485622,0.18629937,0.18761073,0.18892163,0.19064827,0.18992637,0.19119711,0.190967,0.19081661,0.19107968,0.19159777,0.19328165,0.19520137,0.20148012,0.20507647,0.20726572,0.20983997,0.21250547,0.21485192,0.2175201,0.21960373,0.22114445,0.22237588,0.22169608,0.2221921,0.22047548,0.21735044,0.21150269,0.2075772,0.20586224,0.20517176,0.20473875,0.20542409,0.2080191,0.2120367,0.2173694,0.22142553,0.2250034,0.22823045,0.2309478,0.2330307,0.23414892,0.23422709,0.2326485,0.22923079,0.22353941,0.21624623,0.2090186,0.18763776,0.24053757,0.15822735,0.16367766,0.13675137,0.12301859,0.118795045,0.11400882,0.1118305,0.111917846,0.11250814,0.114609085,0.118231095,0.12296077,0.12687428,0.13144289,0.13553728,0.1395022,0.14308724,0.14645599,0.14957716,0.15205668,0.155231,0.15825163,0.16134113,0.16476952,0.16739231,0.1696749,0.17117138,0.17140445,0.16985475,0.16789249,0.16621014,0.16337818,0.15959838,0.15560164,0.15243782,0.1516777,0.15292783,0.15234531,0.15204407,0.15303601,0.1536707,0.15430854,0.14280719,0.12812959,0.14974989,0.47948354,0.0,0.7565451,0.0,0.3455663,0.21412614,0.29988396,0.6747135,0.23434146,0.06291114,0.062911846,0.06868955,0.078277715,0.087469205,0.09283928,0.096932344,0.09841825,0.101156525,0.10076407,0.10349808,0.10284937,0.10096429,0.097801134,0.09751759,0.09718602,0.097236894,0.096905746,0.09653132,0.09699802,0.097910576,0.09755266,0.09890113,0.10025566,0.101557955,0.10410215,0.10534153,0.107947,0.10970891,0.11115686,0.111366175,0.10881116,0.103700206,0.09721229,0.09210212,0.088118486,0.08604411,0.08201048,0.07899224,0.07878126,0.08014924,0.07855843,0.07664481,0.07738356,0.0763031,0.07464437,0.07245501,0.07246423,0.06585603,0.059120066,0.0593208,0.0637984,0.057363264,0.036089443,0.04588174,0.055889226,0.18272409,0.0
1563,CHC_ADFA12_20110909,0.45213,0.54787,0.0,0.025429428,0.026945883,0.028292878,0.029430518,0.030806268,0.031851392,0.0330429,0.034138236,0.035027917,0.03574623,0.037206788,0.03973992,0.044049405,0.04904251,0.052865695,0.05561531,0.057130374,0.056884233,0.05596564,0.055893876,0.05675788,0.0573098,0.057405163,0.058558743,0.059139278,0.05843451,0.058339167,0.05788398,0.059273805,0.06641376,0.08511584,0.10873067,0.13162926,0.15026197,0.16256014,0.16998316,0.1736041,0.17858118,0.18181683,0.18492346,0.18790562,0.19081774,0.19353268,0.19623908,0.19892114,0.20153789,0.20397289,0.20620298,0.20862259,0.21051975,0.21217443,0.21396539,0.21585026,0.21688622,0.21685606,0.21722819,0.2174446,0.2176408,0.21887745,0.22110432,0.22367828,0.22713073,0.23073746,0.23345762,0.23605767,0.23903416,0.24161117,0.24437122,0.24634688,0.24814437,0.24973968,0.24981247,0.25066617,0.24815601,0.24552758,0.2379253,0.23394927,0.23276806,0.23233525,0.23177122,0.23259073,0.23514599,0.23932391,0.24471493,0.24910752,0.25298792,0.25623164,0.25872606,0.26085728,0.2618451,0.26201022,0.26034978,0.25685856,0.25126725,0.24426104,0.23899148,0.23294777,0.31324846,0.21330233,0.19138393,0.15668334,0.14865503,0.14388154,0.13813858,0.13565269,0.13554524,0.136764,0.13919355,0.14283676,0.14722742,0.15155824,0.15631385,0.16078669,0.16489932,0.16881633,0.17216378,0.17551981,0.17844366,0.1817221,0.18503888,0.18844077,0.19214179,0.1950386,0.19750875,0.19899419,0.19928943,0.19781348,0.19582348,0.19392353,0.19079319,0.18690468,0.18277399,0.17938235,0.17819037,0.17969874,0.17924093,0.17904423,0.18042596,0.18091537,0.18164247,0.17492676,0.15252687,0.18572487,0.65178955,0.0,0.805525,0.0,0.37094548,0.25885516,0.3412663,0.5669087,0.22613153,0.0704741,0.090889886,0.092938915,0.10019573,0.11327343,0.11842965,0.12221614,0.12389098,0.12747298,0.12604997,0.12863494,0.12631518,0.12436097,0.12195713,0.1195684,0.11843235,0.11906691,0.11804097,0.11856612,0.11872754,0.119292036,0.119935766,0.120914765,0.12249924,0.12366554,0.12656523,0.1277401,0.12999117,0.13236175,0.1336587,0.13179123,0.13033897,0.12495502,0.11816894,0.11152393,0.10837471,0.10454165,0.102976464,0.09941991,0.097863875,0.09978072,0.09818163,0.09655814,0.09656455,0.09535122,0.095306195,0.089597434,0.09351678,0.084354475,0.074577525,0.072963096,0.07304482,0.06558302,0.056238893,0.057087675,0.08162708,0.1749037,0.0
1567,CHC_ARGL02_20110909,0.318824,0.681176,0.0,0.026674308,0.02871093,0.027791578,0.02904576,0.031239752,0.03427783,0.037279613,0.038954027,0.039528295,0.0402501,0.04119108,0.04351383,0.047858857,0.052877743,0.057439312,0.061709143,0.06412035,0.064313844,0.06360991,0.063815095,0.064971305,0.06545504,0.06516298,0.06600357,0.06601556,0.06376449,0.06194759,0.058645025,0.05918132,0.0711453,0.10060954,0.13386787,0.16116385,0.18195781,0.19590391,0.20434389,0.20843911,0.2148297,0.21876234,0.22232029,0.22565451,0.22859715,0.23124638,0.2337596,0.2366051,0.23914915,0.2413896,0.24359268,0.24532455,0.2465364,0.24656776,0.24733706,0.24864317,0.24740833,0.24571465,0.24390261,0.24032192,0.2395392,0.23909219,0.24041732,0.2430106,0.2506903,0.25537232,0.25915068,0.2634993,0.26620373,0.26864928,0.2701735,0.27244422,0.2738301,0.2734141,0.27175915,0.26731947,0.26241407,0.25472754,0.24293661,0.23607199,0.23342475,0.23166806,0.23029153,0.22975312,0.23156023,0.2364719,0.24225047,0.2468807,0.2506908,0.2533459,0.25552112,0.25694355,0.25717765,0.2556742,0.2513647,0.24521096,0.23532781,0.22429968,0.2134492,0.20884503,0.28072467,0.18837236,0.15529995,0.12034232,0.11827877,0.105515696,0.10109467,0.099426135,0.099171974,0.0988342,0.10093989,0.10511282,0.109670654,0.11341075,0.11755778,0.12166221,0.1251888,0.12834403,0.13134602,0.1341712,0.13635032,0.1391737,0.14226134,0.14461385,0.14793476,0.15073958,0.15238212,0.15325443,0.15287204,0.15107708,0.15078887,0.15024099,0.14789739,0.14409955,0.1404504,0.13696893,0.13562416,0.13692859,0.13587752,0.13480213,0.13532059,0.1355939,0.13416576,0.11248119,0.09429491,0.08191889,0.4174663,0.0,0.0,0.0,0.0,0.0,0.21100529,0.30695778,0.32689413,0.04873451,0.044365652,0.05226992,0.05325513,0.07143381,0.07492163,0.07762652,0.07909953,0.0782585,0.08029086,0.08388085,0.08260394,0.079792194,0.07851246,0.07737701,0.07763128,0.07701608,0.07595121,0.076199315,0.075943135,0.07625524,0.077605836,0.07811365,0.07886301,0.08012226,0.0814013,0.08317302,0.084280565,0.08555505,0.08697934,0.087571934,0.086143084,0.08318188,0.07909537,0.07551937,0.07092115,0.070444874,0.06615652,0.0647164,0.06349619,0.06447633,0.06295207,0.061397906,0.060399793,0.060284536,0.057306185,0.052564487,0.053662624,0.052121617,0.043345526,0.038122613,0.043651823,0.031855844,0.03856717,0.038328465,0.05464135,0.26094443,0.0
1569,CHC_ARGL05_20110909,0.499187,0.500813,0.0,0.017885366,0.01704613,0.017230095,0.019450868,0.021461843,0.024939625,0.028505392,0.029796014,0.030651156,0.03163845,0.032832444,0.035452664,0.040387377,0.04638678,0.051777467,0.05667345,0.059127443,0.05888958,0.057836436,0.05724155,0.058164183,0.058632802,0.057817068,0.058397654,0.05818395,0.055482727,0.053420525,0.050511714,0.05091195,0.06274782,0.09333198,0.13259166,0.17134684,0.20436344,0.22692935,0.24030615,0.2447639,0.2550226,0.26035008,0.2647624,0.2691321,0.27301598,0.27661896,0.28023556,0.28390884,0.2873701,0.29052722,0.29348698,0.29595512,0.29770172,0.29728794,0.29841346,0.2995024,0.29764536,0.29458162,0.29128647,0.28373557,0.28139594,0.28006113,0.28172225,0.28589776,0.29226953,0.29946262,0.30544966,0.3105962,0.31545225,0.31967735,0.3227995,0.32559127,0.32630953,0.32569376,0.3229106,0.31576374,0.30475667,0.29155433,0.27023557,0.25770825,0.25201055,0.2484534,0.24544393,0.24408416,0.24679996,0.25302735,0.26073122,0.26693502,0.2719052,0.2752805,0.2780421,0.27913257,0.27823335,0.27486798,0.26827818,0.25769496,0.24356718,0.22813705,0.21453176,0.19840215,0.22291562,0.15726855,0.14143132,0.11008276,0.097495005,0.089614786,0.08423163,0.08214788,0.08195744,0.08196128,0.08346154,0.08688094,0.09062775,0.09410588,0.09803089,0.1015632,0.104734644,0.10780177,0.11061624,0.11291699,0.1154284,0.11823171,0.12076469,0.12326442,0.12623,0.12830728,0.13033344,0.1308621,0.13012913,0.12842205,0.1285605,0.12820908,0.12598103,0.122448325,0.118938975,0.11599965,0.11450898,0.11557855,0.11452833,0.11334955,0.113745816,0.11413369,0.11405186,0.08679937,0.05625804,0.079560764,0.25617635,0.0,0.0,0.0,0.0,0.17210747,0.25945482,0.50034505,0.0,0.050254565,0.036013104,0.040381882,0.048182245,0.055774983,0.059741165,0.062576264,0.06417438,0.06383081,0.06527383,0.06641931,0.06581224,0.06410606,0.061892945,0.06084628,0.060378026,0.060310077,0.0593949,0.059562158,0.059450004,0.059233524,0.059210222,0.061241575,0.06132771,0.06290112,0.06342652,0.06404396,0.066225745,0.06778312,0.068102255,0.069445096,0.06717371,0.065205246,0.06108854,0.057972874,0.057116106,0.053022813,0.051395815,0.048731454,0.049006667,0.047540523,0.04781817,0.046163235,0.04483277,0.04438227,0.041135166,0.041717254,0.035960443,0.03428269,0.034043122,0.030131288,0.025785824,0.024349233,0.026645085,0.03202168,0.03866625,0.3732432,0.33215782
1577,CHC_CEME04_20110909,0.724264,0.275736,0.0,0.021318806,0.022133028,0.023107588,0.02472269,0.026986817,0.029113967,0.030061992,0.031019727,0.031959996,0.032368023,0.03395411,0.036407325,0.04128735,0.048652887,0.053946096,0.05765552,0.058919184,0.05657961,0.05333028,0.05249908,0.05227352,0.051938955,0.05128568,0.0519257,0.051600304,0.050213855,0.049945902,0.049260423,0.050528996,0.057983343,0.08380175,0.12187767,0.16207704,0.1972001,0.22030081,0.23323606,0.23972589,0.24407539,0.24718462,0.24993517,0.2524599,0.25464764,0.2572473,0.2594085,0.2616032,0.26388156,0.2660696,0.26799786,0.26958865,0.27096158,0.27147254,0.27226937,0.27418533,0.27114546,0.27384916,0.27135983,0.26834628,0.26681873,0.26657888,0.26689252,0.26865062,0.27201664,0.2748483,0.27897993,0.28202388,0.28477058,0.2878001,0.28959483,0.2917008,0.29390633,0.29553267,0.29506606,0.29375082,0.2884702,0.28279728,0.27337742,0.26630208,0.26271456,0.2618257,0.26078984,0.26082832,0.26341218,0.26832065,0.27349073,0.2783268,0.2817751,0.28492233,0.28708497,0.28848508,0.28885365,0.2876814,0.28410864,0.27814218,0.26877657,0.2580199,0.2499747,0.2818367,0.21440287,0.2478407,0.17040978,0.14633803,0.13036047,0.115098186,0.10999498,0.10741537,0.10658213,0.10823961,0.11039017,0.11479411,0.119631745,0.124456815,0.12929797,0.13423504,0.1388843,0.14288343,0.14701264,0.15048608,0.15392523,0.15721557,0.16091417,0.16445589,0.16805643,0.17087732,0.17335314,0.17443295,0.17433724,0.17157277,0.17065579,0.1708217,0.16923663,0.16634172,0.16246141,0.15899919,0.1570013,0.15737952,0.15642674,0.15555076,0.15620674,0.15615226,0.15584065,0.14949353,0.13927834,0.1046907,0.29112804,0.0,0.4990134,0.40679783,0.18609013,0.51286715,0.8495362,0.0,0.25497958,0.07377086,0.068227105,0.07562554,0.07928559,0.08538931,0.09065674,0.09468279,0.09679064,0.0958042,0.09764496,0.09708845,0.09641059,0.09428664,0.09301792,0.09202087,0.09137858,0.09096925,0.09051838,0.090443455,0.08983748,0.0901869,0.09058992,0.09120292,0.09238903,0.09269996,0.094423756,0.096649446,0.09793712,0.09930161,0.10093667,0.101075284,0.10024853,0.09602364,0.09074815,0.087489106,0.08541802,0.08205285,0.08019248,0.07654224,0.07655773,0.07600597,0.07478144,0.0726231,0.072708696,0.073008604,0.06705663,0.067823306,0.067700736,0.0665984,0.053463764,0.055629246,0.051073153,0.04744385,0.048085403,0.041742206,0.07615151,0.1490337,0.28410503
1578,CHC_CEME06_20110909,0.593701,0.406299,0.0,0.02086859,0.022688564,0.022583272,0.024284983,0.025956484,0.027399901,0.028648984,0.029715864,0.030155817,0.03098491,0.03196373,0.033601712,0.037029706,0.041352537,0.04491419,0.04762765,0.048795227,0.04792501,0.04659446,0.04652347,0.047095243,0.04735626,0.047343213,0.04808301,0.048347093,0.047565173,0.04741652,0.046849854,0.04798992,0.054520767,0.07426633,0.10137572,0.12968937,0.15552603,0.17398646,0.18472496,0.18971732,0.19477962,0.19777401,0.20045835,0.20281713,0.20500562,0.20703776,0.2090617,0.21115516,0.2132018,0.21493289,0.21665102,0.2182072,0.2192763,0.21982533,0.2205673,0.22154245,0.22203565,0.22060186,0.21999732,0.21729635,0.21589278,0.21562856,0.21644884,0.21859685,0.22758558,0.23145218,0.2347255,0.23836075,0.24066952,0.24268459,0.24420993,0.24640638,0.2478114,0.24835776,0.2475585,0.24565047,0.2432531,0.23658061,0.22682711,0.21979176,0.21719237,0.21604373,0.21478884,0.21472932,0.2164469,0.22074679,0.22539724,0.22927317,0.23262915,0.23503132,0.23713474,0.23839699,0.23903084,0.23826347,0.23489806,0.22994137,0.22161408,0.21223965,0.20529161,0.21642889,0.25733498,0.20018521,0.15808137,0.12006171,0.1118493,0.10131861,0.096480675,0.09340113,0.093295604,0.09316767,0.0944688,0.09795384,0.10106419,0.104194455,0.10771103,0.11123767,0.1142756,0.117024206,0.119666584,0.12223616,0.12421866,0.12650417,0.12952183,0.13180906,0.13456787,0.13724174,0.13889815,0.13992201,0.13969514,0.1380499,0.13730268,0.13689613,0.13576868,0.13337387,0.1305627,0.12778333,0.12623963,0.12703393,0.12647492,0.12612838,0.12637345,0.12709655,0.12627438,0.11319852,0.08934952,0.08765629,0.5042922,0.0,0.0,0.0,0.0,0.0,0.22405693,0.33377567,0.33225155,0.09277634,0.064355835,0.052730594,0.056350056,0.06907858,0.071028695,0.07394201,0.07595075,0.076424696,0.07710889,0.07830224,0.077302426,0.075547315,0.07386053,0.0729561,0.073003404,0.072530985,0.07199003,0.071081705,0.07142736,0.07195686,0.072907165,0.07272834,0.074113846,0.07518203,0.076421484,0.077647775,0.07913308,0.0795732,0.08153687,0.08080021,0.080110915,0.077342495,0.07371806,0.07028973,0.06767664,0.0665922,0.06470142,0.06282798,0.060031608,0.063092716,0.06036807,0.060573354,0.058639597,0.05968931,0.055266153,0.05117309,0.05225219,0.053689722,0.04129394,0.044005528,0.036044676,0.039393973,0.0383682,0.047772836,0.051152468,0.31604156,0.0
1580,CHC_CEME08_20110909,0.77303,0.22697,0.0,0.02068183,0.021610523,0.022680398,0.023470934,0.02528572,0.026853617,0.028006252,0.028623661,0.029226594,0.029478477,0.030486124,0.03300997,0.03792372,0.044687994,0.049700927,0.052874472,0.053617682,0.051062368,0.047855053,0.0463178,0.046160374,0.045325477,0.044027615,0.04401181,0.043399993,0.041307,0.040122304,0.038771678,0.039372962,0.046672855,0.07305362,0.112185985,0.15321808,0.18921648,0.21394101,0.22758265,0.23091123,0.23879455,0.2418911,0.2443936,0.24683993,0.24918784,0.2511885,0.2534068,0.255974,0.25835195,0.2603464,0.2621093,0.26411185,0.26540193,0.26553237,0.26674414,0.2679192,0.2677126,0.26546165,0.26368162,0.26106742,0.25938803,0.25952464,0.26184002,0.2653424,0.26539555,0.26986867,0.2730324,0.27591628,0.27903655,0.28161165,0.28437206,0.28596804,0.2867944,0.28682455,0.28516278,0.28351548,0.27668476,0.26937768,0.25534424,0.24657267,0.24340926,0.24163409,0.2399209,0.23988877,0.24198827,0.2464754,0.25220078,0.25666118,0.26034197,0.26319304,0.26483253,0.26592496,0.26530385,0.2629325,0.25773433,0.2500324,0.2394928,0.2274501,0.21963044,0.2186423,0.28266427,0.15888579,0.16033036,0.108029224,0.09241392,0.08568058,0.082288936,0.080671705,0.08064423,0.08131818,0.08328077,0.08636233,0.09052115,0.094516054,0.09896386,0.10344359,0.10758276,0.11154938,0.11526011,0.11883013,0.12205246,0.1257103,0.12899879,0.13206169,0.13562188,0.13855587,0.14107847,0.14274432,0.14282848,0.14139105,0.14067347,0.1407828,0.13946345,0.13719606,0.13362767,0.13033484,0.12810384,0.12800409,0.12670521,0.12544921,0.12532218,0.12520006,0.12503971,0.10621904,0.09840766,0.111503154,0.5329258,0.0,0.78179294,0.0,0.3381087,0.19008048,0.38521767,0.73136395,0.2643717,0.0491161,0.0433395,0.03705236,0.04109671,0.050322775,0.054858316,0.057797447,0.059096295,0.060245406,0.061001856,0.062654614,0.062460717,0.06289081,0.061748188,0.061548945,0.0615322,0.061676938,0.061952274,0.06178661,0.061897513,0.06282798,0.063479215,0.063745156,0.065646075,0.065667,0.068222895,0.06905885,0.07025004,0.07229706,0.072320186,0.073047705,0.0710434,0.07000661,0.067061596,0.06204421,0.060376946,0.057348453,0.057023365,0.055729747,0.05381758,0.053693105,0.053789377,0.052623913,0.05161063,0.04875599,0.047392722,0.044616103,0.046416402,0.040147133,0.04054617,0.030198732,0.030625613,0.027649453,0.026418703,0.03940848,0.059369277,0.15333714,0.0
1581,CHC_CEME09_20110909,0.475589,0.524411,0.0,0.025354961,0.026573809,0.026680322,0.027452456,0.02868291,0.029967118,0.03054134,0.031047618,0.031435933,0.031800147,0.032596186,0.034168664,0.037110094,0.040695872,0.043517724,0.045572694,0.046574578,0.04624521,0.04580675,0.04535844,0.04621129,0.046469353,0.04647445,0.047016963,0.047158066,0.04628511,0.04610274,0.04539342,0.046218418,0.051448695,0.06676744,0.08727295,0.10823255,0.12684153,0.14029156,0.14813891,0.1501305,0.15535702,0.15778558,0.1597355,0.1618481,0.16381012,0.16551813,0.16723436,0.16930503,0.17108494,0.17282416,0.17455314,0.17622755,0.17758249,0.17832714,0.17964779,0.1805016,0.18256782,0.17986758,0.18099621,0.17983992,0.17960452,0.1803854,0.18220921,0.18491575,0.186805,0.18934387,0.19208962,0.19478235,0.19742708,0.1996371,0.20155858,0.20293614,0.20457849,0.20484796,0.20531604,0.20463613,0.20369814,0.19850267,0.19248194,0.18835898,0.18650058,0.1855516,0.18502103,0.18583281,0.1875527,0.1908119,0.19495526,0.19817467,0.2009371,0.20336457,0.2052453,0.20654802,0.20697998,0.20659333,0.20480531,0.20123847,0.19593267,0.19035737,0.18499514,0.18695717,0.18139483,0.17709066,0.17143828,0.12666887,0.11918709,0.113312654,0.109054476,0.10632305,0.106830426,0.10618152,0.107873276,0.11055104,0.11333754,0.115648136,0.11882887,0.121773705,0.12473693,0.12763079,0.13004525,0.13249859,0.13481969,0.13724852,0.13927616,0.14184567,0.14482284,0.14668268,0.14873298,0.14987488,0.14995208,0.14907672,0.14822592,0.14761358,0.14614002,0.14396416,0.14138116,0.13882555,0.13763338,0.13845418,0.13795964,0.13750176,0.1386106,0.13893205,0.14035556,0.12833147,0.13205619,0.119807824,0.32019958,0.0,0.38468233,0.5219702,0.20671263,0.15657371,0.123852745,0.24471107,0.15490016,0.08836457,0.07163896,0.07465965,0.084156506,0.09151092,0.09395114,0.09583597,0.09559972,0.09784239,0.10007206,0.10168858,0.099109136,0.09641527,0.09481196,0.09409659,0.09325659,0.092294715,0.0929488,0.09219075,0.09261064,0.09314593,0.09391346,0.09426699,0.094977155,0.09590662,0.09727519,0.097926356,0.10045112,0.10188642,0.102975324,0.10194493,0.10026517,0.09852599,0.09416088,0.09002734,0.08615665,0.08543706,0.0825287,0.0810862,0.07987605,0.08141349,0.07977179,0.07922386,0.07866956,0.07827744,0.07569506,0.07539995,0.073480844,0.070824385,0.06398655,0.06308043,0.059161384,0.053305093,0.045530472,0.053446826,0.061430413,0.10933935,0.20591862
1599,SSC_BAPI03_20110930,0.396845,0.603155,0.0,0.013896022,0.014178979,0.017040977,0.020028362,0.02285416,0.025354978,0.027236808,0.028700592,0.030464355,0.03235757,0.03429199,0.037502576,0.042487536,0.04843305,0.052657,0.05561573,0.057342567,0.057334345,0.057008743,0.056593873,0.057638366,0.058445167,0.058396086,0.05914332,0.059487216,0.05880665,0.05825279,0.057285804,0.058258317,0.06531601,0.08219797,0.10134576,0.11955142,0.13565843,0.14711644,0.15415056,0.15733843,0.16269317,0.16644235,0.16975103,0.17331482,0.17671493,0.1794425,0.18254028,0.18653671,0.18974741,0.19278818,0.19603205,0.19884177,0.20207971,0.20324118,0.20637983,0.20993403,0.21126935,0.20932592,0.21144642,0.21149357,0.21395245,0.21638282,0.21958071,0.22342393,0.23137528,0.2352732,0.23990819,0.24343361,0.24756333,0.2500432,0.2532345,0.25611958,0.25798315,0.25877613,0.25834626,0.2571193,0.2522848,0.24731389,0.23775816,0.23482056,0.23406562,0.23385449,0.23338796,0.2355101,0.23877898,0.24431923,0.2508597,0.25639307,0.2611277,0.26505193,0.2679648,0.27100524,0.27187097,0.27058774,0.2669495,0.26045614,0.25195953,0.24302429,0.23591962,0.2040212,0.3077715,0.19250329,0.27265942,0.14707352,0.13086934,0.124037996,0.12441353,0.121911034,0.12260669,0.12351276,0.12547201,0.13004121,0.13529427,0.14012632,0.14607194,0.15188175,0.15745637,0.1628266,0.16788521,0.17311642,0.17770977,0.18236262,0.18725833,0.19208466,0.19680719,0.20043442,0.20391661,0.20689052,0.20853783,0.20849587,0.20682977,0.20389318,0.1988313,0.19463758,0.1902805,0.18713003,0.18639752,0.18759224,0.18665959,0.18397981,0.18433002,0.18424988,0.18403575,0.18393786,0.174906,0.18074316,0.0,0.0,0.0,0.42060238,0.33820617,0.0,0.33510622,0.67735976,0.70936304,0.15757073,0.08185596,0.08162348,0.08417619,0.09667697,0.09974014,0.104043834,0.10694892,0.11040704,0.11333927,0.114187516,0.11505489,0.11479032,0.113757566,0.11345604,0.11389818,0.11425145,0.11482079,0.11557592,0.11734403,0.118369706,0.119267225,0.1202236,0.12134949,0.12336744,0.12532274,0.1278744,0.12973821,0.13044228,0.13144717,0.13021351,0.12620342,0.11983748,0.11364349,0.10788159,0.10229468,0.10119214,0.09688797,0.093131036,0.09166921,0.094078414,0.09177882,0.09075489,0.08989121,0.091117464,0.08603672,0.08622408,0.086527415,0.088582344,0.07420172,0.07661204,0.06305505,0.061235443,0.051414747,0.07446937,0.09344452,0.4057264,0.9499392
1612,CHC_ADFA05_20111006,0.45588,0.54412,0.0,0.010021468,0.010196216,0.010517162,0.011239136,0.012023564,0.01295237,0.013603032,0.014026415,0.01485126,0.015415321,0.016240595,0.018045701,0.02215933,0.027507072,0.03138993,0.034486152,0.035979997,0.035252053,0.034253456,0.033193577,0.034010574,0.034547675,0.034506243,0.03578991,0.03659903,0.03615007,0.036371388,0.03623612,0.038129315,0.045932293,0.067240044,0.0934678,0.120302714,0.1432499,0.15863921,0.1677962,0.17292476,0.17801611,0.18214178,0.18587503,0.18944673,0.19297634,0.19603093,0.19911201,0.20234585,0.20535265,0.20796351,0.21062925,0.2130105,0.21505655,0.21608482,0.2178146,0.21957597,0.22235931,0.21876413,0.21940693,0.21815678,0.21836023,0.21845947,0.22045477,0.22316593,0.2353126,0.24008195,0.24292418,0.24614748,0.24930292,0.25231028,0.25474006,0.25684553,0.25799328,0.25885,0.25783977,0.25641683,0.25372002,0.24727961,0.23758197,0.23067716,0.22706436,0.22422653,0.22249755,0.22238944,0.22442025,0.22910932,0.23440965,0.23896246,0.24271797,0.24569036,0.24818595,0.24999577,0.25050107,0.24937624,0.24587277,0.24022059,0.23142189,0.22199328,0.21374442,0.21332298,0.20270555,0.18682162,0.1389732,0.12519582,0.10394225,0.095301695,0.08984142,0.08602385,0.08500059,0.08525226,0.08652904,0.08973897,0.09385948,0.09800898,0.10264859,0.10717679,0.11138328,0.11560574,0.11921326,0.12276246,0.12620054,0.1291923,0.1326406,0.13604683,0.13958547,0.1427833,0.14543901,0.14735252,0.1479874,0.146876,0.14549477,0.14493205,0.14196229,0.13847889,0.1346385,0.13159718,0.13069978,0.13073021,0.12973759,0.12843232,0.12866679,0.12901981,0.1303341,0.1336252,0.13489076,0.13192037,0.29905593,0.0,0.45722172,0.25874236,0.51734936,0.13201326,0.14212981,0.19955619,0.13746938,0.05630133,0.045812838,0.04354596,0.050345965,0.051435422,0.05457073,0.057182822,0.058622655,0.061978895,0.06644677,0.067704715,0.06701594,0.06750973,0.06702094,0.06709736,0.06758056,0.067841485,0.068138845,0.06833548,0.06840661,0.06928413,0.07011214,0.070908904,0.07258139,0.07459107,0.076178975,0.07776194,0.079901285,0.0819647,0.08330114,0.082340755,0.08115061,0.07705418,0.07163585,0.06898788,0.06408137,0.06388952,0.06048234,0.05694996,0.056978688,0.05624548,0.057441335,0.053413995,0.053984206,0.055197395,0.05347301,0.051083352,0.04961964,0.045330055,0.04414706,0.04229985,0.04434872,0.042606845,0.04086338,0.051057745,0.057115056,0.22056659,0.499403
1614,CHC_ADFA08_20111006,0.283276,0.716724,0.0,0.017731983,0.019491157,0.020034702,0.021476235,0.022352858,0.023384375,0.024317106,0.025213802,0.0260684,0.026839754,0.027924232,0.0297953,0.033258922,0.03805979,0.041752458,0.044497035,0.04638984,0.046480615,0.04611368,0.04638446,0.047934726,0.04928164,0.050241783,0.052201472,0.053841267,0.054600302,0.05561708,0.056363225,0.058773182,0.0663108,0.084705636,0.106916346,0.12852205,0.14684542,0.15930296,0.16697353,0.17069536,0.17632802,0.18015775,0.18373117,0.18706647,0.19031796,0.1933467,0.19604002,0.19914119,0.20186424,0.20443605,0.20666493,0.20875868,0.21090502,0.21235633,0.21397445,0.21526833,0.21642134,0.21766415,0.21735339,0.21635953,0.21650785,0.21729814,0.21872336,0.22102998,0.22695398,0.22975962,0.23277448,0.23593238,0.23974565,0.24148305,0.24476169,0.2461346,0.24850865,0.24974969,0.25050813,0.2504873,0.2491503,0.24518636,0.2381486,0.23240016,0.23041682,0.22920626,0.22846527,0.22922347,0.23157889,0.23629312,0.24181376,0.24644613,0.25054556,0.25421998,0.25742352,0.2596549,0.26109794,0.26086852,0.25915322,0.255338,0.24905166,0.24123886,0.23520534,0.23776048,0.22479765,0.23368636,0.1721104,0.15933831,0.14000744,0.1303474,0.124075316,0.121719025,0.120402165,0.12060245,0.12238785,0.12646304,0.13070245,0.13510075,0.14016065,0.14487137,0.1494868,0.15394375,0.15812786,0.1619737,0.16550331,0.16957244,0.17350121,0.1772438,0.18151322,0.18511578,0.18795319,0.1903754,0.1914158,0.19055423,0.18924421,0.18787076,0.18544003,0.18153301,0.17771272,0.17449681,0.17368151,0.174562,0.1740288,0.17256056,0.17383246,0.17452486,0.17580947,0.1740644,0.17941281,0.186639,0.19262306,0.38891596,0.24701373,0.2677011,0.21605287,0.14510651,0.105762616,0.16879505,0.10220124,0.0827821,0.07488128,0.07848937,0.08309857,0.088277675,0.0923024,0.09563304,0.09851703,0.10169716,0.10587353,0.108340584,0.10780564,0.108021766,0.1076491,0.10675607,0.1073322,0.10661062,0.10709702,0.10717776,0.10749207,0.10814884,0.108420335,0.109652445,0.11164214,0.11337527,0.11547429,0.11724488,0.120102614,0.12200674,0.12296634,0.12322775,0.12152574,0.11499918,0.1086695,0.10240582,0.09928519,0.09486966,0.0913663,0.08863919,0.08835656,0.0904397,0.08982454,0.08785151,0.08345096,0.08627038,0.08668624,0.086046666,0.07874106,0.079422906,0.07476307,0.076734036,0.07208941,0.06644464,0.05756061,0.05548109,0.07002909,0.19516714,0.19414666
1618,CHC_ADFA12_20111006,0.535032,0.464968,0.0,0.026088238,0.02659962,0.02816128,0.028808327,0.029971035,0.031086888,0.032097366,0.032949645,0.033751834,0.034205016,0.03559841,0.037910756,0.041924473,0.046977714,0.05098281,0.053740196,0.055453055,0.055208195,0.053936247,0.05407853,0.055008616,0.05515691,0.055323362,0.056562625,0.05741228,0.056719802,0.05673493,0.056395482,0.057837527,0.065144554,0.08439288,0.107413575,0.12938088,0.14735264,0.1589027,0.16552903,0.16963588,0.17312756,0.17626244,0.17905188,0.18187277,0.18445338,0.18697463,0.18956527,0.19207568,0.19434418,0.19665954,0.19893557,0.20104821,0.20273481,0.20410843,0.2057506,0.2076224,0.20801516,0.20913729,0.21058607,0.20939729,0.20997436,0.21030936,0.21282138,0.21536407,0.21929209,0.22211866,0.22488268,0.2271211,0.23111309,0.2337884,0.23622346,0.23849805,0.2406722,0.24267274,0.24375565,0.24358106,0.2441491,0.24064359,0.23562098,0.23248656,0.23074175,0.23024063,0.23004694,0.23141307,0.23372738,0.23873343,0.24417044,0.24889074,0.25327542,0.25680912,0.2603931,0.26298323,0.2650679,0.26559362,0.26455083,0.26115447,0.2561259,0.24918765,0.24152733,0.22747633,0.24118884,0.19723926,0.17105436,0.17056751,0.1542141,0.14453831,0.13833669,0.13470158,0.13490202,0.13490324,0.1365708,0.1403696,0.1451933,0.14928956,0.15401536,0.15886936,0.1632665,0.16737148,0.17127642,0.1747907,0.17823534,0.18227123,0.1859527,0.18967691,0.19406341,0.19761714,0.20064954,0.20256415,0.20382084,0.20294552,0.20167471,0.20013031,0.19700626,0.19342671,0.18932128,0.18616134,0.18466918,0.18641278,0.186201,0.18507804,0.18591522,0.18724687,0.18750568,0.1848782,0.18664128,0.20203584,0.18767332,0.29215634,0.23252706,0.47766528,0.24707976,0.13649668,0.1657684,0.2003334,0.13688344,0.089775465,0.0940732,0.09219532,0.094872825,0.09973281,0.104659565,0.108228184,0.11131457,0.11446922,0.11763737,0.1199152,0.12018871,0.11872443,0.117716804,0.11792416,0.11737507,0.11709888,0.11682771,0.11775736,0.11878473,0.11963822,0.1200406,0.12060892,0.12240965,0.12368623,0.12562363,0.12816444,0.13022906,0.13202065,0.13238692,0.13236953,0.13163528,0.12442949,0.11809476,0.113042526,0.10923056,0.104999065,0.10188386,0.09873598,0.09906689,0.1001469,0.09958589,0.09757164,0.09770478,0.095948845,0.09469972,0.08961253,0.08775393,0.086071536,0.08876309,0.085313156,0.08032239,0.07677795,0.07313799,0.07340778,0.094719715,0.36424837,0.2433474
1623,CHC_ARGL03_20111006,0.661491,0.338509,0.0,0.033044353,0.033771038,0.034707885,0.0365425,0.04040413,0.045268517,0.048594553,0.05020473,0.05164887,0.052402355,0.05423989,0.058192972,0.06585053,0.07582462,0.08476438,0.092240505,0.09571252,0.0940676,0.09034922,0.08861332,0.088733435,0.08740302,0.085103825,0.08510566,0.08402105,0.08033689,0.07746939,0.07308941,0.07307868,0.08616112,0.12613192,0.180281,0.23696263,0.28696978,0.32039616,0.33908165,0.34712985,0.35530365,0.36040714,0.36487573,0.36912858,0.37306407,0.37668467,0.37959328,0.38261586,0.38574442,0.38859817,0.39126396,0.39336357,0.39442652,0.39458802,0.39495024,0.3953457,0.3930027,0.38789183,0.38052055,0.36765125,0.36036912,0.35768747,0.3590569,0.36319345,0.3722502,0.3816906,0.3886968,0.3961446,0.40199807,0.40718752,0.41038597,0.41285834,0.41301814,0.412281,0.4088658,0.40360647,0.38629305,0.36385605,0.33429205,0.3152049,0.30795568,0.30300006,0.2986068,0.29706916,0.298833,0.30515113,0.3128276,0.31953892,0.32479414,0.32878354,0.33049107,0.3312404,0.32901388,0.32375404,0.31385005,0.29991457,0.28272992,0.26500612,0.25620833,0.2579542,0.2425589,0.21137546,0.15124314,0.12509398,0.105511166,0.09732893,0.093553655,0.09122753,0.09064423,0.091189496,0.09257723,0.09567618,0.09948524,0.103663065,0.10824663,0.11310684,0.117716886,0.12238366,0.12666439,0.13114543,0.13518085,0.13904114,0.14305945,0.1472291,0.15140247,0.15501086,0.15791397,0.15999532,0.16029187,0.15946749,0.15967889,0.1604899,0.15803339,0.15516129,0.15130314,0.14815241,0.14615948,0.14592713,0.14430636,0.14232233,0.14133352,0.14067821,0.14102818,0.1255239,0.13025929,0.13457194,0.27494624,0.0,0.39123592,0.2401944,0.41934904,0.12514262,0.12961033,0.24768929,0.12087414,0.052811075,0.043884594,0.044974856,0.05102915,0.05029222,0.05205535,0.054511584,0.057444118,0.0606523,0.05974357,0.060977858,0.06212666,0.062801816,0.062542364,0.06239445,0.06291608,0.06429864,0.06443667,0.06505706,0.065083526,0.0657535,0.0661144,0.06733526,0.06727534,0.06883522,0.07011762,0.07087691,0.07155571,0.07322287,0.07330427,0.074444644,0.07347791,0.070176005,0.067739345,0.063875124,0.06122225,0.059862804,0.057717394,0.055220224,0.05469386,0.05458133,0.05345154,0.0519496,0.04942072,0.052298643,0.04925648,0.048177857,0.046643727,0.044104405,0.042796962,0.045306247,0.041818023,0.04120086,0.041127615,0.0393963,0.05348924,0.2123854,0.3998602
1633,CHC_CEME04_20111006,0.566474,0.433526,0.0,0.021108184,0.021394296,0.022188224,0.023384904,0.025119461,0.026653117,0.027590258,0.02819244,0.028833011,0.02909435,0.029898334,0.032237563,0.037069906,0.0443852,0.050633132,0.055262405,0.056649063,0.053849526,0.0499694,0.04821874,0.047971275,0.046863165,0.04530994,0.045587976,0.04478824,0.042496715,0.04161395,0.04041948,0.041504126,0.050462056,0.08394318,0.1313028,0.17855345,0.21771069,0.2424815,0.25568733,0.26199538,0.26712087,0.2704555,0.27353314,0.27632135,0.2788273,0.28100893,0.28350273,0.28609997,0.28811952,0.2900407,0.2918862,0.29365742,0.29482597,0.2948302,0.2957214,0.29623184,0.29720867,0.29272893,0.29219788,0.2879385,0.28522217,0.28438663,0.28552464,0.28800723,0.3021045,0.30696145,0.31026027,0.31479797,0.31871143,0.32167175,0.32476112,0.3263656,0.3273284,0.32750276,0.32566583,0.3222528,0.31634945,0.30750594,0.2932424,0.28344232,0.27830538,0.27528414,0.2733259,0.2727749,0.27470836,0.27984238,0.28525114,0.29003245,0.29397202,0.29675838,0.29947475,0.30052376,0.30007204,0.29738,0.29213244,0.28329983,0.27069575,0.25643283,0.24387048,0.24531762,0.21032253,0.1758509,0.15901461,0.12572934,0.101657294,0.09088971,0.08516205,0.08202657,0.08126576,0.0810862,0.08235925,0.08534985,0.089364536,0.09370542,0.09855663,0.10331947,0.10776771,0.11190316,0.11606052,0.11979329,0.123277836,0.12704058,0.13057217,0.13402869,0.13784704,0.14100716,0.14381066,0.14565876,0.14562877,0.14417535,0.14414789,0.14477603,0.14358221,0.14109397,0.13768356,0.13449176,0.13219403,0.13189922,0.13018216,0.12872139,0.12767488,0.12718026,0.12677221,0.13147934,0.12870423,0.13321759,0.16387838,0.79918593,0.2652947,0.3229361,0.2659456,0.13216232,0.12050142,0.33227703,0.07477401,0.04647983,0.03966016,0.041140735,0.04490191,0.04774121,0.050234955,0.052616,0.05408573,0.05590136,0.058334146,0.06046323,0.06127517,0.06081096,0.06135725,0.06141777,0.06132973,0.061958328,0.062324665,0.06299535,0.063645184,0.0635347,0.064201094,0.06517779,0.06603046,0.067749046,0.068531305,0.06943292,0.071642116,0.073228985,0.074737005,0.075317696,0.073986016,0.07191739,0.06770813,0.06595606,0.06266909,0.061968464,0.058544237,0.05619347,0.054927595,0.056654938,0.05632957,0.05305488,0.054602742,0.050071523,0.04984945,0.04703026,0.046670035,0.0464787,0.05069929,0.04369505,0.038216885,0.039461963,0.04291721,0.03904341,0.048555017,0.15606731,0.1642802
1634,CHC_CEME06_20111006,0.591671,0.408329,0.0,0.017992033,0.018533612,0.01922819,0.020224633,0.021622173,0.022895614,0.02370762,0.024299439,0.024905464,0.025131833,0.025718184,0.02747798,0.030812418,0.03554894,0.03976035,0.043055765,0.044521518,0.043400787,0.041648578,0.04111988,0.04147031,0.04157057,0.041373845,0.042365167,0.042542372,0.041530546,0.041646045,0.041117024,0.042435218,0.050526343,0.075759955,0.109147005,0.14060633,0.16738859,0.18539162,0.19537954,0.19967839,0.20470892,0.2077377,0.21037692,0.21307331,0.21547236,0.21724266,0.21964665,0.22255917,0.2245937,0.22648431,0.22833191,0.23006369,0.23136327,0.23060305,0.23172584,0.2330906,0.23235445,0.22933418,0.22886828,0.22663859,0.22629331,0.22595252,0.22775349,0.23016386,0.23451939,0.23853526,0.24192514,0.24547796,0.24866866,0.25098962,0.25345105,0.25544968,0.25621948,0.25653675,0.25514305,0.25019142,0.24448639,0.23908786,0.2281794,0.22223964,0.21930769,0.21748549,0.21610893,0.21611851,0.2179021,0.22229458,0.22742148,0.2317203,0.23519653,0.23777558,0.2400473,0.24140558,0.24130401,0.23924612,0.2349218,0.22785813,0.2173762,0.20610501,0.19471866,0.1945768,0.17267384,0.13669206,0.12134887,0.09988945,0.085560754,0.080313236,0.07684116,0.07469293,0.0747151,0.07550519,0.076070376,0.07884943,0.08226887,0.08628254,0.09011381,0.09378128,0.09737815,0.10062712,0.103788376,0.106621645,0.10925434,0.112166986,0.115045786,0.11780882,0.12090061,0.12339197,0.1257829,0.12716314,0.12720175,0.12623705,0.12573028,0.1261345,0.1251723,0.12312678,0.12060439,0.11790304,0.116203755,0.11615876,0.11534652,0.11404927,0.113462925,0.11259762,0.112552576,0.108631596,0.108954094,0.1147985,0.16783386,0.8276597,0.2846007,0.41340262,0.25117502,0.12856469,0.17674929,0.26783863,0.09615376,0.043647487,0.043549903,0.042842254,0.04572713,0.051817894,0.053124007,0.055892248,0.057302322,0.05804785,0.059805356,0.06143244,0.061999146,0.061847817,0.061425805,0.060253393,0.060761098,0.060787205,0.06040093,0.06108685,0.06112631,0.061127942,0.061936807,0.061878443,0.062578835,0.064495355,0.06482194,0.06530823,0.06686152,0.06744124,0.06919473,0.069539495,0.06816443,0.06645516,0.06330668,0.06050297,0.05842861,0.058007553,0.05655725,0.05308879,0.053574465,0.05378999,0.050517026,0.05081422,0.051174637,0.050758038,0.04943122,0.046892483,0.046851147,0.04509587,0.043886703,0.04391277,0.040631045,0.037650697,0.03780745,0.05011881,0.06417383,0.16473849,0.17623062
1636,CHC_CEME09_20111006,0.558212,0.441788,0.0,0.019239495,0.020268885,0.020651458,0.021615056,0.022229481,0.023312898,0.024081485,0.024609579,0.024801027,0.02507546,0.025853924,0.02732116,0.030080624,0.03432487,0.037560716,0.039775632,0.040773194,0.039702944,0.038453538,0.037738763,0.037946325,0.037857786,0.037397675,0.037771598,0.0375235,0.03631288,0.03578374,0.034924958,0.035448015,0.040916633,0.058348347,0.08201602,0.10700805,0.1301288,0.1462914,0.15527338,0.15860258,0.16275148,0.16512685,0.16727377,0.16931747,0.17125514,0.17297465,0.17472413,0.17703159,0.17897034,0.18067048,0.18227097,0.18388198,0.18521075,0.18567085,0.18684345,0.18755324,0.18854518,0.18698473,0.18648182,0.1846011,0.18351689,0.18352629,0.18472727,0.18738255,0.19089721,0.19421361,0.1970429,0.20027867,0.20380732,0.20581256,0.20845732,0.20986614,0.21146896,0.21216796,0.21223198,0.21086118,0.20772912,0.20232184,0.19343802,0.18684158,0.18412942,0.18244892,0.18150848,0.18170242,0.18359871,0.18735056,0.19169934,0.19543734,0.1987692,0.20139442,0.20357004,0.20485361,0.20517492,0.20389229,0.20090428,0.19565062,0.18835828,0.18008743,0.17341717,0.17176923,0.15920796,0.15893932,0.12194741,0.10623134,0.09284169,0.0849055,0.081120424,0.079348184,0.07866774,0.07827881,0.079205826,0.08172958,0.0843095,0.08704975,0.090273716,0.0931296,0.09611647,0.0989384,0.10168588,0.10430796,0.106677026,0.10922625,0.11196172,0.11430941,0.11686789,0.11900905,0.12110126,0.122328915,0.12335512,0.12296379,0.122424655,0.12207805,0.12103435,0.11925152,0.11735644,0.11515044,0.113599166,0.11365487,0.112652175,0.11160771,0.11181335,0.11169856,0.11218246,0.113346785,0.1118074,0.10701038,0.1507747,0.4614254,0.24825922,0.22779535,0.15840429,0.12547702,0.0873137,0.1666537,0.08085182,0.058665868,0.050684936,0.05433608,0.056576952,0.059728082,0.061936583,0.063769,0.065124065,0.06609847,0.06859292,0.06960301,0.07010501,0.06953606,0.06921613,0.068067856,0.068768054,0.06854054,0.06865415,0.0691158,0.069557875,0.0702249,0.07080326,0.072119094,0.07161006,0.07233051,0.073859334,0.075210065,0.07662742,0.07722531,0.07811463,0.07832097,0.07750361,0.07494572,0.07167685,0.06849052,0.06570344,0.06449629,0.06337317,0.061670277,0.06230151,0.062138516,0.060790315,0.05963583,0.05972121,0.05932667,0.0571577,0.05740661,0.053722557,0.05224439,0.051497635,0.055390477,0.049498416,0.041341204,0.044982973,0.040895186,0.06659,0.15988642,0.21450914
1642,CHI_ADFA05_20111007,0.407463,0.592537,0.0,0.019720841,0.020177778,0.021075943,0.02203774,0.022879975,0.023888601,0.02482284,0.025697965,0.026698848,0.027385883,0.02855086,0.030886415,0.035070594,0.04038968,0.04466792,0.0483311,0.05033308,0.049958333,0.048827764,0.047883682,0.04848902,0.048584606,0.04804325,0.04875722,0.04897848,0.047634985,0.046792366,0.045475826,0.046430174,0.05455611,0.07622151,0.100608476,0.1211048,0.13692941,0.14734428,0.15321176,0.15473679,0.15950353,0.1620395,0.16406365,0.16627897,0.16846202,0.16993186,0.17201717,0.17458397,0.176564,0.17852524,0.18008623,0.18172099,0.18319556,0.18292284,0.18420471,0.18558192,0.1869311,0.18389648,0.18500811,0.18526708,0.18662398,0.18795024,0.19007002,0.19232988,0.20266229,0.20479874,0.20816378,0.21090145,0.21228412,0.21482244,0.21722397,0.21806306,0.21955243,0.22051327,0.21950752,0.21656822,0.21747865,0.21382326,0.20895118,0.20647033,0.2055423,0.20465168,0.20432323,0.20467626,0.20721014,0.21152702,0.216939,0.22133589,0.22481056,0.22775342,0.23059732,0.23278408,0.23437314,0.23440114,0.23269185,0.22983411,0.22371735,0.21669254,0.20674649,0.20319313,0.18976687,0.17526346,0.1593493,0.1397912,0.12299168,0.11502184,0.11022552,0.10746182,0.107503146,0.108318485,0.11010907,0.11445142,0.119690515,0.1244866,0.12979826,0.13473748,0.13934343,0.14365567,0.14761032,0.15120001,0.15464243,0.15843384,0.16250023,0.1663758,0.17042947,0.17381173,0.17697512,0.17932019,0.17997319,0.1789808,0.17718722,0.17592417,0.17250864,0.16850512,0.16416048,0.16104768,0.16059336,0.16166076,0.16093677,0.15998967,0.16039889,0.16141334,0.1610945,0.15721506,0.14402373,0.14173861,0.19623947,0.5489685,0.17700434,0.3196588,0.80835015,0.10919733,0.09105145,0.29664466,0.098433904,0.063289255,0.06549638,0.07509936,0.07601892,0.08608346,0.089287296,0.092955396,0.0952088,0.096402146,0.09812997,0.102121525,0.101187326,0.09950256,0.09851032,0.09727491,0.09676135,0.095381066,0.0965217,0.09653009,0.09700888,0.09808776,0.09857304,0.09876423,0.1005043,0.10259894,0.10516863,0.10652124,0.108768955,0.11082032,0.112060174,0.11211715,0.108560756,0.10395868,0.0983262,0.09128363,0.08785457,0.08332915,0.08157522,0.077971704,0.0788709,0.080286875,0.07930007,0.07526513,0.07627936,0.07457467,0.0721294,0.070208736,0.069032446,0.072553195,0.0600659,0.06202357,0.05263869,0.050722882,0.04590203,0.049207628,0.07356805,0.13413,0.3248497
1647,CHI_ADFA11_20111007,0.285382,0.714618,0.0,0.022805834,0.023641083,0.025128417,0.026683886,0.02820781,0.02996042,0.031588387,0.03294809,0.03450826,0.035626065,0.037164688,0.03975399,0.044089958,0.049669027,0.053874385,0.057199273,0.058955368,0.058532078,0.057485923,0.05712303,0.057890836,0.058215056,0.057986014,0.05886518,0.059382655,0.058614433,0.058077805,0.057347313,0.058457654,0.065035954,0.08356762,0.106884204,0.13032086,0.1505959,0.16423722,0.1719168,0.1740949,0.17936634,0.1821255,0.1844615,0.18693158,0.18929055,0.19133735,0.19347122,0.19590731,0.19799426,0.20016168,0.20189866,0.20371388,0.20536529,0.20582022,0.2073577,0.20895262,0.20927763,0.2085727,0.20884366,0.20825717,0.2088057,0.20975707,0.21169096,0.21411346,0.218619,0.22151567,0.22561772,0.22837882,0.23040822,0.23316374,0.23577362,0.23670273,0.23855703,0.23987511,0.24020621,0.23808499,0.23688962,0.2322314,0.22539347,0.2211557,0.2202713,0.21946481,0.21851973,0.21938467,0.22178164,0.22601442,0.23121372,0.23586994,0.23962562,0.24276145,0.24529235,0.24766773,0.24890561,0.24874732,0.24654624,0.24307999,0.23653063,0.22940512,0.22161497,0.20413062,0.18638983,0.19615227,0.16626292,0.14507441,0.1323819,0.12495189,0.12065203,0.11771495,0.11787879,0.11888113,0.120342955,0.12441257,0.12894689,0.13387719,0.13902399,0.14404008,0.14896661,0.15333827,0.15749119,0.16145353,0.16518646,0.16907077,0.17351153,0.1777336,0.18211164,0.18594192,0.18951932,0.19223513,0.19355504,0.19316873,0.19188023,0.19082384,0.18818189,0.18470569,0.18091585,0.17770661,0.1766397,0.17800482,0.17674105,0.1757365,0.17567365,0.17672624,0.17673966,0.17354535,0.16313443,0.1759942,0.22170879,0.5284589,0.2324244,0.40466297,0.0,0.16570333,0.13704962,0.29966596,0.11278636,0.084284715,0.075407945,0.091981545,0.08860807,0.09664872,0.10113794,0.10494312,0.108634636,0.11036357,0.11081975,0.11317261,0.11334171,0.11150775,0.10967056,0.10761796,0.107522205,0.1068965,0.10690104,0.10766144,0.10945201,0.10981035,0.1114556,0.11209393,0.11430613,0.11595991,0.117600724,0.120661326,0.122360505,0.12369218,0.123960786,0.12461682,0.12114048,0.11540211,0.108883604,0.102836765,0.09823861,0.09642486,0.094086625,0.09043242,0.08964913,0.09000896,0.08826317,0.08841215,0.08720045,0.085982,0.08452842,0.08134274,0.081483826,0.08285681,0.07391875,0.07545347,0.06855623,0.06112167,0.051709168,0.057373945,0.086215965,0.1463554,0.3169941
1657,CHI_CECU10_20111007,0.39582,0.60418,0.0,0.021110386,0.021550274,0.021407226,0.022014232,0.023388807,0.024647824,0.025297113,0.025831958,0.026170261,0.026298294,0.026854595,0.028226126,0.030972926,0.035423353,0.039435975,0.042629447,0.044066686,0.04320499,0.041665092,0.0411494,0.041311685,0.040988673,0.04005827,0.040236462,0.039507627,0.037258532,0.036248382,0.034469225,0.034765877,0.04232961,0.0674733,0.09939248,0.12877387,0.15169762,0.16602121,0.17373447,0.17464313,0.18057261,0.18280588,0.18474075,0.18652193,0.18834028,0.1899209,0.19129917,0.19289239,0.19439115,0.19582097,0.19715463,0.19833525,0.19935773,0.19958982,0.20033714,0.2011555,0.20032571,0.19993906,0.19741224,0.193906,0.19194491,0.19160464,0.19245426,0.1948986,0.20111205,0.20514926,0.2094771,0.21237618,0.2155916,0.21843068,0.2205295,0.22268492,0.22442754,0.22492605,0.22432216,0.22249396,0.21715507,0.20866212,0.19648005,0.18839447,0.18522383,0.18375795,0.18236476,0.1826201,0.18448442,0.18850467,0.19367406,0.19805154,0.20152916,0.20463043,0.20713262,0.20816846,0.20851207,0.20671847,0.20243914,0.1953483,0.18604298,0.1754016,0.16761258,0.17120531,0.15355489,0.16041422,0.10872862,0.09084778,0.077274874,0.070388675,0.067538045,0.06589509,0.06543584,0.06545263,0.06645709,0.06913238,0.071788944,0.07480027,0.07791997,0.0810987,0.08426097,0.08713038,0.09002385,0.09284948,0.09501202,0.09755044,0.100448355,0.10301412,0.10572091,0.108102135,0.11005067,0.111177094,0.11185503,0.110872336,0.1108998,0.111096546,0.110538244,0.1084124,0.105792984,0.103648156,0.1016233,0.101833224,0.10102303,0.09972057,0.09956291,0.10041215,0.09905935,0.095251516,0.09049646,0.0939755,0.50129706,0.94363135,0.0,0.57170284,0.83626974,0.13413654,0.21253605,0.22991365,0.1161165,0.057216454,0.045624137,0.04216326,0.045939915,0.049136415,0.05032959,0.05211143,0.05258871,0.054123536,0.054335095,0.056347005,0.056648675,0.05707787,0.055972874,0.055965666,0.056378696,0.0564054,0.05667696,0.05680836,0.05689377,0.05773862,0.057789024,0.0579236,0.058292788,0.05963139,0.061063483,0.061978117,0.063218355,0.06376746,0.06425032,0.065353386,0.06401465,0.061016846,0.05935749,0.05641427,0.05266888,0.05108239,0.050364397,0.050443273,0.047809865,0.050008304,0.04903872,0.046614237,0.044958375,0.044231057,0.044671375,0.041660015,0.035610937,0.03829399,0.039519947,0.035816584,0.03622069,0.037486088,0.03247191,0.034351982,0.061702643,0.19009955,0.2221554
1661,SSC_BAPI02_20111107,0.432454,0.567546,0.0,0.011769179,0.013843311,0.017759101,0.025382865,0.03368337,0.04144783,0.047956936,0.052473895,0.05610796,0.05898663,0.0620354,0.06725722,0.07641859,0.08697034,0.0946188,0.0997135,0.10236036,0.10094439,0.099063255,0.097164355,0.098002814,0.09813177,0.09641267,0.0968993,0.09711978,0.09437732,0.09113045,0.086300746,0.08714998,0.102175996,0.1393409,0.18386282,0.23060213,0.2729339,0.30245963,0.3195288,0.3272344,0.33696434,0.34382534,0.34960663,0.3555724,0.3611555,0.36582455,0.3707294,0.37543488,0.38043144,0.3848753,0.38913828,0.39350834,0.39760247,0.40000957,0.40395373,0.4075276,0.41114777,0.40679267,0.40626863,0.39975166,0.39739835,0.39876786,0.4031449,0.408575,0.4255959,0.43363464,0.44140556,0.44811413,0.4558485,0.46125805,0.46641362,0.4699749,0.4716448,0.4723579,0.47256452,0.470115,0.45964965,0.43753445,0.4105155,0.3930654,0.3866294,0.38179654,0.37794316,0.37864897,0.38304344,0.39152628,0.40211257,0.41066006,0.41822898,0.42347023,0.4277997,0.43021268,0.42874965,0.4242038,0.41376582,0.3979586,0.37962976,0.35963914,0.3500809,0.3664005,0.30896917,0.32579586,0.24083525,0.19338907,0.15467577,0.14303914,0.13653721,0.1321517,0.12928699,0.13028319,0.13261916,0.13736638,0.14336602,0.14976388,0.15734895,0.16497637,0.17260891,0.17996906,0.18689853,0.193911,0.20008422,0.20656112,0.21316765,0.21865536,0.22477321,0.22943501,0.23337609,0.2366156,0.23867962,0.2381317,0.23533037,0.2313507,0.22515072,0.21854182,0.21299668,0.20816383,0.20599538,0.20645589,0.2043169,0.20069046,0.19944887,0.19952409,0.20137835,0.20055185,0.20865971,0.20115036,0.78694797,0.0,0.0,0.97401005,0.0,0.3834702,0.19526328,0.5079232,0.63838005,0.080923386,0.0800279,0.065073624,0.07018503,0.07643189,0.081868805,0.08431897,0.087887295,0.088869266,0.09212694,0.09682761,0.09922455,0.101493865,0.10121902,0.10194444,0.10255583,0.10375828,0.10578701,0.107523374,0.1091094,0.11099771,0.1129969,0.11415081,0.116571635,0.11887234,0.120757945,0.12289726,0.12434149,0.12522316,0.12606455,0.12271794,0.11893543,0.111418374,0.105234414,0.10035595,0.09707327,0.0956326,0.09236531,0.08631674,0.086803265,0.087479234,0.087452844,0.0809824,0.0809882,0.07950267,0.082055554,0.07512892,0.07267509,0.07716783,0.06693432,0.0644108,0.059848297,0.06406693,0.05172215,0.050724827,0.06541828,0.24611624,0.0
1662,SSC_BAPI03_20111107,0.601342,0.398658,0.0,0.015705597,0.017611269,0.019328624,0.022358803,0.024561515,0.026922481,0.028714504,0.029807575,0.03108648,0.03249606,0.03404146,0.036880907,0.042979088,0.050511427,0.055882458,0.05913923,0.060702637,0.059089515,0.05643649,0.05566187,0.055754747,0.05539129,0.05405342,0.05410104,0.053884007,0.051762674,0.050057698,0.04768606,0.04858892,0.057381537,0.082073115,0.112285584,0.14343694,0.17069834,0.1892172,0.19965553,0.20425567,0.21065855,0.2151068,0.21900098,0.22300461,0.22669259,0.23033036,0.23390423,0.23728642,0.24093737,0.24424925,0.2474821,0.2506009,0.25350478,0.255705,0.25858897,0.26197726,0.26142785,0.26364917,0.26293838,0.25963512,0.25938064,0.26025024,0.26331177,0.26585042,0.27531856,0.280879,0.2858562,0.29047775,0.2961729,0.30023065,0.30432478,0.30740654,0.3094879,0.31135714,0.31257918,0.3130626,0.30777583,0.2954688,0.28038013,0.27038467,0.267292,0.26483503,0.26328504,0.26431865,0.26816833,0.27445897,0.2822169,0.2883353,0.29408816,0.29805508,0.30198142,0.30453935,0.30438918,0.30249044,0.29673946,0.28705275,0.2756931,0.2624254,0.25497678,0.2671999,0.23662297,0.2459613,0.19421506,0.13730425,0.121805124,0.11047328,0.10623213,0.10206318,0.100775525,0.10187664,0.10371033,0.10771357,0.11206056,0.11702957,0.12295771,0.12898369,0.13512418,0.14101003,0.14672504,0.15245393,0.15753555,0.16273676,0.16817863,0.1725819,0.17768557,0.18144196,0.18497227,0.18777275,0.18995523,0.18964691,0.18716504,0.18346351,0.17773813,0.17222506,0.16785446,0.164019,0.16204761,0.16341855,0.16254425,0.15979703,0.16010495,0.16078953,0.16162674,0.1652732,0.16798599,0.1911141,0.64471215,0.0,0.0,0.82523435,0.0,0.4139817,0.1917934,0.520561,0.5572254,0.07913078,0.0682231,0.060933735,0.06382621,0.06768031,0.07205629,0.07375515,0.077421166,0.07837882,0.080727324,0.08306718,0.08412444,0.084322765,0.08593114,0.08499252,0.08508682,0.08631573,0.08799596,0.08945198,0.09097838,0.09190604,0.09287898,0.094168015,0.095872544,0.09806418,0.09905003,0.102186576,0.10296157,0.10336591,0.10402945,0.1014242,0.09950854,0.093554586,0.08772745,0.08128251,0.077541135,0.07423618,0.07287742,0.06838747,0.0678725,0.06717919,0.06638513,0.06220404,0.06363576,0.06340084,0.06314076,0.06106813,0.062649,0.060811274,0.052395884,0.052081335,0.048289195,0.051310744,0.044061072,0.051898036,0.05485488,0.24222636,0.0
1667,SSC_BAPI08_20111107,0.465265,0.534735,0.0,0.019282538,0.020463234,0.022620268,0.025229113,0.028160244,0.030466394,0.032478053,0.033921648,0.034972977,0.036582842,0.038482677,0.04175725,0.04839383,0.057886623,0.06443598,0.06870737,0.06989849,0.06742812,0.0632869,0.06230651,0.06277018,0.0613743,0.05940056,0.059573866,0.059004497,0.056522522,0.05464546,0.05227573,0.052863,0.0625719,0.09332672,0.13440295,0.17939669,0.22082774,0.24987674,0.2656955,0.27142408,0.28016663,0.28549403,0.28991026,0.29466882,0.29919466,0.30262804,0.3070551,0.31202573,0.31639174,0.3204106,0.3244771,0.32831228,0.33213872,0.3335274,0.33728054,0.34111664,0.3443415,0.33986908,0.34098047,0.33749932,0.3384756,0.34083876,0.3469648,0.35162872,0.36535677,0.37201965,0.37929267,0.38602298,0.39183846,0.39722756,0.40109465,0.40557855,0.4077035,0.407379,0.40724933,0.4059898,0.39961419,0.38440987,0.36339945,0.3539434,0.34957707,0.34712276,0.34534535,0.34692052,0.35172918,0.35921338,0.36867493,0.37559414,0.38231727,0.38748562,0.39099887,0.39447024,0.39454812,0.39029062,0.38245836,0.37069258,0.35399887,0.3374568,0.3270661,0.34511325,0.31003204,0.37053207,0.2453754,0.17765217,0.15359965,0.13739376,0.13065946,0.1255619,0.12539779,0.124610886,0.12709083,0.13198462,0.13833107,0.14409229,0.15182254,0.15945317,0.16699213,0.17506117,0.18264814,0.19001764,0.19676153,0.20403509,0.21087071,0.21753587,0.22411671,0.22943565,0.23407136,0.23816167,0.24186182,0.24185544,0.23942572,0.23523897,0.22836915,0.22234686,0.21699952,0.2119091,0.20902684,0.21005172,0.20795345,0.20367289,0.20265652,0.20296325,0.20228039,0.18655127,0.18244903,0.20801654,0.0,0.34144038,0.0,0.0,0.0,0.5363771,0.23143929,0.0,0.17660154,0.10042756,0.054093886,0.059358977,0.06082751,0.064733885,0.06804979,0.07092611,0.07400291,0.0743477,0.07756832,0.08148564,0.08266808,0.083004385,0.08333896,0.084144816,0.085419334,0.08764216,0.089668766,0.09122359,0.093837276,0.09582507,0.09800747,0.098757766,0.10158984,0.102502584,0.10471013,0.10670604,0.10886938,0.10992931,0.110570066,0.10839189,0.1043084,0.09857755,0.09384791,0.087870575,0.082668856,0.08073377,0.07730386,0.073716894,0.073430374,0.07191548,0.07313258,0.068961255,0.066016234,0.06818907,0.06910373,0.06597532,0.061618812,0.058879867,0.053853717,0.055133674,0.04734155,0.0542442,0.043617047,0.057738185,0.120769404,0.66914076,0.34744957
1672,SSI_BAPI01_20111108,0.62027,0.37973,0.0,0.011602202,0.012534906,0.014425246,0.016986124,0.019195871,0.021505205,0.023937024,0.025371868,0.02701869,0.028213406,0.030125197,0.03347958,0.039729867,0.047517944,0.052958068,0.056762032,0.05822657,0.056518618,0.054283287,0.052326903,0.05254756,0.05206395,0.050518632,0.050636973,0.04955026,0.04684042,0.045210358,0.042715367,0.04321369,0.052942354,0.08094772,0.11790282,0.15919617,0.19748555,0.22401042,0.23882677,0.2441864,0.2531408,0.2580439,0.26270017,0.26723474,0.27149966,0.2754852,0.27905846,0.28269377,0.28621048,0.28984576,0.29333815,0.29680544,0.30037907,0.30313596,0.30643618,0.3097311,0.31388283,0.31032798,0.30981952,0.30573002,0.30480942,0.3065199,0.31013152,0.31502473,0.33351982,0.33998808,0.3464384,0.35167825,0.35865214,0.3632988,0.36602098,0.37020975,0.3705368,0.3705958,0.37005016,0.36774555,0.36051142,0.34351704,0.32180175,0.30832914,0.30191678,0.29783073,0.29450503,0.29459107,0.29880685,0.3046139,0.31280243,0.3197245,0.32508695,0.32978052,0.33334386,0.33411902,0.33263233,0.32807407,0.31953794,0.3066384,0.28978175,0.27270514,0.26139757,0.25032225,0.21938843,0.21325639,0.16052242,0.1231017,0.10248985,0.09173426,0.086412586,0.08336134,0.08244085,0.08274792,0.08444696,0.08838585,0.09306344,0.098464064,0.104341015,0.1104447,0.1169733,0.1231896,0.12884146,0.1346007,0.13999742,0.1454124,0.15075286,0.1555109,0.15986696,0.1632867,0.16638441,0.16895947,0.1710791,0.17075929,0.16905259,0.16515025,0.1601926,0.15462147,0.14979544,0.14684854,0.14476149,0.14425829,0.14179347,0.13866915,0.1370522,0.13702808,0.13719477,0.14211564,0.1415232,0.12649326,0.19894965,0.17731394,0.6536953,0.45071894,0.26769164,0.09057419,0.07107266,0.15636642,0.071971774,0.042513408,0.03214204,0.043074276,0.04387824,0.046854455,0.049871717,0.052132227,0.053114854,0.05317396,0.059071064,0.059904043,0.060836658,0.06235052,0.062553614,0.06445029,0.06514997,0.066236235,0.06781551,0.069477916,0.07074043,0.07232209,0.07350759,0.07505295,0.07693915,0.079194404,0.079672694,0.08114614,0.08258243,0.0839093,0.084777005,0.08293685,0.08082498,0.076573975,0.071575515,0.06825423,0.06204579,0.05946334,0.0572395,0.055542372,0.0561547,0.055884313,0.053714972,0.05149016,0.049007464,0.04961147,0.047149792,0.044552084,0.04572337,0.04102614,0.037630875,0.040046647,0.03599061,0.032355268,0.030547487,0.037421692,0.05830175,0.123103715,0.0
1676,SSI_BAPI05_20111108,0.578498,0.421502,0.0,0.018129177,0.021140996,0.025370184,0.03144279,0.03777342,0.043469645,0.047862973,0.050781194,0.05349572,0.055595588,0.058682308,0.0644441,0.07416929,0.08545598,0.09376054,0.09928285,0.101810746,0.10049878,0.096861616,0.09649037,0.097017415,0.09618623,0.09410014,0.09469371,0.093392566,0.08834808,0.08455413,0.07883392,0.07884742,0.097592995,0.14029202,0.18504566,0.22717173,0.2608179,0.28221476,0.2944129,0.29903463,0.30707616,0.31163222,0.31632483,0.320814,0.3253179,0.32963508,0.33303997,0.3365454,0.3401583,0.34388077,0.34733087,0.350828,0.35407594,0.35739553,0.36055222,0.36303037,0.36552584,0.36470598,0.36239445,0.3561489,0.35375893,0.35459653,0.35856676,0.36331972,0.37199816,0.37919718,0.3855983,0.39149493,0.39930594,0.4036581,0.40839222,0.41198778,0.41269657,0.41348013,0.412662,0.41119444,0.40279916,0.38541254,0.36100203,0.34809554,0.3421907,0.33808455,0.3358281,0.33641562,0.3400344,0.34607854,0.3545416,0.36180255,0.36783737,0.3723221,0.37716454,0.37771156,0.3760343,0.37156472,0.36290723,0.34955657,0.33278343,0.31564954,0.3022085,0.29941005,0.28895575,0.25069588,0.20221968,0.15666626,0.13862935,0.12636384,0.12014241,0.11715387,0.11580958,0.115596145,0.11799588,0.12272,0.1278725,0.1338361,0.14092368,0.14802226,0.15507902,0.16197355,0.16863874,0.17523986,0.18136194,0.1882542,0.19396931,0.19930668,0.20527385,0.2103172,0.2138404,0.21752147,0.22002433,0.21949543,0.21801804,0.21498714,0.20981534,0.20459248,0.19940229,0.19460635,0.19274792,0.19293486,0.19069672,0.18694738,0.18541394,0.18549265,0.18471862,0.18105456,0.18928973,0.16823213,0.22440514,0.26622298,0.79488295,0.14586751,0.80941105,0.11804453,0.1523001,0.1454939,0.1143283,0.06443652,0.06423429,0.06570493,0.06835062,0.07283955,0.07771154,0.08003443,0.08230278,0.08288194,0.08865746,0.091725476,0.09280293,0.09311244,0.09434,0.09488253,0.09604556,0.098885395,0.09965603,0.100926384,0.10451414,0.10578639,0.107769825,0.10918932,0.111482605,0.112423085,0.1159303,0.11820232,0.11898307,0.1192849,0.11889591,0.119316444,0.116121724,0.111006044,0.10358453,0.09837001,0.09447635,0.093736745,0.08681771,0.08547042,0.08366404,0.0841612,0.083109014,0.078703575,0.07644128,0.08049916,0.07648622,0.07439892,0.06956525,0.068857655,0.06621218,0.059922803,0.051970735,0.06094577,0.058510285,0.048048947,0.06582125,0.12762386,0.28561103
1678,SSI_BAPI07_20111108,0.694018,0.305982,0.0,0.017099602,0.019041188,0.020973602,0.023329921,0.02676291,0.030030403,0.032811664,0.03443046,0.03611548,0.037375867,0.03932774,0.044010203,0.052958127,0.06428027,0.07258987,0.07791937,0.07978175,0.07700969,0.07218554,0.070473194,0.07014344,0.06855694,0.06571316,0.06552563,0.06376894,0.059024654,0.055704575,0.051254213,0.051426157,0.066460125,0.10713252,0.15713377,0.20992509,0.25653937,0.2875563,0.3046797,0.30871183,0.320607,0.32562688,0.3306893,0.33559945,0.34053203,0.3453906,0.34929472,0.35343787,0.35743102,0.36177447,0.36567464,0.3693366,0.37292618,0.3761904,0.3796181,0.38285404,0.38378516,0.38568988,0.3828818,0.37711266,0.3755523,0.37644342,0.38079903,0.38630036,0.39543477,0.4032739,0.41065484,0.4173574,0.42594257,0.4310188,0.43650308,0.44092205,0.44210613,0.4435749,0.44195688,0.44016364,0.43338484,0.4143793,0.38818625,0.3744191,0.36666483,0.3614352,0.35850397,0.35903704,0.36392537,0.3717081,0.3825894,0.39169523,0.39937988,0.4050495,0.4119444,0.41308632,0.4113183,0.40637726,0.39678293,0.3812355,0.36114284,0.33997202,0.32066116,0.315973,0.31801507,0.2526962,0.19534354,0.1498542,0.12505473,0.11385672,0.10581176,0.10214833,0.10126953,0.10075863,0.10336648,0.10859926,0.114957176,0.12146256,0.1292956,0.13700837,0.14503689,0.1527935,0.1600451,0.16728425,0.17395978,0.1821053,0.18837072,0.19433174,0.20103921,0.2064507,0.21048056,0.21473283,0.21786235,0.2175734,0.21554533,0.21170367,0.20480496,0.19803447,0.19152333,0.18623726,0.18435535,0.18464287,0.1818262,0.17750107,0.17613165,0.17618194,0.17592667,0.1727307,0.17931683,0.14740321,0.2476522,0.19236074,0.7043097,0.1569948,0.79227775,0.097046055,0.11269095,0.1479111,0.08088873,0.056643024,0.052343614,0.05603141,0.054960687,0.059570476,0.06349826,0.06528396,0.06604551,0.068385795,0.075964235,0.077098854,0.07801811,0.07892906,0.08137849,0.0811352,0.08393707,0.08617552,0.08744537,0.08926989,0.092162274,0.09416127,0.09570287,0.09815606,0.10054252,0.102125324,0.10421907,0.106501736,0.10724118,0.10771373,0.1087182,0.10824618,0.10641287,0.100961305,0.09234099,0.08678282,0.08297952,0.07917428,0.07472739,0.07125826,0.070320345,0.07230158,0.070152424,0.066586085,0.06577034,0.0645182,0.061342336,0.061946403,0.060021557,0.0541185,0.049603272,0.0450924,0.047996704,0.045238037,0.038826372,0.040195286,0.057911146,0.10066833,0.2717254
1681,SSI_BAPI10_20111108,0.617182,0.382818,0.0,0.020015327,0.022299072,0.026989896,0.033879634,0.041291714,0.04790864,0.05333008,0.05709223,0.06069858,0.06358419,0.06720868,0.07297075,0.08254485,0.094093256,0.1029861,0.10977645,0.11305286,0.11228215,0.11044801,0.10886892,0.110086165,0.110345095,0.10895085,0.10994712,0.10945398,0.10624495,0.103826955,0.09984831,0.100598745,0.11615111,0.15629743,0.20476751,0.25395027,0.2968162,0.32548624,0.34125978,0.34776038,0.35713127,0.36291015,0.36832917,0.37374592,0.37869728,0.38295403,0.38749588,0.39229557,0.3964674,0.40078968,0.4049028,0.40867397,0.4124646,0.4141861,0.41718808,0.42049232,0.42385027,0.4184572,0.41719782,0.41244602,0.4120842,0.41324082,0.41698322,0.4218551,0.43210718,0.43981126,0.44713873,0.45185235,0.45979503,0.46451095,0.4678175,0.47246018,0.47291622,0.4726903,0.4725197,0.46731552,0.45871174,0.442041,0.41833562,0.40504524,0.3982289,0.39384747,0.39008504,0.39096498,0.39529088,0.40241516,0.41215903,0.42010918,0.42655024,0.43183523,0.43561977,0.43755168,0.4367502,0.43247688,0.4239254,0.4107852,0.3928934,0.37453446,0.36069566,0.34682497,0.2972,0.29214898,0.24019575,0.20186618,0.1759953,0.16285494,0.15576445,0.15135723,0.15074955,0.15142936,0.15352179,0.15897948,0.16563177,0.17278862,0.18082313,0.18875,0.19693588,0.20440422,0.21130078,0.21846075,0.22521816,0.23197444,0.23906088,0.24542573,0.25145188,0.2569687,0.26163572,0.26484334,0.26758724,0.2670568,0.26532322,0.26025477,0.25383586,0.24702103,0.2403658,0.23592614,0.23419192,0.23536552,0.23296934,0.22970758,0.2284874,0.22886984,0.22889455,0.22309329,0.23611368,0.22489116,0.21275017,0.24799448,0.0,0.44620037,0.29864776,0.1267553,0.11982931,0.16484433,0.116844736,0.07423203,0.08249986,0.089863054,0.09314366,0.09782863,0.102993645,0.107006535,0.11086714,0.113631494,0.11785615,0.120317094,0.12055479,0.12110438,0.119754285,0.12059474,0.12146258,0.12265683,0.12390833,0.12567653,0.12696503,0.12927324,0.13112214,0.13325708,0.135421,0.13949125,0.1414797,0.14264749,0.1454173,0.14600772,0.14859787,0.14561005,0.14250745,0.13465312,0.1262595,0.12148933,0.1144354,0.113105096,0.10767579,0.10499879,0.105326496,0.10363267,0.10330878,0.098785,0.097730994,0.096360706,0.09530422,0.09459262,0.092881754,0.09197933,0.08928137,0.085290566,0.06958229,0.06416313,0.07079215,0.069383144,0.10002567,0.15998068,0.0
1685,SSI_SALE07_20111108,0.0621744,0.937826,0.0,0.063372515,0.064928904,0.06727789,0.069769904,0.07200249,0.074288055,0.07626227,0.078100756,0.07982778,0.081966974,0.083558105,0.08595126,0.08871648,0.091956265,0.09498928,0.09775371,0.10016008,0.10182493,0.103666894,0.10481808,0.10696742,0.10897039,0.1105751,0.112295434,0.11395122,0.11472597,0.1160155,0.11687958,0.11853574,0.12313851,0.13185701,0.140901,0.1482975,0.1545016,0.15941034,0.16300079,0.16428776,0.16878055,0.17181894,0.17453858,0.17738777,0.18018399,0.18260746,0.18540607,0.18865465,0.1914463,0.19433483,0.19704817,0.19967635,0.20248595,0.2044959,0.20680828,0.20973428,0.2122818,0.21243803,0.21450156,0.21704088,0.2200162,0.22272463,0.22598906,0.22871211,0.23531203,0.23904128,0.24288295,0.24606308,0.24956398,0.2530076,0.25594872,0.25930563,0.2621156,0.26472393,0.26672992,0.26824766,0.26932895,0.26874825,0.26947436,0.2681113,0.2689128,0.26942095,0.27054656,0.2734769,0.27747676,0.28294426,0.2885316,0.2940801,0.2988905,0.30290073,0.3069503,0.3107978,0.31452128,0.31673664,0.31863824,0.31891498,0.31787065,0.31518346,0.31210816,0.29056004,0.35125569,0.31602576,0.2940583,0.27976173,0.2616352,0.25785515,0.25383416,0.25039315,0.25239486,0.25405768,0.25668022,0.26099592,0.26643085,0.27173516,0.27785233,0.2832199,0.28843525,0.29284582,0.29740572,0.3007969,0.3048912,0.3091917,0.31389013,0.31877613,0.32416403,0.3289838,0.33359024,0.33689702,0.33932155,0.33956432,0.33716387,0.33239716,0.32548228,0.31916097,0.31393346,0.31111127,0.31108353,0.31551278,0.31742996,0.3188438,0.32174435,0.32563004,0.32772976,0.33344468,0.34808454,0.38778785,0.28760427,0.0,0.0,0.0,0.67507267,0.3747158,0.37286255,0.49134845,0.28077227,0.21981974,0.22580329,0.23293148,0.24231733,0.25325516,0.25726908,0.2627649,0.26764852,0.27088928,0.27758512,0.27988884,0.27547735,0.27065074,0.26529294,0.25884885,0.25948197,0.25634634,0.25443366,0.25608602,0.25586608,0.25691912,0.26008675,0.2631136,0.26726538,0.26963052,0.27095023,0.2737764,0.27697918,0.27990422,0.28350487,0.28238246,0.27786377,0.26366833,0.24714813,0.23471771,0.22740358,0.22043318,0.21493551,0.20846885,0.2084299,0.21094437,0.21136183,0.20650625,0.20359544,0.20723575,0.21077785,0.21032603,0.21264428,0.20189562,0.19548069,0.19799042,0.17965554,0.17111562,0.16309221,0.17419307,0.1575359,0.4301316,0.21331352
1690,CHI_ADFA06_20111117,0.374564,0.625436,0.0,0.021311078,0.021245403,0.022714937,0.02451992,0.025520166,0.026290547,0.027534865,0.029092746,0.03066667,0.03162796,0.0337444,0.0368997,0.043933745,0.05280812,0.060273413,0.06530921,0.067561306,0.065822154,0.061561543,0.061060626,0.061630126,0.06026081,0.057992354,0.05791895,0.057596825,0.05444227,0.051525734,0.048090804,0.048557658,0.060444202,0.09492203,0.13525483,0.17189935,0.2011042,0.21995148,0.22975124,0.22849154,0.23919055,0.2430921,0.24611068,0.24935144,0.25226563,0.2541017,0.25716412,0.2606082,0.26374662,0.26641026,0.2688505,0.2709039,0.27285543,0.272108,0.27382854,0.27549282,0.27538887,0.2725186,0.27296397,0.27144668,0.27351582,0.2750005,0.2771579,0.28188273,0.28713295,0.29181987,0.2963148,0.3000839,0.30367914,0.30782422,0.31003076,0.31371406,0.3151654,0.31725544,0.3165603,0.3152781,0.30896443,0.3033144,0.2930167,0.28782323,0.28463042,0.2832928,0.281989,0.28234705,0.28598908,0.29360503,0.30124804,0.30851316,0.31400803,0.31808975,0.32238546,0.32666543,0.3288164,0.3286976,0.32521766,0.31823623,0.30707613,0.29535818,0.2836323,0.2462059,0.23729686,0.21874478,0.1637679,0.15969531,0.13757731,0.12904039,0.122217506,0.118237875,0.11832134,0.11896363,0.12038254,0.12511799,0.13110629,0.13723469,0.14393759,0.15022148,0.15636475,0.16196655,0.16701838,0.17182334,0.1763957,0.18173553,0.18695113,0.19228716,0.19771233,0.20316488,0.20792904,0.2108771,0.21179138,0.21043006,0.20845671,0.20639028,0.2021932,0.19635274,0.19112232,0.18678045,0.18538466,0.1866899,0.18557648,0.18408574,0.18487053,0.18521985,0.18508045,0.17635264,0.17257118,0.14487848,0.16269796,0.29346377,0.24700305,0.38551226,0.32098275,0.13391607,0.08675186,0.18283169,0.09838193,0.056702033,0.049117677,0.061450977,0.06317067,0.07346373,0.080267034,0.08542773,0.08780017,0.08702306,0.09191902,0.09416688,0.09569466,0.09431633,0.09047832,0.091580905,0.091289274,0.092162184,0.09270273,0.093196236,0.0942965,0.09432505,0.09590921,0.09771115,0.0987525,0.10162573,0.10409106,0.10478129,0.10727451,0.11080453,0.111179195,0.11225831,0.10825142,0.103328206,0.096233495,0.089130245,0.08543695,0.081158094,0.077669464,0.07331721,0.07169284,0.073129065,0.07334713,0.069628686,0.071117304,0.06977992,0.064152315,0.059484556,0.06231529,0.059005305,0.060383257,0.052014224,0.052667797,0.061804295,0.044408776,0.051368166,0.0811185,0.10334887,0.28919074
1691,CHI_ADFA07_20111117,0.210038,0.789962,0.0,0.03661948,0.037053745,0.037026428,0.0394756,0.04043436,0.04214654,0.04267389,0.04441344,0.04517215,0.0461536,0.04784479,0.050415333,0.05630713,0.062385134,0.067933835,0.071687706,0.073898986,0.07331322,0.071043976,0.070778646,0.07113151,0.07130192,0.06969134,0.07040648,0.070058174,0.06793306,0.06603171,0.06357933,0.06408326,0.07347782,0.10095309,0.13208964,0.1586929,0.17822479,0.19035833,0.19697918,0.19613695,0.2038532,0.20653436,0.20898485,0.21095857,0.21342635,0.21543294,0.21800038,0.22018497,0.22271064,0.22494014,0.22707015,0.22873668,0.23037787,0.23135501,0.23258495,0.23500301,0.23428471,0.23703147,0.23628666,0.23570077,0.23708417,0.23742884,0.24188203,0.24333654,0.24141973,0.2456459,0.24785951,0.25135213,0.25393963,0.25641054,0.26002985,0.2619752,0.26430213,0.26688656,0.26595053,0.26673412,0.26708278,0.26372904,0.2588039,0.25626338,0.2565495,0.25644374,0.2567304,0.2584313,0.26109678,0.26683414,0.27329543,0.27819982,0.28320727,0.2869645,0.2906267,0.29422686,0.29689357,0.29776117,0.29654154,0.29385835,0.28852278,0.2807389,0.2705249,0.23832844,0.24371819,0.23732723,0.2288064,0.1981527,0.17628422,0.16634671,0.15956885,0.15697117,0.15736096,0.15868285,0.16021726,0.16589537,0.17179073,0.1776095,0.18407978,0.19008832,0.19588833,0.20135225,0.20660071,0.2114741,0.21593352,0.22106619,0.22651736,0.23154055,0.23728746,0.24226137,0.24613403,0.24913804,0.25142568,0.25025705,0.24898201,0.24809399,0.24437189,0.2403904,0.23537976,0.23063391,0.22968152,0.23291151,0.23236938,0.23089857,0.2321082,0.23274758,0.23341423,0.22533815,0.23370473,0.19022629,0.32479635,0.26066437,0.49627605,0.7951504,0.70200545,0.19748883,0.24926251,0.43322006,0.13918227,0.10295822,0.113403715,0.11723678,0.124159105,0.13510598,0.14296672,0.14838402,0.15192601,0.15392166,0.15631151,0.15853079,0.15828404,0.15669346,0.15325314,0.1518068,0.15217675,0.15094796,0.15089887,0.1523226,0.15194616,0.15341288,0.15484595,0.1565103,0.1578256,0.1603956,0.1626294,0.1649955,0.1682813,0.17134915,0.1719524,0.17248325,0.16873285,0.16016589,0.1524758,0.14378521,0.1389632,0.13405395,0.13212903,0.12737414,0.12740818,0.12877074,0.12679775,0.12668225,0.12436654,0.124995634,0.12116377,0.11935844,0.113184914,0.11333062,0.111658365,0.11125531,0.102116235,0.095517494,0.08373478,0.09164739,0.15007193,0.29324073,0.16893464
1692,CHI_ADFA08_20111117,0.210438,0.789562,0.0,0.023491545,0.02410578,0.022687407,0.024922606,0.025346158,0.027064478,0.02693337,0.028331252,0.028919391,0.029717429,0.03091552,0.03252619,0.037065186,0.041440643,0.045911696,0.048770785,0.050598398,0.050032414,0.048199084,0.04770324,0.048040193,0.048377134,0.04744868,0.04853372,0.048735995,0.047908705,0.047445513,0.046592005,0.047651663,0.054308478,0.074649416,0.09922751,0.122910656,0.14278318,0.15620057,0.16400787,0.16618052,0.17198397,0.17497066,0.17788705,0.18011872,0.18280523,0.18500426,0.18778597,0.19006318,0.19263405,0.19489895,0.19690965,0.19872075,0.20016609,0.20126082,0.20223668,0.2044973,0.2037945,0.20670001,0.20587839,0.20433609,0.20398934,0.20311809,0.20777108,0.20913416,0.21748517,0.22131567,0.22414908,0.2275953,0.23074807,0.23314708,0.23633833,0.2389484,0.24083462,0.24287213,0.24230315,0.24367748,0.24188471,0.23805012,0.23185632,0.22743884,0.22646399,0.22602269,0.225785,0.22697859,0.2294411,0.23491846,0.24092492,0.24588178,0.2506598,0.2543497,0.25796545,0.26118803,0.26372018,0.26463762,0.26309875,0.26016676,0.2546702,0.24661657,0.23885502,0.21236897,0.21272591,0.21491823,0.20961045,0.17528386,0.15339388,0.13974574,0.13346007,0.1300137,0.12976502,0.12994589,0.13208763,0.1361521,0.14088297,0.1453359,0.1507956,0.15568106,0.1603606,0.16494156,0.16901025,0.17310695,0.17670886,0.18042973,0.1848883,0.18887368,0.19347586,0.19759066,0.20029163,0.20248547,0.2037823,0.20227589,0.20069268,0.19966753,0.19623184,0.19310258,0.18895389,0.1847613,0.18415348,0.18624112,0.1861326,0.1855641,0.18644856,0.18813051,0.18899949,0.1874444,0.1893296,0.15940623,0.39061183,0.47772178,0.5066502,0.799468,0.91126364,0.1646979,0.28507894,0.54094344,0.12159818,0.115347005,0.085441194,0.09241131,0.09887973,0.10506522,0.112363115,0.11614565,0.1191981,0.11865279,0.12527838,0.12478065,0.124001,0.12285355,0.11939839,0.11869942,0.11717153,0.116566874,0.11718406,0.11716153,0.117024966,0.11761721,0.118873365,0.12090244,0.120076805,0.12336837,0.1260061,0.12750837,0.13087103,0.13277291,0.13561024,0.1358119,0.13192269,0.12627771,0.11683022,0.11220722,0.106612474,0.10317567,0.10208395,0.09745571,0.096392125,0.09739032,0.09528522,0.09708031,0.09357522,0.09472541,0.089736395,0.09236634,0.08409314,0.08899348,0.085611306,0.07812928,0.06984503,0.080219425,0.059367854,0.060710825,0.108636186,0.22427005,0.20212075
1715,CHI_CECU01_20111216,0.453763,0.546237,0.0,0.033319943,0.033713784,0.03426378,0.036087107,0.03843556,0.040469162,0.0416963,0.04234419,0.042964093,0.043599598,0.044640962,0.04710021,0.05189566,0.05771754,0.062035922,0.06503927,0.065459564,0.06313639,0.06026317,0.059133656,0.059100732,0.058212034,0.057015292,0.056989875,0.056801844,0.055082876,0.0536065,0.051933344,0.052579403,0.06096289,0.08541233,0.12012894,0.16212484,0.20595357,0.23883256,0.25721186,0.263547,0.27113757,0.274689,0.2775131,0.28022653,0.2827484,0.28512758,0.2869751,0.2896652,0.29196826,0.2941825,0.2961626,0.29795054,0.29932246,0.2994407,0.30052814,0.30152223,0.30118018,0.29799864,0.29465377,0.2891412,0.2867749,0.28554124,0.28792718,0.29093698,0.29615727,0.30194893,0.30790153,0.31383768,0.31957716,0.32406563,0.32712653,0.32959417,0.33099443,0.3312205,0.3301233,0.32794294,0.3203498,0.3074741,0.2896015,0.2777414,0.27268887,0.27003887,0.26815796,0.26813108,0.27103582,0.2767711,0.28425902,0.29065531,0.29597282,0.30029288,0.30403763,0.30642855,0.3068208,0.30412972,0.29706064,0.28634778,0.27251068,0.25821847,0.24695015,0.24300884,0.22345375,0.21699284,0.16277756,0.14392328,0.119015545,0.10831409,0.102584474,0.10036968,0.099052556,0.09941937,0.1010907,0.1039292,0.107635476,0.111567095,0.11611248,0.12080466,0.12539363,0.13006607,0.13437532,0.13845997,0.1425231,0.14655223,0.15078233,0.15462469,0.15901212,0.16256145,0.16556588,0.16815291,0.16914041,0.1684273,0.16779256,0.16832452,0.16651233,0.16349617,0.15986066,0.1558786,0.15298915,0.15386893,0.15353848,0.15121077,0.15100704,0.14843641,0.14950104,0.14943434,0.14854278,0.15078157,0.13234192,0.21152,0.26710024,0.108315565,0.20353054,0.1142847,0.09306613,0.08773533,0.08675385,0.07323068,0.07205302,0.07319666,0.0758085,0.07668052,0.07991967,0.08147483,0.08340224,0.08482561,0.08829028,0.08833874,0.088792235,0.08793523,0.08765348,0.08819427,0.08854912,0.08805088,0.08843346,0.08821909,0.08918914,0.089735664,0.09052717,0.091225035,0.092154056,0.09350411,0.09495903,0.096736975,0.09747077,0.099769786,0.100508444,0.100813456,0.0996202,0.09655616,0.092721395,0.0881463,0.08464573,0.0824834,0.08029289,0.07726762,0.07479108,0.075585045,0.077148266,0.07389671,0.073371015,0.07470808,0.07342995,0.07102914,0.07198547,0.068426386,0.06982847,0.068753414,0.06863411,0.06332273,0.050882354,0.06244097,0.10267902,0.16115275,0.2688192
1717,CHI_CECU03_20111216,0.493069,0.506931,0.0,0.02269927,0.023185037,0.023878908,0.025512252,0.027453037,0.029198075,0.030299632,0.030936329,0.03144083,0.031963076,0.03282057,0.03449728,0.03778768,0.04210466,0.04522079,0.04733223,0.047428958,0.04565451,0.043608475,0.04280331,0.042790454,0.04232936,0.04175888,0.041806363,0.041432284,0.04025139,0.039466627,0.03858246,0.039167166,0.044533152,0.06105628,0.08759095,0.12551686,0.17377101,0.21675523,0.24328218,0.25520226,0.26248997,0.26652193,0.269438,0.2725216,0.27519712,0.27774245,0.27987975,0.28281802,0.28522456,0.2875832,0.28955835,0.2915158,0.29313898,0.29313362,0.29372597,0.2949857,0.29383564,0.29117113,0.28732958,0.2804079,0.27801055,0.27659675,0.2780599,0.2816679,0.2872083,0.29287657,0.29883167,0.30467212,0.30938783,0.31259674,0.3162948,0.31920663,0.3206096,0.32132083,0.32173082,0.3176993,0.30806148,0.29412892,0.27401927,0.25998902,0.2546147,0.2511378,0.2481875,0.2478754,0.25029042,0.25616217,0.26396343,0.27071133,0.2762265,0.28121164,0.28428128,0.2850213,0.28450325,0.2812722,0.27439147,0.26379785,0.24965604,0.23443015,0.22520699,0.21927789,0.21233845,0.18285963,0.14112411,0.11567421,0.09204099,0.082331054,0.07700157,0.07416396,0.07333078,0.073078796,0.07443984,0.076930255,0.08002877,0.083609246,0.08788247,0.09198882,0.09624482,0.10029342,0.10436695,0.10808643,0.111925796,0.11568553,0.119328566,0.122841015,0.12685373,0.1298101,0.13304992,0.13530757,0.13574404,0.13485497,0.13507073,0.13493799,0.13316086,0.13065019,0.12728158,0.124341205,0.121739745,0.12192262,0.12113454,0.11934886,0.11831422,0.11446398,0.115806885,0.11394115,0.11857597,0.11498375,0.09611472,0.17574257,0.22721234,0.123365544,0.16406211,0.08094797,0.06742093,0.097662345,0.0604815,0.044660483,0.04841194,0.047479726,0.048966516,0.05208342,0.053376604,0.055140924,0.05661365,0.058436904,0.061010696,0.061858572,0.060871374,0.060947917,0.06097324,0.060973506,0.06095687,0.06131103,0.06129094,0.061593585,0.062186483,0.06293266,0.06363192,0.06446104,0.06503518,0.06629861,0.067708485,0.06916593,0.07002611,0.07067352,0.07185588,0.07276947,0.07203945,0.06959348,0.06546631,0.06220056,0.06010874,0.058839664,0.055949807,0.053296592,0.0530502,0.05274587,0.05309948,0.051136922,0.050652266,0.0493572,0.048993576,0.050150678,0.049190268,0.04658889,0.04747602,0.043903794,0.040317796,0.04378255,0.048310623,0.051346615,0.065743625,0.14696124,0.42179978
