orig_index,Spectra,gv_fraction,npv_fraction,soil_fraction,400,410,420,430,440,450,460,470,480,490,500,510,520,530,540,550,560,570,580,590,600,610,620,630,640,650,660,670,680,690,700,710,720,730,740,750,760,770,780,790,800,810,820,830,840,850,860,870,880,890,900,910,920,930,940,950,960,970,980,990,1000,1010,1020,1030,1040,1050,1060,1070,1080,1090,1100,1110,1120,1130,1140,1150,1160,1170,1180,1190,1200,1210,1220,1230,1240,1250,1260,1270,1280,1290,1300,1310,1320,1330,1340,1350,1360,1370,1380,1390,1400,1410,1420,1430,1440,1450,1460,1470,1480,1490,1500,1510,1520,1530,1540,1550,1560,1570,1580,1590,1600,1610,1620,1630,1640,1650,1660,1670,1680,1690,1700,1710,1720,1730,1740,1750,1760,1770,1780,1790,1800,1810,1820,1830,1840,1850,1860,1870,1880,1890,1900,1910,1920,1930,1940,1950,1960,1970,1980,1990,2000,2010,2020,2030,2040,2050,2060,2070,2080,2090,2100,2110,2120,2130,2140,2150,2160,2170,2180,2190,2200,2210,2220,2230,2240,2250,2260,2270,2280,2290,2300,2310,2320,2330,2340,2350,2360,2370,2380,2390,2400,2410,2420,2430,2440,2450,2460,2470,2480,2490
7,Resop066,0.0236686,0.218935,0.757396,-1.4164038,-1.3903718,-1.360555,-1.3266013,-1.291731,-1.261856,-1.2389662,-1.2183601,-1.1944022,-1.1642871,-1.1279126,-1.0865883,-1.0393562,-0.9887172,-0.93865794,-0.8901186,-0.8451427,-0.80763555,-0.7753992,-0.7460175,-0.71778923,-0.6936816,-0.6735771,-0.6475782,-0.62160796,-0.6005738,-0.5829574,-0.5678871,-0.5383464,-0.47601488,-0.39342347,-0.31636235,-0.25352156,-0.19033183,-0.13624255,-0.09720226,-0.06268233,-0.03794322,-0.0133989155,0.0090934485,0.0312052,0.04860224,0.06286849,0.087375745,0.112320885,0.13251205,0.15093395,0.16899101,0.18604495,0.19936919,0.20443869,0.21730204,0.23760574,0.22614972,0.21771221,0.23822579,0.26847005,0.30723923,0.3335729,0.3596705,0.38851687,0.41828364,0.4358089,0.4563477,0.47446027,0.48958778,0.5056364,0.5212797,0.53414506,0.5440258,0.55077654,0.53395313,0.49990278,0.50836855,0.53098935,0.55452144,0.5959043,0.62210214,0.63728577,0.65096164,0.66577244,0.68247056,0.70262235,0.72176236,0.7382889,0.7527433,0.7678993,0.7799375,0.7861659,0.7947084,0.79491544,0.7876496,0.7758397,0.7536331,0.7218182,0.6341394,0.5288852,0.47436702,0.3683735,0.22378401,0.20528884,0.1410933,0.17112488,0.17443259,0.17070697,0.20153204,0.22671065,0.24067096,0.29958373,0.36727574,0.42998204,0.4848248,0.53217995,0.5751212,0.61101663,0.6419891,0.67132145,0.6989604,0.72472566,0.7482231,0.76977605,0.7917595,0.8124451,0.82888705,0.8409479,0.853706,0.8639873,0.86782664,0.8670212,0.8661611,0.86553735,0.8624471,0.8518839,0.8433994,0.83561045,0.8183395,0.7982097,0.78110075,0.761584,0.7351054,0.69753546,0.63972557,0.5084908,0.7051956,0.3669261,-0.387408,-1.0036589,1.0027481,0.25759482,-0.30901188,-1.0260576,-0.3336839,-0.46129847,-0.46677032,-0.34949458,-0.33693436,-0.18156092,-0.1176435,-0.073409714,-0.017871609,0.0306507,0.12622814,0.15562014,0.18894938,0.23786119,0.24951234,0.30363038,0.32652882,0.36527628,0.38575643,0.4031732,0.45702034,0.48150623,0.52159333,0.54515606,0.542953,0.5310941,0.50612414,0.491462,0.47543278,0.45233288,0.48302728,0.5030106,0.5198028,0.46066147,0.45487574,0.39904246,0.37094396,0.3994075,0.37783214,0.37983793,0.27080047,0.30527177,0.2736584,0.22412291,0.20713207,0.20359051,0.2328694,0.22023265,0.10782669,0.06493422,0.009573158,-0.28021914,-0.37444672,-0.10732127,0.5295646,-0.25847864,-1.1771663,-1.420749,-1.5620165
8,Resop067,0.0236686,0.313609,0.662722,-1.3364722,-1.3057209,-1.2702318,-1.2292938,-1.1873018,-1.1507279,-1.1211053,-1.093997,-1.0644021,-1.0287464,-0.9872819,-0.9422761,-0.89337593,-0.8417448,-0.7893447,-0.73688585,-0.6857299,-0.63992983,-0.59945005,-0.56322026,-0.5265398,-0.50203687,-0.47161767,-0.44056684,-0.40997434,-0.3831189,-0.35980722,-0.33996993,-0.30706045,-0.24485466,-0.17187032,-0.10818966,-0.060677834,-0.0068468177,0.044611476,0.08332983,0.119019404,0.1447489,0.17134082,0.19552042,0.21957752,0.23774666,0.25217488,0.27961567,0.3080542,0.33030644,0.35007748,0.36976323,0.38827804,0.40209132,0.4045975,0.41686055,0.438675,0.4201831,0.4063476,0.4314575,0.46680385,0.51242197,0.54170096,0.57069415,0.59146994,0.606389,0.6257634,0.64355344,0.65987056,0.67611897,0.69664633,0.7106347,0.7257741,0.7345262,0.73541415,0.71691287,0.6618074,0.66144675,0.68690443,0.7127144,0.7648647,0.79989576,0.8147101,0.8322996,0.8472453,0.8636566,0.8837506,0.905595,0.92557573,0.94169605,0.95481145,0.9682127,0.97744393,0.985306,0.9854278,0.9813613,0.9663923,0.93555087,0.8979643,0.77985686,0.6710094,0.5414981,0.46487895,0.33312416,0.3052012,0.27126953,0.29224798,0.30760384,0.2957963,0.32588306,0.35644868,0.36425257,0.42308822,0.49130398,0.5583699,0.61497444,0.66322374,0.7055588,0.7395514,0.76911557,0.7951421,0.82001716,0.8430084,0.866673,0.88985753,0.9169201,0.9406775,0.9583439,0.9724699,0.9830532,0.98849607,0.989889,0.9877746,0.9828959,0.9834531,0.97404987,0.9649402,0.9542297,0.9454159,0.93365514,0.9113616,0.8915819,0.85354775,0.8152467,0.7199833,0.53837466,0.22143093,-0.92548436,-1.7246652,-1.7523752,-1.6781559,-0.69370174,-0.6671847,-0.5093605,-1.5820148,-1.4931204,-0.86681646,-0.56089765,-0.34943777,-0.24619831,-0.12972482,-0.041255496,0.024649246,0.088793606,0.1299832,0.16788037,0.24241404,0.28927344,0.31649125,0.29037005,0.32173383,0.3596088,0.38968056,0.4176809,0.42785028,0.4762132,0.50171036,0.52144194,0.5645597,0.5444175,0.5401967,0.54632115,0.5166467,0.48233548,0.4809252,0.5046022,0.547529,0.5459285,0.5000145,0.49152276,0.45358047,0.38077936,0.3438923,0.32613102,0.34851038,0.277016,0.20974635,0.2243793,0.19926834,0.26621348,0.3324272,0.09068137,0.14082743,0.11422196,-0.04356932,-0.32353628,-0.57816535,-0.030484876,-0.44805008,-0.9833622,-1.0604618,-1.5871581,-1.6009593,-1.5632563
9,Resop068,0.0236686,0.254438,0.721893,-1.3834176,-1.3563688,-1.3256477,-1.2901419,-1.2533449,-1.2211605,-1.1950561,-1.1711651,-1.1443963,-1.1117814,-1.0737474,-1.0328399,-0.98912364,-0.9435767,-0.89697415,-0.84988606,-0.8030906,-0.7601822,-0.72166544,-0.6881878,-0.65488905,-0.6268518,-0.6023766,-0.57331914,-0.5436892,-0.51850134,-0.49678576,-0.4782483,-0.4470036,-0.38858607,-0.32247204,-0.26799315,-0.2309044,-0.18547268,-0.13964646,-0.104100965,-0.07028044,-0.044277724,-0.01834162,0.0051917317,0.029052757,0.0467728,0.060890403,0.08864146,0.117789574,0.14004612,0.16007005,0.17990479,0.1986962,0.21225837,0.21313131,0.22560796,0.24810956,0.22819571,0.21128328,0.23623332,0.27407816,0.32303914,0.35403553,0.38493747,0.4126732,0.43488055,0.45445272,0.4774554,0.49455503,0.5081475,0.5272601,0.54137003,0.55853814,0.5671949,0.5688613,0.5451282,0.48930103,0.4955119,0.5218673,0.55399156,0.6073575,0.6448438,0.66105294,0.6776709,0.69175905,0.71314955,0.7367842,0.7579583,0.7774094,0.7937253,0.8100693,0.82271755,0.8361445,0.84368944,0.84408844,0.8393785,0.8246892,0.7947843,0.75435686,0.65239316,0.5604958,0.51456565,0.37498218,0.31315282,0.21487463,0.17363022,0.21323742,0.23662668,0.24383482,0.28482738,0.3138972,0.3263152,0.37922698,0.45606095,0.52477336,0.5787846,0.6265751,0.6673307,0.6989585,0.7255315,0.75153965,0.7750549,0.79758966,0.8203708,0.8424173,0.86557263,0.8875787,0.90583694,0.91932815,0.93019,0.9371544,0.939788,0.9389648,0.9347908,0.9320682,0.9253985,0.91888666,0.90857637,0.90581775,0.8925953,0.8742974,0.8511643,0.811022,0.755338,0.6484704,0.56164616,0.24020703,0.28773743,-0.98248947,-1.4243215,-1.1057651,1.7284023,0.5235646,-0.41434443,-0.67283195,-0.780412,-0.65110713,-0.3927748,-0.33447728,-0.15892528,-0.04639207,-0.0012612682,0.08799043,0.14595245,0.17915034,0.25284332,0.31063914,0.35061923,0.35897216,0.34181362,0.37359902,0.3984065,0.42894408,0.45261332,0.47941935,0.48402292,0.52142483,0.54430646,0.57727194,0.5889904,0.5633467,0.56388426,0.55056125,0.5022196,0.49527934,0.52891815,0.5663074,0.5682847,0.52488554,0.4958321,0.43803763,0.4134634,0.4220643,0.36798275,0.3796269,0.3499321,0.3063373,0.36888233,0.32131758,0.2945896,0.21699165,0.0807928,0.009027189,-0.055226322,-0.09011915,-0.2758398,-0.32464996,0.065531604,-0.5755049,-0.6350961,-0.89990735,-0.8345081,-1.3673626,-1.750741
12,Resop071,0.00591716,0.0414201,0.952663,-1.4520432,-1.4303983,-1.4061028,-1.3767439,-1.3454709,-1.3188392,-1.2990476,-1.2810171,-1.2593758,-1.2310207,-1.1963626,-1.157969,-1.1173165,-1.0748072,-1.0308263,-0.9849938,-0.93878096,-0.89539266,-0.8570014,-0.823465,-0.79408294,-0.77012336,-0.7485847,-0.7226547,-0.6962699,-0.6731954,-0.65537965,-0.6420223,-0.61398077,-0.55544627,-0.49320284,-0.44535214,-0.40719986,-0.3693984,-0.33431682,-0.3041906,-0.27440208,-0.25266066,-0.23093466,-0.2102347,-0.19057572,-0.1729404,-0.15739629,-0.13851875,-0.1201367,-0.10387636,-0.08831881,-0.072977334,-0.05800303,-0.04392247,-0.032863673,-0.01904827,-0.0023338078,0.0010558286,0.007956519,0.023836019,0.043127004,0.066167675,0.08423094,0.10282754,0.12401984,0.14471607,0.1596053,0.17470744,0.18896142,0.20369942,0.21911359,0.23326743,0.24780175,0.2572917,0.26857966,0.2707537,0.266235,0.27532062,0.28728846,0.29887837,0.32012513,0.33806685,0.34857023,0.3622094,0.3740674,0.38516513,0.4000727,0.41264424,0.42545417,0.43775436,0.44933727,0.4589892,0.46372202,0.46871498,0.47177997,0.47017854,0.46427196,0.45734802,0.45082983,0.40770456,0.25689298,0.19469725,0.11198491,0.1345509,0.08803975,0.0013812833,-0.027924009,-0.038475517,-0.051172573,-0.045032524,-0.029134443,-0.009145217,0.034441397,0.082436666,0.13255855,0.17840734,0.22106867,0.2590848,0.2942568,0.3236945,0.35376766,0.38001627,0.40179077,0.42102146,0.43752557,0.45568067,0.47029564,0.4833358,0.49331725,0.5027993,0.51063985,0.51728547,0.52049416,0.5206758,0.52213186,0.52065545,0.5163597,0.5057729,0.4958045,0.48529598,0.47061512,0.46090126,0.45622244,0.46887064,0.45294684,0.48516184,0.4587195,1.1078563,-0.19180042,-0.17518002,0.30647942,-0.3396745,-0.25821117,-0.060847048,1.4139752,-0.04154823,-0.42314234,-0.5893896,-0.6450273,-0.57460916,-0.5081603,-0.47072777,-0.40891266,-0.3812344,-0.3008533,-0.23411092,-0.19119649,-0.12728466,-0.094377175,-0.044420995,0.005575032,0.020940349,0.0793213,0.12157174,0.14744884,0.17958704,0.22830415,0.23489341,0.24604325,0.25993273,0.25288025,0.24766245,0.2287709,0.18093725,0.16033848,0.19262357,0.23655352,0.23400013,0.19954659,0.21779378,0.18238245,0.15436624,0.17325288,0.15038551,0.111432046,0.11902174,0.10166128,0.11661396,0.068992294,-0.009893003,0.066967934,-0.024274126,0.15938863,-0.028883195,-0.094366305,-0.07002019,0.09556938,-0.12316699,0.02254939,-0.39052302,-0.60511017,0.3741263,0.104809366,-1.4952613
16,Resop075,0.12426,0.0946746,0.781065,-1.4146771,-1.3897667,-1.3603942,-1.3280063,-1.2957667,-1.2691236,-1.2495972,-1.2327492,-1.2129515,-1.1869823,-1.1530432,-1.1092812,-1.0533789,-0.99208295,-0.9366379,-0.8869131,-0.84716105,-0.82120156,-0.8017602,-0.7799039,-0.76138294,-0.74506533,-0.73532087,-0.7169885,-0.69949085,-0.69087887,-0.69043046,-0.69280094,-0.66879725,-0.5824177,-0.4501352,-0.32797998,-0.21826707,-0.13054577,-0.07047805,-0.029435474,0.004343914,0.026911067,0.04614047,0.06664528,0.08583554,0.10601816,0.12588294,0.13967344,0.15234877,0.16659386,0.18099053,0.19512449,0.20964655,0.22574048,0.24579386,0.26169497,0.27519885,0.30313933,0.32319108,0.3297974,0.3310868,0.33055255,0.3388101,0.3484945,0.38234738,0.42049068,0.43651146,0.45626777,0.47109613,0.48346433,0.49967793,0.5127153,0.5238116,0.5363109,0.5587424,0.58319366,0.6235992,0.64525795,0.63359,0.6156597,0.59442484,0.5899893,0.5887551,0.5913526,0.59651196,0.6055144,0.615914,0.6263182,0.6373758,0.6489026,0.6610787,0.66871965,0.6744935,0.6800794,0.6831713,0.6826456,0.68104064,0.6821078,0.69695556,0.71476245,0.6584624,0.6699198,0.681951,0.603553,0.41377732,0.23664,0.13115706,0.07267174,0.038661674,0.0106764315,0.007486158,0.03397887,0.060391527,0.08478426,0.12225712,0.16521235,0.20799251,0.24965258,0.28984487,0.3251861,0.3604371,0.39200234,0.42232794,0.4465502,0.46969193,0.4916763,0.51211065,0.53175944,0.54624027,0.55781615,0.56562775,0.57133335,0.57034355,0.56901973,0.57169235,0.565058,0.55914325,0.54816,0.543609,0.52583885,0.50483686,0.50488055,0.5419237,0.5650292,0.5990095,0.71126527,0.93287337,0.27098206,-0.7857921,-0.8523031,-0.5270014,0.22022423,0.5139014,0.24107413,0.91577864,-0.4586003,-0.33134577,-0.44370523,-0.5124563,-0.51971954,-0.48846757,-0.4933897,-0.43522587,-0.38763985,-0.3113119,-0.26631972,-0.25589302,-0.20688246,-0.17551915,-0.1439358,-0.10071401,-0.070751734,-0.031199824,-0.021804176,0.01882016,0.049663562,0.112303935,0.12684423,0.1582544,0.16523279,0.13922681,0.14370324,0.1374399,0.10898921,0.10066669,0.12244877,0.14462012,0.15570931,0.14102843,0.10935591,0.10260469,0.06384625,0.039493952,0.055672493,0.01986033,0.02033256,0.010250477,-0.03611156,-0.046948206,0.0055890554,0.044695266,0.0331113,0.037065137,0.014163295,-0.19061346,-0.370206,-0.28631675,-0.055592094,-0.42920187,-0.8755447,-0.7508225,-0.09721418,-0.71608305,-1.5590606
20,Resop080,0.142012,0.449704,0.408284,-1.4201273,-1.3898246,-1.3556592,-1.3183033,-1.2821709,-1.250732,-1.2249627,-1.2020885,-1.1772764,-1.1478577,-1.1131128,-1.071124,-1.0188203,-0.96042585,-0.9062311,-0.85796064,-0.81881493,-0.7926872,-0.77228135,-0.75082177,-0.7211569,-0.7033265,-0.67885303,-0.65455985,-0.63234025,-0.61153525,-0.59375256,-0.5744508,-0.54314697,-0.47982895,-0.37369907,-0.2606278,-0.15736216,-0.06419695,0.007349549,0.05600227,0.093472674,0.12179121,0.15020439,0.17620991,0.20107791,0.22350168,0.24445347,0.26885802,0.29382512,0.31631526,0.33751526,0.35774466,0.37786698,0.39567572,0.40917957,0.4262465,0.4456742,0.4475117,0.45552292,0.47237247,0.4921587,0.5179001,0.53843284,0.5607923,0.57852584,0.59783995,0.6189904,0.6379584,0.65662044,0.6755193,0.6973316,0.71446514,0.7332174,0.7444357,0.7536426,0.7504963,0.7355303,0.73532254,0.737784,0.7452692,0.7650362,0.78511626,0.7978304,0.81344754,0.8292626,0.84470755,0.86577266,0.8865735,0.9052984,0.9249332,0.9436626,0.9567764,0.96828496,0.9780815,0.98691285,0.9880223,0.97968394,0.95684177,0.92251635,0.8407252,0.667699,0.6055803,0.49741647,0.5290493,0.47316128,0.3631258,0.33014423,0.30474943,0.2888539,0.2926972,0.3018478,0.3195848,0.36479947,0.40816686,0.4538275,0.5011742,0.5468776,0.5869715,0.62367487,0.65568113,0.6851789,0.71487,0.7421829,0.7666057,0.7965038,0.82826746,0.85470724,0.8782435,0.8938749,0.9053106,0.90874255,0.90947217,0.9076279,0.90349996,0.8991771,0.8907213,0.87664884,0.8673169,0.86375964,0.85009545,0.8292206,0.81314,0.7799976,0.78041685,0.76536554,0.76778877,0.7610761,0.7033207,0.5206746,-0.62374216,1.0272388,2.4232283,0.53739536,0.049110346,1.3611448,-0.43294397,-0.3884469,-0.2411973,-0.23408954,-0.13895056,-0.09761279,-0.071115285,-0.0035920376,0.030881146,0.09734424,0.10343685,0.16384017,0.16808335,0.16931635,0.16515906,0.17092434,0.1994975,0.19653219,0.19956002,0.22710797,0.25639585,0.28865454,0.33552516,0.3515013,0.35630843,0.35262525,0.34882474,0.34823295,0.32213745,0.3222667,0.31419542,0.3286017,0.36809283,0.30306008,0.26256934,0.18249018,0.13275523,0.13394263,0.12967773,0.15977825,0.1253365,0.06349579,0.10526699,0.071101494,0.2333144,0.14722037,0.0011259445,0.09937024,-0.042322893,-0.12781334,-0.18357009,-0.518146,-0.34387794,-0.26672593,-0.40625727,-0.20234129,-0.44668117,-1.0954596,-1.5357066
22,Resop082,0.153846,0.360947,0.485207,-1.4141841,-1.3868738,-1.3560156,-1.3219496,-1.2882255,-1.2590194,-1.2355069,-1.2146761,-1.1915798,-1.1635544,-1.1292505,-1.08848,-1.0385532,-0.9836367,-0.9320757,-0.8849923,-0.84522545,-0.81639516,-0.79243165,-0.7683535,-0.7435974,-0.71863204,-0.7019636,-0.67987823,-0.6563443,-0.63831294,-0.62554324,-0.6137202,-0.5852823,-0.5167254,-0.41232756,-0.3105861,-0.22043411,-0.14034118,-0.07984623,-0.036555625,-0.00062286295,0.026534194,0.052616607,0.0773764,0.10103538,0.123270065,0.14423577,0.16715397,0.18958814,0.2105688,0.23124412,0.2508053,0.27040198,0.28834346,0.30372128,0.32148093,0.34028953,0.34950534,0.35914907,0.37600026,0.3932906,0.41548112,0.43448067,0.45550537,0.4928872,0.5373512,0.5564435,0.57780343,0.59981865,0.616186,0.6342883,0.65143514,0.66833705,0.6789017,0.69620883,0.70348334,0.7078932,0.7251305,0.7277764,0.7375356,0.7493791,0.75983715,0.7679837,0.7803311,0.791433,0.8092918,0.82793,0.8469405,0.8630686,0.8793413,0.896152,0.9120971,0.921189,0.9311102,0.9318922,0.93185973,0.92682844,0.91673434,0.9013939,0.8651685,0.8133321,0.8451948,0.7025833,0.62547916,0.5243921,0.4328168,0.37078503,0.33922705,0.317866,0.32068887,0.32784092,0.34600842,0.38907105,0.43240148,0.475383,0.5234395,0.5710482,0.61223686,0.64926296,0.6849482,0.71647865,0.74388903,0.77187115,0.79754126,0.82417876,0.8529812,0.8788306,0.8992199,0.91569453,0.93012345,0.9350776,0.9377628,0.9359723,0.93336254,0.933686,0.9271171,0.9193499,0.9105314,0.90446734,0.88924915,0.871862,0.8587676,0.81444716,0.77939385,0.7934797,0.718717,0.54523903,-0.25868398,-1.6484624,-1.5959861,-0.91855246,-1.2279313,0.26817697,0.059779298,-1.1084626,-0.93576956,-0.56629914,-0.5448641,-0.33741185,-0.22941151,-0.11341387,-0.07256084,-0.015665762,0.016506335,0.0630176,0.16034618,0.18907735,0.21466146,0.21033812,0.19305246,0.21311963,0.2584914,0.27218246,0.2957075,0.31832013,0.36661687,0.38740647,0.4024412,0.43838143,0.43920717,0.42164034,0.41909397,0.3978166,0.4128721,0.3924242,0.39217368,0.4183678,0.4079911,0.3869587,0.36345023,0.28990704,0.23886618,0.24340197,0.2709255,0.20996511,0.18082073,0.10882479,0.16276355,0.12765382,0.10394998,0.021446701,0.0210627,-0.027928099,-0.1526623,-0.387758,-0.33429113,-0.5319011,-0.47030392,-0.28467277,-0.51770765,-1.0034363,-0.9937571,-1.4734519,-0.79591507
24,Resop084,0.0710059,0.248521,0.680473,-1.3872123,-1.3570026,-1.3231143,-1.2854137,-1.2481247,-1.2155064,-1.1897033,-1.1664875,-1.1406684,-1.10907,-1.071303,-1.0271012,-0.9740963,-0.9161405,-0.8608017,-0.80945504,-0.7644184,-0.73040795,-0.7024987,-0.6756531,-0.6455508,-0.6233389,-0.6026214,-0.57588863,-0.55099696,-0.53129494,-0.51532745,-0.50066555,-0.4697367,-0.40067184,-0.2976156,-0.19599335,-0.111879036,-0.02897855,0.0391914,0.08564669,0.123546205,0.15053475,0.1773819,0.20161793,0.22545838,0.24425201,0.25957608,0.28727397,0.31586233,0.33880144,0.3599089,0.3798875,0.39934838,0.41417393,0.41746658,0.43164074,0.45294896,0.43581122,0.423519,0.4462225,0.47892013,0.5240685,0.55298984,0.58398086,0.6112494,0.6368803,0.65938115,0.6805816,0.70069414,0.7165284,0.7377705,0.75616515,0.7737589,0.7836214,0.78506345,0.762409,0.709838,0.71402013,0.73483753,0.7588976,0.8073035,0.83841836,0.85336053,0.8683511,0.8841001,0.902739,0.92609525,0.9482199,0.9670829,0.98387194,1.0010709,1.01524,1.0241245,1.0305423,1.0311574,1.0225439,1.0029879,0.9665358,0.92555255,0.7986998,0.6823759,0.5173294,0.35550234,0.33864087,0.323752,0.28267086,0.28853604,0.2894403,0.2829366,0.31818128,0.3415154,0.35540068,0.40980992,0.48548788,0.5524077,0.6092034,0.66242605,0.70736706,0.7464511,0.78223217,0.8124231,0.8413698,0.8690055,0.89342403,0.9208216,0.9479948,0.9714738,0.99178475,1.0067012,1.0190529,1.024442,1.0275958,1.0280437,1.0221872,1.0215497,1.0136689,1.0027411,0.9892725,0.9799298,0.966385,0.94450885,0.92217064,0.8895137,0.87957686,0.82403857,0.7129969,0.70361304,0.09317013,-1.2414428,0.41858003,0.09647223,1.2453332,0.2875327,0.1478673,-0.45140502,-0.78216386,-0.46878743,-0.36618906,-0.29723895,-0.21817568,-0.08531457,-0.011737635,0.055345286,0.111595884,0.18042983,0.26299796,0.30385265,0.33175153,0.35026306,0.36966857,0.3793207,0.4133129,0.4226977,0.4588866,0.47561112,0.50459075,0.56228656,0.5684102,0.5884028,0.59387,0.5849716,0.5761594,0.56782734,0.54286253,0.53558683,0.56006336,0.5754751,0.57878786,0.56931984,0.5245111,0.4683929,0.4398742,0.42120492,0.4366552,0.4188759,0.33591616,0.3147005,0.33736664,0.25977522,0.29579046,0.29207268,0.2102507,0.10826971,0.20442934,-0.05262362,-0.19091614,-0.026147038,0.099330045,0.3074699,0.59533966,0.39935657,0.5999649,-0.4416624,-0.5679214
29,Resop089,0.0769231,0.035503,0.887574,-1.4575912,-1.435563,-1.410261,-1.3810446,-1.3510576,-1.3253226,-1.306077,-1.2891045,-1.2690209,-1.2426361,-1.2086629,-1.1677862,-1.1196972,-1.0678369,-1.0174154,-0.9689698,-0.9248629,-0.8897386,-0.8612977,-0.8353922,-0.8090197,-0.7921111,-0.77476066,-0.7538544,-0.734133,-0.72130144,-0.7160278,-0.7154514,-0.69042546,-0.6107406,-0.50463116,-0.41380396,-0.34226808,-0.27359083,-0.21633817,-0.17677528,-0.1431838,-0.1225335,-0.09998656,-0.080475524,-0.061357375,-0.04662871,-0.034758206,-0.013441803,0.008673921,0.026054952,0.042471774,0.058234878,0.07310366,0.08431531,0.08759311,0.09864548,0.1156411,0.10132612,0.09385142,0.111081704,0.13501915,0.17314117,0.19730954,0.22174832,0.2365762,0.25440106,0.26981324,0.28663942,0.30218154,0.31675655,0.33149981,0.34563354,0.35859,0.36305523,0.3667515,0.34745982,0.30785742,0.30728388,0.31916946,0.3381164,0.37394822,0.40001777,0.4134403,0.4279594,0.44050735,0.45442608,0.47311708,0.48995894,0.5021589,0.51569706,0.5289649,0.5356581,0.5393282,0.54184705,0.538151,0.5286143,0.51102734,0.47986925,0.43822017,0.3409514,0.22244434,0.14041422,0.033948135,-0.036249455,-0.1001026,-0.17313018,-0.1831966,-0.18412821,-0.1929544,-0.16945109,-0.14759748,-0.12929699,-0.07558155,-0.007704569,0.055409323,0.11272066,0.16526107,0.21185122,0.253573,0.2910212,0.32296157,0.35202786,0.3796409,0.4026595,0.42470112,0.4460465,0.46159542,0.47682506,0.48874453,0.5007112,0.5059706,0.51304483,0.51489913,0.51691383,0.51705754,0.5119597,0.50150913,0.4858518,0.47256225,0.45365408,0.43262562,0.40562657,0.3561986,0.3320766,0.26059136,0.11269086,-0.021794476,-0.74279827,-1.6259432,-1.5794979,-1.1149036,0.074738175,-0.1601897,-0.79734606,-1.0030035,-1.0904021,-1.0423204,-0.8777791,-0.8143732,-0.7646298,-0.70312977,-0.638846,-0.6020767,-0.54034996,-0.4263881,-0.35272563,-0.36253765,-0.30626848,-0.24688137,-0.19736809,-0.17197281,-0.13957411,-0.07787563,-0.038306538,0.007967153,0.040104892,0.08168187,0.10237506,0.13623379,0.13072841,0.10864155,0.10101762,0.07441272,0.043291897,0.045013357,0.07670855,0.07078726,0.07017585,0.09051425,0.08333649,0.047471736,0.017851042,0.03398997,-0.04350259,-0.040419128,-0.051921878,-0.107103676,-0.022654565,-0.103728294,-0.22822306,-0.27682844,-0.43007857,-0.46452427,-0.45665225,-0.5597278,-0.6251413,-0.6807213,-0.6559221,-0.46153688,-1.1434338,-1.4901483,-1.571755,-1.6649426,-1.6097085
32,Resop092,0.609467,0.390533,0.0,-1.53032,-1.4979873,-1.4636196,-1.4302362,-1.4000168,-1.3720754,-1.3458978,-1.3221798,-1.2993108,-1.2752626,-1.2450665,-1.1998434,-1.1331538,-1.0612051,-1.0064769,-0.9640617,-0.9355293,-0.9273499,-0.925874,-0.9162422,-0.8992583,-0.8908897,-0.87474513,-0.859861,-0.8544896,-0.85588086,-0.8509081,-0.8436657,-0.8094663,-0.6791148,-0.4146583,-0.13837583,0.09406364,0.29294798,0.4415717,0.5368536,0.62523985,0.64375067,0.679467,0.71761686,0.7556517,0.7896867,0.82045513,0.8583815,0.89714605,0.9312156,0.9626004,0.991752,1.0185038,1.0403949,1.0525547,1.0716534,1.0945759,1.0814817,1.0749357,1.0786554,1.0881425,1.1151055,1.1375927,1.1687056,1.1936789,1.2239416,1.2596046,1.29102,1.3204007,1.3523679,1.3837048,1.399898,1.4224252,1.4364432,1.4344131,1.4182367,1.3690925,1.334621,1.3038052,1.2571887,1.2580914,1.2769324,1.287464,1.298891,1.3175951,1.3458009,1.380393,1.4204718,1.4575238,1.4946632,1.5292481,1.5532563,1.5556339,1.5585986,1.5527648,1.5154701,1.4574654,1.3731959,1.2847307,1.1764712,0.94616574,0.82551426,0.6254696,0.47300515,0.25788534,0.04517953,-0.05021841,-0.11109175,-0.14174233,-0.14531088,-0.13748899,-0.116566755,-0.065373845,0.0015586765,0.07049815,0.14412066,0.22339977,0.29649094,0.3640067,0.43050298,0.49146643,0.54927653,0.6038227,0.65744734,0.7169033,0.778897,0.8293199,0.8744119,0.91512823,0.94307524,0.9548311,0.9514314,0.93547213,0.90862006,0.8810816,0.85045844,0.8118075,0.7801616,0.7604441,0.7327556,0.696336,0.66019523,0.5972998,0.6018267,0.59871036,0.49493834,0.5045482,1.1424915,-0.14010769,-0.492214,-1.3057873,-0.5357882,-0.31000438,-0.5761808,-1.353928,-1.0574443,-0.87794405,-0.8841055,-0.8253413,-0.7569981,-0.6406746,-0.593247,-0.5587362,-0.5144011,-0.4196293,-0.350025,-0.34788063,-0.35256132,-0.35040995,-0.36093083,-0.3885586,-0.36611077,-0.3875736,-0.34724396,-0.31650144,-0.29060972,-0.26291066,-0.23700951,-0.20734067,-0.19109926,-0.18794742,-0.14697368,-0.14149377,-0.12304406,-0.1262445,-0.10094271,-0.11342906,-0.12456487,-0.16951512,-0.23669562,-0.27412325,-0.37141305,-0.39060318,-0.3925122,-0.4468678,-0.5182527,-0.5110159,-0.48529506,-0.49488914,-0.48635134,-0.51896375,-0.73416185,-0.48985142,-0.572992,-0.6886161,-1.0881168,-1.0020074,-0.82368296,-1.0326576,-1.4398615,-1.5805683,-0.69622135,-1.3402907,-0.5589489
34,Resop094,0.0650888,0.177515,0.757396,-1.362753,-1.3335432,-1.3004006,-1.2634982,-1.2262958,-1.1942853,-1.1694868,-1.1471579,-1.1221539,-1.090808,-1.0510411,-1.002485,-0.94387835,-0.88012874,-0.81989795,-0.76308084,-0.7134632,-0.6754739,-0.64549917,-0.61556095,-0.5876895,-0.56590605,-0.55189687,-0.52317613,-0.49835205,-0.48485437,-0.48070213,-0.4814319,-0.45006123,-0.34774333,-0.21094206,-0.093316555,0.001215576,0.085707806,0.15205194,0.20059925,0.25323224,0.27376473,0.29943416,0.32591367,0.35191873,0.37487724,0.39542,0.42059466,0.44636226,0.4692196,0.49061126,0.51079226,0.5307785,0.54915684,0.56118596,0.5783262,0.5987211,0.5993358,0.6020801,0.61921924,0.63972956,0.67142427,0.6947154,0.7196593,0.7609144,0.80705625,0.83053124,0.850347,0.874005,0.8947205,0.9146865,0.92839366,0.9460381,0.9576236,0.9656806,0.9664785,0.9547135,0.96264625,0.97604513,0.9862615,1.0096797,1.0286179,1.0417674,1.0563446,1.0701301,1.0862956,1.1054276,1.126471,1.1441835,1.1613507,1.1805416,1.1972307,1.1999689,1.2014996,1.2039179,1.1927105,1.179791,1.1621724,1.1412665,1.0727581,0.9618808,1.0219704,0.82906914,0.688674,0.5836913,0.5309924,0.48462334,0.45960552,0.44390354,0.44865015,0.4657837,0.48501202,0.53394383,0.5962093,0.65693367,0.7160133,0.771291,0.81969017,0.86577994,0.9074033,0.9445199,0.9802769,1.008855,1.0332518,1.0654118,1.0941586,1.1150385,1.1357039,1.1517977,1.1670252,1.1759449,1.1780732,1.1771771,1.1775557,1.1735467,1.1705649,1.1578043,1.144374,1.1302335,1.117288,1.0981847,1.0840325,1.0756856,1.0708636,1.0410202,0.9080201,0.7336748,-0.2531454,-0.4707507,-0.85170966,-1.041589,-1.6224103,-1.0057516,0.15911658,-1.1932079,-0.95482665,-0.5365698,-0.48041815,-0.21880555,-0.14876689,-0.09345491,-0.03523172,0.0438894,0.114993,0.2154907,0.28881395,0.36354932,0.37852162,0.4085191,0.44020468,0.4999418,0.5267319,0.57115453,0.5841631,0.61122227,0.66307044,0.6994529,0.7097403,0.73618376,0.7374924,0.7218079,0.7262084,0.71382755,0.70829445,0.67862797,0.68973225,0.73503226,0.7102582,0.68339115,0.6542681,0.6252083,0.5754244,0.5469164,0.53592855,0.5194997,0.40244704,0.43192518,0.37955374,0.41990402,0.37629429,0.38709494,0.2680033,0.113985434,0.065640986,0.27529982,0.17623948,0.14222065,-0.21354826,-0.20773426,0.2600552,-0.38191852,-1.2944115,-1.531473,-1.6134645
35,Resop095,0.0,0.201183,0.798817,-1.2806735,-1.2455728,-1.2053336,-1.1594323,-1.1118729,-1.0717216,-1.0390182,-1.0085474,-0.97523195,-0.93528867,-0.8898083,-0.8403641,-0.7881636,-0.7338959,-0.67942774,-0.62351626,-0.5679636,-0.51540375,-0.4675173,-0.4213538,-0.38872734,-0.35326064,-0.33253938,-0.2915625,-0.2521771,-0.22156088,-0.19536568,-0.1750801,-0.13742518,-0.062893026,0.013892648,0.07569187,0.12633951,0.17694531,0.22209002,0.2615599,0.31142163,0.33684146,0.36258474,0.39110744,0.4192723,0.44440627,0.4679629,0.4947801,0.5210799,0.54493356,0.5682658,0.59022605,0.6115726,0.63260293,0.6475942,0.66636026,0.6871384,0.6989097,0.7008676,0.72310835,0.74311566,0.7740326,0.7975672,0.8221145,0.8862589,0.9601503,0.98484164,1.0034326,1.0211974,1.0444214,1.065403,1.0785943,1.0958073,1.1101928,1.1240617,1.1291131,1.1320401,1.1666452,1.185712,1.1933511,1.2081367,1.2173824,1.2194301,1.2284334,1.2353433,1.2535342,1.2700633,1.2903057,1.3062897,1.3234988,1.342369,1.3584793,1.3601102,1.3638625,1.3688645,1.3582773,1.3493962,1.3450565,1.3396059,1.294976,1.2067316,1.1621199,1.0569276,1.0148658,0.9506828,0.83838916,0.7805195,0.74749583,0.7288146,0.7252635,0.7314409,0.74382454,0.7813447,0.830101,0.88144946,0.92889595,0.9771172,1.0160266,1.053258,1.0881532,1.116043,1.1445063,1.165582,1.1871723,1.2175566,1.2470672,1.2697039,1.2919841,1.3069361,1.3168063,1.3233694,1.322647,1.3208455,1.3242288,1.3237207,1.3170416,1.3092401,1.2987741,1.2905325,1.2807504,1.270664,1.2695229,1.339773,1.3386115,1.3393074,1.3266163,1.4727803,1.784065,1.5539187,0.24220696,-0.35418418,0.47800767,0.36976206,1.0784824,0.1838217,-0.5447276,-0.0008440786,0.111948915,0.15221076,0.26314825,0.34715015,0.37464282,0.45401284,0.53684896,0.6706406,0.7695101,0.7676855,0.75184137,0.74562275,0.7974658,0.8188878,0.80106574,0.8113237,0.8333165,0.8626416,0.8941867,0.9211402,0.9474755,0.98684436,0.99240786,0.9826533,0.9916204,0.9887838,0.97858167,0.93069464,0.96096647,1.0190568,1.0365571,0.9665358,0.9352061,0.8932581,0.85555655,0.8254285,0.86171436,0.84536946,0.8165109,0.72398454,0.72861946,0.78184116,0.7876818,0.8759834,0.65347785,0.58597493,0.77364016,1.1267366,1.1456397,1.1130079,0.70667034,0.30019048,0.6210362,0.30158788,0.4633315,0.12870872,-0.86043036
45,Resop105,0.502959,0.0473373,0.449704,-1.5293537,-1.5135658,-1.4921216,-1.4632251,-1.4341317,-1.4092183,-1.3921189,-1.3808448,-1.3690639,-1.3537773,-1.3280213,-1.2808541,-1.2015762,-1.1118194,-1.0471122,-1.0040497,-0.98703825,-0.9989062,-1.0167459,-1.0218415,-1.0108403,-1.0142843,-1.0174755,-1.0162646,-1.0224215,-1.0370902,-1.0540015,-1.0645522,-1.039926,-0.9143108,-0.6249254,-0.27146938,0.07124021,0.35198697,0.52815855,0.6180214,0.6877959,0.69325835,0.70661145,0.72515994,0.7442726,0.7601379,0.7745454,0.7940535,0.81514645,0.83386904,0.8511671,0.8665776,0.8813389,0.89330184,0.89717853,0.907487,0.9199155,0.91240025,0.89160925,0.8856349,0.87631977,0.89091927,0.9065446,0.9299367,0.9770235,1.0329921,1.0661345,1.0894644,1.116977,1.1397358,1.1622179,1.170997,1.1802557,1.1840404,1.1794815,1.1641427,1.1352419,1.1061466,1.0552044,0.9950379,0.9765539,0.9767367,0.9739323,0.97486156,0.98461914,1.0006098,1.0178566,1.0431638,1.0611283,1.0780928,1.0973713,1.1090283,1.0987922,1.0825732,1.0611207,1.0134594,0.9538572,0.8753538,0.80106974,0.72812444,0.65651035,0.6283434,0.4259672,0.12802404,-0.14248124,-0.33926094,-0.44589156,-0.49331504,-0.51957357,-0.5309572,-0.53027475,-0.5027062,-0.45519698,-0.3979907,-0.338147,-0.26962766,-0.19864419,-0.12988095,-0.060871355,0.0045848787,0.065193065,0.122743025,0.17381872,0.21852158,0.26307228,0.30393842,0.33665776,0.36774248,0.39182192,0.41175354,0.42454502,0.43123338,0.42936173,0.42383823,0.4126849,0.3967901,0.37470287,0.343014,0.31213403,0.2748999,0.23514092,0.19227603,0.1224441,0.104167804,0.085871994,0.08713502,0.105241165,-0.6064941,-1.1360795,-0.7661484,-1.1929834,0.15286213,-0.64819497,-0.573624,-0.93983024,-0.7324119,-1.1348978,-1.1808224,-1.1186557,-1.1314927,-1.0673019,-1.0347197,-1.0370504,-1.0040975,-0.94555026,-0.88205415,-0.8599443,-0.8286883,-0.8229498,-0.81025547,-0.76450336,-0.7142236,-0.68340355,-0.67303777,-0.64395237,-0.5856342,-0.5462685,-0.5215263,-0.5001956,-0.48112947,-0.50034845,-0.49086753,-0.48533982,-0.491751,-0.47263014,-0.4673357,-0.48283526,-0.4973023,-0.50381416,-0.49833193,-0.55260575,-0.6079338,-0.6130303,-0.6165899,-0.63781106,-0.6298052,-0.7009587,-0.7277124,-0.6719236,-0.72943324,-0.80453354,-0.9166253,-0.88372314,-0.85320646,-0.7608902,-0.49629098,-0.64585847,-0.7140733,-0.88331044,-1.6873261,-1.3662642,-1.2261755,-1.6786479,-1.528486
54,Resop119,0.136095,0.284024,0.579882,-1.4797311,-1.4569021,-1.4303807,-1.4024953,-1.3767194,-1.35506,-1.3375926,-1.3220059,-1.3055626,-1.2865273,-1.2630005,-1.2322358,-1.1905409,-1.1433256,-1.1024196,-1.0688685,-1.0451664,-1.0344286,-1.0272204,-1.0148957,-0.9987608,-0.9859358,-0.97436494,-0.9555534,-0.9381461,-0.924089,-0.91015977,-0.8946192,-0.866033,-0.8038933,-0.6962626,-0.57574284,-0.4575025,-0.35134822,-0.27225152,-0.21794231,-0.17581679,-0.14469351,-0.113383606,-0.08304387,-0.05291495,-0.023262937,0.005671208,0.034100518,0.061797,0.08893115,0.11528924,0.14112602,0.16628733,0.19119683,0.21596445,0.24074855,0.26410556,0.2814338,0.30122516,0.31810883,0.3326712,0.35152328,0.37267607,0.39472845,0.43186557,0.47668365,0.500868,0.52398574,0.5484337,0.57240987,0.59430355,0.61676776,0.6319483,0.6498363,0.6685869,0.681133,0.6955252,0.71203774,0.70822036,0.7062291,0.7086981,0.7164749,0.7255343,0.7397464,0.7553712,0.7728703,0.79328126,0.8154659,0.8352073,0.8538621,0.87340784,0.88933724,0.89994043,0.9101785,0.91243786,0.91217166,0.90392464,0.8908146,0.8716255,0.8557765,0.7937634,0.6664547,0.7522029,0.5879433,0.39770278,0.24005792,0.15752694,0.11887812,0.09062352,0.07965657,0.08544838,0.112938486,0.15587407,0.2072362,0.2589822,0.31851363,0.37431234,0.43064976,0.48193184,0.52850467,0.5728787,0.6138631,0.65173244,0.6872658,0.72322077,0.75635636,0.7853993,0.811876,0.8325029,0.84697366,0.8573735,0.859764,0.8571879,0.8541559,0.84861743,0.8369618,0.8211353,0.80751663,0.7964942,0.7814733,0.7618396,0.7470877,0.7511388,0.7508296,0.7826594,0.8038391,0.9114932,0.33884165,-1.4537144,-0.5847154,0.618537,1.538614,0.54806304,0.15480971,0.93243957,-0.6184251,-0.46566856,-0.48898047,-0.561862,-0.5182035,-0.4572668,-0.4215036,-0.36892977,-0.30685207,-0.24120957,-0.19656304,-0.12197222,-0.10728633,-0.09424255,-0.07589579,-0.041682266,-0.019527279,0.022754831,0.038266923,0.07470954,0.0994691,0.14452769,0.17825846,0.20636384,0.20714657,0.21579197,0.19553736,0.18256393,0.18592645,0.18874335,0.21316099,0.25154734,0.24520046,0.18817939,0.124702185,0.07363315,0.069704905,0.018628627,0.038264353,0.049617052,-0.03897404,-0.080748744,-0.091611914,-0.08674202,-0.17643194,-0.16054952,-0.1425205,-0.24316125,-0.23378418,-0.019120138,-0.22397134,-0.4068669,-0.34130237,-0.75502604,-1.1799628,-0.48832572,-0.44754782,-0.6731748,-0.48548976
62,Resop127,0.0473373,0.224852,0.727811,-1.4829717,-1.4649655,-1.4441943,-1.4211558,-1.397838,-1.3775877,-1.3616772,-1.3471026,-1.3310393,-1.3117529,-1.2888621,-1.2622949,-1.2317688,-1.1992645,-1.1679164,-1.13816,-1.1110717,-1.0887754,-1.069048,-1.049627,-1.0296286,-1.0105557,-0.9917254,-0.9709892,-0.9492359,-0.9287527,-0.9092722,-0.8898823,-0.859738,-0.807019,-0.7400515,-0.67668086,-0.6183459,-0.5638574,-0.5164604,-0.4757919,-0.43559363,-0.40282017,-0.36954996,-0.33591932,-0.3022872,-0.26964414,-0.2376624,-0.20555551,-0.17483786,-0.14410442,-0.11440297,-0.08516359,-0.056573134,-0.02681454,0.0011378642,0.029433955,0.057446543,0.07954229,0.10399158,0.12889756,0.15379362,0.1788999,0.20512232,0.2296894,0.266669,0.30619848,0.3325137,0.35999024,0.38498935,0.40949768,0.43254337,0.45533454,0.4748408,0.4998925,0.5227229,0.53869206,0.55335724,0.57734674,0.5912659,0.6044582,0.621735,0.636281,0.65304875,0.67042345,0.68882984,0.7093504,0.7302057,0.75045776,0.7725779,0.7933895,0.81647325,0.83356774,0.8453734,0.8595581,0.8675868,0.8712359,0.8748649,0.8713768,0.862186,0.8310695,0.7689242,0.76064956,0.74762833,0.6280861,0.4606507,0.357517,0.29890805,0.2676137,0.25160882,0.24916013,0.26085803,0.28543645,0.33166364,0.38378686,0.43223718,0.4859205,0.53603816,0.5858261,0.6303097,0.67340595,0.70922655,0.7447096,0.7759601,0.80597156,0.8359538,0.86555815,0.8916667,0.9167058,0.93403286,0.9473848,0.953828,0.9560088,0.9538944,0.9531736,0.94978136,0.9388886,0.9247822,0.9132872,0.9095367,0.8972061,0.88063097,0.86820173,0.8681835,0.88902265,0.9236342,0.95439893,1.3948143,1.8743526,0.30133337,1.3485272,0.61494803,3.3680952,0.9857943,0.9363235,0.86821574,0.21006046,-0.44834948,-0.52689415,-0.40154582,-0.38050908,-0.3404127,-0.2897687,-0.21727632,-0.14886026,-0.033424836,0.007813599,0.075458616,0.0768337,0.10115878,0.12488425,0.14840615,0.17015027,0.20560566,0.22136548,0.27158833,0.30530426,0.33881545,0.37286282,0.3932822,0.3884227,0.3665199,0.39183313,0.39440918,0.39875007,0.39181513,0.39793533,0.39857408,0.40997002,0.3696723,0.3119314,0.24441865,0.21432655,0.19272266,0.22475792,0.2739407,0.19687763,0.14924672,0.093411446,0.055299126,0.094292216,0.07837649,0.1181911,0.13117388,0.086778246,0.4737942,-0.13295752,0.22034039,-0.04866219,0.036444258,-0.063321434,1.8331054,1.793386,0.90463746,2.2987916
67,Resop132,0.0414201,0.538462,0.420118,-1.4631,-1.4384519,-1.4103328,-1.3768716,-1.3403267,-1.3074201,-1.2805866,-1.2563311,-1.2305555,-1.1989446,-1.1610564,-1.1194386,-1.0721544,-1.0179701,-0.9569626,-0.8859193,-0.8055911,-0.7238152,-0.6490872,-0.5842305,-0.53550845,-0.4947094,-0.46949875,-0.43248272,-0.39958256,-0.37029997,-0.3413146,-0.3134349,-0.27734134,-0.22302921,-0.15640275,-0.09324726,-0.03481617,0.017135859,0.059872318,0.09598224,0.1325263,0.15426375,0.17453414,0.19421847,0.21181078,0.22794072,0.2425655,0.2547126,0.26595077,0.27822715,0.29013774,0.30220327,0.31544584,0.3310452,0.34837905,0.36528772,0.38177967,0.4000227,0.41758648,0.4344117,0.4489811,0.46446386,0.4808752,0.4981389,0.5412674,0.5928169,0.6134702,0.6326525,0.65866435,0.6770001,0.6935332,0.7128611,0.72755295,0.7507359,0.775993,0.79746133,0.8221066,0.8576551,0.87305963,0.8833395,0.8903037,0.89756256,0.9081393,0.91985613,0.93391836,0.950127,0.96801287,0.9847605,1.0045344,1.0239203,1.0451745,1.0608062,1.0718559,1.0841157,1.0873871,1.0937445,1.1011041,1.10912,1.1151378,1.1037015,1.0980991,1.1378489,1.148148,1.0453846,0.9269044,0.8235858,0.7792847,0.76957065,0.75640893,0.75359917,0.76554507,0.77871376,0.79482263,0.8190954,0.8472399,0.88207275,0.91287583,0.9414324,0.9672276,0.99172163,1.0140344,1.0336783,1.0531015,1.0740982,1.1006811,1.1264513,1.1495348,1.1711352,1.1885414,1.2000989,1.2045003,1.204103,1.2005349,1.1965624,1.1942285,1.1876019,1.1782998,1.1779304,1.1807348,1.1804396,1.1736919,1.1798046,1.2314552,1.2345998,1.2517345,1.2165873,1.1668135,1.0377656,-0.7777172,0.3240577,0.33270556,0.39642316,1.3630136,0.4630239,-0.35069895,-0.4139375,0.3581864,0.353225,0.37053168,0.5026978,0.53841466,0.57323396,0.62431854,0.6947986,0.7593316,0.80349034,0.857259,0.8389959,0.8125557,0.7966202,0.80003786,0.76571405,0.7523252,0.7622575,0.7909378,0.8021684,0.8437208,0.8630237,0.8768148,0.8827115,0.85924745,0.8527795,0.82822,0.828216,0.8035829,0.8198208,0.85189724,0.8440971,0.7720298,0.72959965,0.6659763,0.6545147,0.6583715,0.67741007,0.6641177,0.60399896,0.5689578,0.52722603,0.4604878,0.3825299,0.4822097,0.3869138,0.34095493,0.5923908,0.54172647,0.53010124,0.42740995,0.28750184,0.17313977,0.20917746,0.2328666,0.298191,-0.0150665045,-0.9728504
69,Resop134,0.0236686,0.786982,0.189349,-1.4369692,-1.4134519,-1.3870463,-1.3567064,-1.3248271,-1.2957557,-1.2712963,-1.2490926,-1.226273,-1.1992656,-1.1685152,-1.1352146,-1.0976813,-1.0551728,-1.0088547,-0.95745915,-0.90134346,-0.8461663,-0.79714525,-0.75540614,-0.7169274,-0.6840096,-0.6543945,-0.6248222,-0.5959701,-0.56656253,-0.53931004,-0.51208997,-0.4792331,-0.43496037,-0.3830802,-0.33281764,-0.28494063,-0.2445632,-0.20988318,-0.17721409,-0.14113256,-0.120003834,-0.09521412,-0.07063347,-0.047606595,-0.024344007,-0.0014646043,0.017096244,0.034410313,0.05247509,0.070599236,0.08873203,0.10772981,0.1280716,0.15131864,0.1718966,0.19052337,0.21421881,0.24167666,0.25812235,0.27203357,0.28393948,0.29917356,0.31361604,0.33992517,0.36776304,0.39249712,0.41375065,0.43761626,0.45953402,0.4782767,0.49979994,0.52005196,0.54261315,0.56789345,0.59354514,0.6301311,0.64977527,0.6602209,0.67126536,0.6744577,0.68086094,0.6958047,0.71122813,0.7283591,0.743771,0.76367646,0.78601587,0.8101289,0.8344143,0.86268103,0.88207906,0.9019873,0.9233946,0.9377399,0.95647484,0.97104424,0.9877042,0.9927458,0.9880242,0.9519131,1.0914052,1.0694984,0.9662261,0.8806665,0.7695641,0.68532425,0.64443153,0.6141772,0.59700465,0.5988583,0.6154129,0.628479,0.6442644,0.6679598,0.7010676,0.7301741,0.76023,0.78623134,0.8105562,0.83162695,0.8524334,0.8741845,0.8994192,0.93274224,0.96781117,0.9997027,1.028704,1.0493891,1.0603368,1.0604782,1.0542519,1.0427831,1.0359561,1.0307043,1.0212958,1.0092062,1.0101322,1.0176208,1.0182755,1.0146977,1.0225065,1.056264,1.0844611,1.1546189,1.2037967,1.2005252,0.56704086,-1.301311,0.7652777,1.3017744,1.1033405,1.3342327,1.148017,1.2059935,0.77701414,0.41308597,0.26554996,0.25658914,0.34370044,0.40680358,0.4460909,0.49342453,0.5501927,0.6298514,0.6418045,0.630887,0.5747774,0.5259071,0.49066266,0.42297512,0.37340972,0.36293697,0.34256712,0.36742696,0.37570786,0.4021376,0.44153127,0.44902715,0.47447336,0.46925908,0.4850639,0.48935688,0.47983864,0.49066198,0.5145738,0.50606316,0.5055202,0.44503918,0.32835767,0.24488492,0.22341591,0.18960707,0.23316786,0.21001278,0.18010215,0.1567843,0.118073076,0.13092895,0.10652043,0.22381838,0.14030473,0.070766345,0.130702,0.4587487,0.07034109,0.14744334,0.12889512,0.17849311,0.88064706,0.5728453,-1.420522,-1.7467195,-1.7035724
70,Resop135,0.0,0.911243,0.0887574,-1.3742466,-1.3433802,-1.3090966,-1.2715335,-1.233468,-1.1985322,-1.1674057,-1.1380655,-1.1086558,-1.0757569,-1.0400158,-1.0033242,-0.96381783,-0.91943485,-0.8716265,-0.82111424,-0.76847625,-0.71758646,-0.671543,-0.6294427,-0.59277934,-0.55611867,-0.5246871,-0.48906484,-0.45276982,-0.41650632,-0.38280103,-0.34980533,-0.31127745,-0.26275992,-0.21234706,-0.16631293,-0.120978214,-0.082087725,-0.0478319,-0.01327329,0.026289606,0.053458817,0.08258157,0.11243436,0.14140578,0.17082898,0.20005645,0.22362556,0.24549143,0.26893422,0.29183453,0.31416738,0.33778313,0.36215493,0.390981,0.41555333,0.43636048,0.4660938,0.4981389,0.51634306,0.52912945,0.5396204,0.5544071,0.5701194,0.6030269,0.64167947,0.664896,0.68875694,0.7114109,0.73397183,0.75428253,0.7779329,0.79790425,0.8222796,0.8519318,0.88291675,0.9278708,0.95545864,0.9599935,0.9672951,0.96027446,0.96214116,0.9745886,0.9858721,1.0025798,1.0188714,1.0394433,1.062355,1.0876338,1.1121651,1.1402384,1.1622452,1.1819648,1.2020069,1.2199169,1.2406042,1.2610352,1.277239,1.278244,1.2763109,1.2138269,1.3252358,1.4135482,1.3425807,1.2061568,1.054093,0.94202,0.8675882,0.8326086,0.8093537,0.8026431,0.8151392,0.82416546,0.84001887,0.8607416,0.89474624,0.92762357,0.95844907,0.98462754,1.0086308,1.0325931,1.0541037,1.0753009,1.1037045,1.1415879,1.179478,1.2145019,1.2480478,1.2692322,1.2804365,1.2764177,1.2656444,1.2548904,1.2452128,1.2357954,1.2243596,1.2104192,1.2108724,1.2218893,1.2222155,1.2195165,1.2219332,1.2351745,1.2791952,1.3151299,1.2745138,1.5345576,1.683244,-0.30595565,0.77371544,2.1124299,1.5540081,1.6442866,1.1934175,1.1899694,1.6943611,0.48349005,0.27298996,0.3075891,0.4692584,0.5345104,0.5576385,0.62168145,0.68446815,0.74853235,0.7439821,0.74951255,0.6983413,0.6471756,0.6022171,0.55869263,0.510038,0.4797823,0.46161038,0.47772604,0.49420118,0.5140407,0.5483302,0.58966255,0.60202867,0.59964406,0.6244041,0.58694935,0.60114455,0.61692995,0.65142417,0.66244245,0.6450357,0.54993325,0.45674363,0.35505453,0.31114843,0.31138378,0.35322428,0.3209025,0.26663324,0.19560583,0.20650874,0.29396957,0.20469975,0.23918661,0.16750503,0.27303016,0.35717133,0.21843393,0.23101903,0.04653569,-0.5363343,-0.46014962,-0.47572353,-0.050971106,-1.1979713,-1.6080042,-1.7513157
76,Resop142,0.0,1.0,0.0,-1.3735638,-1.3258551,-1.2758802,-1.2255493,-1.1774917,-1.1336178,-1.0917132,-1.0508714,-1.0114038,-0.97250444,-0.9346039,-0.89733344,-0.8583292,-0.81966865,-0.7834339,-0.7462037,-0.70567346,-0.66489166,-0.62677354,-0.5892854,-0.5549739,-0.5203544,-0.48952937,-0.45209295,-0.4159044,-0.3800616,-0.34493425,-0.3111746,-0.27637783,-0.23913403,-0.2036195,-0.16818222,-0.13046478,-0.09891636,-0.070851885,-0.04021182,-0.0019138135,0.020774523,0.047273077,0.07617041,0.104178324,0.13343301,0.1632096,0.18628427,0.20773074,0.23049387,0.2530782,0.27520958,0.2971423,0.3208083,0.34881657,0.37151098,0.39076573,0.42022002,0.45111683,0.46730378,0.477766,0.483078,0.49558762,0.5066084,0.53749216,0.5713752,0.5912998,0.6111552,0.6339791,0.6523296,0.6694419,0.6883416,0.7065163,0.7282392,0.7562505,0.7919984,0.8362415,0.8628285,0.8708575,0.8773009,0.87389886,0.8780051,0.8908473,0.90553963,0.924326,0.9411812,0.96343803,0.9886024,1.0141373,1.0401788,1.0701087,1.0961134,1.1171906,1.139095,1.1603009,1.1842915,1.2137388,1.2430602,1.2714652,1.3220519,1.4279594,1.3783351,1.4558781,1.4071705,1.355837,1.2721285,1.1808974,1.1198837,1.0897365,1.0726522,1.0832056,1.1059923,1.1140853,1.1290331,1.1504315,1.1852409,1.2201291,1.257513,1.2909938,1.3204796,1.3481907,1.3779726,1.4049764,1.439562,1.4834775,1.5253081,1.5653802,1.6056268,1.6372752,1.6580147,1.6696697,1.6637381,1.6457789,1.626125,1.6132361,1.5957562,1.5751187,1.5750011,1.607211,1.6259602,1.6392448,1.6769594,1.7428222,1.8060671,1.8849634,1.9774537,2.3114564,1.6040658,-0.659755,0.16119319,0.6646438,1.4897243,2.4003358,1.9024559,1.2718297,1.2210056,1.0475068,0.9462148,0.871543,1.0376396,1.088608,1.1324083,1.2091795,1.3008821,1.3865792,1.3906608,1.3665861,1.2612087,1.1628559,1.1028132,1.0238057,1.0102365,0.9834129,0.9644856,0.9855666,0.9923099,1.0165095,1.0431161,1.077195,1.0839145,1.0801063,1.087509,1.0910834,1.1239567,1.1508261,1.1996337,1.2010784,1.1501595,1.0764763,0.92810994,0.7990291,0.7403716,0.70944697,0.7544628,0.7133024,0.6414511,0.6147084,0.6358832,0.5759477,0.6724248,0.72241884,0.55416596,0.5617485,0.76764363,1.0964711,1.0431582,0.80060744,0.9221751,0.64848423,0.6230443,1.5376443,2.5753784,0.04648696,0.4336533
81,Resop147,0.970414,0.0295858,0.0,-1.66332,-1.6476156,-1.6315506,-1.6187457,-1.6086849,-1.5995697,-1.5920244,-1.5865558,-1.5810446,-1.5737512,-1.5584799,-1.5226003,-1.4537977,-1.3746377,-1.3226204,-1.2941505,-1.2941598,-1.3285816,-1.3662959,-1.3862696,-1.3939409,-1.40535,-1.4197103,-1.4240645,-1.4392505,-1.4625065,-1.4783646,-1.490337,-1.4764986,-1.3745862,-1.1019623,-0.7343035,-0.3174141,0.09678729,0.41281205,0.60390776,0.7287071,0.765826,0.8065098,0.8509768,0.89371645,0.93854016,0.983569,1.019783,1.0539721,1.0915788,1.128518,1.1636094,1.1969125,1.2311366,1.2705662,1.3012855,1.3236772,1.3522586,1.3704516,1.3464586,1.3010912,1.2773635,1.2837176,1.3019326,1.3469863,1.4073666,1.4578251,1.5081621,1.5572085,1.5963458,1.6293895,1.6560546,1.6699619,1.6850209,1.7000777,1.7150909,1.7293752,1.6714464,1.529336,1.3716255,1.2696335,1.2304053,1.2102306,1.1973239,1.2047466,1.222045,1.2544261,1.2903568,1.3279045,1.3636942,1.3969142,1.4101981,1.4051942,1.3851225,1.3400137,1.2658472,1.1623522,1.0355031,0.915469,0.857258,0.86860234,0.7892407,0.5724942,0.12340527,-0.33329582,-0.6488564,-0.8204338,-0.9035491,-0.94407773,-0.9706645,-0.97349995,-0.944936,-0.90766907,-0.865087,-0.8097549,-0.7441118,-0.6733569,-0.60099906,-0.52876973,-0.45684844,-0.38814306,-0.32333398,-0.2612391,-0.2034767,-0.14690648,-0.09187777,-0.04480827,0.0012049418,0.038975794,0.06905645,0.08364593,0.086683474,0.075999446,0.056636702,0.0366809,0.009385948,-0.024918724,-0.06068613,-0.09058367,-0.13303417,-0.17931534,-0.211465,-0.22433396,-0.23541075,-0.21198106,-0.18198337,-0.065026425,0.50518435,-0.35879067,-0.281084,-1.0528998,-1.1678963,-0.39936462,-0.8359877,-0.7899811,-1.3620734,-1.4425929,-1.4792683,-1.4991571,-1.4250455,-1.429986,-1.4214163,-1.3801374,-1.347524,-1.338021,-1.3234102,-1.2691548,-1.253978,-1.2263875,-1.205841,-1.1993034,-1.1873682,-1.1516529,-1.1157789,-1.0848149,-1.0615118,-1.0195009,-0.9932322,-0.9720756,-0.95507133,-0.9366967,-0.9238384,-0.90612257,-0.9110623,-0.8916752,-0.8762157,-0.8813732,-0.90618503,-0.9438603,-0.95498776,-0.9965828,-1.0459898,-1.0750785,-1.1112045,-1.1205593,-1.14784,-1.1942565,-1.1999716,-1.2850853,-1.3251475,-1.2609838,-1.2325709,-1.2975924,-1.4752922,-0.99478364,-0.9791181,-1.4379798,-1.5018712,-1.3603275,-1.44082,-1.6977758,-0.6706856,-1.5140086,-1.7287723
86,Resop164,0.0532544,0.899408,0.0473373,-1.3421243,-1.3016226,-1.2559179,-1.2078031,-1.1613519,-1.1180574,-1.0784866,-1.0410398,-1.0038928,-0.96631444,-0.9265913,-0.8852445,-0.84179765,-0.7982385,-0.7564819,-0.7152509,-0.67370033,-0.633803,-0.5972385,-0.5616973,-0.52143383,-0.4828049,-0.44184202,-0.40112898,-0.36152938,-0.32109705,-0.2822082,-0.24415246,-0.19923328,-0.1356606,-0.06797725,-0.006304939,0.052834902,0.10164048,0.14517146,0.19030659,0.25108716,0.27836597,0.3157908,0.3572232,0.3973606,0.43938246,0.4810257,0.5147358,0.54538065,0.5784711,0.61089134,0.64359665,0.6758472,0.7115163,0.7527685,0.7865798,0.8155342,0.8552261,0.8968637,0.9194754,0.93452644,0.9457824,0.9623898,0.9790739,1.0116605,1.050191,1.0828298,1.1101892,1.1426029,1.176127,1.2063476,1.2393018,1.2657729,1.2975106,1.3353744,1.3789794,1.4320213,1.4523226,1.454247,1.452018,1.4443058,1.4539044,1.4713147,1.4917156,1.515458,1.5385245,1.5640361,1.5980737,1.6320338,1.6685523,1.7084724,1.7414356,1.7619649,1.7876086,1.8125685,1.8371638,1.8578173,1.8711655,1.8777931,1.897807,1.7435609,1.778219,1.8267303,1.8389174,1.7459373,1.5866829,1.4558828,1.3685248,1.3212643,1.2828047,1.2781769,1.2995127,1.3119589,1.3328193,1.3593183,1.4004347,1.4426702,1.4813787,1.5145488,1.5422387,1.5715077,1.6028767,1.6317681,1.6661503,1.716495,1.7654144,1.8076892,1.8459715,1.8697333,1.878491,1.8706859,1.8575187,1.8434153,1.8331312,1.8198482,1.8028622,1.780482,1.7832236,1.7976639,1.7983333,1.7948885,1.8018308,1.8287807,1.845297,1.8879861,1.9381405,1.9750093,2.4503205,-0.32018578,0.6244761,2.3335145,2.6253812,1.8650584,1.4585781,1.0298736,0.61541545,0.9100441,0.83203644,0.81151235,0.89920884,1.0226222,1.0587132,1.1327981,1.1926816,1.2743523,1.3156508,1.268816,1.1821414,1.1044068,1.0115738,0.9434924,0.8959845,0.8759512,0.8576217,0.8704632,0.8851826,0.9039924,0.93485487,0.9708346,1.0013037,1.0137081,1.0304904,1.0447584,1.0623096,1.0885195,1.0870122,1.0929482,1.0240804,0.9342117,0.81127065,0.7461047,0.6806169,0.6588759,0.66473615,0.6197421,0.57918936,0.5753398,0.54118073,0.59116,0.5646754,0.48880762,0.5498477,0.6721857,0.5347744,0.7128326,0.2714972,0.4845537,0.2837025,0.6066692,-0.07927514,-0.10811112,1.1730518,-0.66565806,-0.47483808
92,Res006,0.235099,0.304636,0.460265,-1.5724812,-1.5610399,-1.5468225,-1.531354,-1.5159777,-1.4996295,-1.4870609,-1.4790608,-1.4698447,-1.4557028,-1.4306629,-1.3887731,-1.3260355,-1.2549821,-1.1975689,-1.1535163,-1.1259309,-1.1234617,-1.1330007,-1.1374569,-1.1372259,-1.1421499,-1.1502435,-1.1491404,-1.1478941,-1.1584007,-1.1806854,-1.214496,-1.2064458,-1.0844238,-0.8428758,-0.6046614,-0.40670764,-0.25139192,-0.14965469,-0.08704445,-0.040879674,-0.01779857,0.00071786996,0.02127971,0.044208426,0.066790074,0.08679063,0.10385392,0.117968135,0.12903453,0.13986088,0.15255128,0.17212927,0.19698946,0.22088495,0.24054381,0.25504777,0.2594258,0.26400274,0.26207688,0.25900978,0.263148,0.2778476,0.29698104,0.32434168,0.35266033,0.37531242,0.39979106,0.42026186,0.44374344,0.46386507,0.47916225,0.48938656,0.4968588,0.5079502,0.5174951,0.5145486,0.4965246,0.46568435,0.42076203,0.4039134,0.4093663,0.41398415,0.41699353,0.424265,0.43832606,0.45405796,0.47132212,0.48858255,0.5059416,0.5229938,0.53117144,0.5305677,0.5251641,0.508764,0.47761455,0.43280816,0.37660372,0.31867257,0.26284817,0.057745587,0.07867273,0.36471114,0.36700368,0.5613229,-0.27143595,-0.61624855,-0.74664927,-0.8066552,-0.8294774,-0.8399944,-0.81346834,-0.777576,-0.7260084,-0.6673796,-0.60856533,-0.54293257,-0.47902423,-0.41451013,-0.35470513,-0.29938135,-0.24803722,-0.19840159,-0.15287323,-0.114328064,-0.07989742,-0.0472968,-0.02263458,0.00022670809,0.01786039,0.030609213,0.038274985,0.041174162,0.037305165,0.026379822,0.01265592,-0.0037041062,-0.02796152,-0.05857868,-0.09227288,-0.13289861,-0.1660854,-0.18949792,-0.18272075,-0.27282882,-0.47929314,-0.7181148,-1.5906794,-0.91507995,-1.6656177,-1.7373631,-1.7524366,-1.7524561,-1.7524561,-1.7524561,-1.7524545,-1.7417672,-1.2336837,-1.2498536,-1.3589325,-1.2773168,-1.2560163,-1.2470374,-1.2141808,-1.1742277,-1.1757104,-1.1185507,-1.0860213,-1.0525239,-1.0355859,-1.006066,-0.97294474,-0.9384568,-0.9244392,-0.88896155,-0.85745007,-0.83036745,-0.79722345,-0.7747044,-0.75552887,-0.74724096,-0.74148417,-0.71937597,-0.7088178,-0.68412614,-0.68320656,-0.6877072,-0.6957211,-0.70872873,-0.7132195,-0.74978274,-0.79089457,-0.80266905,-0.8265178,-0.8878735,-0.9405443,-0.90159774,-0.8964567,-0.9958075,-0.98453593,-1.0938737,-1.0415975,-1.0524577,-1.3941921,-1.2306535,-1.2418284,-1.1068962,-1.2693405,-1.4249529,-1.7054502,-1.479675,-1.6425009,-1.5302137,-1.6528456
94,Res008,0.178808,0.350993,0.470199,-1.5554981,-1.542878,-1.5286973,-1.5120368,-1.4941598,-1.4769517,-1.4642714,-1.4555134,-1.4451393,-1.4300687,-1.4042842,-1.3643014,-1.3074434,-1.2450157,-1.1952862,-1.1566067,-1.1298666,-1.1215664,-1.1222734,-1.1196761,-1.1133753,-1.1115683,-1.1121969,-1.1068665,-1.1040003,-1.1118721,-1.1266187,-1.1501373,-1.1382277,-1.0298299,-0.8342928,-0.6503911,-0.50437933,-0.39666867,-0.32728946,-0.28286123,-0.2466092,-0.22685404,-0.20893323,-0.18934004,-0.16966541,-0.15008986,-0.13208106,-0.1156418,-0.100741245,-0.08804816,-0.07620465,-0.063082345,-0.045976516,-0.026687514,-0.007566324,0.008591886,0.022828335,0.027351279,0.038485218,0.04001339,0.044229344,0.051215928,0.0652668,0.08016094,0.09054405,0.10069041,0.11609569,0.13605967,0.15548739,0.16760634,0.18150377,0.19854334,0.20798363,0.2192314,0.22875454,0.2443434,0.25783908,0.24068335,0.22794913,0.1990296,0.19032447,0.19471256,0.20025803,0.20763773,0.21555988,0.2295272,0.24371937,0.26102048,0.27770874,0.29164872,0.30715743,0.31683788,0.31970048,0.31823295,0.31122276,0.29522908,0.2697083,0.23660845,0.19279699,0.13953088,0.16809131,-0.1103019,0.06985717,0.10617382,0.07993481,-0.39030015,-0.5541217,-0.6922288,-0.73116046,-0.76017696,-0.753409,-0.72652155,-0.6966771,-0.6457712,-0.5910225,-0.5339555,-0.47405374,-0.41954234,-0.36509642,-0.313392,-0.26613998,-0.21855512,-0.17596848,-0.14100705,-0.10712857,-0.0776134,-0.052713484,-0.02917955,-0.016241765,-0.009817862,-0.0012043575,0.007284341,0.011936064,0.010173701,0.0031328953,-0.008924002,-0.024276929,-0.044036992,-0.06479002,-0.09370651,-0.12384794,-0.14984283,-0.18285058,-0.18935034,-0.15090601,0.15391761,0.7257134,0.09451378,-1.3596082,-1.7393869,-1.7233826,-1.5518934,-0.70088524,-1.6874139,-1.7502381,-1.3093036,-0.8244067,-0.8108432,-1.0985596,-1.2130822,-1.1922491,-1.1735731,-1.1381472,-1.1187742,-1.0994877,-1.0517044,-1.0193632,-1.0005101,-0.9786474,-0.9420006,-0.91171163,-0.8771971,-0.85678023,-0.83608013,-0.81324697,-0.7868627,-0.76376307,-0.73321486,-0.7035718,-0.6934176,-0.6847725,-0.65589,-0.6521874,-0.63895035,-0.63398296,-0.6391196,-0.6281788,-0.62354046,-0.6528008,-0.687539,-0.6966368,-0.72884005,-0.76176834,-0.755347,-0.800599,-0.8458986,-0.85676986,-0.90905637,-0.8635116,-0.90480125,-0.92755544,-0.99057573,-0.88878036,-0.94669706,-1.0821368,-1.0168538,-1.3370049,-1.3391049,-1.353299,-0.07292042,-0.94721586,-1.6358277,-1.3878253,-1.3067554
97,Res011,0.125828,0.00993378,0.864238,-1.5250131,-1.5109079,-1.4929672,-1.4708581,-1.4476203,-1.4258971,-1.4115101,-1.402781,-1.3916758,-1.3730966,-1.3414052,-1.2935286,-1.226498,-1.1484208,-1.0788687,-1.0198916,-0.97560036,-0.9556913,-0.95113665,-0.94768906,-0.94407904,-0.9491025,-0.9568004,-0.9547189,-0.9484899,-0.94788057,-0.9653598,-1.0015433,-0.99535996,-0.86678666,-0.63727057,-0.4326607,-0.2700467,-0.14531054,-0.0637939,-0.013785955,0.025617428,0.042147137,0.055833995,0.070499085,0.08580153,0.10057121,0.11370637,0.12400967,0.1325922,0.13956301,0.14761244,0.15703835,0.16924833,0.18330692,0.19757539,0.21023108,0.2198996,0.2223789,0.23009305,0.22794609,0.2254745,0.2266319,0.23802152,0.25271595,0.25690863,0.25781244,0.27302712,0.28716084,0.3052678,0.31935596,0.33416092,0.34423894,0.35062182,0.35792717,0.36323893,0.37401575,0.37351745,0.3630501,0.34759888,0.3125164,0.30104262,0.30182698,0.30518857,0.3071371,0.3111073,0.319603,0.328658,0.34078807,0.3492349,0.35918227,0.368137,0.37348568,0.37353918,0.36590895,0.35207555,0.33161876,0.30560437,0.27373692,0.23100641,0.19460633,0.2204507,-0.02077721,0.09123773,-0.13602953,-0.2470015,-0.5442012,-0.6844786,-0.7224727,-0.7694253,-0.7904093,-0.79750705,-0.7677682,-0.7246242,-0.66976285,-0.61541045,-0.5557155,-0.49228397,-0.43158266,-0.3733354,-0.31840554,-0.27076203,-0.22639735,-0.18641505,-0.15303157,-0.12102051,-0.09520115,-0.07489021,-0.052457795,-0.03553392,-0.021950016,-0.013219302,-0.005444383,-0.003024099,-0.0033384517,-0.010083836,-0.020950748,-0.03230789,-0.05474825,-0.07851368,-0.10671465,-0.1431984,-0.17263143,-0.19476527,-0.19984283,-0.15839218,0.1220719,0.6538357,-0.533539,-0.8038082,-1.7355578,-1.4880078,-0.9171293,-0.5236663,-1.2569946,-1.735487,-1.6650662,1.4361843,1.1292917,-1.3178533,-1.24263,-1.34127,-1.3146225,-1.2873442,-1.2648643,-1.2084062,-1.1339599,-1.1142076,-1.1074793,-1.0758666,-1.0280834,-0.9831357,-0.9445285,-0.90154856,-0.8738801,-0.84060967,-0.8005679,-0.75212336,-0.72996545,-0.70233953,-0.67313766,-0.67384255,-0.6590123,-0.6523081,-0.6459542,-0.6369354,-0.6198505,-0.61665463,-0.6222679,-0.6352956,-0.6236937,-0.65068644,-0.6725293,-0.68593407,-0.7222405,-0.7238507,-0.7922595,-0.7972609,-0.8096945,-0.84070396,-0.8784537,-0.89220685,-0.890393,-0.9344175,-1.1186898,-1.0098583,-0.71824604,-0.5255984,-0.5498746,-0.42532623,-0.5447765,-1.0421774,-0.051110636,0.9779708,-1.5792919
99,Res013,0.178808,0.00993378,0.811258,-1.5306377,-1.5149126,-1.4954607,-1.47333,-1.4511185,-1.4300038,-1.415426,-1.4070517,-1.3966535,-1.3791131,-1.3483299,-1.2989296,-1.2257886,-1.1391548,-1.0654674,-1.0064602,-0.96638197,-0.9557325,-0.9606429,-0.9623926,-0.96120816,-0.9696203,-0.9808649,-0.9804825,-0.9769962,-0.9808247,-1.0024655,-1.0407783,-1.034968,-0.9031392,-0.65202785,-0.4134606,-0.21569358,-0.06085581,0.03920367,0.0981431,0.14218336,0.15869857,0.17209305,0.18749669,0.20286715,0.2181495,0.23188007,0.24290742,0.25191638,0.25937346,0.26786682,0.27762064,0.29011858,0.30414245,0.31866136,0.33095804,0.33931118,0.34136885,0.34247926,0.34270945,0.33651987,0.33689195,0.34942633,0.36059207,0.36724862,0.3768657,0.39522418,0.41138402,0.42587814,0.43808767,0.45191056,0.4635498,0.47233975,0.4794385,0.48250327,0.49617237,0.5025737,0.48857135,0.45472383,0.4185978,0.39029527,0.39382935,0.40009817,0.4010307,0.40897086,0.41763836,0.4259291,0.43452764,0.44464678,0.45609856,0.46650657,0.47268403,0.47013438,0.45939985,0.44583735,0.42316443,0.3932586,0.35325348,0.31500784,0.37010467,0.5208377,0.4979082,0.50351375,0.2562035,0.29114342,-0.1909263,-0.5165823,-0.70862365,-0.75927716,-0.8015427,-0.81062096,-0.7772767,-0.7330695,-0.67928284,-0.62344456,-0.5581396,-0.48968863,-0.4260033,-0.36314604,-0.30545256,-0.25398365,-0.2061376,-0.16317606,-0.124943264,-0.0920852,-0.06462851,-0.039020784,-0.016741691,0.0027585933,0.015779233,0.027350461,0.0358644,0.038439874,0.036670033,0.026762772,0.015295316,0.0011641576,-0.019512787,-0.04624611,-0.080498666,-0.11589329,-0.14638798,-0.20208198,-0.21261047,-0.24772298,-0.249851,0.73202497,-0.4550211,-1.1584587,-1.744924,-1.6166936,-1.6744205,-1.6700163,-1.31826,-1.7434906,-1.7364688,-1.661401,-1.5106473,-1.5418463,-1.5225111,-1.3472158,-1.3341869,-1.3109934,-1.2905133,-1.2596006,-1.1940444,-1.1619906,-1.1327596,-1.0972614,-1.0583149,-1.0233474,-0.97879547,-0.933037,-0.90067136,-0.8759679,-0.82068276,-0.780263,-0.75532925,-0.7274271,-0.7078707,-0.6975237,-0.68550634,-0.67239267,-0.67556626,-0.6665296,-0.681518,-0.64757913,-0.63568664,-0.6519616,-0.66337997,-0.6884915,-0.7150484,-0.73821574,-0.761207,-0.8347855,-0.8154224,-0.85585177,-0.9019164,-0.91953874,-0.9639972,-0.9671689,-1.0835994,-1.0172054,-1.0592687,-1.2900249,-0.96188545,-1.1822433,-1.3279616,-0.32631204,-1.2632782,-1.7034687,-1.6023805,-1.7494248,-1.7524558
102,Res016,0.0198676,0.0629139,0.917219,-1.4593278,-1.441879,-1.4202207,-1.3911418,-1.3580763,-1.3309276,-1.3155417,-1.3042319,-1.2875677,-1.2607337,-1.2229333,-1.1787642,-1.1299039,-1.0767192,-1.0208849,-0.9627407,-0.9046456,-0.8525142,-0.8095828,-0.7752059,-0.7475586,-0.72558457,-0.7062729,-0.6868387,-0.6658656,-0.6446549,-0.6278654,-0.61597955,-0.5887853,-0.5290752,-0.46099734,-0.40453616,-0.35594338,-0.3137267,-0.27777758,-0.24677432,-0.21387173,-0.1930237,-0.17511833,-0.15622477,-0.13910703,-0.122747354,-0.107362285,-0.09451016,-0.08382952,-0.07450154,-0.06409002,-0.05355932,-0.04005219,-0.025900347,-0.011472714,0.002844602,0.014621153,0.022892257,0.030630365,0.03912631,0.04843665,0.05664243,0.071663596,0.08559971,0.09949762,0.105938464,0.11942187,0.13574228,0.14919542,0.16098635,0.17686959,0.18859775,0.19999006,0.21356018,0.22263038,0.23652922,0.23842235,0.23843029,0.23362501,0.22812302,0.23048685,0.23793177,0.24389607,0.25006065,0.2586405,0.26616487,0.2733223,0.28453267,0.29421428,0.30422565,0.31276318,0.32031444,0.32043433,0.32012933,0.3178501,0.30601758,0.28929073,0.26626328,0.23913261,0.1959362,0.0034511047,-0.1094272,-0.4792353,-0.110897996,-0.07719632,-0.45430395,-0.54786146,-0.59491265,-0.59848875,-0.6056338,-0.60534203,-0.57953805,-0.5246324,-0.47233987,-0.423657,-0.36559647,-0.3065042,-0.25062484,-0.19756395,-0.1494247,-0.10710987,-0.06699341,-0.03178821,-0.0062782946,0.020812387,0.044585418,0.06215751,0.078895815,0.09470531,0.103835456,0.1121983,0.119129956,0.12015949,0.12243791,0.117878504,0.112067066,0.10304607,0.085181355,0.065554745,0.040364556,0.017317576,-0.011361347,-0.022650708,-0.045506973,-0.082618736,-0.11568306,0.44526333,-0.67376494,-1.5631729,-1.75055,-1.3193421,-0.8773012,-1.0274519,-1.7462245,-1.7475189,-0.86648613,0.46024615,-1.6313479,-1.2334065,-1.2695092,-1.207462,-1.1811985,-1.1545068,-1.1019275,-1.0597726,-1.0212249,-0.9532525,-0.9152761,-0.8837686,-0.83758086,-0.79668367,-0.7551567,-0.7007333,-0.6649578,-0.6331432,-0.59245914,-0.5533146,-0.52576035,-0.4967694,-0.4721537,-0.4587139,-0.43837935,-0.4374703,-0.4357597,-0.42515805,-0.43708465,-0.43572697,-0.39987823,-0.4101425,-0.4501151,-0.43757358,-0.45672283,-0.4899663,-0.51413304,-0.5646344,-0.5879113,-0.61102784,-0.61511827,-0.65454936,-0.7097302,-0.7234534,-0.7639083,-0.7695005,-0.7717163,-0.612574,-0.66456497,-0.72083914,-0.5873513,-0.9487865,-0.7318101,-0.59131986,-1.0841203,-1.2624962,-1.574493
103,Res017,0.00662252,0.0231788,0.970199,-1.4253676,-1.4065844,-1.3834783,-1.3518573,-1.3142698,-1.2846196,-1.2686116,-1.2564734,-1.2381966,-1.2078432,-1.16578,-1.1181403,-1.0662911,-1.0100971,-0.9495572,-0.8844543,-0.81801635,-0.75637203,-0.70407397,-0.66285247,-0.6313064,-0.60603863,-0.5895939,-0.5687691,-0.54260707,-0.51822746,-0.49826136,-0.48394006,-0.4555449,-0.39976966,-0.34162128,-0.29548314,-0.25547534,-0.21851656,-0.1866934,-0.15813147,-0.12718767,-0.10658494,-0.09076737,-0.07355883,-0.057969138,-0.043025807,-0.030112326,-0.018995801,-0.009940916,-0.002175229,0.006427992,0.015660971,0.02685369,0.04110825,0.053328987,0.06541206,0.07646151,0.08634353,0.09201684,0.10022566,0.10464039,0.11816329,0.13333614,0.14610285,0.16765495,0.1937438,0.21428238,0.22460811,0.23671268,0.24729154,0.2643311,0.27600002,0.28557435,0.29672208,0.30206653,0.31847623,0.32248127,0.3134307,0.3171368,0.31270337,0.32411146,0.33116254,0.33620223,0.34510323,0.35357836,0.36228418,0.3705574,0.37878948,0.38653868,0.39625347,0.40918425,0.4150153,0.41439736,0.41385326,0.41037458,0.40215138,0.38509312,0.36471254,0.34957662,0.34308833,0.31078148,-0.02123238,0.17326328,0.10996733,0.23760574,-0.11254221,-0.3702192,-0.45227504,-0.4490934,-0.47672817,-0.4746821,-0.4433703,-0.391781,-0.3410983,-0.28122365,-0.22214553,-0.16291349,-0.107095025,-0.05348768,-0.0064028674,0.035750814,0.073677905,0.10853895,0.13546275,0.16107036,0.1832021,0.19850864,0.213728,0.22838712,0.23821363,0.24682668,0.25431132,0.2577187,0.25884992,0.25755745,0.25189978,0.24405873,0.23016807,0.21240257,0.18712099,0.15960121,0.13942699,0.10022788,0.09467365,0.023000704,-0.05052727,-0.7051005,-0.9910705,-0.6973045,-1.7161996,-1.7522639,-1.6085062,-1.2899381,-1.5936728,-1.7464887,-1.5774637,-1.3287419,-1.6147972,-1.1686152,-1.1624087,-1.1197764,-1.0941808,-1.0534862,-1.015872,-0.97060573,-0.9266288,-0.8624359,-0.79325044,-0.7419997,-0.6984209,-0.664433,-0.60377175,-0.5567486,-0.50863814,-0.4633663,-0.41994914,-0.38261288,-0.35286504,-0.3302862,-0.30168033,-0.29258233,-0.28397724,-0.26520196,-0.28106427,-0.28558195,-0.26470026,-0.2551493,-0.23862872,-0.2479214,-0.26081106,-0.26463306,-0.27648547,-0.28962412,-0.31846607,-0.37460366,-0.38863188,-0.3915258,-0.4563323,-0.5284209,-0.57684857,-0.5913916,-0.550318,-0.5477972,-0.692985,-0.708183,-0.99103963,-1.0613078,-0.6948829,-0.55147666,-1.0944097,-0.73630404,-0.14589658,-0.62661284,-1.7252789
105,Res019,0.192053,0.155629,0.652318,-1.5457882,-1.5309786,-1.5145723,-1.4945143,-1.4726402,-1.4533267,-1.44097,-1.4321929,-1.4206325,-1.4026057,-1.375237,-1.337832,-1.2892786,-1.2371191,-1.19266,-1.1539602,-1.1211203,-1.1000514,-1.0862341,-1.0726011,-1.0586727,-1.0489143,-1.041941,-1.0316491,-1.0236939,-1.0222208,-1.02434,-1.032395,-1.0156872,-0.9328648,-0.79315996,-0.65800196,-0.5435476,-0.4546946,-0.3938624,-0.3523969,-0.3147518,-0.29542506,-0.27702126,-0.2563303,-0.23659489,-0.2178854,-0.19959848,-0.1827675,-0.16736431,-0.15279505,-0.1383721,-0.12445269,-0.10863372,-0.09265512,-0.075634845,-0.059838664,-0.046328146,-0.041320354,-0.030788478,-0.023701044,-0.02111143,-0.010023419,0.0055680205,0.017780107,0.024633352,0.030801916,0.04363406,0.061725013,0.07724178,0.08909721,0.10264793,0.11696045,0.1283759,0.14196098,0.15174507,0.16529334,0.17406261,0.16159086,0.14992988,0.12878363,0.11506756,0.12209305,0.12736425,0.13388047,0.14247341,0.15242822,0.16382895,0.17614459,0.18719976,0.19859032,0.21031475,0.21840425,0.2193382,0.21443382,0.20599046,0.19258653,0.17193857,0.14678928,0.11269893,0.04737007,-0.012106679,-0.04863683,-0.23135969,-0.40015846,-0.5199606,-0.55322415,-0.5790073,-0.71985364,-0.7609362,-0.7666738,-0.75791466,-0.73041874,-0.69467515,-0.65492433,-0.6029417,-0.5493454,-0.4953117,-0.44300723,-0.39075324,-0.34372768,-0.30235577,-0.26169044,-0.22422236,-0.19431828,-0.16612981,-0.14081809,-0.121778,-0.10395349,-0.087905124,-0.07410257,-0.06702367,-0.061767668,-0.061256524,-0.06341095,-0.06849108,-0.07725382,-0.085248314,-0.10833421,-0.1304601,-0.1509149,-0.18254137,-0.2072272,-0.23330073,-0.2644039,-0.23584898,0.009218138,0.25097635,-1.0204638,-1.747947,-1.752456,-1.7524538,-1.749515,-1.7369335,-1.7521361,-1.7509305,-1.3067259,-0.7397969,-1.5676082,-1.220468,-1.2253747,-1.1964164,-1.2133148,-1.1867341,-1.1599938,-1.1376829,-1.0704739,-1.0293223,-1.0252368,-0.9898437,-0.95774615,-0.9236138,-0.90602076,-0.8625117,-0.83466816,-0.8092666,-0.7806397,-0.74828273,-0.71579456,-0.70837,-0.6865422,-0.6666848,-0.66303617,-0.64393145,-0.6428701,-0.6507646,-0.63706803,-0.6213823,-0.62629265,-0.6366724,-0.64037156,-0.64543426,-0.7034705,-0.7313211,-0.7226062,-0.74837625,-0.8017459,-0.8502008,-0.87964475,-0.8735792,-0.8574327,-0.9217676,-0.96880114,-0.9049318,-0.81199574,-1.0214283,-0.9916824,-0.9768625,-1.2074412,-1.3531753,-1.0419288,-0.2685757,0.47282776,-0.8338483,-1.724749
120,Res034,0.927152,0.0728477,0.0,-1.6518273,-1.6352681,-1.6140368,-1.5938457,-1.5777882,-1.5618768,-1.5481472,-1.5385021,-1.5293808,-1.5170432,-1.4904345,-1.4337448,-1.3360648,-1.2285278,-1.1586752,-1.1197586,-1.1091789,-1.1380527,-1.1776358,-1.1978589,-1.2026004,-1.2110218,-1.2240969,-1.2266445,-1.2449294,-1.2841945,-1.3149025,-1.3462408,-1.3338159,-1.1818045,-0.8186922,-0.38201153,0.055743195,0.43857965,0.69890875,0.8526278,0.9608517,0.9930473,1.0214419,1.0599047,1.0960616,1.133127,1.1710345,1.1950531,1.2168133,1.241466,1.2673951,1.2929386,1.3172885,1.3425101,1.3770999,1.3998992,1.4113518,1.4195181,1.4270991,1.3726808,1.2964603,1.2527624,1.2504395,1.2650279,1.2702888,1.2803947,1.3356011,1.3833541,1.4286987,1.4644862,1.4927367,1.5175848,1.5283505,1.5346943,1.5380355,1.5439723,1.5583551,1.4702134,1.3178452,1.1337802,1.0117548,0.97155327,0.95603895,0.9466243,0.94518435,0.959024,0.97939736,1.0044769,1.0338829,1.064124,1.0903949,1.1001923,1.0867056,1.0595509,1.0166266,0.9475136,0.8542723,0.7396697,0.63668233,0.63040155,0.9138117,0.94165915,0.64404446,0.4230146,0.30452693,-0.21801114,-0.66463935,-0.84578085,-0.91057575,-0.9833819,-1.0089772,-0.97362316,-0.94455355,-0.91573304,-0.86920184,-0.8080033,-0.7442288,-0.6799909,-0.61283016,-0.5484425,-0.48798928,-0.42942414,-0.3750398,-0.32389095,-0.27389947,-0.22789806,-0.19224775,-0.15732864,-0.12577613,-0.10325525,-0.08832033,-0.08179791,-0.079412684,-0.09016636,-0.107812785,-0.13054577,-0.15773717,-0.18946521,-0.2220365,-0.2652937,-0.3109485,-0.34558958,-0.37642494,-0.38153064,-0.18912221,0.15424867,1.4258833,-0.6926486,-1.7420089,-1.7524555,-1.7523779,-1.6443146,-1.011106,-0.82378656,-1.7260382,-1.1985911,-0.7471529,-1.3058861,-1.2362231,-1.3852985,-1.4010104,-1.4309387,-1.4124677,-1.3783218,-1.3371304,-1.2925842,-1.2928014,-1.277157,-1.258059,-1.2290088,-1.2098773,-1.176374,-1.1662142,-1.155019,-1.1274716,-1.1018972,-1.0787807,-1.0509619,-1.0268282,-1.0077955,-0.9824118,-0.9737678,-0.94811517,-0.9356691,-0.9203401,-0.92134535,-0.9212956,-0.914781,-0.940326,-0.9619267,-0.9634875,-1.0304841,-1.0328293,-1.0655869,-1.0807192,-1.1223004,-1.1171379,-1.1238843,-1.1466157,-1.1380856,-1.1527947,-1.1909882,-1.1795301,-1.1337584,-1.2009772,-1.0367247,-1.0550821,-0.8119486,-0.64147896,-0.3389057,-0.77135473,1.6202497,-0.24423893,-1.2656413
121,Res035,0.0562914,0.125828,0.817881,-1.494735,-1.4778811,-1.4575459,-1.431587,-1.4018844,-1.3767358,-1.3613495,-1.3495103,-1.3332627,-1.3082641,-1.2721256,-1.2273165,-1.1744895,-1.1160104,-1.0579506,-0.99919903,-0.94191396,-0.8921627,-0.85258555,-0.8197249,-0.7938744,-0.7738105,-0.75621086,-0.7362449,-0.71676576,-0.7023913,-0.698489,-0.7023698,-0.6795485,-0.5970077,-0.490123,-0.4040173,-0.32884884,-0.26944584,-0.22777548,-0.19228841,-0.15057355,-0.13163279,-0.11441863,-0.092155665,-0.072350375,-0.052257847,-0.03150623,-0.018887704,-0.008666793,0.0022703528,0.01410393,0.026198806,0.039537888,0.055534948,0.07829434,0.09431769,0.10692488,0.13211437,0.1611067,0.16798508,0.16885206,0.16567558,0.17353359,0.1810007,0.18431671,0.18484761,0.19532993,0.21236446,0.22446741,0.23807363,0.25180864,0.2668422,0.28120637,0.29611138,0.30931816,0.3347574,0.37624776,0.38844442,0.38062394,0.3590993,0.34234884,0.3381087,0.3393009,0.34627017,0.35165578,0.36146477,0.3675527,0.3729986,0.37827367,0.38835797,0.39979222,0.40966222,0.408068,0.4025583,0.4029145,0.40372783,0.39592814,0.3914052,0.38465255,0.39750996,0.363073,0.12745576,0.35333157,0.30430698,0.3738213,0.14231846,-0.16352244,-0.3034498,-0.3220643,-0.36814028,-0.3751778,-0.34236145,-0.3086196,-0.27317178,-0.23870188,-0.1899282,-0.14139865,-0.09600141,-0.050906714,-0.010580373,0.025658095,0.059170693,0.08798038,0.11026403,0.13595508,0.15476169,0.17037159,0.18343803,0.1923091,0.20053767,0.2091826,0.21483536,0.21569942,0.21495946,0.21073474,0.20302211,0.19715446,0.18360329,0.16723216,0.1458052,0.12640776,0.11259854,0.07802942,0.08662785,0.075726226,0.13897006,0.22997712,0.83192754,-0.68380123,-1.7369857,-1.7522223,-1.4945313,-0.015638066,-1.665132,-1.7524291,-1.7524525,-1.7367893,-1.2094437,-0.87172264,-0.88676614,-0.9870482,-0.97881794,-0.94944364,-0.9113236,-0.8768996,-0.7851842,-0.7572874,-0.7330946,-0.70241827,-0.66865796,-0.6277631,-0.59088916,-0.55640554,-0.5236938,-0.48967987,-0.45614588,-0.4191656,-0.39015478,-0.3809313,-0.3613104,-0.35258248,-0.34621865,-0.3386804,-0.34324995,-0.3411426,-0.33499825,-0.31863177,-0.32712084,-0.33490628,-0.34389266,-0.33492577,-0.3738104,-0.3992598,-0.42015705,-0.44828263,-0.48971632,-0.54169035,-0.5064135,-0.50508386,-0.56671876,-0.629331,-0.69921654,-0.73652947,-0.7499409,-0.7820651,-0.459922,-0.6382689,-0.94612545,-0.69184107,-0.95464027,-1.4020827,0.38166842,-0.5386279,-1.7257555
123,Res037,0.0562914,0.00993378,0.933775,-1.4421946,-1.4223853,-1.398519,-1.3665448,-1.3292116,-1.2981672,-1.281046,-1.2693887,-1.2513398,-1.2208197,-1.1767036,-1.1230189,-1.0605832,-0.9903934,-0.9178232,-0.8423545,-0.76771736,-0.70270586,-0.65182686,-0.61197275,-0.58132005,-0.56219095,-0.54531056,-0.5275309,-0.51142436,-0.49583393,-0.49181104,-0.4966161,-0.47362065,-0.39215568,-0.29050502,-0.20655525,-0.13110727,-0.07193307,-0.030510819,0.0030443156,0.04186305,0.055972237,0.06802154,0.08417496,0.098013386,0.11224411,0.1267852,0.1328895,0.13665706,0.14129756,0.14775921,0.15448543,0.1625338,0.17298143,0.19057362,0.2022596,0.21172899,0.23006336,0.25807956,0.25856313,0.25978595,0.2536679,0.25880668,0.26418364,0.25893638,0.24936323,0.26024076,0.27181503,0.2818054,0.29306203,0.30070022,0.31481597,0.32554767,0.33766323,0.35555142,0.3801565,0.42706195,0.42701286,0.41921946,0.40846393,0.38940877,0.38039467,0.3835022,0.38957095,0.3931361,0.40177885,0.40608022,0.41126645,0.41804317,0.42558858,0.43653738,0.44487536,0.44255942,0.4370364,0.43686906,0.43444374,0.42953703,0.42799145,0.42584705,0.4262645,0.33647475,0.062078632,0.5754328,0.46789205,0.27193612,-0.043439373,-0.10589126,-0.19158913,-0.2366033,-0.28600207,-0.3070289,-0.2735579,-0.23275709,-0.19978614,-0.16101123,-0.11652047,-0.068304226,-0.018972661,0.023772914,0.06259375,0.09725414,0.13039057,0.1578621,0.18092275,0.20396493,0.22321561,0.23337634,0.24527103,0.256128,0.2657825,0.27196065,0.27796513,0.2796262,0.28176588,0.28181076,0.2763803,0.27280226,0.25899857,0.2410019,0.22419794,0.20331602,0.18489762,0.13492402,0.12002954,0.08922131,-0.2077387,-0.7972052,-0.65638804,-0.89635324,-1.7229278,-1.3999969,-1.5097243,-1.1963097,-1.6919999,-1.7503525,-1.373329,-0.70517665,-0.9535654,-1.1382419,-0.93160355,-0.96886134,-0.9545339,-0.93434066,-0.88777775,-0.82875746,-0.7607648,-0.6889909,-0.6781265,-0.64076036,-0.60613513,-0.5477391,-0.49760705,-0.45668614,-0.42924792,-0.3999154,-0.35211048,-0.31625357,-0.28251976,-0.2696245,-0.26023096,-0.23992808,-0.24514389,-0.24299367,-0.23329863,-0.24094675,-0.24988629,-0.22797215,-0.2077006,-0.21002832,-0.22513995,-0.23411396,-0.23535652,-0.23060267,-0.2892948,-0.35248116,-0.36420304,-0.40153262,-0.43766218,-0.50109124,-0.4680297,-0.48123524,-0.5650095,-0.49567443,-0.727572,-0.5056089,-0.59540516,-0.8062033,-0.9500781,-0.97410834,-1.3517703,-1.1510278,-1.5125082,-1.4608861,-1.2951778
134,Res048,0.970199,0.00331126,0.0264901,-1.6431893,-1.629518,-1.6119701,-1.5952542,-1.5829086,-1.5721319,-1.5648745,-1.5618423,-1.5581363,-1.5510027,-1.5302565,-1.4767748,-1.3685646,-1.238797,-1.1562867,-1.1153367,-1.1146865,-1.1665257,-1.2296302,-1.2642539,-1.2789712,-1.3017569,-1.3311126,-1.3445189,-1.3687602,-1.4106611,-1.4455585,-1.474988,-1.4656861,-1.335102,-0.95073813,-0.41572127,0.1645778,0.6859943,1.0279272,1.2101425,1.3263229,1.3399466,1.3468636,1.3683165,1.3883315,1.4097881,1.4318483,1.4411566,1.4486102,1.4604776,1.4742284,1.4874603,1.501046,1.5142555,1.5359138,1.5476798,1.5499356,1.5569711,1.5475134,1.4830571,1.4007683,1.3534153,1.3501376,1.3647794,1.3772712,1.3948761,1.4407909,1.4857742,1.525013,1.555801,1.5839788,1.5995786,1.6049694,1.6026945,1.5979337,1.6039054,1.5965728,1.5118957,1.3651187,1.1924018,1.0857915,1.0419842,1.0229737,1.0100964,1.0089484,1.0209432,1.039109,1.0581534,1.079546,1.1017265,1.1228029,1.1291145,1.1089551,1.0746291,1.0231218,0.9429862,0.8399191,0.7229461,0.6029832,0.555769,0.7049539,0.5214653,0.30549803,0.24530563,0.05831376,-0.30866444,-0.78932273,-1.0180955,-1.0888284,-1.1429594,-1.1600959,-1.1298193,-1.0898759,-1.0467442,-0.99598515,-0.92928904,-0.8573902,-0.78164816,-0.7071647,-0.6332265,-0.5632026,-0.49641287,-0.43451548,-0.3798522,-0.32875523,-0.28286192,-0.24420738,-0.21111232,-0.17941152,-0.15653059,-0.1412292,-0.12995,-0.1259458,-0.13374959,-0.1465371,-0.1672353,-0.19342208,-0.22812045,-0.27003807,-0.31981042,-0.3722085,-0.41116548,-0.45416078,-0.48813874,-0.40340167,-0.19398184,-0.5858061,-1.2633579,-1.4464823,-1.7353079,-1.6572672,-1.6938002,-1.6090945,-0.7598493,-1.7106774,-1.0170245,-0.7956883,-0.4903255,-1.571293,-1.5869879,-1.5507942,-1.5674736,-1.5475284,-1.5296997,-1.5016651,-1.4658514,-1.4521141,-1.4234937,-1.4072058,-1.3848991,-1.3643521,-1.3264323,-1.2927505,-1.2648242,-1.2365923,-1.208496,-1.1787932,-1.1564548,-1.1283418,-1.1059874,-1.0955073,-1.0773606,-1.0567925,-1.0394921,-1.0354711,-1.0477934,-1.0394822,-1.0306575,-1.0396316,-1.076719,-1.1036458,-1.1009699,-1.1007687,-1.1330839,-1.1930493,-1.2447245,-1.2436088,-1.267127,-1.2898958,-1.2573602,-1.3984394,-1.4200966,-1.3530042,-1.4489307,-1.3686438,-1.3077877,-1.4440882,-1.3942866,-1.1903543,-1.465359,-1.2146889,-1.0037923,-1.6283163,-1.7225354
152,Res068,0.0331126,0.466887,0.5,-1.478737,-1.4621285,-1.4444556,-1.4233602,-1.400834,-1.3770753,-1.3574342,-1.3416178,-1.3248984,-1.3034599,-1.2726845,-1.2322652,-1.1849066,-1.1335928,-1.0826508,-1.0343379,-0.9920649,-0.9621967,-0.942426,-0.9261019,-0.9132065,-0.90589917,-0.89929146,-0.8866581,-0.869878,-0.8619353,-0.8776487,-0.91034627,-0.899145,-0.7788171,-0.5992862,-0.4695766,-0.37991285,-0.315427,-0.27046707,-0.23345779,-0.19554612,-0.17031468,-0.14758836,-0.12286293,-0.095182806,-0.0662004,-0.03837034,-0.019547028,-0.0057679676,0.0059566963,0.018034043,0.034194008,0.060133617,0.09420387,0.13126843,0.15814875,0.17926276,0.20232703,0.23290516,0.24343494,0.24773327,0.25283188,0.26248378,0.27589437,0.2805571,0.28410614,0.3013032,0.32219145,0.34097385,0.3564849,0.36988404,0.38823456,0.40194267,0.418311,0.43302062,0.4518201,0.48487577,0.4991322,0.4811498,0.47385892,0.44845033,0.44642562,0.45282766,0.4584881,0.4664804,0.47692227,0.48855382,0.50418776,0.51989704,0.5310742,0.5453865,0.55989,0.5656663,0.5679449,0.5708972,0.5702786,0.5653193,0.5490276,0.52710634,0.48692244,0.35993415,0.37463018,0.53258353,0.4760657,0.20865417,0.16487685,-0.13639155,-0.2027447,-0.22840512,-0.27049115,-0.2838891,-0.26096776,-0.22731225,-0.19166088,-0.15271384,-0.10508855,-0.055132482,-0.006891692,0.036284864,0.07915022,0.119387515,0.15859528,0.19103825,0.22384478,0.25614086,0.28825372,0.31338817,0.3360751,0.35411754,0.36720818,0.3740562,0.37489125,0.37043095,0.363123,0.35011464,0.33755314,0.31865105,0.2998399,0.28994632,0.27259496,0.25097215,0.23207405,0.20386642,0.23306222,0.26939207,0.35714328,-0.34813794,-0.31547353,-1.6417123,-1.7398157,-1.637517,-1.6932756,-1.1069541,-1.4149415,-1.7513535,-1.5781447,0.25673988,-0.9964671,-0.90677077,-0.79772943,-0.8145174,-0.75605917,-0.72976446,-0.7084425,-0.6584847,-0.59660393,-0.57574105,-0.5671304,-0.57370925,-0.5636592,-0.5447954,-0.52610976,-0.50771487,-0.4777008,-0.471735,-0.45668346,-0.42135414,-0.40199515,-0.3872256,-0.36350724,-0.3436128,-0.33421737,-0.33103284,-0.3139195,-0.3042759,-0.29175812,-0.28539473,-0.30012923,-0.32968017,-0.35004768,-0.39757785,-0.44429594,-0.46152097,-0.4903581,-0.51789,-0.5462016,-0.59639263,-0.5736882,-0.62166864,-0.6539709,-0.6048893,-0.53290856,-0.5090009,-0.5437251,-0.7288068,-0.5991639,-0.7388379,-0.787052,-0.80987114,-1.116314,-1.63177,-1.6626062,-1.3263888,-0.43642497
163,NF_011,0.147436,0.762821,0.0897436,-1.364764,-1.3431715,-1.3199116,-1.2925931,-1.2648499,-1.2399588,-1.2216598,-1.2063681,-1.1890295,-1.1654533,-1.132439,-1.0900878,-1.036108,-0.9769075,-0.9250736,-0.88264334,-0.85304374,-0.8412316,-0.8364317,-0.8293812,-0.8196508,-0.8149648,-0.8121824,-0.8006423,-0.7912463,-0.789665,-0.79418087,-0.805696,-0.78633374,-0.687923,-0.5157271,-0.34934208,-0.21259819,-0.10274971,-0.02634418,0.024894534,0.0653347,0.09742873,0.12137215,0.14670303,0.17183048,0.19461323,0.21820676,0.24102552,0.26169288,0.2781451,0.29406935,0.31151724,0.33515704,0.3610789,0.38288915,0.40373763,0.4238637,0.4221828,0.43054554,0.4454912,0.46042868,0.48392618,0.50140744,0.52315533,0.5358626,0.54820377,0.5658248,0.58547336,0.60230845,0.6194478,0.6356799,0.6483678,0.6584937,0.6708414,0.6788799,0.67937076,0.6771714,0.6856781,0.6832297,0.68129426,0.69398195,0.7069931,0.71745723,0.7283011,0.74272186,0.75670505,0.7745166,0.79328895,0.81087893,0.8284909,0.844934,0.85864866,0.8664596,0.8725604,0.87435323,0.8686381,0.85904765,0.8422231,0.8203708,0.819377,0.85271615,0.6141024,0.60906386,0.5314386,0.45755908,0.41686988,0.3025875,0.2740639,0.2634502,0.26945892,0.28073987,0.3017723,0.3400946,0.3858602,0.4351949,0.48445204,0.52930444,0.57161313,0.6100345,0.64659506,0.6793827,0.7109622,0.74151635,0.7704225,0.7994835,0.82776237,0.8511341,0.8736042,0.8911808,0.9041918,0.91124773,0.9135324,0.90989614,0.9018686,0.89452696,0.88570243,0.8720925,0.8588237,0.8544588,0.84472364,0.8306946,0.8130687,0.7921384,0.7758128,0.7801768,0.8412623,0.7616592,0.8133697,1.4646826,0.36522368,0.11922169,-1.4642808,-0.6735277,0.30433246,0.533797,-0.873424,-0.09592171,-0.41184467,-0.32407498,-0.28936845,-0.13643888,-0.05988342,-0.017031386,0.04370523,0.12626214,0.19204126,0.1988196,0.19699892,0.1879798,0.19797061,0.20389517,0.20808646,0.22085644,0.24376541,0.24993327,0.27125528,0.305782,0.31469908,0.3274602,0.33126563,0.33662716,0.34548116,0.34654176,0.34367192,0.3656881,0.364548,0.3738192,0.3772418,0.36619338,0.30966058,0.2555867,0.2002751,0.18136846,0.17462319,0.13093945,0.077306636,0.07449499,0.049556516,0.021006841,-0.02839694,-0.023356542,-0.063606925,-0.061559074,-0.07684329,-0.081204735,-0.11471756,-0.25208595,-0.23108834,-0.42943886,-0.3746212,-0.3076611,-0.13307087,-0.37428182,0.08183987
167,NF_015,0.25641,0.391026,0.352564,-1.359627,-1.3364099,-1.310364,-1.2804722,-1.2499663,-1.2227087,-1.2021577,-1.1847405,-1.1651673,-1.1390672,-1.1030344,-1.0542424,-0.9892098,-0.9191649,-0.86156744,-0.8158884,-0.78571606,-0.77634645,-0.7748502,-0.76735884,-0.7570459,-0.7535061,-0.75112736,-0.7403204,-0.73168796,-0.7341308,-0.74258405,-0.7563087,-0.73501563,-0.6253283,-0.42304406,-0.21757771,-0.04116002,0.09717176,0.18878181,0.24892524,0.29887813,0.3344075,0.36062056,0.39120045,0.42128673,0.4486609,0.47931394,0.5045066,0.5265606,0.54520327,0.5643765,0.5847921,0.61096895,0.63871264,0.6679453,0.6918586,0.7138437,0.71421134,0.73656356,0.746043,0.7566534,0.77076215,0.78645945,0.8037701,0.80677485,0.8062228,0.8274177,0.8488116,0.86772615,0.8853453,0.90482396,0.9212874,0.9357353,0.94839936,0.95959616,0.9653228,0.9673351,0.97331834,0.96067786,0.9415897,0.9395122,0.94644266,0.9546156,0.9646048,0.97748905,0.99077016,1.0076329,1.0265257,1.043708,1.059985,1.0747255,1.0888427,1.0951912,1.097221,1.0975642,1.0913963,1.0772355,1.0558463,1.0199503,0.9786163,0.91300744,0.94274384,0.9879751,0.8492382,0.5627135,0.513025,0.41687363,0.37217218,0.3603032,0.3547367,0.36316696,0.38849235,0.42061666,0.46132338,0.50891334,0.5589857,0.60446733,0.64854383,0.6883832,0.7260034,0.76307344,0.79659283,0.82965344,0.8580041,0.8866345,0.9155999,0.93805844,0.956451,0.9751949,0.987923,0.9947434,0.9972657,0.99358255,0.9855428,0.9744703,0.9633892,0.9500803,0.9352617,0.9268731,0.91220015,0.8975228,0.8799496,0.8336732,0.81618905,0.7921012,0.7485719,0.33140817,-0.8335163,-0.2485943,0.08382812,-1.3538207,-0.66453445,-0.85775065,-0.17552336,0.3519837,-1.5568583,-1.5411671,-0.94412607,-0.40315813,-0.27996483,-0.18050766,-0.11245328,-0.05369943,-0.016413782,0.039768923,0.1126426,0.15151298,0.16403908,0.16075625,0.17713626,0.19066559,0.20397475,0.21240841,0.23046115,0.24738666,0.26790726,0.2951197,0.30848613,0.3211446,0.32303494,0.3104059,0.30980337,0.3307042,0.33532906,0.3306708,0.33654815,0.35524946,0.3666982,0.36531365,0.32274023,0.28629726,0.24326666,0.19549833,0.17699696,0.13998254,0.12084522,0.07778074,0.056164358,0.017376006,-0.023867453,-0.026034735,-0.08825068,-0.047071725,-0.07353102,-0.044404168,-0.094360694,-0.13093595,-0.08018782,-0.3534609,-0.4323843,-0.46782476,-0.44990313,-0.8306173,1.2553262
168,NF_016,0.185897,0.711538,0.102564,-1.4325873,-1.40751,-1.3799653,-1.3512092,-1.3241717,-1.2988638,-1.2768176,-1.2566136,-1.2359757,-1.2123182,-1.1828662,-1.1455575,-1.0967915,-1.0448054,-1.0024012,-0.9682127,-0.9433833,-0.9316485,-0.92421407,-0.9128016,-0.89816004,-0.88637406,-0.8753244,-0.85883623,-0.8457445,-0.8392874,-0.83419794,-0.8320507,-0.8092193,-0.7315505,-0.5897085,-0.4360274,-0.29956797,-0.18749821,-0.10953681,-0.057994615,-0.013657059,0.01997497,0.04448363,0.07308683,0.10243945,0.1281568,0.1565743,0.1836374,0.20817925,0.228834,0.24959041,0.2707661,0.2955112,0.3197243,0.34305328,0.36473706,0.38562438,0.37769145,0.3961815,0.40988892,0.42664286,0.44798452,0.4660508,0.4871723,0.49542236,0.5024865,0.522499,0.54266554,0.56174827,0.5803654,0.60030895,0.61836404,0.6336465,0.6482526,0.65637624,0.6587821,0.64775527,0.64790833,0.65075433,0.6482089,0.6619747,0.6756305,0.6879326,0.70122236,0.71537596,0.73219115,0.7533645,0.77559686,0.79676205,0.81748456,0.83637756,0.85297114,0.8648675,0.8738704,0.8754688,0.87194264,0.86146176,0.83679354,0.8095285,0.7832103,0.7499737,0.6282144,0.67140484,0.60700554,0.3947462,0.30576563,0.23076943,0.18724218,0.16946617,0.1806403,0.194141,0.21704167,0.25752357,0.30762348,0.35887468,0.41162896,0.460001,0.50692046,0.548373,0.5873254,0.62486917,0.6590275,0.6905166,0.7230973,0.7557583,0.7883019,0.81809413,0.8411038,0.860532,0.877285,0.884987,0.8860827,0.88229525,0.87466663,0.86271566,0.8499104,0.83233136,0.8197848,0.81251454,0.8032947,0.78839654,0.76681113,0.69072014,0.6765647,0.6224857,0.56141496,0.22478503,-0.75975287,-1.0674262,0.41981545,-1.5452908,-1.741895,-1.584874,-1.6118304,-0.937038,-1.5466144,-1.0419083,-1.1935171,-0.4904924,-0.347954,-0.2335258,-0.13907793,-0.09204757,-0.039997734,0.025638463,0.09160385,0.092792906,0.09486611,0.07903721,0.06558525,0.05753337,0.05551555,0.064831965,0.07467157,0.08370144,0.11300334,0.13684298,0.15541728,0.17381908,0.18076383,0.1904848,0.18788362,0.21165186,0.2327502,0.2367155,0.26994857,0.27699918,0.25402686,0.22219355,0.16732423,0.10537181,0.038884994,0.008274611,-0.0251972,-0.032823008,-0.09293208,-0.13808064,-0.10750684,-0.14108126,-0.136708,-0.1863406,-0.22859934,-0.29303598,-0.34569559,-0.26011387,-0.26148054,-0.44402027,-0.4690999,-0.4315137,-1.17912,-1.0558314,-1.2453164,-1.2121899,-1.6364493
172,NF_020,0.134615,0.346154,0.519231,-1.202757,-1.1702895,-1.1344317,-1.0924209,-1.048393,-1.0103339,-0.9826386,-0.95929915,-0.9324488,-0.89655715,-0.8497903,-0.7936424,-0.7275072,-0.65855813,-0.5969107,-0.5434855,-0.50078773,-0.47251305,-0.45182735,-0.4305675,-0.4071371,-0.3898374,-0.37524113,-0.35364497,-0.33165476,-0.31639695,-0.30860662,-0.30776194,-0.2785526,-0.18316494,-0.04434305,0.07813891,0.18220809,0.27583596,0.34732097,0.39846632,0.4437397,0.48306677,0.50900173,0.53905594,0.5687697,0.59365964,0.622693,0.6498115,0.6749682,0.6963771,0.71863145,0.7404681,0.7632041,0.78426135,0.8049862,0.82549715,0.8464095,0.8398209,0.8649257,0.88126457,0.901597,0.9255161,0.94525564,0.9670626,0.9701047,0.9713698,0.99028987,1.0098438,1.0269775,1.042419,1.0600835,1.0751644,1.0857924,1.1001297,1.1087834,1.1085838,1.1074543,1.1182673,1.1165726,1.1185132,1.1299173,1.1437103,1.1547269,1.1654906,1.1790229,1.1920037,1.205815,1.2207246,1.2349607,1.2484835,1.2624611,1.2733952,1.2786137,1.2810458,1.2839704,1.2788852,1.2735698,1.2561989,1.2337689,1.2039021,1.2476147,1.1259515,1.2055013,0.9233255,0.93560064,0.87038887,0.7869615,0.77682155,0.7845037,0.79002225,0.80728644,0.82331496,0.85500175,0.8941498,0.93745196,0.9783162,1.0137595,1.0481493,1.076768,1.102354,1.1283567,1.1496421,1.1711267,1.1906154,1.2101995,1.2298759,1.2461721,1.2583311,1.2711304,1.2780341,1.2829154,1.2871271,1.2845149,1.28119,1.2744616,1.2671105,1.2584342,1.2505636,1.2416395,1.229429,1.2162238,1.1942687,1.1368452,1.1350795,1.1101298,1.1711788,1.2668406,0.93437386,-0.94801813,1.0886849,0.005186123,-1.4082814,-0.11943332,0.8251566,1.7273139,-0.66723895,-0.92714685,-0.052204676,0.23705696,0.25270775,0.31448922,0.36967418,0.42876622,0.48000598,0.5444446,0.642293,0.6534115,0.6611224,0.6649028,0.68476987,0.69620883,0.70301336,0.71089154,0.72209865,0.7289193,0.7576128,0.7876797,0.80370516,0.8063464,0.79200023,0.78439105,0.776625,0.75936574,0.75012726,0.7344239,0.7473315,0.7899709,0.8240355,0.8035544,0.77614963,0.73639107,0.7017564,0.67328376,0.6877283,0.65793747,0.58943915,0.5723547,0.54109496,0.54660976,0.5328042,0.48982105,0.44594672,0.38626382,0.37112018,0.4378904,0.32495356,0.35670203,0.33207545,0.5260848,0.42837638,0.123554386,0.6570435,0.3395164,0.5493572
173,NF_021,0.0769231,0.269231,0.653846,-1.149969,-1.1151518,-1.0758399,-1.0291238,-0.98087823,-0.9388141,-0.90797096,-0.8815418,-0.8514311,-0.8112356,-0.7591977,-0.6964587,-0.62326443,-0.5477258,-0.47967654,-0.4192876,-0.36973494,-0.33472934,-0.30840316,-0.28145424,-0.2532605,-0.23258075,-0.21484669,-0.189583,-0.16449739,-0.14906804,-0.14528015,-0.14992802,-0.11835529,-0.0040130834,0.15819211,0.29120094,0.40003157,0.49419487,0.56436545,0.6173965,0.6680865,0.7117575,0.739931,0.7748611,0.80893064,0.8383698,0.8727518,0.9023442,0.9284815,0.95216364,0.9777842,1.0021147,1.0272092,1.0511458,1.0777379,1.1012735,1.1252627,1.126734,1.1613603,1.1783924,1.1983577,1.2208961,1.2411395,1.2614601,1.261504,1.2574846,1.2776585,1.2974442,1.3157202,1.3327093,1.3499656,1.3662008,1.383604,1.3990121,1.4120761,1.4209293,1.4337435,1.4511995,1.4588952,1.4632983,1.4696517,1.4774863,1.48848,1.4989134,1.5113859,1.5251321,1.5388823,1.5565227,1.5682797,1.5835071,1.5961558,1.6089071,1.6161327,1.6204948,1.6241975,1.6255484,1.6251038,1.6195804,1.607763,1.5712539,1.4207613,1.3379719,1.5132945,1.6077628,1.48503,1.2862566,1.1943552,1.1828051,1.1890835,1.1933621,1.1946716,1.2234285,1.2485646,1.2828614,1.3204509,1.3579693,1.3942255,1.4261235,1.4549744,1.4836335,1.5052869,1.5279564,1.5522285,1.5691568,1.5913044,1.6139867,1.6302997,1.6430974,1.6565319,1.6671007,1.6704994,1.6707568,1.6710835,1.667988,1.663453,1.6592643,1.6541108,1.6412882,1.6357645,1.6290299,1.6221933,1.6000614,1.5101455,1.509102,1.5355632,1.66373,1.8358526,0.61010134,-1.5499555,-1.2299125,1.6076366,-1.2536501,-0.21672334,-0.36763647,-0.07873373,-0.96179485,0.011356672,0.16687492,0.46980855,0.5361319,0.6506127,0.7137053,0.75677496,0.80253375,0.874679,0.99293816,1.0108838,0.99902284,1.0026864,1.0137359,1.0365521,1.0413321,1.0428438,1.0646045,1.0804231,1.0943276,1.1158315,1.1183519,1.1323307,1.1169147,1.1076702,1.1078405,1.1002162,1.0879511,1.0746527,1.0719272,1.13482,1.15663,1.1382765,1.1109349,1.0589107,1.0404898,1.0009363,0.96267426,0.9372465,0.9073005,0.871769,0.85448426,0.84654903,0.81426996,0.77553165,0.7739061,0.7346583,0.6163094,0.6703293,0.46880215,0.37040874,0.40101013,0.33029756,0.442289,0.2655724,-0.38940197,0.08528197,-0.5000547
182,NF_030,0.0,0.0192308,0.980769,-1.0808114,-1.0338914,-0.9804304,-0.91414607,-0.84392655,-0.7898722,-0.75620574,-0.7292133,-0.69564956,-0.64621794,-0.5854513,-0.5216926,-0.4573048,-0.39404178,-0.33318305,-0.27594978,-0.22351255,-0.1764205,-0.13604249,-0.102243125,-0.070410505,-0.0424172,-0.014217518,0.013736874,0.040685687,0.06851749,0.09850653,0.1269584,0.15671349,0.19039296,0.21988581,0.24785762,0.2734104,0.3043523,0.33118078,0.3543896,0.38307753,0.41054004,0.42146388,0.43906274,0.45669994,0.46848992,0.48540398,0.50139624,0.5155849,0.5267128,0.53985226,0.55135125,0.5625637,0.57018274,0.5789839,0.58912337,0.6021633,0.5852995,0.6060655,0.6194988,0.6393759,0.6604163,0.6740013,0.6905645,0.6679491,0.63372433,0.64228666,0.6513632,0.6599746,0.6693514,0.67803526,0.68608385,0.69309616,0.6983995,0.7003758,0.6941727,0.6822572,0.6983294,0.70707095,0.7183886,0.73665845,0.7504701,0.75810295,0.76422054,0.77214366,0.78001463,0.78556126,0.79323196,0.799566,0.80574083,0.81300485,0.8188364,0.8188476,0.8179906,0.8167937,0.8148024,0.8091992,0.80025613,0.7931349,0.7860467,0.878459,0.8751245,0.8008379,0.76031345,0.68417764,0.6013315,0.6240357,0.6539726,0.6612979,0.6875014,0.69296926,0.6994699,0.7211098,0.7430692,0.7660204,0.77918655,0.79200774,0.80534285,0.81351507,0.8204526,0.8268997,0.83357406,0.84017783,0.8431061,0.8468987,0.84948736,0.85171795,0.8527795,0.8553051,0.8587382,0.85797745,0.8592552,0.8586192,0.85931385,0.86257774,0.86246043,0.8629512,0.85769886,0.8538392,0.8460762,0.8427375,0.82067484,0.7422453,0.71001416,0.65632457,0.65323454,0.21489519,-0.32711825,-1.1204089,-1.4192435,-1.64806,-1.6360484,-0.63166326,-1.3278185,0.6055256,0.14865308,0.7108841,0.10111438,0.20420882,0.25641152,0.35454294,0.4547804,0.4879742,0.5111732,0.5662855,0.6239378,0.61755866,0.631963,0.6359882,0.652303,0.66052336,0.67200667,0.68057275,0.6868661,0.68726367,0.71185964,0.707713,0.70885843,0.7050028,0.6722565,0.6547769,0.6151212,0.58118486,0.54983115,0.52448916,0.5298925,0.59913266,0.6190629,0.6211991,0.61383224,0.6154652,0.621106,0.615109,0.61986756,0.58443075,0.5283572,0.5253252,0.50091875,0.4993236,0.50101644,0.42427716,0.40243256,0.47284412,0.35631382,0.34674394,0.24262065,0.38291603,0.12902343,0.20518765,-0.07353884,-0.39249912,-0.2036701,-1.218458,-1.5645059
190,NF_039,0.525641,0.102564,0.371795,-1.0527805,-1.0038962,-0.9469169,-0.8805325,-0.8138593,-0.76292425,-0.7314605,-0.70791143,-0.6796943,-0.6371724,-0.58011174,-0.5088865,-0.41937512,-0.32543397,-0.24730895,-0.18200639,-0.13216625,-0.10242052,-0.08259244,-0.05979718,-0.032029413,-0.016762258,-0.008395327,0.009739567,0.02068536,0.017036412,0.016884493,0.015119793,0.040400315,0.14180216,0.34814695,0.591028,0.81791204,1.0152245,1.144245,1.2155666,1.2691693,1.3086504,1.3188348,1.3396113,1.3621138,1.3733635,1.3939768,1.4180093,1.4398924,1.4557732,1.4748979,1.4912649,1.50562,1.5126281,1.518566,1.5291916,1.5460652,1.503244,1.522605,1.5332873,1.5518194,1.5838209,1.6054066,1.6341046,1.6022317,1.5541657,1.5705158,1.5879859,1.6030685,1.616916,1.6294591,1.6393256,1.6452794,1.6491627,1.6429266,1.6196347,1.582853,1.5780376,1.5709208,1.5573263,1.570578,1.584894,1.5936825,1.6017753,1.610533,1.6222118,1.6369832,1.651148,1.6629835,1.6745586,1.6842417,1.69181,1.6846339,1.6741174,1.6556005,1.6274635,1.5940481,1.5416133,1.4852437,1.420564,1.4781296,1.4244845,1.5339605,1.307863,1.0126195,0.7823436,0.70534307,0.6622178,0.6822686,0.6989693,0.715196,0.7384497,0.7825739,0.8401713,0.8983228,0.9520568,1.0036083,1.0520134,1.0978222,1.1383523,1.1743004,1.2101488,1.2405368,1.2634856,1.288957,1.3107817,1.3275836,1.3402699,1.3542739,1.3643012,1.3675144,1.3710684,1.3706619,1.3665209,1.3578241,1.3497279,1.3373028,1.3161175,1.2927731,1.266189,1.2377964,1.194627,1.0629505,1.0341214,0.998791,0.9617616,0.8196058,0.19900693,-1.0215118,-0.09699378,-0.59335953,-1.4141246,-0.30504167,0.25281107,1.0519876,-0.56855464,0.11154914,0.19882463,0.22587277,0.23529074,0.27429947,0.32192126,0.36472422,0.38629934,0.41662917,0.52819806,0.5513274,0.5451348,0.5647226,0.5911219,0.6079815,0.6367921,0.6444834,0.6717917,0.68719286,0.7044886,0.7388082,0.7493039,0.76386696,0.7400182,0.72400934,0.7047728,0.6828992,0.66844434,0.66058576,0.6644071,0.7195867,0.7469052,0.7334981,0.74109423,0.71469116,0.68482274,0.6661015,0.6563963,0.61070764,0.5870372,0.5446678,0.48954594,0.45829204,0.46091226,0.37815422,0.43447247,0.39364305,0.33811057,0.38065922,0.33540294,0.26490933,0.11395377,0.115332715,0.5604098,0.39974245,0.1149209,0.57146215,2.8571863
204,NF_057,0.0576923,0.384615,0.557692,-1.0261861,-0.97592825,-0.91959846,-0.85329574,-0.7838361,-0.72642946,-0.68582433,-0.6508694,-0.6098168,-0.55635625,-0.49159265,-0.42026886,-0.34533018,-0.27078247,-0.1999258,-0.1312239,-0.066878065,-0.009593959,0.038199026,0.08282336,0.11846561,0.14729248,0.17052223,0.20160787,0.23015288,0.25043833,0.26382792,0.27378577,0.30495018,0.38555917,0.49159497,0.5744234,0.6514153,0.7045288,0.73898655,0.77469796,0.81279874,0.84808826,0.87685144,0.90971804,0.9395851,0.9727901,1.0087864,1.0275106,1.041991,1.0604707,1.0822973,1.104302,1.1274605,1.1553035,1.1961013,1.2249304,1.2448921,1.293067,1.3526837,1.3636153,1.3629087,1.3523924,1.357962,1.3641713,1.389869,1.4244599,1.4445554,1.4620414,1.4821062,1.5023082,1.5189553,1.5384492,1.559777,1.5842973,1.6192732,1.669416,1.7649376,1.808312,1.7955598,1.7874986,1.7497531,1.7356191,1.7437558,1.7571356,1.767412,1.7777709,1.7892494,1.8018734,1.8152252,1.8323811,1.8484839,1.8669993,1.8812188,1.8993379,1.9197434,1.9458205,1.9730035,2.0114725,2.0438855,2.1240342,2.037216,2.049661,2.1224632,2.144418,2.173315,2.1005027,2.0802295,2.057317,2.0458727,1.9877578,1.9630293,1.9822625,1.9745967,1.9483223,1.9358339,1.9465284,1.9629484,1.9820354,2.0001857,2.0209372,2.0390186,2.0586793,2.0794902,2.1017244,2.123258,2.1468472,2.1673007,2.1883132,2.2063055,2.219272,2.230122,2.2348151,2.236584,2.2425761,2.2470663,2.2513504,2.2527466,2.258116,2.2697618,2.275776,2.282817,2.3018665,2.302907,2.3543584,2.4271696,2.6421895,3.161156,2.2098749,-1.5480636,-1.7430643,-1.6999019,-1.0186913,-0.5142423,-1.312035,0.1305959,-1.4728338,1.1559052,2.1502647,1.9794145,1.9894613,1.935513,1.8921636,1.9289877,1.960804,2.007245,2.0418909,2.0549357,2.0368228,1.9886413,1.9577978,1.970143,1.9580905,1.9461873,1.9477162,1.9579852,1.9700325,1.9861345,1.9972771,1.9975277,1.9654782,1.9470319,1.9386119,1.9327055,1.9030445,1.8691607,1.868658,1.9377656,1.9583185,1.9362916,1.9127431,1.8485494,1.8139987,1.8099406,1.7840961,1.7449507,1.7331929,1.7437841,1.729492,1.7394668,1.6936171,1.6694695,1.6211593,1.6044191,1.6092366,1.8736151,1.909798,1.6969904,1.6130509,1.4749064,1.6128733,1.4147468,1.5958531,1.3112973,1.1624744
210,NF_063,0.0128205,0.0,0.987179,-0.88232386,-0.81011516,-0.7264932,-0.6191571,-0.50160855,-0.41773337,-0.37950245,-0.35240486,-0.30429155,-0.22090155,-0.11067667,0.009121962,0.13080776,0.25444826,0.3778761,0.49632755,0.6035203,0.696052,0.76976603,0.8310791,0.87568986,0.910763,0.9438318,0.977447,1.0096173,1.0406348,1.0680366,1.0951384,1.1348209,1.2023538,1.2787203,1.3396924,1.4083443,1.4553007,1.4840201,1.5180752,1.5555441,1.5899034,1.6133627,1.6408434,1.6630167,1.6871758,1.7157289,1.721991,1.723056,1.7292283,1.739687,1.750614,1.7621912,1.7788093,1.8134772,1.8342825,1.8463132,1.8909559,1.961283,1.9622157,1.9504863,1.9286456,1.9285269,1.9296948,1.9207917,1.914009,1.9294062,1.9456043,1.9617789,1.97797,1.9948635,2.0132873,2.034102,2.0578384,2.0917814,2.1432645,2.2363207,2.2792041,2.2665014,2.2505066,2.205974,2.1900363,2.1985245,2.2089372,2.2140996,2.221531,2.2254107,2.2297556,2.2347772,2.2444327,2.2539704,2.2625978,2.268939,2.276211,2.290173,2.312419,2.3319485,2.3606455,2.3844187,2.4243038,2.4155865,2.2986972,2.3731537,2.5487301,2.5326412,2.474454,2.4326,2.430116,2.4344118,2.3780568,2.352132,2.365716,2.345933,2.3035352,2.276212,2.2718513,2.2727501,2.27503,2.2802057,2.288575,2.294809,2.3008325,2.30947,2.3140419,2.3186467,2.3238199,2.3279412,2.334519,2.3375373,2.3402755,2.3419461,2.3425,2.347642,2.3547597,2.358112,2.3617132,2.3639584,2.362974,2.3629565,2.3564765,2.3618305,2.370539,2.3506541,2.3683984,2.4624403,2.8544738,3.1279154,0.15672459,-0.7128486,-0.76949465,-0.7950057,-1.5535384,-1.5848651,-1.027441,-1.2457072,-1.6853609,0.45668378,2.3025105,2.0966172,2.0111566,1.9885905,1.9746094,1.9934912,2.016372,2.0604088,2.1049473,2.136101,2.1351762,2.1409347,2.1517673,2.1690161,2.170006,2.1592166,2.1671963,2.1859145,2.2087212,2.2024207,2.2116344,2.1778636,2.122155,2.0682855,2.0211587,1.9845691,1.9150733,1.8677168,1.8481281,1.9620365,2.019049,2.016013,2.035462,2.041738,2.0174928,2.014243,1.9905931,1.956121,1.9337059,1.8949484,1.8435549,1.827007,1.8280113,1.838887,1.7459283,1.6603866,1.7691247,1.7962955,1.7881653,1.721196,1.6225374,1.7254647,1.5680622,1.5510212,1.2826015,0.6065294,-0.10032359
211,NF_064,0.147436,0.0,0.852564,-0.93380874,-0.8646865,-0.78493124,-0.68275416,-0.57100827,-0.49059266,-0.45425102,-0.42834073,-0.3828459,-0.30397558,-0.19787326,-0.08044736,0.04313577,0.17001645,0.2945562,0.41239205,0.5163854,0.60232085,0.6691357,0.7259798,0.7667676,0.7970156,0.8269998,0.8568834,0.8829265,0.9062443,0.92581904,0.9444598,0.9824194,1.0662653,1.1789231,1.2775643,1.3799237,1.4502012,1.491063,1.5309517,1.5706464,1.6052809,1.6283876,1.6557305,1.6780666,1.7029203,1.7313743,1.7364252,1.7362076,1.7414427,1.7514544,1.7617095,1.773219,1.7899823,1.8258755,1.8477829,1.8584689,1.9051301,1.9742743,1.9724835,1.9556115,1.9275553,1.9270774,1.9265174,1.9163765,1.9122117,1.929296,1.9474444,1.9648546,1.9818949,1.998573,2.017109,2.037484,2.0606234,2.0944448,2.1471033,2.252879,2.2988632,2.2669394,2.2437606,2.1864038,2.166148,2.170077,2.1795988,2.1857467,2.191599,2.1965964,2.2007995,2.206924,2.216342,2.2262244,2.234346,2.2396405,2.2435062,2.2561107,2.2705266,2.284207,2.3088434,2.3298886,2.364105,2.3034146,2.1479216,2.4188442,2.4749093,2.4472108,2.3260639,2.24898,2.2476337,2.2525733,2.1838357,2.158569,2.1747267,2.1573694,2.1201286,2.0935411,2.0958385,2.103384,2.1124449,2.124372,2.1355536,2.1490223,2.1616547,2.172733,2.1821432,2.1917107,2.2015214,2.2070875,2.2131824,2.21891,2.2241888,2.2264452,2.2283738,2.2334993,2.239492,2.240544,2.2414541,2.2403033,2.2408419,2.2340107,2.2268672,2.2284403,2.2336235,2.2045147,2.2414734,2.363969,2.5083425,3.5203724,1.9722673,-1.429217,-1.6330596,-1.743191,-1.2700953,-0.763538,-0.747377,-1.032057,-0.92223936,1.9620932,1.9915165,1.7405303,1.729271,1.7091836,1.6968123,1.7368524,1.7675372,1.8002111,1.8728483,1.8978496,1.896434,1.9070355,1.9259957,1.9365739,1.9352992,1.9428055,1.9529976,1.9723984,1.9759514,1.9860196,1.9923611,1.9751507,1.9226028,1.8744874,1.8334953,1.7957374,1.7400949,1.6861374,1.6674272,1.7710669,1.8165375,1.8216894,1.8337232,1.8399041,1.8226017,1.8196112,1.785384,1.7751467,1.7270567,1.7048684,1.6623592,1.6325469,1.5989151,1.6219294,1.5833194,1.631816,1.5929978,1.5305855,1.6158576,1.4784064,1.372474,1.4632018,1.3841597,1.0840598,0.44290718,0.080751434,1.6878054
220,NF_075,0.0128205,0.929487,0.0576923,-1.441975,-1.4132738,-1.3749148,-1.3277042,-1.2755189,-1.2224969,-1.170971,-1.1202894,-1.069621,-1.0192913,-0.96925193,-0.91984195,-0.8704678,-0.8229054,-0.7788496,-0.7364621,-0.6955288,-0.6584478,-0.6245111,-0.59192103,-0.56080157,-0.5327722,-0.503345,-0.47325674,-0.44278824,-0.41536567,-0.39180508,-0.37164456,-0.33949453,-0.27784243,-0.19907062,-0.13293858,-0.08106649,-0.03625623,0.0034560128,0.039356288,0.07351629,0.10632761,0.13707893,0.16697729,0.19684455,0.2250697,0.25241023,0.2798571,0.30631465,0.33044758,0.3539626,0.37712818,0.40062028,0.42358747,0.4440171,0.46385828,0.48475775,0.49319875,0.50585866,0.52321094,0.54251033,0.56532043,0.58237076,0.600474,0.61369294,0.6252658,0.6440678,0.66244245,0.68184674,0.70045084,0.7190739,0.73581755,0.7561554,0.77288055,0.78649706,0.799275,0.8023211,0.8124231,0.831497,0.8397978,0.85231864,0.8667022,0.8804889,0.8925824,0.90687466,0.92485934,0.9463085,0.97198147,0.99838054,1.0238018,1.0458927,1.0661952,1.0881443,1.1097955,1.126982,1.1377859,1.1431484,1.1395795,1.1231827,1.0619806,0.9929968,1.0469341,1.0051959,1.0049069,0.9854007,0.83338684,0.6596663,0.6087839,0.5864524,0.5879209,0.5945312,0.6133045,0.6412251,0.68280405,0.72765416,0.77702,0.8263689,0.86943346,0.9070417,0.9405223,0.9714633,1.0004742,1.0294902,1.0653352,1.1053802,1.1515146,1.1939417,1.2275532,1.2525386,1.2664701,1.2673708,1.2646562,1.2580389,1.2481065,1.2328017,1.2224803,1.2071106,1.2038006,1.214615,1.2134253,1.2025436,1.187819,1.1829894,1.197882,1.1562481,1.2007692,1.3323246,0.08794194,-0.13462475,-0.6898867,-1.6640034,-1.5997475,-0.61036545,2.9586987,1.6562239,-0.46832094,-0.5926349,0.12109449,0.1790565,0.29027587,0.33782402,0.4449387,0.509367,0.56272286,0.6043944,0.6119398,0.6221346,0.6014205,0.5463085,0.48205173,0.43450215,0.4083716,0.38761052,0.3802313,0.38934824,0.404052,0.4390805,0.46299422,0.4867827,0.51403487,0.5289955,0.54608226,0.5680264,0.5921629,0.6181577,0.62833405,0.6260144,0.6005516,0.526742,0.43423036,0.3531787,0.3142798,0.3022659,0.272128,0.25692266,0.19045033,0.17109051,0.15145479,0.12279655,0.13061178,0.1940218,0.123278596,0.09617974,0.16226315,0.18165499,0.1062645,-0.12953795,-0.058186967,-0.35496444,-0.12541,-0.22838642,-0.68866354,-0.8228264,-1.5276376
221,NF_076,0.00641026,0.961538,0.0320513,-1.4734268,-1.4523941,-1.4228326,-1.3843461,-1.3396456,-1.2914983,-1.240983,-1.1883862,-1.1347668,-1.0815452,-1.0302439,-0.98163223,-0.9343204,-0.88908076,-0.84659076,-0.80498046,-0.7632256,-0.7238608,-0.68629736,-0.65068656,-0.6148487,-0.5805316,-0.5475492,-0.51201856,-0.47661647,-0.44356325,-0.4111149,-0.38062266,-0.3444999,-0.29489124,-0.23605172,-0.18312871,-0.14084741,-0.09742137,-0.053675007,-0.01528363,0.018442119,0.05596242,0.090038165,0.121502094,0.15336065,0.18154094,0.20974658,0.2422224,0.27516448,0.30444255,0.3320757,0.35845983,0.38353375,0.4043196,0.4189846,0.43726754,0.45912966,0.45696005,0.46559834,0.48532662,0.5107502,0.5406653,0.5611125,0.5838081,0.6017772,0.6188588,0.6378883,0.65749806,0.6754461,0.694053,0.7122904,0.731547,0.7528382,0.76633525,0.7764904,0.7765474,0.75557387,0.75118786,0.76756066,0.77960515,0.80003226,0.8204605,0.83232576,0.8432192,0.8576551,0.8742778,0.89688545,0.9259826,0.9560883,0.98222935,1.0027761,1.023102,1.0475143,1.0678164,1.0839927,1.0931377,1.0926596,1.0748838,1.0470487,0.9808792,0.88764954,0.94292915,0.78407085,0.7066809,0.645279,0.56047845,0.48682475,0.45344186,0.42760885,0.43262634,0.442763,0.45491266,0.48212326,0.5270666,0.57102364,0.61707044,0.6643313,0.70559967,0.737979,0.76909196,0.79721034,0.8202352,0.8468683,0.88098574,0.9213517,0.96874255,1.01122,1.0457749,1.0733602,1.0860689,1.0855643,1.0766584,1.066687,1.0519699,1.0355595,1.0202291,0.99839646,0.99383354,1.0060508,1.0028862,0.98854846,0.9716956,0.93141615,0.9455457,0.93363786,0.8173247,0.95748174,-0.4422295,-1.5526439,-1.5746722,-1.730374,-1.4552424,-1.1240176,-1.3963704,-1.6040581,0.10590586,-1.0698891,-0.36040917,-0.028277976,0.025983317,0.17445105,0.2571239,0.32419047,0.37735325,0.41965887,0.43201095,0.4521978,0.41601634,0.3665692,0.29449287,0.22918878,0.19018167,0.17149918,0.15694837,0.16891085,0.18623357,0.20927447,0.23820919,0.26802176,0.2787453,0.3130591,0.34230748,0.3611259,0.37837788,0.412698,0.41442516,0.41650903,0.36531717,0.3043334,0.19994846,0.11004118,0.09682316,0.07753171,0.07538102,0.04397903,-0.021572676,-0.034667756,-0.101715155,-0.102235064,-0.12968859,-0.13979487,-0.11215366,-0.100096874,-0.14431652,-0.25173795,-0.36322784,-0.27157944,-0.23871835,-0.41056332,-0.61697567,-0.8136848,-1.0835583,-1.1533066,-1.5249295
228,NF_085,0.00641026,0.0384615,0.955128,-1.1094035,-1.0864068,-1.065154,-1.0429299,-1.0218902,-1.0024673,-0.9849468,-0.96827555,-0.95058155,-0.9308625,-0.9089634,-0.88676816,-0.8643852,-0.8414472,-0.8186244,-0.7959874,-0.7733097,-0.75013477,-0.72756594,-0.7063913,-0.68546534,-0.66470796,-0.6410135,-0.6164582,-0.5905192,-0.5633546,-0.5350327,-0.50662863,-0.47767672,-0.44794,-0.41806337,-0.38775226,-0.36014017,-0.3299686,-0.29861405,-0.26910388,-0.24005161,-0.20978257,-0.18224467,-0.15481801,-0.12686397,-0.1009815,-0.07441284,-0.044721324,-0.014926624,0.012936617,0.040438645,0.0676858,0.094647706,0.118248366,0.13931316,0.16168213,0.1878038,0.19326292,0.20717356,0.23400971,0.26871428,0.30536294,0.33320057,0.36139044,0.37164584,0.37906688,0.40378368,0.42524454,0.44720483,0.46820453,0.49048832,0.5107864,0.53153956,0.54863405,0.5624882,0.56865376,0.5609293,0.5701636,0.5937438,0.61639684,0.6482047,0.6732683,0.6914582,0.70884115,0.72571266,0.74249023,0.7612205,0.77920014,0.7954764,0.81063,0.824818,0.8367068,0.84936255,0.85967356,0.8672643,0.8742352,0.8777293,0.87322646,0.8686668,0.81682944,0.75133514,0.7956647,0.7518175,0.72692215,0.77698326,0.7975696,0.7925983,0.8273403,0.84087104,0.8702905,0.8885961,0.89332545,0.922316,0.94992137,0.9723951,0.99078095,1.0058722,1.0168765,1.0298895,1.0401214,1.0477484,1.055026,1.062807,1.070279,1.0787252,1.0864929,1.0924946,1.0962667,1.1005563,1.1056188,1.1080546,1.1117152,1.1167687,1.1216508,1.1237607,1.1235931,1.1270063,1.1228662,1.1202918,1.1222289,1.1185101,1.1131082,1.1122025,1.094746,1.074604,0.94552976,0.96594936,-0.25059775,-1.490523,-1.6986252,-1.4201907,-1.4306798,-1.621622,-1.4963013,-1.7463198,-1.5621506,-0.37657312,0.27874342,0.5931298,0.7835408,0.8410426,0.92704767,0.96084005,0.9945924,1.009149,1.0383964,1.0520499,1.0684894,1.0650558,1.0747181,1.0818807,1.0799786,1.0819056,1.0913676,1.0867131,1.0940382,1.0917917,1.0900333,1.0862002,1.0503645,1.0274214,0.99301857,0.9599152,0.935459,0.89927477,0.89462,0.96421474,0.9996174,1.0252335,1.022507,1.011347,0.9995837,0.9864503,0.9731215,0.959613,0.9213543,0.902057,0.8761959,0.85764927,0.86582875,0.87025124,0.8101565,0.78313667,0.77686644,0.8364238,0.88061905,0.96382934,0.6638038,0.4931892,0.3655497,0.7742186,0.05599117,0.9321734,1.2683948
230,NF_087,0.0,0.00641026,0.99359,-1.094885,-1.0712242,-1.0485716,-1.0247953,-1.0023146,-0.9821583,-0.96395844,-0.94642025,-0.9278653,-0.90666157,-0.8834007,-0.859721,-0.8358486,-0.8116232,-0.7876311,-0.76360947,-0.7394964,-0.71481854,-0.6907857,-0.66818875,-0.646065,-0.62410855,-0.59963024,-0.5742076,-0.54671264,-0.5185474,-0.488729,-0.458944,-0.42891136,-0.39921892,-0.37026748,-0.34065765,-0.31415954,-0.28384823,-0.25144345,-0.22073433,-0.1919847,-0.15971585,-0.13090043,-0.10274317,-0.074020304,-0.047200505,-0.020406181,0.01031288,0.041881748,0.07089711,0.09972409,0.12787598,0.15569843,0.18028867,0.20036075,0.22354235,0.25076205,0.25954568,0.27164257,0.2992409,0.33470526,0.37344196,0.40271768,0.43451875,0.4561556,0.47610685,0.49991632,0.5217682,0.54455584,0.5680136,0.58902967,0.6080872,0.6248311,0.63978845,0.6500209,0.65806603,0.65219617,0.6610399,0.68594944,0.711212,0.74674696,0.7729399,0.7902569,0.80672437,0.8234566,0.8409741,0.85796666,0.87422514,0.8902663,0.90510374,0.91712,0.927323,0.94010067,0.94871676,0.95201266,0.9522698,0.9523906,0.9498641,0.9498501,0.9174925,0.80334175,0.85060406,0.87856555,0.7031202,0.76918685,0.766113,0.86738884,0.9227823,0.9455401,0.96692866,0.9831729,0.9926963,1.0136653,1.0434599,1.070104,1.0893356,1.1053662,1.116829,1.128655,1.1377182,1.1449614,1.152105,1.1618724,1.1704777,1.1771204,1.1828737,1.1885747,1.1925691,1.1976831,1.2036471,1.2057705,1.2104603,1.2145194,1.2192297,1.2221178,1.2242559,1.2278715,1.2228744,1.2220029,1.2218696,1.2191744,1.2122675,1.1875124,1.1909405,1.1272985,0.99480486,0.99110276,0.1365236,-1.6409211,-1.732041,-1.1362114,-0.06541335,0.4949512,-1.6377724,-1.7342378,-1.2029787,0.45270377,0.72149897,0.94137305,0.8959454,0.93852985,1.0108942,1.0443074,1.0741824,1.0846883,1.1093347,1.132717,1.1516548,1.1605154,1.1659933,1.1725389,1.1782753,1.1686388,1.1738335,1.1768506,1.176588,1.1898963,1.196719,1.1798171,1.1492492,1.1115074,1.0840243,1.057069,1.0282682,0.9781355,0.9797849,1.0559957,1.0726496,1.0908513,1.0997221,1.0785216,1.0802939,1.077677,1.0394869,1.0153811,1.0106032,1.0052204,0.99998385,0.9425952,0.8956806,0.904472,0.8811765,0.89837986,0.86715794,0.90618163,0.8366648,0.83833843,0.6955991,0.40148062,0.39938346,0.7320376,0.5605058,-0.19812405,0.04403512
235,FSP_004,0.0,0.775641,0.224359,-1.4429709,-1.4000802,-1.3498058,-1.2946478,-1.2390976,-1.188962,-1.1450053,-1.1032649,-1.0605537,-1.0142834,-0.9644644,-0.91319937,-0.8612504,-0.8086935,-0.75588775,-0.70284015,-0.64972,-0.59833103,-0.54922205,-0.500896,-0.4542031,-0.4083424,-0.3633733,-0.31596795,-0.27087408,-0.22817561,-0.18590565,-0.14493343,-0.094017476,-0.018396426,0.06625941,0.13941097,0.20607251,0.26474595,0.31696314,0.36760646,0.42017165,0.46682397,0.51059943,0.55519664,0.5981859,0.63968235,0.68116385,0.7176699,0.7512106,0.78360784,0.8165988,0.8479104,0.8790157,0.90988773,0.9420431,0.97043425,0.99421144,1.0114815,1.034501,1.0500847,1.0666174,1.0836784,1.0970545,1.1157027,1.1407049,1.1731362,1.1998719,1.2224116,1.2479055,1.2715136,1.291813,1.3148594,1.3374181,1.3577491,1.3803196,1.3996671,1.4192433,1.414047,1.4047987,1.3889666,1.3796967,1.3834045,1.3922824,1.4005824,1.4105523,1.425686,1.4456366,1.4674973,1.4904345,1.5149322,1.536335,1.5547171,1.5668018,1.5789938,1.5878832,1.5957372,1.5910637,1.5799408,1.5617791,1.5708086,1.5543833,1.3685827,1.40706,1.2817647,1.3270652,1.1469568,1.0385196,0.9873291,0.952342,0.91248715,0.8977647,0.9068662,0.92689764,0.94978625,0.97882545,1.0174081,1.0549952,1.0878253,1.1158333,1.14122,1.1668574,1.1891078,1.2131075,1.2436198,1.2784251,1.3122077,1.3448291,1.3739784,1.396041,1.4104475,1.412942,1.4051937,1.3933325,1.3780184,1.3621764,1.3500148,1.3329891,1.321545,1.324754,1.3202822,1.3058068,1.2958461,1.2796874,1.2638237,1.1913203,1.1697997,2.2453997,-0.63311774,-1.5009612,1.1363243,-0.99621373,-1.7065063,-0.9541407,-1.441192,-1.2842966,-0.53254545,0.9401014,-0.6703997,0.070786096,0.26003486,0.33998922,0.46963373,0.5156704,0.59445316,0.669956,0.7020558,0.68471706,0.6869112,0.6472378,0.5919243,0.5582114,0.5295459,0.50687605,0.4967541,0.4922557,0.5088325,0.52421755,0.5383761,0.57337046,0.6086878,0.6265884,0.6311995,0.658873,0.6577005,0.6811926,0.68900067,0.6914232,0.67635435,0.6090494,0.52683216,0.46681577,0.41929683,0.41384602,0.38453874,0.39193666,0.3347153,0.29597232,0.2778193,0.22609457,0.19731854,0.25740996,0.29777056,0.2873775,0.2556143,0.21263863,0.21465072,0.08753362,-0.15846089,-0.44148794,-0.3904591,-0.4090472,-0.09603085,0.4938097,1.187229
236,FSP_005,0.0,0.852564,0.147436,-1.4815794,-1.4386865,-1.3866501,-1.3309681,-1.2765013,-1.2249432,-1.1769494,-1.1306151,-1.0849192,-1.0381919,-0.9902804,-0.9418599,-0.892743,-0.84331685,-0.79366213,-0.7436733,-0.6928746,-0.6431056,-0.594092,-0.5449501,-0.4957449,-0.44627392,-0.3957512,-0.3445098,-0.29661983,-0.2505247,-0.20444056,-0.16029103,-0.10600461,-0.026036955,0.062370315,0.13865747,0.20689602,0.26857662,0.32436317,0.37846413,0.43412215,0.4852759,0.53249145,0.58103204,0.6285416,0.67424875,0.71990496,0.7617801,0.8011875,0.8389204,0.87638307,0.91229016,0.94772696,0.9820083,1.0165251,1.0468739,1.0752991,1.0927047,1.1155914,1.1344562,1.1546444,1.17417,1.1895399,1.2114198,1.2356721,1.2655907,1.2933829,1.3208764,1.3469958,1.3728018,1.3952782,1.4190682,1.4431162,1.4626256,1.4851861,1.5029601,1.5211902,1.5266702,1.5149843,1.4973236,1.4847267,1.4861968,1.4935175,1.5017929,1.5113347,1.5285566,1.5523906,1.5795194,1.6082597,1.6367576,1.6615498,1.6845609,1.7011812,1.7167561,1.7300183,1.7340333,1.7272915,1.708693,1.6771908,1.6267014,1.480857,1.2825944,1.2985154,1.389879,1.4810827,1.2772251,1.043753,0.924803,0.8865057,0.85487807,0.84566,0.85741794,0.8811299,0.91254306,0.9458897,0.992883,1.0389649,1.0793787,1.112832,1.1446998,1.1743248,1.2022154,1.2316012,1.26711,1.3114836,1.3614708,1.4042474,1.4419498,1.4679731,1.4848634,1.4853644,1.474831,1.4599468,1.4401218,1.4202808,1.4006428,1.373257,1.3629996,1.3655275,1.3585467,1.3408045,1.3311132,1.3047854,1.3151175,1.2882584,1.2650921,1.6078244,0.476747,-1.4019449,-1.5089959,-1.5271055,-1.5241268,-0.042910814,-0.32251468,-0.49321687,-0.3786822,-0.071816914,0.28308827,0.19331107,0.10649975,0.29122242,0.39418107,0.4530076,0.5113527,0.59565187,0.6647747,0.64207816,0.5992792,0.546836,0.48802164,0.44029468,0.38602778,0.35096958,0.33332914,0.33208948,0.35222116,0.37155795,0.40272796,0.42966953,0.45657045,0.4777078,0.51447237,0.54114914,0.5537925,0.5793946,0.5911745,0.60286283,0.5773621,0.4857604,0.3921802,0.3139304,0.24780479,0.21021822,0.19916259,0.15973839,0.11567815,0.08919245,0.10701907,0.100042656,0.015342177,0.037896242,0.06224796,0.03640967,-0.037890986,0.083565414,0.012463452,-0.10323819,-0.19070707,-0.42383894,-0.22026946,-0.573287,-0.48640183,-0.5661843,0.36276448
241,FSP_010,0.0192308,0.75641,0.224359,-1.4663001,-1.4341043,-1.3965777,-1.3546394,-1.311599,-1.2704409,-1.2334163,-1.1983676,-1.1622791,-1.1230811,-1.0810385,-1.0381576,-0.9945366,-0.9511014,-0.908049,-0.86516684,-0.8224745,-0.78205544,-0.7436988,-0.7070589,-0.67122,-0.63600695,-0.601352,-0.5636642,-0.5301081,-0.49940646,-0.4693111,-0.43970418,-0.39732626,-0.32708564,-0.24290498,-0.16808698,-0.10342318,-0.046657573,0.0039323336,0.052373424,0.10451324,0.14885186,0.19010045,0.2333511,0.27563146,0.31589293,0.3564482,0.39478618,0.43110645,0.46533588,0.49961716,0.5325043,0.56547284,0.5977818,0.6293024,0.6592173,0.6883404,0.7001692,0.7207188,0.7460409,0.7732482,0.8041336,0.82562155,0.85030395,0.88162845,0.9169302,0.9450672,0.9697698,0.9948315,1.0204549,1.0455282,1.0713522,1.0935423,1.1134592,1.1316214,1.1447449,1.1539108,1.1627703,1.1673087,1.1657656,1.1730393,1.1859541,1.1983032,1.2111206,1.226173,1.2442232,1.2680968,1.2937006,1.3198197,1.344867,1.3695786,1.3910294,1.4072034,1.4198222,1.4322369,1.4397854,1.4357362,1.42214,1.3991516,1.3461844,1.1676855,1.1605203,1.0744694,1.0058852,1.0366914,0.9430897,0.8843693,0.8254476,0.78240746,0.76433253,0.7668929,0.78223264,0.8080671,0.84511095,0.8847019,0.9272501,0.9701014,1.0062054,1.0367435,1.0641654,1.0888408,1.1128894,1.1393669,1.1690965,1.204924,1.2423621,1.2756492,1.3043822,1.3251494,1.3368607,1.3357804,1.3272917,1.3115093,1.2914059,1.2724452,1.2547853,1.2360557,1.2284628,1.2333,1.2303234,1.217273,1.2061089,1.1802562,1.1761832,1.1481224,0.99908847,1.4863926,0.11463903,-0.7651039,-0.78495264,-1.7194947,-0.8958432,-0.28601328,0.17665526,-1.4347444,-1.4146494,-0.10140197,0.817905,0.37487912,0.16310665,0.30838868,0.36562896,0.43070492,0.4993526,0.57528555,0.62625957,0.60081804,0.58278793,0.54775685,0.49709815,0.46812883,0.43072852,0.4152717,0.3978194,0.39581245,0.41555756,0.43626815,0.45571715,0.4788909,0.4976247,0.50519043,0.5222931,0.53418034,0.5499342,0.56390786,0.5756394,0.60119057,0.5866315,0.52086836,0.43189922,0.3448473,0.2965143,0.27493146,0.25584382,0.208811,0.19145322,0.17102355,0.17645754,0.12446274,0.10202179,0.12829737,0.1339541,0.09318018,0.06752559,0.16845743,0.025810365,-0.19144586,0.04168881,-0.30618596,-0.35200846,-0.33604237,-0.18894787,-0.23987304,-1.283154
258,FSP_027,0.294872,0.0,0.705128,-1.5272905,-1.507737,-1.485488,-1.4589901,-1.4305252,-1.4075437,-1.3941809,-1.3842226,-1.3699325,-1.3470082,-1.3133333,-1.2651559,-1.1905684,-1.0988901,-1.026663,-0.97504646,-0.94781816,-0.95078963,-0.9607882,-0.9577819,-0.95074016,-0.95088744,-0.948789,-0.94134575,-0.93671066,-0.9349501,-0.93205076,-0.924979,-0.90360177,-0.8385263,-0.6644551,-0.38691613,-0.034937818,0.31475893,0.56787175,0.71506345,0.8101245,0.8361284,0.84824115,0.86872226,0.88675416,0.9020953,0.923458,0.93202406,0.9377824,0.9457654,0.9573069,0.96815735,0.9780747,0.98740554,1.0091239,1.0216454,1.0283537,1.031245,1.0686727,1.0423834,1.0123222,0.98723096,0.9845705,0.98880833,0.96753585,0.9482187,0.97304887,0.99749756,1.019201,1.0394671,1.0606176,1.079359,1.0938649,1.1034268,1.1126459,1.1219355,1.146948,1.1257309,1.0552492,0.9936503,0.94362706,0.9271035,0.9257905,0.927653,0.93467677,0.9478158,0.9623398,0.97734743,0.9921442,1.0067601,1.02385,1.0326955,1.0277768,1.0190727,1.0067035,0.98350525,0.9468288,0.90010613,0.84904563,0.8301176,0.8098513,0.7950113,0.8556963,0.9089634,0.68131316,0.3664021,0.13365774,0.013469849,0.0063927006,-0.039351966,-0.05552782,-0.03364009,-0.0130900545,0.0110698985,0.040657174,0.08071953,0.123643085,0.16802411,0.21368733,0.256961,0.29709324,0.33683026,0.3730201,0.40297362,0.43309563,0.4615746,0.48323786,0.5033931,0.5211769,0.534048,0.54237664,0.54537994,0.54459345,0.53841627,0.5306757,0.5202242,0.5081346,0.49189788,0.47135088,0.4505461,0.4292028,0.4064829,0.35651177,0.34032226,0.37457037,0.5081038,0.81733847,-1.2543926,-1.7063226,-0.8746569,-1.5552292,-0.3264565,0.015304899,-0.06663044,-0.7259175,-1.5492288,-0.7209732,-0.9429425,-0.30935252,-0.40398434,-0.34074458,-0.35442606,-0.3506722,-0.3409852,-0.30310485,-0.24901955,-0.22036481,-0.22507952,-0.2231671,-0.21301877,-0.1763457,-0.14866441,-0.14042088,-0.12729892,-0.10743614,-0.085527964,-0.061539207,-0.05206585,-0.048692103,-0.044012334,-0.045203954,-0.052514475,-0.063517876,-0.07383637,-0.08431052,-0.0792589,-0.03778628,-0.028009083,-0.03884281,-0.044833276,-0.05878669,-0.0731677,-0.095969975,-0.12396106,-0.1577415,-0.16575353,-0.1719915,-0.2151455,-0.2443441,-0.26135388,-0.27139366,-0.29518723,-0.29398382,-0.39043245,-0.3977391,-0.44266587,-0.43897894,-0.49023893,-0.48054108,-0.57111204,-0.658642,-0.9660049,-1.5811036,-1.5196054
259,FSP_028,0.820513,0.0,0.179487,-1.564997,-1.5496309,-1.5323553,-1.5144047,-1.4965997,-1.4814483,-1.4720546,-1.4656271,-1.4570274,-1.4425615,-1.4171076,-1.3663826,-1.2627867,-1.1273737,-1.0323975,-0.97896856,-0.9741363,-1.0260459,-1.0835046,-1.1104043,-1.119762,-1.1382293,-1.1622288,-1.1658369,-1.1748174,-1.1942176,-1.2083031,-1.2141918,-1.1960769,-1.1008546,-0.78831524,-0.28021365,0.34210134,0.95707154,1.3997153,1.6484765,1.7817584,1.8180246,1.8320645,1.8514873,1.8688723,1.8839836,1.9004978,1.9093664,1.9183329,1.9290981,1.9415624,1.9523067,1.9619193,1.9715765,1.9834982,1.9928883,1.994523,1.9939666,1.9835863,1.9385946,1.8797269,1.8530214,1.8507247,1.8642102,1.8894712,1.9250548,1.959954,1.9942802,2.023351,2.0493126,2.0651112,2.0734355,2.0727944,2.069181,2.0683699,2.065457,2.0775769,2.047704,1.9345071,1.8021953,1.7129712,1.6783211,1.6641754,1.6542269,1.6542959,1.6662369,1.6835954,1.701116,1.7186826,1.7363563,1.7520938,1.7573735,1.7422534,1.7146045,1.6716832,1.6124374,1.5361034,1.4520082,1.3620832,1.3268175,1.3814684,1.2865086,1.1267897,1.0801535,0.978359,0.49282855,-0.0010353782,-0.18226442,-0.23715979,-0.30089012,-0.323872,-0.2857098,-0.24183407,-0.19127466,-0.13399312,-0.059704974,0.01843756,0.09811786,0.17785904,0.25192434,0.32349607,0.39150873,0.45370293,0.50837654,0.5601092,0.6050266,0.64210784,0.6755141,0.70472556,0.7287854,0.7421058,0.7473883,0.74049824,0.72615695,0.71124446,0.6923104,0.66626376,0.6355144,0.5988833,0.5539724,0.5099279,0.467846,0.39449263,0.36964637,0.3907592,0.42839018,2.013285,1.0234483,-1.0294257,-0.47959873,-1.2969351,-1.5821695,-1.234891,-1.131219,-0.8669595,-0.6990333,-0.9628829,-1.5238166,-1.1104342,-1.0093203,-0.94523287,-0.88290584,-0.85435534,-0.82685775,-0.80790347,-0.75603276,-0.7018062,-0.68553334,-0.66610163,-0.6321882,-0.58370495,-0.549817,-0.5166609,-0.49246407,-0.4523138,-0.41676554,-0.3873963,-0.3578726,-0.33276516,-0.31438357,-0.30533674,-0.3047674,-0.2946725,-0.28967392,-0.29489475,-0.2830967,-0.2607281,-0.24879237,-0.25696287,-0.2889856,-0.32548293,-0.35542873,-0.38384038,-0.4262465,-0.46143612,-0.4876992,-0.52651167,-0.55515057,-0.57355356,-0.6255076,-0.64996517,-0.6507647,-0.7747594,-0.84080267,-0.8697374,-0.9231073,-1.0518941,-0.9807308,-1.1962867,-1.3156772,-1.2592423,-1.0912725,-1.1038524,-0.91260046
261,FSP_030,0.961538,0.0384615,0.0,-1.6784824,-1.6649734,-1.648619,-1.6351835,-1.6257427,-1.6167233,-1.6097316,-1.6061207,-1.6025845,-1.5963122,-1.578429,-1.5332029,-1.4460566,-1.3452489,-1.2819632,-1.2509254,-1.2530897,-1.2970694,-1.3458003,-1.371603,-1.3822869,-1.4004738,-1.4232401,-1.4315728,-1.4511648,-1.4850863,-1.513393,-1.5366291,-1.5273201,-1.4189938,-1.1188923,-0.6953558,-0.17370501,0.4011957,0.8768087,1.1807885,1.3636991,1.4338242,1.4746563,1.5214812,1.5651942,1.6053529,1.6485227,1.678061,1.705323,1.7352601,1.7668691,1.7967913,1.8255324,1.8530715,1.8853877,1.9082326,1.9181492,1.9072886,1.8933082,1.805553,1.694666,1.6413952,1.6377562,1.6629493,1.694868,1.7434607,1.815192,1.8848013,1.946082,1.9986185,2.0357966,2.0588553,2.066648,2.0598657,2.0455937,2.0234556,2.0013678,1.8729217,1.6236482,1.3544838,1.2006205,1.1489307,1.1272284,1.1097035,1.1077172,1.1264248,1.1596032,1.1984974,1.2374989,1.2728132,1.3008121,1.3120354,1.290131,1.2444224,1.1702989,1.057819,0.909263,0.738143,0.5818851,0.5386093,0.7001804,0.64478,0.5683567,0.52490425,0.19828345,-0.44253066,-0.9023447,-1.078278,-1.1370529,-1.1994855,-1.2126919,-1.1896734,-1.1580033,-1.1204262,-1.0745687,-1.0157655,-0.95219845,-0.88779,-0.82200253,-0.75724953,-0.69482017,-0.63395816,-0.5758806,-0.52416986,-0.47170404,-0.42461675,-0.3841143,-0.34744078,-0.31705615,-0.29462036,-0.2789538,-0.27382398,-0.2791237,-0.2950343,-0.31539547,-0.3396281,-0.36990568,-0.40204424,-0.43898153,-0.4857334,-0.53505516,-0.57783425,-0.64059126,-0.6640976,-0.6919709,-0.816249,-0.038035657,-0.075527444,-1.3565415,-0.9218617,-1.2684745,-0.91616833,-0.67539036,0.21616709,-1.5078273,-1.49729,0.17589474,-1.2987363,-1.5635077,-1.6268799,-1.6376278,-1.5768125,-1.5680735,-1.5545715,-1.537692,-1.5023042,-1.4770833,-1.4594406,-1.4383931,-1.4318882,-1.413527,-1.3804232,-1.3638843,-1.3528625,-1.3299798,-1.3055469,-1.2811115,-1.2583096,-1.2450378,-1.2222146,-1.2092055,-1.1898931,-1.1723716,-1.1649256,-1.1525362,-1.1557022,-1.1564305,-1.1644468,-1.1786131,-1.2055606,-1.2307205,-1.2572111,-1.2858672,-1.2961328,-1.3068646,-1.3548174,-1.333191,-1.377424,-1.4153652,-1.4322866,-1.4624104,-1.501127,-1.5155993,-1.5602275,-1.5349048,-1.5148611,-1.5281471,-1.5896384,-1.63549,-1.7356206,-1.6849498,-1.6279116,-1.4797843,-0.57673436
275,FSP_045,0.0641026,0.0,0.935897,-1.4214094,-1.3910948,-1.3571775,-1.3166691,-1.2736577,-1.2396663,-1.2209331,-1.2078097,-1.1884311,-1.1568604,-1.1122257,-1.0575202,-0.9910446,-0.9171847,-0.84986097,-0.79042816,-0.7431452,-0.71380055,-0.6938667,-0.6736525,-0.6560502,-0.6446193,-0.6317202,-0.6164936,-0.60739464,-0.597915,-0.5884962,-0.5773646,-0.5545726,-0.5012152,-0.40240252,-0.2645516,-0.09209256,0.08266723,0.21614465,0.3063691,0.37885773,0.40539566,0.4186333,0.441191,0.4604808,0.4787502,0.5003819,0.51101565,0.51909417,0.5292056,0.5419501,0.55400723,0.56595147,0.5793441,0.60074836,0.6154725,0.6256683,0.6342058,0.65918297,0.65215826,0.6432229,0.63856775,0.6434485,0.653649,0.6525666,0.6520295,0.67383134,0.6923031,0.7109318,0.7277365,0.7423182,0.75534785,0.7662448,0.7749656,0.7865581,0.7972325,0.8217815,0.8267632,0.79672605,0.7610796,0.7374964,0.73029053,0.7325602,0.7381194,0.7464401,0.75734174,0.7690022,0.7782582,0.78920287,0.80091876,0.8156354,0.8238104,0.8169982,0.8108231,0.8047913,0.79360706,0.77530146,0.7578671,0.7268018,0.6873763,0.615523,0.6058098,0.72747046,0.6873962,0.6353791,0.4441029,0.26890454,0.25507814,0.23881546,0.22956555,0.22861476,0.24384277,0.26026228,0.27700433,0.29399994,0.319955,0.3479588,0.37660068,0.40277308,0.42865264,0.4559151,0.4808712,0.5030926,0.5205007,0.5389842,0.55676305,0.56806827,0.580677,0.58941835,0.60002315,0.60287964,0.6046665,0.6034497,0.6009335,0.59453636,0.589222,0.57958317,0.5677719,0.5552392,0.5422911,0.52506155,0.505792,0.4376833,0.43223742,0.50134295,0.8006757,1.6659433,-0.7189457,-0.81851816,0.030768143,-1.417813,-1.247155,-0.33489716,-1.0049458,-1.0470139,-1.4444013,-0.15275918,0.7942117,0.3274055,0.019311205,-0.015531607,-0.0008967824,0.0018037315,0.0256096,0.095430195,0.13538375,0.119131126,0.11056682,0.11896191,0.13614078,0.15176505,0.16205819,0.17314397,0.16682759,0.18161538,0.19745106,0.19818154,0.21436699,0.21275409,0.21104442,0.191645,0.1694872,0.15711081,0.13103656,0.12032321,0.111696966,0.16558747,0.20125753,0.19423191,0.18651612,0.17304605,0.16143274,0.13106625,0.1315435,0.09546631,0.067758135,0.04713226,0.006143205,0.0025415847,-0.03328215,-0.028850356,0.026371643,-0.005310929,-0.13599224,-0.18650246,-0.10367232,-0.16912971,-0.12674934,-0.08620353,-0.119470954,0.07065778,0.023533935,-0.21201284,0.9231137
284,FSP_054,0.294872,0.0576923,0.647436,-1.3785048,-1.3486589,-1.3132787,-1.2704428,-1.2261535,-1.1916978,-1.1722457,-1.1580268,-1.1372778,-1.1029159,-1.0524876,-0.9846909,-0.89231294,-0.78580743,-0.6904626,-0.60831094,-0.545777,-0.5138722,-0.49863204,-0.48052624,-0.46127862,-0.4565618,-0.45660374,-0.4450469,-0.4407829,-0.45135313,-0.46696723,-0.48621672,-0.4614838,-0.33137628,-0.108054094,0.11924939,0.3382253,0.52443117,0.6440363,0.715698,0.7801852,0.8060727,0.8172254,0.84007454,0.8620411,0.87917674,0.9039344,0.91978014,0.93262374,0.9448952,0.96087134,0.97599393,0.99106395,1.0049574,1.0280524,1.045992,1.0618609,1.0613663,1.104178,1.1082222,1.1140848,1.1167446,1.126986,1.1424068,1.1246452,1.1039178,1.1246172,1.1448106,1.1644571,1.184154,1.2018412,1.2210423,1.237936,1.2538568,1.2685581,1.2832056,1.3124528,1.3193115,1.296852,1.2822747,1.2678785,1.2663888,1.2741112,1.2840166,1.2941259,1.3083202,1.3237295,1.336446,1.3496007,1.365826,1.3858548,1.3983328,1.3929197,1.3892765,1.3885952,1.3847694,1.3709098,1.3525231,1.3204458,1.2903123,1.1970232,1.0722184,1.1021465,1.3126525,1.1700629,0.9066844,0.75932014,0.69315153,0.6777529,0.65998626,0.65175533,0.68135315,0.7140727,0.74460655,0.77677387,0.8199391,0.86591434,0.9072224,0.94729435,0.98506576,1.0205986,1.0536234,1.0848099,1.1097592,1.1357214,1.1568928,1.1712737,1.1900452,1.2038211,1.2147313,1.2200842,1.2246518,1.2231063,1.2207057,1.2164803,1.2105235,1.2006184,1.1877098,1.1703281,1.1543802,1.1361871,1.1089996,0.9942559,0.9785202,1.0090553,0.8573597,0.6839533,-0.3621962,-0.86623114,-0.23176928,-1.3561633,-0.94829714,-0.075456515,0.5519005,-0.49847883,-1.1897373,-0.51901436,-0.3290287,-0.15763351,0.025631452,0.10844149,0.13688459,0.15893628,0.20578888,0.2856896,0.39130354,0.41892123,0.4108752,0.41746518,0.4530179,0.50709295,0.5293662,0.5436584,0.5617562,0.58809084,0.6100483,0.6362406,0.65758663,0.6620986,0.6578905,0.65166444,0.638133,0.6261607,0.620371,0.59948254,0.6058799,0.6649014,0.6810993,0.6658727,0.6430825,0.61437774,0.5862477,0.5716921,0.5369838,0.4932427,0.44940624,0.4195275,0.3945992,0.3603539,0.2949685,0.2752645,0.23456293,0.14072262,0.06567464,0.17621551,0.14276615,0.010736731,-0.11879212,0.10021993,-0.09527127,-0.49796417,-1.0706873,-1.3307978,-1.0760702
295,FSP_068,0.942308,0.0128205,0.0448718,-1.6555088,-1.6474485,-1.6367143,-1.6279817,-1.6216301,-1.615075,-1.6104431,-1.6084336,-1.6061689,-1.6025649,-1.5901449,-1.5516604,-1.4577377,-1.3316693,-1.251513,-1.2163087,-1.2324704,-1.3081437,-1.3849094,-1.4260218,-1.4460418,-1.4725609,-1.5007254,-1.5126228,-1.5308192,-1.5570889,-1.5763589,-1.5877728,-1.5750738,-1.48607,-1.152112,-0.54875827,0.27790532,1.1965896,1.9320899,2.371774,2.5972452,2.6705596,2.7093296,2.7437954,2.7740881,2.8011777,2.8279269,2.8443372,2.861233,2.8819904,2.9021466,2.920077,2.9366188,2.950425,2.9641557,2.9720502,2.968845,2.9418597,2.8934104,2.8024333,2.6924517,2.6463165,2.6434011,2.6646729,2.7200892,2.7936487,2.8547537,2.916926,2.9710112,3.0134587,3.0436432,3.0608191,3.06269,3.0507627,3.0301158,3.0119214,2.9823914,2.8553586,2.644322,2.398341,2.2590485,2.209556,2.1843395,2.16354,2.1648703,2.1840427,2.2123153,2.2438843,2.2744193,2.3033357,2.3210814,2.3216746,2.3042088,2.2619555,2.1908913,2.0824523,1.9417374,1.7815475,1.6321802,1.5722018,1.5819474,1.3841631,1.2474979,1.2341357,0.854535,0.21417113,-0.3694546,-0.63647956,-0.7256943,-0.80653965,-0.8252375,-0.77926254,-0.7198629,-0.6516788,-0.5733196,-0.47590515,-0.37316734,-0.268661,-0.1629781,-0.061680492,0.034862794,0.12529583,0.21027619,0.2852364,0.3567822,0.41910797,0.4738033,0.5227949,0.5634215,0.5956358,0.6160488,0.6201275,0.60914963,0.5842704,0.55321354,0.5227386,0.48741886,0.44146982,0.38895208,0.32948303,0.26604405,0.21581745,0.18181579,0.1669802,0.13797723,0.2992376,0.4758584,1.2834414,-0.108945504,-0.42256004,-0.6343197,0.8768428,1.039141,0.056539826,0.5609321,-0.18750067,-0.8031689,-0.8831789,-1.57681,-1.5465462,-1.5292982,-1.4831946,-1.4417325,-1.4063702,-1.3593522,-1.3110471,-1.2807853,-1.2475224,-1.2193379,-1.1765305,-1.1376452,-1.0943416,-1.0496448,-1.0163755,-0.9654538,-0.9228233,-0.8734545,-0.84142023,-0.82120585,-0.7968822,-0.77559334,-0.75813043,-0.7271596,-0.7040192,-0.68391,-0.67582613,-0.66956115,-0.67791593,-0.713347,-0.73277617,-0.77571595,-0.81755096,-0.845185,-0.89378256,-0.9310447,-0.9735328,-0.9785208,-1.0277714,-1.07967,-1.1164504,-1.1124026,-1.1441113,-1.2703143,-1.253141,-1.2398869,-1.2618513,-1.4217529,-1.5566914,-1.5440074,-1.3511169,-1.5440788,-1.4125224,-1.0557141,-1.2655687
301,FSP_074,0.929487,0.0320513,0.0384615,-1.5909731,-1.5805354,-1.5651127,-1.5504827,-1.5379637,-1.5241593,-1.513722,-1.5092974,-1.506259,-1.5025815,-1.486398,-1.437071,-1.3212683,-1.162958,-1.0564439,-1.0092745,-1.029699,-1.1225,-1.2196093,-1.2703104,-1.2940167,-1.3310874,-1.3717508,-1.387006,-1.403857,-1.4380311,-1.4758083,-1.5030279,-1.4948171,-1.3990792,-1.0672257,-0.46567756,0.39704672,1.3813344,2.1632109,2.6125944,2.8257623,2.8933947,2.917924,2.9363225,2.9520817,2.9612668,2.9746044,2.9790893,2.985438,2.9949973,3.005523,3.0134358,3.018602,3.0173872,3.0197074,3.0173917,3.0054636,2.9553664,2.9154046,2.80961,2.6885257,2.6332197,2.625069,2.644576,2.6904564,2.7541153,2.812715,2.8723729,2.9224043,2.961744,2.9904687,3.006279,3.0058436,2.9915102,2.965391,2.9425488,2.9121025,2.7701528,2.540919,2.286707,2.1399512,2.0941434,2.0753145,2.0578938,2.059737,2.0812342,2.1123884,2.1462083,2.1781623,2.2095683,2.2286048,2.2278993,2.2096922,2.165072,2.0931149,1.9841065,1.8343356,1.6594256,1.49819,1.4628136,1.5824863,1.5553205,1.469084,1.4283469,0.99228257,0.16155861,-0.5467342,-0.7969209,-0.88893133,-0.9726928,-0.99016345,-0.9481325,-0.8970273,-0.833235,-0.7575688,-0.6646645,-0.5630772,-0.4569971,-0.3510098,-0.24813235,-0.15060686,-0.05879966,0.028767386,0.10757988,0.1779849,0.24166498,0.29701728,0.3469774,0.38792208,0.42011136,0.43942735,0.4479733,0.4399455,0.41727585,0.38585857,0.35055965,0.31324115,0.26321557,0.20948902,0.14375442,0.075115286,0.017500695,-0.04214772,-0.05402921,-0.0059958445,0.15651412,-0.24125245,1.1117942,0.9101507,1.3902532,0.21554866,-0.44678462,1.8375148,1.0909766,-0.045765,-0.84720075,-0.49488154,-0.3275386,-1.2848934,-1.4941545,-1.5086573,-1.5228142,-1.4960706,-1.4801745,-1.456361,-1.3960181,-1.3706951,-1.3653599,-1.3376809,-1.3014294,-1.2641169,-1.2331648,-1.1898535,-1.1527201,-1.1227984,-1.0861881,-1.0368382,-0.9964851,-0.97576666,-0.9493694,-0.9237192,-0.91208667,-0.87718874,-0.8535019,-0.8461189,-0.8388366,-0.8436979,-0.8503409,-0.8691023,-0.90565133,-0.9448688,-0.98254234,-1.0131601,-1.0475147,-1.0707699,-1.128766,-1.1518837,-1.1730026,-1.2136118,-1.2684965,-1.2915246,-1.3162358,-1.2918526,-1.3202744,-1.3942796,-1.4017819,-1.489165,-1.5066645,-1.4541786,-1.4788424,-1.5795025,-1.4292808,-1.2603109,-1.2877957
303,FSP_077,0.717949,0.0961538,0.185897,-1.6718174,-1.6637069,-1.6538575,-1.6447333,-1.6381365,-1.6311966,-1.6263419,-1.6237884,-1.6207992,-1.6161995,-1.6046207,-1.5759737,-1.5152664,-1.4382658,-1.3893749,-1.3657694,-1.3707128,-1.4092878,-1.4499243,-1.4706925,-1.4799529,-1.4940054,-1.5091546,-1.5143228,-1.5241541,-1.5402652,-1.5531274,-1.5617133,-1.5512179,-1.4833685,-1.2720345,-0.921877,-0.4623106,0.03027406,0.4170599,0.6480855,0.7712415,0.8189895,0.84781814,0.8736126,0.89738727,0.9176218,0.9408591,0.95686257,0.9730645,0.9899718,1.0077001,1.0242809,1.0390204,1.0502306,1.0656147,1.076435,1.0813732,1.0703758,1.0740216,1.0260289,0.97009933,0.9378717,0.93684053,0.9514896,0.9711838,0.9975595,1.0373849,1.0760671,1.1099651,1.1367239,1.1602852,1.1789236,1.1903287,1.1928786,1.1876084,1.1850761,1.1749966,1.0837744,0.95686984,0.8150462,0.7298409,0.7088304,0.7014731,0.69441104,0.69899595,0.7157413,0.73820823,0.7636975,0.7883699,0.8074896,0.8204685,0.8253927,0.81983787,0.8023617,0.766263,0.7083349,0.62565076,0.5222118,0.4251653,0.40080658,0.49736342,0.5151654,0.502254,0.47673833,0.09695417,-0.3495259,-0.7943725,-0.9572651,-1.0231813,-1.0724955,-1.0820477,-1.0505482,-1.0174283,-0.9807174,-0.93624043,-0.8782454,-0.8155352,-0.75170356,-0.68777543,-0.6255625,-0.5665359,-0.5132655,-0.461804,-0.41493598,-0.3711931,-0.33002797,-0.2941452,-0.26342824,-0.23745194,-0.21790923,-0.20803435,-0.20693715,-0.21311647,-0.22791968,-0.2472012,-0.26854157,-0.2940425,-0.32442313,-0.35386863,-0.3913159,-0.4264136,-0.45650676,-0.46740744,-0.45236525,-0.38623005,-0.34875345,-0.5496584,-1.5216986,-1.7517196,-1.7524561,-1.7524561,-1.7524561,-1.7524561,-1.7524561,-1.7524561,-1.7505848,-1.3376652,-0.78223014,-1.4385118,-1.5931389,-1.550091,-1.5108327,-1.4813155,-1.470046,-1.4400554,-1.4106059,-1.3904942,-1.3549557,-1.3348815,-1.3193818,-1.2930578,-1.2627784,-1.2447306,-1.2174004,-1.1860042,-1.1642947,-1.1444304,-1.1208845,-1.1011938,-1.0892605,-1.076449,-1.0695515,-1.0533344,-1.0380951,-1.0248449,-1.0174216,-1.0178506,-1.0173705,-1.0377072,-1.0541552,-1.0955174,-1.1244223,-1.1416458,-1.1551604,-1.1866627,-1.2207642,-1.2159443,-1.2638897,-1.2831287,-1.2983799,-1.3152966,-1.3629478,-1.361959,-1.3750894,-1.4563062,-1.5052501,-1.4703673,-1.5824705,-1.6677549,-1.5952922,-1.5767428,-1.4393888,-0.6370197,-1.0756829
308,FSP_082,0.0833333,0.0512821,0.865385,-1.391542,-1.3610892,-1.3259908,-1.2801135,-1.2279648,-1.1861178,-1.162673,-1.146342,-1.1228337,-1.0851277,-1.033729,-0.97456837,-0.91024,-0.8402177,-0.7682772,-0.69413805,-0.6209853,-0.5542253,-0.4989991,-0.45140058,-0.41642174,-0.38922203,-0.36652794,-0.34091005,-0.3177793,-0.29518455,-0.27551073,-0.2542864,-0.22451054,-0.17455657,-0.107716136,-0.0354915,0.048725527,0.11360202,0.15312004,0.1863822,0.22778553,0.24385399,0.2587167,0.27960563,0.2964379,0.31497627,0.33609682,0.34046412,0.340502,0.3443233,0.35181284,0.35992527,0.36939746,0.38223168,0.4098611,0.42470628,0.43346304,0.45528802,0.49734822,0.49892724,0.49523818,0.47772816,0.4771214,0.4732723,0.45738122,0.44645154,0.45825347,0.47062072,0.4824327,0.4950795,0.5098756,0.52787435,0.54597825,0.566263,0.5940037,0.626458,0.672128,0.68320304,0.6775776,0.6691964,0.6470038,0.6404662,0.6472357,0.65410984,0.661264,0.666856,0.6728081,0.67590255,0.6818376,0.6884601,0.69894594,0.7072364,0.7091499,0.71716833,0.7283462,0.7410262,0.75258225,0.76016134,0.7677289,0.7793469,0.768112,0.73246366,0.6911598,0.7025854,0.743818,0.7922157,0.690748,0.687905,0.6842363,0.6721406,0.6634661,0.6710711,0.6678058,0.6533231,0.6451941,0.6469566,0.6507422,0.65595037,0.6629961,0.669135,0.6779619,0.6862117,0.6922122,0.69733375,0.7055223,0.7113688,0.7150791,0.71769047,0.7218175,0.7260904,0.72713673,0.7283712,0.7302118,0.73140866,0.7324239,0.73369604,0.7320874,0.7312121,0.73045343,0.7273866,0.7303936,0.7360302,0.75408155,0.7878188,0.80200696,1.05466,0.730342,-1.1210804,-1.7335057,-1.7524533,-1.7524561,-1.7524561,-1.7524561,-1.7524561,-1.7524561,-1.7515398,-1.1084913,2.2609866,0.745695,0.5686341,0.58185565,0.53062946,0.53423876,0.55318457,0.593852,0.60329384,0.598956,0.59706,0.5902618,0.5917843,0.590414,0.5904591,0.58915704,0.5901805,0.59194297,0.59728444,0.6072133,0.60586214,0.60019326,0.5829985,0.561889,0.5385602,0.51524204,0.4949257,0.45425007,0.45342854,0.50987303,0.5360576,0.5442747,0.5327509,0.5347677,0.5199421,0.51126087,0.5067517,0.4997581,0.48995754,0.46600127,0.4733854,0.4458404,0.43232882,0.44242385,0.45318758,0.43327,0.48453102,0.34474468,0.35964364,0.35928228,0.24972339,0.4850889,0.42492878,0.32551587,0.36864743,0.13878368,-1.6369998
319,FSP_093,0.00641026,0.00641026,0.987179,-1.3789707,-1.3477753,-1.3116187,-1.2641524,-1.209514,-1.1662238,-1.1416801,-1.1235666,-1.0975041,-1.0562904,-1.0007839,-0.9374625,-0.8700282,-0.7967044,-0.7190822,-0.63663286,-0.5540195,-0.4762625,-0.4111156,-0.35405025,-0.31327412,-0.28167242,-0.2512996,-0.2217246,-0.19319397,-0.16458644,-0.1388975,-0.111881256,-0.077040896,-0.0250156,0.03407855,0.09281744,0.16676728,0.22484721,0.26212105,0.2993561,0.34451893,0.365072,0.38353935,0.4088264,0.42898777,0.45358843,0.47749373,0.4828389,0.48368824,0.48968384,0.499325,0.5101072,0.52287954,0.5426218,0.5754134,0.59592605,0.6076099,0.6527508,0.69123036,0.69694877,0.6901532,0.67270786,0.67345273,0.671298,0.6822906,0.7003417,0.71530443,0.7315578,0.74575603,0.7602436,0.77496415,0.7885905,0.8035792,0.82585967,0.8582142,0.8994802,0.97598696,1.0188285,1.0113295,1.0017124,0.9680391,0.946922,0.94636977,0.9514342,0.956121,0.9604212,0.96290845,0.96416,0.9674789,0.97305447,0.98235977,0.9926341,0.99281055,0.997089,1.0037681,1.0154896,1.0323418,1.0587188,1.0790778,1.0973608,1.1060514,0.976137,0.8295036,1.026713,1.0398844,1.102433,1.0597988,1.0547192,1.047628,1.0227493,1.0001535,1.0122273,1.0046015,0.97675025,0.96044904,0.9600059,0.96255344,0.9663378,0.97187257,0.9795156,0.9882811,0.99777055,1.0043285,1.0098927,1.0181329,1.0247313,1.0285131,1.0327026,1.0381973,1.0432038,1.0468328,1.0478396,1.04895,1.0525572,1.0566845,1.0610712,1.0621599,1.0630926,1.0641923,1.0637298,1.0690957,1.0786179,1.0793391,1.1143383,1.1614466,1.4571012,2.026809,-0.33437082,-1.7290045,-1.7524254,-1.7161925,-1.5610558,-1.7485099,-1.7524557,-1.7524561,-1.7522442,-1.5037667,0.8466818,1.0590703,0.9304518,0.85073864,0.8021383,0.81112576,0.82635117,0.87414736,0.9038237,0.90670633,0.88706386,0.8830703,0.88393855,0.8920049,0.8985823,0.89659613,0.8931249,0.89009404,0.8942255,0.90307456,0.9044112,0.8930038,0.8666442,0.8533068,0.8295751,0.80200505,0.77471805,0.7411232,0.74838793,0.7823588,0.8136013,0.8220816,0.8187943,0.82512206,0.8174911,0.81189096,0.79475766,0.78994375,0.77350855,0.756839,0.7504091,0.7220524,0.71979046,0.6927115,0.73239917,0.7052103,0.6354763,0.6737009,0.6433767,0.6693589,0.5961025,0.6472586,0.6343816,0.6914606,0.6107562,1.0954297,-1.0427985
322,FSP_096,0.262821,0.0,0.737179,-1.5784069,-1.5632629,-1.5468514,-1.5277386,-1.5078943,-1.4914404,-1.4817414,-1.4753364,-1.4657917,-1.4506421,-1.426104,-1.3856318,-1.3147032,-1.2248105,-1.1573625,-1.1117982,-1.0933626,-1.1078352,-1.1275355,-1.130954,-1.1283976,-1.1328199,-1.1388559,-1.135873,-1.136069,-1.1415584,-1.1437309,-1.14109,-1.1229318,-1.0570035,-0.85888237,-0.5270748,-0.092251144,0.3649432,0.71828204,0.93074864,1.0471246,1.087272,1.1085993,1.1302307,1.1479822,1.1650603,1.182281,1.1903294,1.1979417,1.2081447,1.2196864,1.2302604,1.240321,1.2504746,1.2645309,1.2738528,1.2774175,1.2843887,1.2845287,1.2521992,1.2059958,1.1798635,1.1806443,1.1921738,1.1918957,1.1909071,1.2198092,1.2489096,1.2756749,1.296806,1.3137635,1.3274324,1.3368928,1.341405,1.3448468,1.3515155,1.3749536,1.3375442,1.2465826,1.1496475,1.0765561,1.0489032,1.0386724,1.033162,1.0358582,1.0476577,1.0631721,1.07768,1.0922805,1.1050278,1.1137174,1.1199561,1.1118498,1.0947247,1.0650332,1.0236938,0.9676485,0.90349483,0.84201694,0.8459652,0.9321163,0.8792305,0.9004604,0.8056953,0.5827227,0.17644736,-0.11962485,-0.24235877,-0.28491947,-0.33485776,-0.35303906,-0.32436013,-0.29391196,-0.26917645,-0.23289686,-0.1842848,-0.13219863,-0.077643074,-0.024807356,0.027565131,0.07769812,0.12470581,0.16627179,0.2052407,0.24082242,0.27458322,0.30118752,0.3249255,0.34739298,0.3641439,0.37429667,0.376826,0.37235352,0.36262774,0.3490136,0.33581054,0.31880438,0.2975053,0.27588037,0.24484146,0.2172408,0.19506513,0.15819596,0.14563563,0.19395998,0.18465057,-0.30296823,-1.253329,-1.7481556,-1.7501007,-0.7470894,0.9660384,-1.7030103,-1.7524511,-1.7524557,-1.7435282,-0.50660115,-0.030838026,-0.77331346,-0.7508107,-0.77697086,-0.75255865,-0.7318776,-0.7147519,-0.6914594,-0.628416,-0.6115366,-0.61069375,-0.59986985,-0.57656145,-0.55067044,-0.5233909,-0.5034836,-0.47798815,-0.45317146,-0.4278256,-0.40471762,-0.38460302,-0.3713358,-0.375859,-0.3721967,-0.37646526,-0.37271032,-0.37393478,-0.37698025,-0.3747418,-0.33812448,-0.33330834,-0.3453575,-0.36586255,-0.3850936,-0.39960033,-0.4321694,-0.44771808,-0.469856,-0.5197967,-0.54044294,-0.5704748,-0.6056333,-0.6222784,-0.6208992,-0.6593267,-0.6998857,-0.71296877,-0.74169946,-0.8444487,-0.7441658,-0.96673644,-0.9809605,-1.037906,-1.0629842,-1.4070511,-1.4454104,-0.1064246
328,FSP_102,0.00641026,0.544872,0.448718,-1.3508773,-1.3141768,-1.2716964,-1.2188656,-1.1603159,-1.1109991,-1.0778143,-1.0502982,-1.016396,-0.9697987,-0.9118411,-0.849211,-0.78488266,-0.7168115,-0.6450027,-0.5691726,-0.49218127,-0.4174315,-0.35241854,-0.2958225,-0.24993725,-0.20984626,-0.17202282,-0.13315196,-0.09582962,-0.05666113,-0.01820723,0.02109916,0.06388716,0.11376025,0.16012777,0.20357533,0.25427064,0.29571217,0.32646853,0.36127895,0.40856934,0.439565,0.4650879,0.49708107,0.5260151,0.55537754,0.5873969,0.60641164,0.62179834,0.63858664,0.658357,0.67817616,0.6983551,0.7206816,0.7530158,0.7772899,0.79681534,0.82629466,0.87625873,0.8909838,0.90110177,0.89947134,0.91045123,0.91898555,0.9150915,0.9096746,0.9266742,0.9456569,0.9619116,0.9776847,0.9961754,1.0171506,1.0383672,1.0606809,1.0883958,1.1172698,1.1754174,1.2095488,1.2036189,1.2047576,1.1895791,1.1832467,1.1903934,1.1998619,1.2089283,1.2191129,1.2286706,1.2366791,1.2480247,1.2586356,1.2720771,1.2858983,1.2914585,1.2990571,1.3123776,1.3312001,1.3482451,1.3662165,1.3749334,1.3802257,1.3915666,1.3789042,1.1869804,1.2405268,1.4867364,1.557367,1.4011048,1.3506365,1.3315687,1.3015138,1.279353,1.2873127,1.2805945,1.262752,1.2524228,1.2574279,1.2647315,1.2746339,1.2829343,1.2906266,1.2999698,1.3090141,1.3171793,1.3259125,1.3398826,1.3531196,1.3623304,1.3703672,1.3795526,1.3831724,1.3818697,1.3773164,1.3738711,1.3707879,1.3706806,1.36721,1.3609864,1.3605266,1.3667209,1.3681697,1.3721107,1.3788877,1.3575654,1.4000255,1.5231177,1.8481827,0.64600843,-1.6617364,-1.7524283,-1.7524561,-1.7524561,-1.7524561,-1.7524561,-1.7524561,-1.7524561,-1.7519604,-1.434953,0.6870061,1.0908531,1.1148678,1.0956998,1.1037307,1.1072947,1.1235657,1.1895871,1.2281413,1.2104174,1.1664972,1.1411132,1.1238525,1.1079677,1.0861963,1.0665157,1.0554254,1.0523015,1.0607195,1.0793447,1.0834239,1.0739547,1.0552562,1.0358756,1.030423,1.0118502,0.9984236,0.96937406,0.9686418,1.0187831,1.0327374,1.0162685,0.9927014,0.96440846,0.9447225,0.92663443,0.9186756,0.89779836,0.86049134,0.84623045,0.84351766,0.8177421,0.807816,0.81931835,0.82738584,0.8272251,0.8261441,0.80729675,0.7236237,0.68273443,0.68766075,0.7414065,0.8281801,0.8907398,0.8977794,2.0291586,0.06102561
331,FSP_105,0.0,0.0128205,0.987179,-1.2747954,-1.2354873,-1.1893578,-1.1267815,-1.0548303,-0.99781615,-0.96648115,-0.94357157,-0.9099787,-0.8557055,-0.78280914,-0.7016473,-0.61751926,-0.5273751,-0.4299486,-0.3245035,-0.21638176,-0.111589104,-0.022979902,0.049882323,0.10432113,0.1473426,0.1872826,0.2256096,0.2621269,0.30090636,0.3390382,0.37825915,0.42131454,0.47190782,0.51727027,0.5588378,0.608685,0.6467323,0.67127377,0.7011817,0.7466065,0.7703809,0.7881266,0.81333065,0.8342217,0.85614717,0.88045007,0.8887887,0.8930092,0.9001365,0.9109011,0.9221699,0.9350612,0.951858,0.9811162,1.0010966,1.015461,1.0469365,1.0961399,1.10726,1.1108862,1.1032704,1.1103914,1.1155405,1.1031312,1.0887192,1.1034188,1.1177417,1.1323868,1.1483998,1.1661099,1.1840554,1.20277,1.2233853,1.2514617,1.2877017,1.3575857,1.3897846,1.3869138,1.3858436,1.367304,1.3585262,1.3655967,1.374867,1.3823757,1.390066,1.3955033,1.3983864,1.4040635,1.412666,1.423267,1.4341785,1.4343902,1.4393121,1.4489204,1.4654592,1.4841802,1.5086443,1.5249358,1.555213,1.612494,1.6714275,1.4401301,1.4251789,1.5287552,1.637648,1.5890073,1.5844452,1.6029013,1.5675544,1.5314958,1.5371448,1.535506,1.510648,1.4918853,1.488434,1.4876989,1.4893004,1.4901754,1.4937116,1.4978321,1.5025754,1.5068426,1.5100962,1.5161444,1.519249,1.5190809,1.5214269,1.525068,1.5279704,1.5287442,1.5289439,1.5304558,1.5336393,1.5371696,1.5390875,1.5415041,1.5439414,1.5465598,1.5445988,1.5489788,1.5547582,1.5322449,1.5551672,1.6430981,1.9265692,2.2302647,-0.21799058,-1.6991023,-1.7524366,-1.7524561,-1.7524561,-1.7524561,-1.7524561,-1.7524561,-1.752412,-1.6117337,1.225561,1.4682359,1.4183098,1.372469,1.3803979,1.3736042,1.3909756,1.4400152,1.4892771,1.4777195,1.4417802,1.4387203,1.4447347,1.4545382,1.4480058,1.4294795,1.42442,1.4227881,1.4215069,1.4354084,1.4355177,1.4282748,1.3878865,1.3521508,1.3291054,1.3007203,1.2567924,1.2113191,1.2216504,1.2770419,1.316209,1.3274901,1.3297118,1.3183484,1.3201525,1.3085359,1.3059286,1.2823254,1.2722299,1.2411833,1.2318382,1.2086451,1.1795435,1.1680503,1.153793,1.1593066,1.1275247,1.1228615,1.0117813,1.1648408,1.0301641,0.8264059,0.8103346,0.8818152,0.5682337,-0.031926576,-0.41678223
336,FSP_110,0.833333,0.0961538,0.0705128,-1.67302,-1.665033,-1.6545745,-1.6453129,-1.6385685,-1.632579,-1.6279696,-1.6257746,-1.6229652,-1.6189512,-1.6069646,-1.5730529,-1.495132,-1.3946729,-1.3322403,-1.3040941,-1.3157222,-1.372404,-1.4306479,-1.4618001,-1.4768465,-1.4982114,-1.5209179,-1.5299398,-1.5442501,-1.566024,-1.5832493,-1.5941265,-1.5837173,-1.5076209,-1.2428215,-0.78830814,-0.18371348,0.48230064,1.0158403,1.3361964,1.5088738,1.5646979,1.5877105,1.6123407,1.6351452,1.651731,1.6699294,1.6868136,1.7054821,1.7227978,1.7398936,1.7554659,1.7693965,1.7779018,1.7814763,1.7875539,1.7901614,1.7541592,1.7175783,1.6590189,1.5925392,1.5763123,1.5840447,1.6139349,1.6519495,1.6933378,1.7386519,1.7855855,1.8272501,1.8586286,1.8788176,1.8879573,1.8879055,1.8752565,1.85366,1.8208588,1.7734845,1.6844317,1.534626,1.3643168,1.2758135,1.2467176,1.2283509,1.2146832,1.2161566,1.2345222,1.260034,1.2885728,1.316003,1.3363583,1.3498145,1.3556056,1.3381096,1.298894,1.2357488,1.1470567,1.0328846,0.9001204,0.77052116,0.7064953,0.88509876,0.85828364,0.84118724,0.7023113,0.34225324,-0.23298404,-0.7557931,-0.91822064,-0.98806673,-1.0409075,-1.0546584,-1.0190179,-0.9739039,-0.9212611,-0.85834473,-0.7826349,-0.70433384,-0.62334555,-0.54299355,-0.46422744,-0.39071372,-0.32227793,-0.25685814,-0.19757001,-0.14263666,-0.09235515,-0.05021584,-0.013832816,0.019697076,0.044130597,0.05865277,0.0624721,0.055446252,0.037219506,0.015336451,-0.010169727,-0.03950517,-0.07503255,-0.11715222,-0.16430365,-0.21195558,-0.2610222,-0.33089072,-0.31950626,-0.32828826,-0.34016684,0.28956208,-0.5583882,-1.743653,-1.7524557,-1.7524561,-1.7524561,-1.7524561,-1.7524561,-1.7524561,-1.7521,-1.5584383,-1.1347864,-1.523664,-1.5703908,-1.5372366,-1.5322106,-1.5093714,-1.4975256,-1.4725174,-1.4144807,-1.3778212,-1.3583122,-1.3377563,-1.3166367,-1.2805029,-1.2410059,-1.2117696,-1.1798198,-1.1482562,-1.1204664,-1.0873647,-1.0649469,-1.0414989,-1.0263367,-1.0120652,-0.9972788,-0.9800262,-0.9662188,-0.94934505,-0.9396646,-0.92973334,-0.9424401,-0.9597273,-0.9908097,-1.0365624,-1.0734708,-1.0802771,-1.1116809,-1.112669,-1.1441962,-1.1862433,-1.2214718,-1.2524481,-1.3134441,-1.3355591,-1.2984297,-1.3276252,-1.414986,-1.4362519,-1.3686403,-1.4624014,-1.5593209,-1.3865352,-1.4677637,-1.6189861,-1.4935541,-0.11760435,-0.84024507
337,FSP_111,0.314103,0.141026,0.544872,-1.4592992,-1.4377327,-1.4132571,-1.382666,-1.3500228,-1.3222567,-1.3056023,-1.2939427,-1.2781446,-1.2532631,-1.2144535,-1.1582456,-1.0763885,-0.9792768,-0.89562607,-0.8252753,-0.77679807,-0.76003325,-0.7580895,-0.7496479,-0.7395419,-0.7416587,-0.7490664,-0.7424356,-0.7456437,-0.76195824,-0.78178376,-0.80331904,-0.7823257,-0.64769506,-0.36876056,-0.04067365,0.29717177,0.5943543,0.7970759,0.92101043,1.0161176,1.0524998,1.075149,1.1081724,1.1378112,1.1656761,1.1971068,1.2167734,1.2329991,1.2498176,1.2698871,1.289941,1.3110163,1.3328023,1.3621414,1.3839645,1.4019006,1.406026,1.4348149,1.4306619,1.4229826,1.419266,1.4312198,1.448972,1.4550287,1.4603513,1.4886744,1.5168601,1.542381,1.5666447,1.5895345,1.6074731,1.6203822,1.632861,1.6490339,1.6639216,1.6863667,1.6795542,1.630545,1.5694592,1.5281793,1.5146708,1.5148977,1.5185461,1.5277649,1.5422581,1.5586424,1.57418,1.5912509,1.6078471,1.6266537,1.6386479,1.6306297,1.6215566,1.6060028,1.5817355,1.5452257,1.4999732,1.4468145,1.4189239,1.4502107,1.369526,1.2695538,1.2093111,0.978786,0.830381,0.57726747,0.47149554,0.44093904,0.41107878,0.3936087,0.4217497,0.4564197,0.49037215,0.5265863,0.57498145,0.6258732,0.6788175,0.72913784,0.77860135,0.8263033,0.87130743,0.9118769,0.9463468,0.9835948,1.0166013,1.0404949,1.0607169,1.0820515,1.0993769,1.109173,1.1091928,1.104673,1.0927732,1.0797211,1.0653863,1.048003,1.0285926,1.0069599,0.9837876,0.95807165,0.9353263,0.902659,0.92172,0.94007474,0.9579122,0.67608815,-0.29407778,-1.6915498,-1.7516403,-1.2231411,0.08963161,-1.7168921,-1.7524525,-1.7524561,-1.7510735,-1.2700329,-0.017122304,-0.25473517,-0.1725217,-0.104355715,-0.06392911,-0.03550412,0.0036322374,0.06120616,0.122925326,0.16008045,0.15649799,0.17109133,0.19401409,0.22599173,0.24276462,0.26116887,0.27991578,0.2996527,0.33155262,0.35249928,0.36635372,0.38239017,0.38843182,0.38232705,0.37611338,0.37148598,0.36513323,0.36638388,0.37236756,0.401432,0.42390975,0.41056928,0.38661185,0.34830168,0.31659362,0.29007018,0.25112244,0.2330566,0.20129095,0.17802696,0.13286777,0.101893365,0.113554575,0.06603013,0.05189126,-0.0063807806,-0.051259633,-0.06250353,-0.067321084,-0.19282807,-0.16381657,-0.21056974,-0.19850396,-0.19427854,-0.4089683,-0.08900501,-1.561891
339,FSP_113,0.50641,0.147436,0.346154,-1.584844,-1.5731974,-1.5582024,-1.540905,-1.5234176,-1.5072194,-1.4961075,-1.488078,-1.4783224,-1.4632808,-1.4376553,-1.3935978,-1.319951,-1.2298411,-1.159506,-1.1088233,-1.084414,-1.0945038,-1.1152091,-1.1229923,-1.124241,-1.1347637,-1.1498295,-1.1493431,-1.1533825,-1.1694357,-1.1901929,-1.2119075,-1.1956879,-1.078455,-0.81229323,-0.46986628,-0.100652546,0.23538819,0.46796966,0.60465336,0.6999434,0.7364762,0.7573817,0.7852598,0.81247336,0.83386105,0.86257726,0.8832535,0.9012401,0.91743267,0.93576545,0.9540259,0.97417563,0.99154496,1.0151824,1.0329227,1.0486553,1.0357778,1.0606657,1.0486472,1.0370761,1.0345905,1.0460453,1.0654986,1.0478115,1.0267308,1.0550029,1.082479,1.1086965,1.1330209,1.155358,1.173681,1.1884185,1.1985364,1.2068269,1.2102892,1.2186118,1.1917801,1.1330669,1.0642285,1.0241446,1.0133487,1.0128516,1.0141875,1.0230697,1.0370204,1.0547993,1.07413,1.0940259,1.110122,1.1281987,1.139028,1.1314832,1.1178734,1.0958779,1.0612463,1.0126183,0.95139474,0.88851315,0.8564842,0.88413393,0.82638973,0.61698115,0.61162543,0.5827919,0.1831203,-0.14673354,-0.2580874,-0.30940288,-0.3505081,-0.36360297,-0.334447,-0.294588,-0.24761945,-0.19643426,-0.13578704,-0.074383035,-0.012651129,0.046945166,0.10486043,0.1589961,0.21057674,0.25577626,0.29610062,0.33668932,0.37238508,0.4005434,0.42414254,0.4482881,0.46625206,0.47441167,0.473883,0.4668775,0.45241678,0.4379771,0.42107123,0.3973204,0.37498474,0.3505767,0.32204863,0.2904091,0.26194715,0.20763423,0.21956187,0.27312434,0.60251224,1.0466841,-1.3000116,-1.7517872,-1.7522357,-1.5952482,-1.09365,-1.7365783,-1.7524542,-1.752456,-1.7489679,-1.0908844,-0.6372723,-1.2291806,-1.0395077,-0.9647763,-0.92316806,-0.91197693,-0.87278295,-0.8169265,-0.7484276,-0.71432424,-0.7036673,-0.68426096,-0.6477038,-0.6064446,-0.58329266,-0.5547493,-0.52368057,-0.4990843,-0.4681106,-0.43981776,-0.41695532,-0.3920914,-0.3877088,-0.3796319,-0.3757018,-0.37720042,-0.3692828,-0.36474162,-0.35944846,-0.34026113,-0.3223999,-0.33086583,-0.36935642,-0.40058756,-0.43060547,-0.4621491,-0.50847924,-0.53431344,-0.5717853,-0.59974545,-0.60961324,-0.6503216,-0.66166425,-0.6774235,-0.75816053,-0.814361,-0.7821144,-0.89172494,-0.9522765,-0.90121794,-0.86161596,-0.9588114,-1.1164433,-0.7831234,-0.22368515,-0.18515272,-1.6411537
342,FSP_116,0.423077,0.0641026,0.512821,-1.5215169,-1.5033423,-1.4814599,-1.4550418,-1.4276795,-1.4053942,-1.3919293,-1.3820529,-1.3688236,-1.3480253,-1.314643,-1.261394,-1.1755835,-1.0716872,-0.9889687,-0.9263088,-0.89232665,-0.8961838,-0.912567,-0.91587657,-0.9135628,-0.9212662,-0.93292165,-0.93101305,-0.9375599,-0.95606476,-0.97513413,-0.9938894,-0.97542447,-0.8532537,-0.5646691,-0.18187189,0.24375747,0.6424295,0.9240255,1.0896873,1.1984957,1.2390181,1.260231,1.2888663,1.3154937,1.3372164,1.3634032,1.3828256,1.4006664,1.4170197,1.4354705,1.4535578,1.4728768,1.4898773,1.5097497,1.5262914,1.5418246,1.5344888,1.5473645,1.5354143,1.5204414,1.5187768,1.5327262,1.5577157,1.5631417,1.5642488,1.595335,1.6289377,1.6583846,1.6836365,1.7047132,1.7226154,1.7349511,1.7424641,1.7494159,1.7515612,1.7572632,1.7453954,1.6793034,1.6045604,1.5552278,1.5388213,1.5348897,1.5344243,1.5431238,1.5590658,1.5800581,1.600367,1.6205535,1.6379119,1.6556077,1.66728,1.6580167,1.6397961,1.6105106,1.5699633,1.5158997,1.4499798,1.3829784,1.353595,1.38553,1.4661427,1.37225,1.326028,1.0714413,0.77261204,0.36713085,0.19759187,0.152968,0.11740814,0.10580957,0.13836135,0.17238076,0.20926839,0.25832006,0.31703746,0.3799445,0.4438519,0.5064425,0.56651825,0.6240998,0.67914915,0.72864306,0.77122843,0.81570995,0.8538939,0.88516605,0.9128915,0.9391307,0.9584776,0.9683833,0.97227407,0.96790725,0.9561633,0.9404167,0.92420095,0.9027654,0.8788692,0.85174084,0.82133627,0.794282,0.76217365,0.66479784,0.66462886,0.7091634,0.8521548,1.088982,0.058854353,-1.7151982,-1.7524463,-1.7524561,-1.7524561,-1.7524561,-1.7524561,-1.7524561,-1.7521337,-1.5446731,-0.5961471,-0.5722089,-0.5591182,-0.43488032,-0.38558042,-0.3731046,-0.34212214,-0.29115874,-0.22552219,-0.19219796,-0.18099509,-0.16236237,-0.13318352,-0.09961331,-0.064046785,-0.050930787,-0.024960676,-0.0056936448,0.022862576,0.054196555,0.07611817,0.08997004,0.10014245,0.102682516,0.097903416,0.10069076,0.095875435,0.08827674,0.098512605,0.1354457,0.1460589,0.13988754,0.11198772,0.0792305,0.05055567,0.026279908,-0.009847545,-0.05084092,-0.079600945,-0.0829276,-0.12258679,-0.13527822,-0.15251389,-0.17662488,-0.22842428,-0.27173358,-0.30389413,-0.352216,-0.51609826,-0.43096635,-0.49649796,-0.5899476,-0.7889545,-0.67870986,-0.7781171,-1.2071493,-0.94449925
344,FSP_118,0.519231,0.0448718,0.435897,-1.5387439,-1.5215847,-1.5016418,-1.4789486,-1.4559797,-1.4351959,-1.4220047,-1.413933,-1.4034016,-1.3869822,-1.3572882,-1.305198,-1.2145131,-1.1034385,-1.0194461,-0.96082157,-0.9361639,-0.9553659,-0.98551816,-0.9997056,-1.0031176,-1.0164721,-1.0344213,-1.03506,-1.0480368,-1.0712887,-1.0943693,-1.1152089,-1.0988361,-0.9750105,-0.6574373,-0.21920884,0.26815897,0.7280111,1.0573459,1.2480836,1.3628035,1.4109207,1.4357164,1.463946,1.491523,1.5114144,1.534181,1.5591278,1.5851415,1.6069959,1.628988,1.6495458,1.6694561,1.6832535,1.6910859,1.7043037,1.7193875,1.6952686,1.6884392,1.6740842,1.6617221,1.6730914,1.6951013,1.7310073,1.7443624,1.7519678,1.7890935,1.8251429,1.8580182,1.8856006,1.9082164,1.9250132,1.9340011,1.936586,1.9307592,1.9177274,1.8954724,1.8520005,1.7701472,1.682557,1.6394374,1.6328409,1.6326256,1.6336411,1.6435623,1.6629052,1.689341,1.7161666,1.7424947,1.7626965,1.7791178,1.7888354,1.7780027,1.7553622,1.7179667,1.6649101,1.5922346,1.4984545,1.4061676,1.3488444,1.4445046,1.4198124,1.1907618,1.2580429,1.0869725,0.57422584,0.11502689,-0.02768877,-0.081631854,-0.12511773,-0.14003208,-0.10201326,-0.053408686,-0.00070221076,0.05994185,0.13322441,0.20754974,0.28414282,0.357424,0.42930728,0.49678284,0.5601265,0.6189175,0.67012805,0.7197907,0.7642318,0.7996482,0.83188635,0.8611988,0.88366205,0.8957685,0.8972676,0.89041024,0.8744745,0.85523003,0.83350956,0.805678,0.7730311,0.7407418,0.7003113,0.6560488,0.6156111,0.57668436,0.58959126,0.65901375,0.8982777,1.8942522,-0.9078861,-1.7504064,-1.7521902,-1.4797922,-0.44641978,-1.7224815,-1.7524529,-1.7524561,-1.7521486,-1.5533648,-0.13543026,-0.44638857,-0.6533846,-0.6913069,-0.68316597,-0.63078064,-0.5949865,-0.524964,-0.44803348,-0.43834883,-0.4279973,-0.39249328,-0.3528972,-0.32063815,-0.29484648,-0.26289174,-0.2318374,-0.20121756,-0.16862267,-0.13599564,-0.11772624,-0.0895629,-0.0876076,-0.08043568,-0.07041705,-0.06841992,-0.070040524,-0.06577246,-0.05399649,-0.031016586,-0.019081341,-0.042132996,-0.06639742,-0.106656104,-0.13705438,-0.17342234,-0.20277192,-0.22980393,-0.273998,-0.28472757,-0.296723,-0.34569535,-0.37677878,-0.42692053,-0.41733977,-0.48920658,-0.5027449,-0.5129041,-0.5633447,-0.56178963,-0.5208051,-0.6268082,-0.7321909,-0.67721874,-0.16944933,-0.013616274,-1.71772
345,COP_20151212_2-0-W,0.0496828,0.950317,0.0,-1.2774788,-1.2512473,-1.2223243,-1.1933633,-1.1665545,-1.1409287,-1.1152089,-1.0895233,-1.0643964,-1.0394348,-1.015034,-0.99018633,-0.9649234,-0.93946576,-0.913377,-0.8861639,-0.85822433,-0.8300424,-0.8016683,-0.7728934,-0.74182636,-0.7088179,-0.6732073,-0.6366939,-0.6009592,-0.56625646,-0.5330517,-0.5008909,-0.4674183,-0.42868653,-0.38450602,-0.338124,-0.28877434,-0.24526905,-0.20784609,-0.17089477,-0.13309716,-0.0980426,-0.06473392,-0.03021154,0.0039115325,0.039199345,0.07557022,0.10697045,0.13721086,0.1686243,0.2008636,0.23221101,0.26378816,0.2952716,0.32996544,0.36254737,0.392736,0.42383075,0.46373817,0.4901742,0.5141361,0.5343622,0.55949193,0.5853238,0.6115878,0.64306587,0.67632,0.7103627,0.7463508,0.7837778,0.8198348,0.856243,0.89217156,0.9304516,0.9732748,1.0290523,1.1350236,1.2008544,1.1991626,1.206978,1.194228,1.204877,1.2336377,1.264044,1.2962939,1.3301718,1.367545,1.4102954,1.4561192,1.5043212,1.5546147,1.6061568,1.6485806,1.6919949,1.7395608,1.787909,1.8354256,1.8907641,1.9802939,2.3565378,0.5713282,0.48784938,0.4797337,0.4073666,0.16839899,-0.048993837,2.8409824,1.9091523,1.6508845,1.4532998,1.3822887,1.4090153,1.4035993,1.3946366,1.4135195,1.4582602,1.5089144,1.5558366,1.5951645,1.6295192,1.6651527,1.7047094,1.7455906,1.7925444,1.861674,1.9367483,2.0025346,2.0613294,2.1144888,2.1477144,2.1608663,2.166089,2.1531355,2.1328237,2.1166844,2.098407,2.0727236,2.076356,2.1163306,2.1415231,2.157493,2.206815,2.323078,2.5851955,2.7241068,2.2066977,2.343256,2.9190466,5.09451,5.7188597,4.190651,4.1168675,4.1153145,2.8133788,2.9095817,1.96231,1.1889472,1.0521686,0.95380574,0.96991396,1.0709184,1.1486205,1.2302698,1.3073072,1.365057,1.4447978,1.4100533,1.324037,1.2161316,1.1017569,0.98920846,0.90218854,0.8428478,0.8146911,0.8058451,0.81740046,0.8508193,0.898529,0.9501366,0.9996382,1.0392846,1.0747164,1.1078831,1.1350774,1.1579286,1.1746299,1.1658328,1.1185359,1.0155791,0.88322127,0.7570573,0.6733525,0.6460566,0.64769095,0.61158293,0.5398546,0.51652443,0.5147047,0.5019308,0.5031031,0.5317588,0.5560399,0.5774215,0.57021123,0.5527117,0.5219664,0.5106838,0.45763013,0.30723947,0.25313875,0.17343776,0.121252015,0.18639857,0.5926273
357,COP_20160112_2-0-W,0.0871265,0.912874,0.0,-1.2327684,-1.2003866,-1.164369,-1.1272742,-1.0977991,-1.0724016,-1.0475627,-1.0219623,-0.9974861,-0.97021914,-0.9431108,-0.91051525,-0.8723742,-0.8347269,-0.8011824,-0.7693917,-0.74451494,-0.7202004,-0.6989237,-0.67762965,-0.65061915,-0.6242123,-0.59011006,-0.55535746,-0.5251701,-0.49962464,-0.47306228,-0.44857243,-0.41717207,-0.35955143,-0.2670543,-0.16932686,-0.08341642,-0.0085890815,0.050647285,0.09544995,0.14157335,0.17058206,0.20214239,0.23530686,0.26825643,0.30025056,0.33102885,0.36227366,0.3933086,0.42442277,0.45352975,0.4827141,0.51084787,0.53674,0.562402,0.587496,0.6118568,0.63721937,0.64720064,0.66919553,0.6907863,0.71790177,0.74379885,0.771683,0.84147704,0.92033994,0.95891935,0.9930494,1.023353,1.0531698,1.0857223,1.1209106,1.1590203,1.1998327,1.2400273,1.2853434,1.3318485,1.3541201,1.3617204,1.3609127,1.3662988,1.3881928,1.4158694,1.4433513,1.4774823,1.5173055,1.5637022,1.614862,1.667768,1.719962,1.7682061,1.8071527,1.8408388,1.8807695,1.9204568,1.9526888,1.9692804,1.969902,1.9801621,2.2655258,0.76635253,0.28545398,-0.009431874,-0.8039045,2.0809543,1.5922056,0.9678839,0.8399004,0.7818458,0.76558876,0.76818657,0.78845775,0.8334221,0.8934269,0.95916474,1.0318457,1.1040266,1.1708916,1.2311803,1.2881361,1.3435333,1.3976997,1.4512442,1.5062747,1.5741172,1.6463758,1.7082167,1.7643253,1.8143348,1.8477038,1.8640114,1.8701433,1.8632336,1.8422967,1.819437,1.7942239,1.7596617,1.7425582,1.7392708,1.717951,1.6861339,1.6685834,1.6826487,1.7363368,1.7591888,1.6318817,1.6347008,1.7273688,1.7519077,1.6944711,1.5990995,1.5447047,1.0004665,0.76199156,0.5699738,0.16636412,-0.036969077,-0.061152052,-0.023999738,0.05908153,0.14755191,0.23341046,0.3235482,0.41610843,0.5107312,0.56434304,0.5721967,0.579105,0.56794745,0.53711164,0.48936692,0.45410588,0.4386785,0.43991232,0.4501186,0.47337,0.5096608,0.5532998,0.5960202,0.6356848,0.66561073,0.6868297,0.70625156,0.72523516,0.7430771,0.7523168,0.7437967,0.7063735,0.6302608,0.5334638,0.4431769,0.37430954,0.34442028,0.3352648,0.29393917,0.23334642,0.199058,0.17517488,0.16083723,0.13875797,0.1415826,0.13679881,0.12668027,0.10856279,0.0823842,0.043777797,0.00238955,-0.08195333,-0.12364051,-0.18567696,-0.30675378,-0.3367919,-0.15335587,-0.09612855
359,COP_20160112_2-20-E,0.165146,0.834854,0.0,-1.3808677,-1.3653498,-1.3485013,-1.3305551,-1.3139572,-1.2987226,-1.284929,-1.272138,-1.2602608,-1.2476919,-1.232354,-1.2094619,-1.1752125,-1.135799,-1.1011536,-1.0737468,-1.0577002,-1.0489185,-1.0470618,-1.0388414,-1.0266187,-1.018478,-1.011658,-0.9980878,-0.9860751,-0.9832077,-0.9857295,-0.9895272,-0.9738089,-0.9059241,-0.76346457,-0.60976166,-0.47643813,-0.3690622,-0.294654,-0.24501546,-0.20823523,-0.17725861,-0.1499467,-0.122041754,-0.094980404,-0.06858913,-0.043277286,-0.019082393,0.0047727893,0.029017583,0.05295819,0.07644398,0.09885547,0.12001447,0.14007579,0.16096215,0.1796388,0.18782344,0.19534478,0.19358242,0.19132468,0.20202799,0.21959248,0.24290672,0.2657,0.29314804,0.32794538,0.3624048,0.3976663,0.43111485,0.46269646,0.490708,0.51395375,0.53340673,0.55062693,0.5688613,0.5915933,0.58870596,0.5517301,0.5076396,0.48582256,0.48850358,0.5005179,0.5146266,0.5349497,0.5637361,0.5990633,0.6386869,0.67951655,0.7186244,0.75525016,0.7903025,0.8150731,0.8321872,0.8404978,0.83612114,0.81600374,0.78278536,0.75145453,0.8031947,0.15735492,0.064406715,0.0054891403,0.26536626,-0.18021715,-0.37367335,-0.29949632,-0.3196682,-0.33518592,-0.3191295,-0.30549872,-0.29235247,-0.25212556,-0.19925432,-0.14641684,-0.0900786,-0.033689287,0.020349855,0.07025508,0.11803626,0.1635187,0.20737246,0.25208887,0.29819897,0.34810254,0.40137404,0.44820374,0.48891702,0.52200913,0.5440629,0.5556363,0.561623,0.5567586,0.54061323,0.5195434,0.49403313,0.46467257,0.44285414,0.43216848,0.41180986,0.3824049,0.3613472,0.35622546,0.36641705,0.41234905,0.44965374,0.4801289,0.59628594,0.80990434,0.73767257,0.625184,0.4425115,0.062411916,-0.17115922,-0.27695057,-0.5434395,-0.7135616,-0.75857073,-0.75505537,-0.72465754,-0.6769792,-0.6316749,-0.58233,-0.5308295,-0.47507906,-0.42637923,-0.4090694,-0.40245265,-0.40312964,-0.41242886,-0.42621493,-0.4365063,-0.43776736,-0.43133715,-0.41959378,-0.40166864,-0.37855038,-0.35075036,-0.32092842,-0.29554555,-0.2765246,-0.25988308,-0.24427713,-0.22740398,-0.21346085,-0.20753664,-0.20883448,-0.23238303,-0.27962235,-0.34022585,-0.39996028,-0.44463894,-0.47166383,-0.4872346,-0.5197235,-0.56075436,-0.5785582,-0.5924611,-0.60538733,-0.61338055,-0.6180123,-0.62515664,-0.6356898,-0.6478722,-0.6625381,-0.6923771,-0.7203612,-0.74507636,-0.770603,-0.811873,-0.87383455,-0.84120065,-0.77061373,-0.686351
363,COP_20160112_5-0-E,0.114443,0.885557,0.0,-1.3849262,-1.3728198,-1.3597525,-1.3457568,-1.3335093,-1.3216755,-1.309418,-1.2964467,-1.2835437,-1.269345,-1.2552359,-1.2397655,-1.223906,-1.2091136,-1.1944,-1.1791786,-1.166588,-1.151535,-1.1383014,-1.1258221,-1.1112052,-1.0970908,-1.0799655,-1.0622872,-1.0452044,-1.0283875,-1.011871,-0.9961062,-0.9764066,-0.9474484,-0.9141896,-0.88285035,-0.8528481,-0.82510483,-0.79940826,-0.7735053,-0.74441093,-0.7207654,-0.6963081,-0.67103994,-0.64657545,-0.6214876,-0.59627336,-0.57305354,-0.550409,-0.5270111,-0.50446033,-0.48195136,-0.45900756,-0.4370843,-0.41316766,-0.39118645,-0.37090668,-0.3447925,-0.32563064,-0.30584055,-0.2877018,-0.2688558,-0.24932688,-0.23090558,-0.19031829,-0.14162196,-0.1140649,-0.08849854,-0.065874,-0.043434348,-0.019775255,0.0070714224,0.036957975,0.06903121,0.10210581,0.14101091,0.1953852,0.22851099,0.23585868,0.24694026,0.25036332,0.2628145,0.28493863,0.30949065,0.33800024,0.36987704,0.40344504,0.438729,0.4752886,0.51202536,0.5460972,0.5785013,0.6043577,0.6361681,0.67269194,0.70961076,0.74195313,0.7706962,0.8089613,1.1935049,-0.048718046,-0.702085,-1.0225805,-1.6984792,1.0144032,1.6108055,0.55439824,0.38660318,0.3296408,0.2904238,0.27987626,0.3145016,0.35120004,0.38643607,0.4304303,0.48547572,0.5414135,0.59430563,0.64485687,0.6919042,0.73772,0.7842209,0.8284897,0.868579,0.9174862,0.9676294,1.0069385,1.0431871,1.0781904,1.1032816,1.1189053,1.1331282,1.1380743,1.1352711,1.1278849,1.1179198,1.1070443,1.1095785,1.1234477,1.1259099,1.1263185,1.1463106,1.2047263,1.3280448,1.343696,1.1006614,1.1501018,1.3260553,1.7101201,1.6992397,1.4686587,1.3021065,0.81595606,0.50871795,0.3666676,0.03987947,-0.23341817,-0.3025777,-0.30060837,-0.2613034,-0.19641486,-0.1336644,-0.06586746,-9.5240764e-05,0.06356135,0.14367485,0.17976478,0.18742412,0.18564506,0.17759645,0.1675714,0.16308257,0.16567686,0.17600657,0.19188783,0.21316239,0.24408421,0.27705318,0.3084036,0.3331134,0.34960514,0.36453095,0.3800277,0.39172235,0.40081894,0.41010815,0.4183498,0.39737532,0.34544843,0.27667594,0.20716152,0.14862537,0.113214746,0.09098695,0.049532443,-0.0003519818,-0.017214973,-0.03964353,-0.050335504,-0.07058673,-0.08541893,-0.07078645,-0.081811935,-0.10473995,-0.13078392,-0.16240735,-0.18869767,-0.2405333,-0.3116202,-0.36169207,-0.3814242,-0.3023886,-0.26182213,-0.069253825
366,COP_20160112_5-30-E,0.109376,0.890624,0.0,-1.4127178,-1.401357,-1.38965,-1.3771458,-1.3658364,-1.3548942,-1.3433455,-1.3312843,-1.3191643,-1.3064259,-1.2938306,-1.2801716,-1.2655683,-1.2516156,-1.2382425,-1.2250625,-1.2129111,-1.2000697,-1.1881976,-1.1760474,-1.1620308,-1.1476825,-1.1315236,-1.1146058,-1.0983987,-1.0831083,-1.0673288,-1.0518671,-1.0331504,-1.0055566,-0.9688595,-0.93239826,-0.8991608,-0.8680605,-0.83986104,-0.8141147,-0.78793114,-0.76510656,-0.74231344,-0.71902746,-0.69566333,-0.6725577,-0.65016323,-0.6271609,-0.6041844,-0.58107316,-0.558917,-0.53667,-0.5145737,-0.49332917,-0.47278053,-0.4514113,-0.43053406,-0.41319302,-0.3961171,-0.37510896,-0.35463887,-0.3311949,-0.30976424,-0.28940934,-0.25230178,-0.20934996,-0.18313117,-0.1568765,-0.13090523,-0.1048595,-0.07835171,-0.05074358,-0.023043592,0.005284869,0.034046177,0.06392759,0.10141108,0.12994054,0.14512262,0.15988447,0.17431152,0.19451588,0.2193562,0.24631482,0.27576235,0.30847842,0.34456706,0.3841045,0.4234657,0.46259457,0.5016746,0.54074293,0.5727186,0.6054716,0.63800704,0.66835856,0.69241744,0.7104702,0.73805165,1.0356383,-0.14777698,-0.73633474,-1.1270041,-1.3669436,2.8825476,1.0643463,0.39247072,0.2644393,0.21352956,0.18790185,0.18660717,0.21182458,0.24743061,0.28937417,0.33904943,0.39589682,0.45290223,0.5070221,0.5567137,0.60422146,0.6508104,0.6977591,0.74262345,0.78800553,0.84279335,0.9005979,0.9503486,0.99647343,1.0380671,1.0672437,1.0850246,1.098765,1.1020067,1.0937185,1.0815214,1.066293,1.0519935,1.0533743,1.0689325,1.0717113,1.0713357,1.0906694,1.1445905,1.2570916,1.2324723,0.94497114,0.9464593,0.99188244,1.1049548,1.2006135,1.0041883,0.8643809,0.55982804,0.3071717,0.12779756,-0.15452692,-0.3462051,-0.38418618,-0.35914406,-0.30403775,-0.22395895,-0.15061304,-0.081644826,-0.01691254,0.041954786,0.12040712,0.15216693,0.15123475,0.13657245,0.111088365,0.084820025,0.067238696,0.059662674,0.06232322,0.07303225,0.09266447,0.122028664,0.15835185,0.19412498,0.22485188,0.25001252,0.27263492,0.29097235,0.3135485,0.33033845,0.34450957,0.3462613,0.3229945,0.2665283,0.18453676,0.103571236,0.03955168,0.0073279296,-0.008536143,-0.047967926,-0.09686828,-0.11963993,-0.13828434,-0.15348348,-0.1676033,-0.16017814,-0.16658218,-0.1769986,-0.18814246,-0.20946845,-0.24459359,-0.28757605,-0.33588007,-0.3866893,-0.4443435,-0.47918984,-0.5410732,-0.505538,-0.45562914
368,COP_20160112_5-50-W,0.140791,0.859209,0.0,-1.3794767,-1.3643895,-1.3489993,-1.3344232,-1.321193,-1.3080146,-1.2946467,-1.2812668,-1.2678239,-1.2540183,-1.2392691,-1.2217997,-1.2008451,-1.1795752,-1.1607853,-1.1438986,-1.1288155,-1.1164626,-1.1053599,-1.0915087,-1.0750422,-1.0576385,-1.0399663,-1.0200139,-1.001399,-0.9851719,-0.968284,-0.95213634,-0.9305219,-0.8920482,-0.8322137,-0.77208275,-0.7198685,-0.6734783,-0.6343669,-0.6019007,-0.572656,-0.54542106,-0.5197591,-0.49347594,-0.46754628,-0.4419556,-0.41644055,-0.39070332,-0.36517015,-0.3398609,-0.31506932,-0.29048142,-0.26549035,-0.24192382,-0.21937805,-0.19559345,-0.17196847,-0.15679224,-0.13736254,-0.11539067,-0.09147216,-0.06612993,-0.040821593,-0.017618958,0.0124036195,0.047747876,0.076524615,0.10628203,0.13717242,0.16843908,0.19928879,0.22894244,0.25783837,0.28611636,0.31376657,0.34223947,0.3788395,0.40865862,0.42339885,0.4369569,0.452044,0.4726852,0.49807298,0.52627105,0.5557863,0.5875888,0.62306255,0.662832,0.7022136,0.741345,0.7830934,0.8257924,0.8565141,0.8852544,0.9119571,0.93312067,0.94809717,0.9559156,0.9718721,1.1957538,0.06122509,-0.39568856,-0.7375923,-1.1684477,2.4342697,0.9410683,0.4212671,0.3102159,0.26418084,0.24552321,0.24514505,0.26558617,0.304034,0.35132182,0.40414244,0.4637849,0.5238013,0.5802481,0.6319282,0.6809453,0.72854066,0.7763415,0.8221293,0.8676593,0.9230777,0.98005486,1.0295887,1.0758673,1.1160063,1.1437285,1.1636062,1.1781479,1.1804099,1.1716512,1.1613344,1.1467367,1.1299874,1.1251839,1.1322839,1.1270206,1.1157863,1.1223158,1.1595695,1.248796,1.2186408,0.9735682,0.9816467,1.0629592,1.2195104,1.1862199,1.1202158,1.0444971,0.6176718,0.3196778,0.1763367,-0.09905963,-0.30957597,-0.35086337,-0.33499613,-0.2852489,-0.20913108,-0.13838764,-0.07065287,-0.0073414855,0.0503542,0.12569538,0.15890566,0.16305219,0.15079114,0.12895775,0.10777118,0.09204885,0.08699443,0.091626175,0.10190038,0.12219238,0.15484934,0.19140507,0.22955479,0.2624721,0.2876007,0.30767256,0.32386816,0.34260616,0.35792717,0.36837095,0.36761487,0.34447148,0.28856012,0.21073522,0.13629818,0.07876178,0.05152549,0.04008269,0.0041348515,-0.048373897,-0.072436154,-0.08411162,-0.10103129,-0.10937157,-0.10818685,-0.10843249,-0.12982415,-0.14338726,-0.15497987,-0.19697648,-0.2417477,-0.2770395,-0.32961112,-0.39065635,-0.43126923,-0.4445991,-0.37165833,-0.11826274
369,COP_20160125_2-0-W,0.325905,0.674095,0.0,0.09404331,0.11335123,0.13276166,0.15037301,0.16371094,0.17540474,0.18615036,0.19616607,0.20620257,0.21785244,0.23352242,0.25975862,0.3006619,0.34440184,0.37565297,0.39665875,0.40515375,0.40194407,0.39471957,0.3963236,0.40357473,0.40943667,0.41535306,0.42713884,0.4327502,0.43216708,0.43456316,0.43681177,0.45285478,0.5144523,0.6531782,0.813717,0.9634722,1.0917857,1.181743,1.2375354,1.2779299,1.3005939,1.3216408,1.3445956,1.367465,1.3903698,1.4135714,1.4346143,1.4554915,1.4772801,1.4981667,1.5189159,1.5395706,1.5593889,1.5797578,1.59891,1.616571,1.6324805,1.6428888,1.6524118,1.6623613,1.6775657,1.6945578,1.7131348,1.7435476,1.7778307,1.8073021,1.835061,1.8625224,1.8893244,1.9154711,1.9416152,1.968715,1.9948012,2.021538,2.0532231,2.1034012,2.1232018,2.1017137,2.0812666,2.0669901,2.074114,2.090334,2.1093464,2.1324859,2.161327,2.1946704,2.232306,2.2716756,2.3096905,2.3473914,2.380722,2.4061499,2.430489,2.45097,2.4629278,2.4638236,2.4556148,2.4606903,2.615493,1.6355139,1.6191617,1.6132722,1.615586,1.6241844,1.3338237,1.243833,1.3205757,1.308592,1.3318899,1.3500072,1.3703828,1.4185985,1.4780577,1.5379732,1.6034251,1.6691567,1.732107,1.7904332,1.8455085,1.8981092,1.9487616,1.9992105,2.0512524,2.1103282,2.171636,2.2271595,2.2756913,2.3160174,2.344751,2.3618786,2.3677707,2.360592,2.3448133,2.3234897,2.3007464,2.2748196,2.258408,2.2532935,2.235808,2.2085543,2.1993604,2.2180164,2.2758465,2.3183746,2.1975868,2.258712,2.7449803,4.1642995,4.528603,4.07643,3.3418508,2.056406,1.6758058,1.795077,1.425395,1.112559,0.9329276,0.93004584,0.94160867,0.99255955,1.0400168,1.093046,1.143955,1.2007755,1.2450495,1.2528169,1.2533332,1.2436705,1.2247874,1.2001237,1.185565,1.1785728,1.1860448,1.1987208,1.2195423,1.2532943,1.2865585,1.3195733,1.3493544,1.3725173,1.3922828,1.412389,1.4279337,1.4427174,1.4551705,1.44868,1.424459,1.3738122,1.3049741,1.2373224,1.1817201,1.1569023,1.1451219,1.1146344,1.0758065,1.0492728,1.0325369,1.0246179,1.0313425,1.0137995,1.0250901,1.0016094,0.9917357,0.9541353,0.9398824,0.92496175,0.9065722,0.8839797,0.8762424,0.8540834,0.9272466,1.2403249,1.9921165
372,COP_20160125_2-30-E,0.297571,0.702429,0.0,0.09741015,0.112840906,0.12897013,0.14369132,0.15465581,0.1641162,0.17277282,0.18089026,0.18911123,0.19905134,0.21271482,0.23569904,0.27113187,0.3081963,0.33442903,0.35213163,0.3601931,0.3571662,0.35071015,0.35107008,0.35655758,0.36012813,0.3639034,0.37262627,0.3764462,0.37439647,0.37467882,0.37453905,0.3877739,0.44337603,0.562391,0.69389105,0.81290436,0.9112639,0.9786326,1.0202507,1.0527599,1.0689795,1.0855685,1.1038373,1.1218255,1.1397293,1.1577243,1.1739131,1.1899613,1.2067775,1.222574,1.2382747,1.2540821,1.2690961,1.2850674,1.2992638,1.3111167,1.3289962,1.3341972,1.3377806,1.3391517,1.3466364,1.359,1.373527,1.4075533,1.4464868,1.471137,1.4928374,1.5130084,1.5313591,1.5503844,1.5700661,1.5895373,1.6095,1.6299107,1.6526533,1.6877431,1.6996146,1.6729014,1.6484042,1.6318394,1.6320862,1.6419069,1.6539881,1.6701837,1.6922193,1.7175584,1.7464111,1.7754776,1.8038094,1.8288585,1.8503416,1.8664888,1.8831257,1.8985044,1.9077957,1.9067942,1.8980124,1.8950984,2.0059998,1.2875346,1.2726735,1.265855,1.2561154,1.2697842,1.2212136,1.0178328,1.0394511,1.0292116,1.0477005,1.0574869,1.0725968,1.1099927,1.1558193,1.2000809,1.248811,1.2972928,1.343024,1.3860542,1.4256529,1.463902,1.5007869,1.5374501,1.5735985,1.6152724,1.6592538,1.6975714,1.7304416,1.7608529,1.7823937,1.7940882,1.7968565,1.7926526,1.7792536,1.7631027,1.7446196,1.7230469,1.7096596,1.7026639,1.6898253,1.6660658,1.655252,1.6636184,1.6959915,1.7273896,1.6768601,1.7659662,2.2580426,3.8943768,3.9389243,3.4488873,2.762528,2.0748627,1.4586571,1.9752105,1.9209881,0.92792577,0.7344297,0.6898283,0.7129415,0.73782986,0.7711725,0.8124844,0.8548748,0.9031008,0.948236,0.95287186,0.9541316,0.9484115,0.9383216,0.9238394,0.91427094,0.91047204,0.9163487,0.9263991,0.94258535,0.96299493,0.9897346,1.0145906,1.0348911,1.0514908,1.0669785,1.0785027,1.0911963,1.1014731,1.1065582,1.1044984,1.0860219,1.0485406,0.99882275,0.94831896,0.90907323,0.8886562,0.88130313,0.8572749,0.8216144,0.8089318,0.80200505,0.7856384,0.7667821,0.77856183,0.77112675,0.77221024,0.7753531,0.7516348,0.7242804,0.6917969,0.6738407,0.67482185,0.6069742,0.6090625,0.5380297,0.8911308,1.5018754
374,COP_20160125_2-50-E,0.394947,0.605053,0.0,0.08621322,0.100461595,0.114069104,0.12633963,0.13542384,0.14374472,0.15211809,0.16039866,0.16874291,0.17850935,0.19109072,0.21152635,0.24310164,0.27631158,0.29955265,0.31466475,0.31986523,0.31408817,0.30766857,0.30559197,0.3083952,0.3098791,0.3121485,0.3181855,0.3208284,0.3197685,0.32127878,0.32281923,0.33363178,0.37524208,0.46945494,0.57996273,0.68395656,0.7753552,0.8418898,0.8838754,0.91710687,0.93103075,0.94594085,0.9628689,0.9798917,0.9973225,1.0150952,1.0315413,1.0481672,1.0652604,1.0816387,1.0981349,1.114676,1.1309681,1.1482977,1.1642956,1.1782678,1.2004312,1.214058,1.2265323,1.2332696,1.2435536,1.258863,1.2759988,1.3035086,1.3331327,1.3558953,1.3784125,1.3979386,1.417092,1.4364247,1.4568794,1.4784765,1.502538,1.5268347,1.5558057,1.5978343,1.6151233,1.6050171,1.5970112,1.5882626,1.5944482,1.6104316,1.6274406,1.6495708,1.6761323,1.7063018,1.739176,1.7722965,1.8045075,1.8354775,1.8620329,1.8833641,1.9060267,1.9287543,1.9474612,1.9575368,1.9602581,1.9773512,2.2123027,1.2054081,1.1429446,1.1447188,1.1261123,1.1066412,1.0902469,1.1610157,1.1065832,1.087527,1.0946469,1.1039779,1.1286185,1.1733382,1.225184,1.277502,1.3352215,1.3938233,1.4500917,1.501612,1.5519397,1.5999519,1.645792,1.6902616,1.7334864,1.7812387,1.8300543,1.8733482,1.9111567,1.9455802,1.9726791,1.9879038,1.9956264,1.9928678,1.9786773,1.9626701,1.9453934,1.9267731,1.9161732,1.9110864,1.8952676,1.8763368,1.8718204,1.8909863,1.9715137,2.0194068,1.8647438,1.9293072,2.4372249,3.749758,3.2801325,3.6028433,4.244896,2.3097334,1.5920526,2.3955455,2.3037372,0.9346555,0.7589191,0.7278877,0.73949397,0.7703185,0.8036451,0.8467332,0.8939223,0.9430773,0.9994842,1.0224432,1.0283158,1.0314523,1.0299306,1.0260527,1.0264279,1.0309024,1.0430754,1.0606278,1.0820124,1.1109554,1.140372,1.1683476,1.1946852,1.2129476,1.2285874,1.2407016,1.2536373,1.2634004,1.2676452,1.2673947,1.2501284,1.2144805,1.1632819,1.1102774,1.0626047,1.042975,1.0249807,0.9991062,0.9609674,0.93716514,0.9217434,0.9145572,0.8997062,0.8839432,0.86402214,0.8701549,0.84913206,0.7983747,0.84673834,0.78256196,0.749374,0.7249622,0.73569787,0.67026734,0.7226675,0.91897196,1.3816848
377,COP_20160125_5-20-E,0.311483,0.688517,0.0,0.21883968,0.24163552,0.2635084,0.28294197,0.2989188,0.31468928,0.33006826,0.34462106,0.3593765,0.37560692,0.39607468,0.4280702,0.4754725,0.5243174,0.55870104,0.5831841,0.5939906,0.59302324,0.589667,0.59566754,0.6061508,0.61481875,0.6225626,0.63665354,0.64518994,0.6472544,0.6516649,0.65655434,0.6766986,0.74409026,0.8936197,1.0689539,1.2337517,1.374547,1.4732687,1.5358087,1.5831348,1.6096858,1.6362642,1.6652235,1.6940273,1.7227688,1.7518942,1.7785864,1.8053824,1.8334429,1.860562,1.8879821,1.9149625,1.9410138,1.96855,1.9940976,2.0172844,2.0420396,2.0574186,2.0724611,2.087269,2.1067343,2.1334321,2.1589322,2.204685,2.2601316,2.2990222,2.336256,2.371722,2.405359,2.4390693,2.4730344,2.50789,2.5426133,2.578873,2.6226668,2.6945329,2.7243822,2.6983929,2.6762881,2.6600997,2.6697965,2.695356,2.722776,2.7563922,2.7965252,2.8404758,2.8898501,2.9406047,2.9911375,3.040509,3.086405,3.1221673,3.1551423,3.1835458,3.204303,3.2116292,3.2109776,3.2308593,3.4285734,2.0451393,2.022509,2.0130124,1.9914713,1.9255958,2.1691535,2.326894,2.0825405,2.0422952,2.0369515,2.0509312,2.0860841,2.1413078,2.2073917,2.2776508,2.359156,2.443024,2.5225372,2.5962024,2.6683745,2.738486,2.8063297,2.8742156,2.944023,3.0221994,3.1018646,3.1738791,3.2373238,3.2950082,3.3368785,3.3622081,3.3732417,3.3712704,3.3549948,3.3314931,3.3062067,3.2771683,3.2626698,3.2651706,3.2544546,3.2341106,3.238947,3.287776,3.43946,3.5182984,3.1994154,3.286231,3.581001,5.0090547,4.606493,4.29021,3.8733213,3.214452,2.419426,2.6057656,2.4350517,1.8893632,1.7540425,1.6869847,1.74095,1.811527,1.8775061,1.9473488,2.0156116,2.0671155,2.1169024,2.1160917,2.0984492,2.0616217,2.02073,1.9741904,1.9486932,1.9351059,1.9385614,1.9529027,1.9811612,2.027802,2.0777574,2.1282098,2.166147,2.1977522,2.224529,2.2549706,2.2753506,2.2955954,2.3062212,2.3074589,2.2786908,2.2073658,2.105907,2.0048747,1.9223183,1.8901877,1.8759023,1.8275163,1.771812,1.7450974,1.7315071,1.7090513,1.6905239,1.6913304,1.6971103,1.666328,1.6635785,1.6601318,1.6005455,1.567115,1.4797425,1.3907992,1.3306898,1.2987664,1.1706135,1.1240442,1.8359622
381,COP_20160209_2-0-W,0.385742,0.614258,0.0,-1.4619046,-1.4424185,-1.4202645,-1.3995653,-1.3848244,-1.3725015,-1.3615419,-1.3515333,-1.3414192,-1.3284969,-1.3086523,-1.2721757,-1.2128065,-1.149557,-1.104031,-1.0738498,-1.0647504,-1.0742527,-1.0898747,-1.0928035,-1.0890127,-1.0860542,-1.0830853,-1.0712814,-1.0696751,-1.0799015,-1.0848905,-1.0914197,-1.0729637,-0.9726393,-0.74593395,-0.48832852,-0.256458,-0.06421588,0.067504205,0.14672256,0.20876122,0.23207451,0.2593975,0.28926057,0.31830212,0.34722984,0.37575018,0.40184265,0.42782223,0.45611843,0.48141882,0.50734746,0.5327979,0.5575766,0.5833157,0.6062034,0.6260684,0.6561916,0.66363347,0.66979384,0.6707404,0.6816411,0.7050577,0.72897166,0.79132336,0.86618614,0.90556276,0.94143385,0.9722042,1.0004798,1.02975,1.0603303,1.0909464,1.1218815,1.1519614,1.1856183,1.2275231,1.2304413,1.1885545,1.1387275,1.1091254,1.1099616,1.1224787,1.1382751,1.1625957,1.1964332,1.236801,1.2826054,1.3288434,1.3728728,1.4109871,1.4428768,1.4655039,1.4871686,1.5018115,1.5007192,1.4788351,1.4378644,1.3997579,1.3710392,0.37713334,0.44605306,0.404099,0.6266396,1.2767146,-0.4890118,-0.22302023,-0.2017155,-0.2049524,-0.16917226,-0.14330965,-0.12122782,-0.056417942,0.025999444,0.107003175,0.19243205,0.27699474,0.35801342,0.43395153,0.5052465,0.572451,0.6364308,0.7000437,0.7632794,0.83294886,0.9043224,0.9684373,1.0235744,1.069511,1.1021652,1.1201204,1.1259819,1.1170428,1.093128,1.0652779,1.0347714,0.9958232,0.96566963,0.94923425,0.9185015,0.8758619,0.8474089,0.84039474,0.85676044,0.88124377,0.8652915,0.8911673,0.9618464,1.1040639,1.0533208,0.90328187,0.62306696,0.16286276,-0.09996272,-0.27525434,-0.52183574,-0.65342975,-0.6748015,-0.6587479,-0.62208253,-0.5611573,-0.50331146,-0.44947517,-0.396384,-0.34525478,-0.27264184,-0.24122499,-0.24320635,-0.2546828,-0.26860455,-0.28145644,-0.2870323,-0.28321028,-0.27114835,-0.25240287,-0.22456148,-0.18790208,-0.1472157,-0.10873901,-0.074114025,-0.046580214,-0.022638906,-0.002005899,0.018027617,0.03404945,0.04503334,0.042679783,0.018090954,-0.03687173,-0.11058738,-0.18609427,-0.24637185,-0.2745747,-0.28724614,-0.32407966,-0.3680212,-0.39064103,-0.4083543,-0.42600447,-0.43982607,-0.44872132,-0.4567449,-0.46459055,-0.48173913,-0.49759153,-0.50974447,-0.55040175,-0.58484143,-0.6161756,-0.67293715,-0.7273055,-0.6963597,-0.56845605,-0.27113795
388,COP_20160209_5-10-E,0.377698,0.622302,0.0,-1.3028072,-1.2627358,-1.2288588,-1.1980449,-1.1808759,-1.169458,-1.1598879,-1.1499013,-1.1401048,-1.1234984,-1.1004928,-1.0575533,-0.99086916,-0.9230429,-0.8770923,-0.8459259,-0.839659,-0.85137147,-0.8666982,-0.8706631,-0.8663255,-0.86578447,-0.85936296,-0.8460213,-0.8442219,-0.8553882,-0.86197525,-0.86962914,-0.8501614,-0.7447501,-0.5050953,-0.23145528,0.012999956,0.21135317,0.34369436,0.42117593,0.48352906,0.5027259,0.5279641,0.555712,0.5827192,0.6093455,0.6362448,0.65986496,0.6830476,0.7087808,0.73165125,0.7553584,0.7779357,0.79906094,0.8226666,0.8416028,0.85619485,0.89029014,0.88548344,0.88985187,0.88915473,0.8988368,0.9215756,0.9441536,1.0493761,1.1782516,1.2201195,1.255295,1.281613,1.3040982,1.328633,1.3577374,1.3928996,1.4340186,1.4769045,1.5277026,1.582069,1.5798113,1.5387871,1.4864525,1.4461985,1.442735,1.4560764,1.4739611,1.5047421,1.548145,1.6003093,1.6547906,1.7079271,1.7592875,1.8014014,1.8271264,1.8478541,1.8746458,1.904437,1.9261473,1.9270371,1.9059447,1.887511,2.1368365,0.84574455,0.447565,0.27129757,-0.022005524,0.07948841,0.27617416,0.26392326,0.23686343,0.23097603,0.2617719,0.28796718,0.32572833,0.39707384,0.4834779,0.5694292,0.6624728,0.7542779,0.84190524,0.92430335,1.0021453,1.0756369,1.1460421,1.2168267,1.2818853,1.3540087,1.4294152,1.4939095,1.5479422,1.5958723,1.6284294,1.6417538,1.6409682,1.6210182,1.5796739,1.5320807,1.4865364,1.4421191,1.4118577,1.3920659,1.3539336,1.3052133,1.2703391,1.2623118,1.273584,1.3452785,1.383046,1.4297953,1.5812943,1.6507291,1.5989122,1.399261,1.1954429,0.6046059,0.3630723,0.28766942,-0.039681043,-0.28959116,-0.32154593,-0.31584737,-0.2606146,-0.21602406,-0.16202103,-0.0937667,-0.014990078,0.07282775,0.09535985,0.08443205,0.08885811,0.0884241,0.07415306,0.045892846,0.03210081,0.03249346,0.04716358,0.06982831,0.100648575,0.13989069,0.18367398,0.22422177,0.25870803,0.28641036,0.30855462,0.32933578,0.3473703,0.3582385,0.3618593,0.35370645,0.32003164,0.25436857,0.16696607,0.07565284,-0.00055940804,-0.040858522,-0.060546365,-0.10129866,-0.15847597,-0.19631693,-0.22171502,-0.24376798,-0.26166588,-0.27486917,-0.2776889,-0.30927506,-0.34069914,-0.36082098,-0.38008416,-0.41766196,-0.4842119,-0.53282946,-0.5774785,-0.6145921,-0.6216628,-0.48461518,-0.10133711
398,COP_20160220_2-50-E,0.546613,0.453387,0.0,-1.5129769,-1.5006281,-1.485738,-1.4709305,-1.4598926,-1.45066,-1.4428059,-1.436231,-1.4295479,-1.420376,-1.4047326,-1.3731015,-1.3195935,-1.2611798,-1.2214109,-1.1972013,-1.1925892,-1.2103009,-1.2306602,-1.2401748,-1.2426019,-1.2470764,-1.2523154,-1.2499452,-1.2559928,-1.2708862,-1.2797817,-1.2883016,-1.276675,-1.1996106,-1.0106616,-0.79230696,-0.5925713,-0.41821915,-0.29296938,-0.2170932,-0.16589855,-0.14184645,-0.11917202,-0.09416881,-0.06933481,-0.044843208,-0.020347869,0.0032267338,0.026684359,0.050064974,0.0727262,0.09505753,0.11712137,0.13817449,0.15846696,0.17840476,0.19656385,0.21205013,0.2211535,0.23011151,0.23829427,0.25400162,0.27186084,0.29237536,0.33878788,0.39314312,0.42403853,0.45381698,0.4821527,0.50860274,0.53452086,0.5604586,0.5859317,0.6109668,0.6368667,0.66585636,0.7018368,0.7108853,0.68810576,0.65771544,0.6405931,0.64683086,0.66183054,0.67891496,0.7018651,0.7324106,0.76870584,0.8079301,0.8474626,0.8856445,0.9221372,0.9530039,0.9749013,0.994125,1.0077473,1.0106959,0.99738675,0.96902,0.9429086,0.9992058,0.17555864,0.17027086,0.16119471,0.29403827,1.0314951,-0.5538724,-0.6273639,-0.55868584,-0.5507244,-0.5077463,-0.4785927,-0.4531989,-0.3856975,-0.30235788,-0.22183175,-0.13859636,-0.055557035,0.023564085,0.098524176,0.17014161,0.2363586,0.2989763,0.3608253,0.41988277,0.48137933,0.542727,0.598747,0.64857185,0.69102585,0.7242045,0.74346113,0.75178176,0.7463721,0.7271814,0.70599395,0.68101937,0.649546,0.6215487,0.60235286,0.5688281,0.52561826,0.49259412,0.48171893,0.49234942,0.5147489,0.5020948,0.5249372,0.6080771,0.8730273,0.7513648,0.48231888,0.32848504,-0.20513809,-0.4700971,-0.5779176,-0.74487907,-0.9586852,-0.9884122,-0.9809117,-0.9543109,-0.9113496,-0.8660159,-0.81608164,-0.76424766,-0.71063936,-0.6550085,-0.61803055,-0.5943921,-0.57683486,-0.5652966,-0.55558646,-0.54293793,-0.5257239,-0.5025543,-0.47644234,-0.44803992,-0.4127162,-0.37548247,-0.34119484,-0.31148908,-0.28858,-0.27190083,-0.25760478,-0.2428414,-0.23362945,-0.22731657,-0.22580346,-0.24176395,-0.2837233,-0.33910224,-0.39579037,-0.44692004,-0.47885433,-0.49887744,-0.5351041,-0.581276,-0.60590655,-0.626479,-0.64905703,-0.6715943,-0.68622714,-0.70372516,-0.72087246,-0.7432296,-0.77373,-0.7975206,-0.83969826,-0.8672786,-0.9124906,-0.95471233,-1.000334,-0.9696569,-0.894768,-0.6430138
410,COP_20160310_2-50-E,0.582557,0.417443,0.0,-1.5776427,-1.5673267,-1.5535512,-1.5394652,-1.5291481,-1.5205704,-1.5137075,-1.5084529,-1.5030304,-1.4951619,-1.479829,-1.4467158,-1.3887515,-1.325051,-1.2824465,-1.2571605,-1.2536427,-1.2754589,-1.3001873,-1.312388,-1.3160284,-1.3227007,-1.3313764,-1.3308518,-1.3396919,-1.3586895,-1.3718185,-1.3846167,-1.374277,-1.2886254,-1.0737894,-0.8213307,-0.581899,-0.3673219,-0.21197836,-0.11845766,-0.05794273,-0.028440062,-0.0027994942,0.024742499,0.051781178,0.078806885,0.10567027,0.13025221,0.15421595,0.1792964,0.20349796,0.22639607,0.24868825,0.26933363,0.28939638,0.30867332,0.32498112,0.33368555,0.3352802,0.33593696,0.33719206,0.34891355,0.36632824,0.3870351,0.43084493,0.4853556,0.51913273,0.5519019,0.58279216,0.6110669,0.63692725,0.6615129,0.6846089,0.70648503,0.7282518,0.7543487,0.79644305,0.79504234,0.7420602,0.68014526,0.6432779,0.6397613,0.64813036,0.6592276,0.67722446,0.70352006,0.73706234,0.77525914,0.8142756,0.85211295,0.88501996,0.9126527,0.9296555,0.93873835,0.9377509,0.9219561,0.88636523,0.83190995,0.78053045,0.7011749,0.28800902,0.34254026,0.35143235,0.38683876,0.5244331,1.3814303,-1.0802233,-1.4022819,-1.184949,-0.96945345,-0.8858596,-0.8770525,-0.7881554,-0.6778445,-0.5892136,-0.50722414,-0.427215,-0.34960654,-0.27558902,-0.20503853,-0.13870527,-0.07716325,-0.016831907,0.04149249,0.09974945,0.15796809,0.21105331,0.25651085,0.29622635,0.32619178,0.34481013,0.3533671,0.34908605,0.33130488,0.30770293,0.27832624,0.243574,0.2082697,0.17665702,0.1317431,0.075798325,0.023119316,-0.02392752,-0.09331515,-0.08654604,0.14658244,0.24637279,0.8364383,3.4419117,3.1034713,2.9737742,2.2707078,0.7998291,-0.10081568,0.32652134,0.5178962,-0.7986372,-1.1316998,-1.2065712,-1.2104267,-1.1901696,-1.1663715,-1.131392,-1.0904511,-1.0447702,-0.9980614,-0.96790147,-0.9437344,-0.92137027,-0.9021125,-0.8844355,-0.86675227,-0.8452547,-0.8202388,-0.7936879,-0.76454765,-0.7307651,-0.69679725,-0.66641575,-0.64081764,-0.6207358,-0.6058625,-0.59073454,-0.578802,-0.5688474,-0.56362456,-0.5634635,-0.57683873,-0.60569644,-0.6515345,-0.69554645,-0.7356688,-0.7630391,-0.78464997,-0.8183972,-0.8554227,-0.8789467,-0.89587235,-0.9154595,-0.9417125,-0.9593712,-0.96646434,-0.98957,-1.0172565,-1.0433631,-1.062018,-1.0968338,-1.1136801,-1.1438369,-1.1831889,-1.1699861,-1.1681004,-0.80578136,-0.41691032
428,QUE_T1.02.B,0.0,0.8712,0.129,-1.3541483,-1.3335766,-1.3095397,-1.2821885,-1.2549471,-1.2316213,-1.2114451,-1.1919339,-1.1708827,-1.1465234,-1.1199751,-1.0936432,-1.067239,-1.0409505,-1.0145057,-0.9872959,-0.95996755,-0.9333704,-0.90937996,-0.8844103,-0.8603376,-0.8349243,-0.80737245,-0.77878106,-0.74901325,-0.7173455,-0.6858044,-0.65377444,-0.6194145,-0.5803367,-0.5411008,-0.50349075,-0.46063343,-0.42394084,-0.39305314,-0.35875094,-0.3180621,-0.28708908,-0.2555207,-0.22090867,-0.18769419,-0.15226428,-0.11481467,-0.08687185,-0.06115696,-0.03315185,-0.0047611035,0.023943296,0.053993683,0.087131515,0.1265266,0.15822412,0.18343219,0.23751247,0.28279147,0.30502918,0.3099263,0.31392363,0.32647038,0.34270597,0.33836952,0.33116302,0.3520739,0.3807462,0.40270367,0.42628762,0.45222,0.47631064,0.5007201,0.53090125,0.5657495,0.6086995,0.67787796,0.7181133,0.72168964,0.72989136,0.71863776,0.7186625,0.7332948,0.7495123,0.76639766,0.78634024,0.80580443,0.82705355,0.8517923,0.8775199,0.9043472,0.9300991,0.95245415,0.97857845,1.007684,1.0390896,1.0693743,1.1040242,1.1335163,1.1808355,1.3362981,1.3148034,1.5314715,1.6057357,1.5057713,1.2531787,1.1197484,1.0265201,0.9960237,0.9516107,0.9333226,0.9466514,0.94758207,0.9393488,0.9395914,0.95707715,0.98051804,1.0020249,1.0208534,1.0391067,1.058012,1.0761839,1.0953677,1.118596,1.1498791,1.1837037,1.2133272,1.2369219,1.2541889,1.2624116,1.2587255,1.2484865,1.2421271,1.240053,1.2382032,1.2380949,1.2320787,1.2365708,1.2524598,1.2590799,1.2643168,1.2785321,1.3014109,1.3326702,1.3925359,1.5043122,1.6116563,2.3082101,5.707321,3.849654,3.7737577,-0.64732903,1.6075804,1.5541753,0.43728974,1.9360181,0.9693664,0.97334266,0.8840063,0.8572849,0.8882932,0.8947988,0.9173656,0.95691496,0.98302823,0.99914926,0.9683936,0.9018368,0.8382354,0.76801497,0.7117374,0.6703576,0.6328748,0.61510813,0.6064827,0.61136067,0.6289983,0.6439351,0.6566967,0.6725613,0.6950802,0.7062686,0.72141224,0.7417739,0.7561914,0.76173145,0.7739954,0.7640446,0.7011305,0.6206274,0.5459528,0.48559093,0.4774269,0.4838259,0.46999204,0.43077877,0.39696375,0.38591722,0.38370413,0.36626467,0.39147484,0.38838974,0.36619338,0.41441816,0.37747574,0.4201817,0.4658073,0.41632462,0.32182077,0.36087462,-0.036946055,-0.055661976,-0.13802199,-0.42223585
432,QUE_T1.02.F,0.0,0.7424,0.258,-1.3487815,-1.3248279,-1.2978047,-1.2674632,-1.2368473,-1.2099792,-1.1862584,-1.1634107,-1.1393094,-1.1123766,-1.0835999,-1.0546762,-1.0255787,-0.9963501,-0.9670567,-0.93711853,-0.9066729,-0.876818,-0.8487638,-0.8199336,-0.7922906,-0.7634959,-0.7328728,-0.700901,-0.6679853,-0.6334989,-0.5990067,-0.56442237,-0.52667093,-0.4833948,-0.43829122,-0.39480442,-0.34552276,-0.3033262,-0.26777333,-0.22927374,-0.18585692,-0.1492404,-0.11383808,-0.07563192,-0.03851665,0.00085260934,0.042549018,0.07329414,0.101088546,0.13082296,0.16147119,0.19206603,0.22405326,0.2599643,0.30146658,0.33533585,0.36303163,0.4102874,0.45468315,0.47817013,0.48800108,0.49336985,0.50512266,0.52030694,0.53436965,0.54932255,0.5756515,0.5998696,0.62667674,0.65116453,0.6759446,0.70202965,0.72571737,0.7526122,0.7911016,0.8383221,0.9152633,0.9627979,0.96395344,0.96786356,0.9481687,0.94143754,0.95116895,0.9645674,0.978882,0.99691254,1.014376,1.0343589,1.0583715,1.0850284,1.1114619,1.1372898,1.158539,1.1829193,1.2116418,1.241919,1.2729441,1.3087953,1.3405763,1.4000508,1.4568205,1.5641989,1.7731664,1.7504442,1.6787953,1.429178,1.2530444,1.1390013,1.096699,1.0444161,1.016002,1.0291033,1.0261647,1.0123979,1.0058801,1.0220234,1.0450268,1.0675254,1.0876158,1.1053115,1.1246569,1.1435733,1.1629232,1.1871662,1.2199003,1.2559679,1.2877989,1.3124746,1.3297259,1.3359847,1.3295083,1.3146995,1.3054284,1.3020946,1.3000695,1.2973038,1.2890189,1.2911278,1.3084613,1.3150773,1.3177487,1.3298908,1.3527765,1.389358,1.4623922,1.5824028,1.7553097,2.2755954,5.377263,1.2175243,0.30803457,1.055611,1.9360323,2.114653,3.2464085,1.1830074,0.86946684,0.8774654,0.8917011,0.8579108,0.85538733,0.86427176,0.8920554,0.9280929,0.97035456,0.99181587,0.9464784,0.8811533,0.81835425,0.7492562,0.6900611,0.6462912,0.60750335,0.5896095,0.5848529,0.5880742,0.60284084,0.61793774,0.6322491,0.6499957,0.6711884,0.68322945,0.70748276,0.7310403,0.7388671,0.73845786,0.7495002,0.7327245,0.6756787,0.59498435,0.52359235,0.46743676,0.45856944,0.4621089,0.44869852,0.4125566,0.38433236,0.36485744,0.3653506,0.34333816,0.37821734,0.39054954,0.39285564,0.3362018,0.32088074,0.3562257,0.26171064,0.33622563,0.30027136,0.11112961,0.086252026,-0.042658046,-0.01034712,-0.76523644
447,QUE_T1.04.A,0.0,0.5909,0.409,-1.3294915,-1.3055661,-1.2779884,-1.2466695,-1.215175,-1.1882293,-1.1649263,-1.1422515,-1.1180123,-1.0899634,-1.0596263,-1.0290695,-0.9988287,-0.96860236,-0.9379698,-0.9064927,-0.8747297,-0.84427947,-0.8165421,-0.78780925,-0.76014996,-0.73125696,-0.7001947,-0.6677314,-0.634569,-0.59904516,-0.56273705,-0.5261741,-0.4872354,-0.4430404,-0.40120354,-0.3602153,-0.312515,-0.27248394,-0.23926537,-0.20204423,-0.15468386,-0.12197573,-0.09057876,-0.053421423,-0.01754183,0.020526664,0.061733313,0.09126683,0.11813197,0.14755237,0.17776765,0.20760114,0.23976202,0.27560925,0.31848302,0.35222465,0.37889418,0.43694267,0.4938845,0.5162484,0.5224516,0.52187663,0.53395337,0.54751354,0.54044026,0.5259938,0.5488472,0.57376707,0.60092413,0.6209745,0.6446274,0.66901207,0.69408107,0.72187006,0.7549087,0.7989352,0.86660564,0.9070303,0.90934294,0.91527945,0.896974,0.8949559,0.906858,0.9201892,0.9353903,0.95342785,0.97094864,0.9894181,1.0109168,1.0358951,1.0618137,1.0862463,1.1037825,1.1247332,1.1501305,1.179536,1.2099364,1.2431741,1.2699472,1.3155884,1.2929851,1.3511121,1.5087636,1.5678035,1.5729593,1.3646609,1.2119473,1.1259598,1.0963058,1.0541561,1.0329304,1.045881,1.0449601,1.0361116,1.0323936,1.0490103,1.0698897,1.0905752,1.109335,1.1255155,1.1441181,1.1625705,1.1806471,1.2022533,1.2308139,1.2609092,1.2866614,1.3072284,1.3220445,1.3292311,1.323103,1.312759,1.3058909,1.3039082,1.3036498,1.3025987,1.2955654,1.299336,1.3133518,1.3179725,1.3199484,1.3328673,1.3546486,1.3820323,1.4420642,1.5463817,1.6723584,1.7680236,4.355226,3.9311733,5.3172617,0.989872,1.9311332,2.5037732,4.387124,3.271533,1.3605486,1.0396647,0.88860804,0.8775802,0.8643921,0.87180567,0.8900905,0.93064016,0.99008465,1.026021,0.98310184,0.916387,0.86848825,0.81856835,0.7771936,0.74422306,0.7076045,0.69350237,0.6858742,0.6911937,0.705904,0.71987367,0.73134345,0.74305606,0.75124866,0.76659656,0.78222424,0.7928505,0.8062155,0.8050841,0.8055513,0.79557496,0.7531065,0.6881794,0.61884624,0.5823495,0.5659454,0.54982483,0.5417365,0.5181995,0.4698642,0.46603072,0.47091547,0.46324596,0.49534407,0.46582854,0.47453555,0.47611082,0.45054,0.42857596,0.4112148,0.33134368,0.32639512,0.25246024,0.22777385,0.22848085,-0.039938953,-0.47203544
449,QUE_T1.04.C,0.0,0.5455,0.455,-1.3130499,-1.2886128,-1.2607412,-1.2287683,-1.196596,-1.1694984,-1.1472144,-1.1258686,-1.1021113,-1.0743428,-1.0439404,-1.0133356,-0.98301303,-0.95250654,-0.9218305,-0.8901756,-0.8583277,-0.8270469,-0.7989695,-0.77035993,-0.74377537,-0.71630275,-0.68661034,-0.65574485,-0.62433803,-0.59059954,-0.55695397,-0.5226449,-0.48588485,-0.4437688,-0.40346584,-0.36446503,-0.31705862,-0.2784625,-0.2474728,-0.2119959,-0.16615272,-0.1346715,-0.103831135,-0.067841455,-0.033419576,0.003739398,0.04417068,0.071278654,0.09514459,0.12225689,0.15053043,0.17855902,0.20854385,0.24268305,0.2854339,0.31753412,0.34232384,0.40162528,0.4546542,0.47381195,0.47458416,0.47015703,0.47937563,0.49131802,0.48500806,0.47647566,0.49848175,0.52291507,0.5438416,0.56539756,0.5877849,0.60961616,0.63188756,0.6600849,0.6957753,0.7425709,0.82548547,0.8696763,0.8629708,0.86159194,0.834285,0.82204306,0.83031183,0.84186715,0.8542889,0.8683431,0.8818643,0.8965014,0.9145021,0.9366907,0.96000355,0.98050404,0.9952316,1.0142655,1.0393724,1.0688483,1.0991025,1.1343131,1.166187,1.2469038,1.5659999,1.7903149,2.1157167,1.9356838,1.6214167,1.3543197,1.1548166,1.0479898,1.0140498,0.95604223,0.9271147,0.9395851,0.93308604,0.913545,0.902584,0.91385,0.9311471,0.94870365,0.96565884,0.98083454,0.99751765,1.0142443,1.0316837,1.0501034,1.0754985,1.1020254,1.1241657,1.1423302,1.1554261,1.1610506,1.157804,1.1485302,1.1431937,1.1430387,1.1436635,1.1432935,1.1383233,1.1417409,1.1538773,1.1565179,1.1583575,1.1719623,1.199401,1.2348574,1.306409,1.4449518,1.6917691,1.9410238,3.2918656,3.1348033,4.2533154,3.0659168,3.2033498,2.312448,1.7872382,0.7147323,0.92174876,0.8400247,0.71142423,0.6833982,0.69546324,0.68563956,0.69886905,0.7357318,0.7798403,0.8247352,0.7926271,0.746248,0.70620525,0.67001235,0.63718784,0.6074795,0.57970285,0.5737792,0.570355,0.57434857,0.59346265,0.60633963,0.61824626,0.62498814,0.633482,0.6420485,0.6522209,0.66492426,0.66564626,0.6673246,0.68344307,0.6774741,0.6340221,0.56966573,0.514226,0.4783031,0.473495,0.47091335,0.4585608,0.4318137,0.39848247,0.39337474,0.3780799,0.3766722,0.378351,0.39332893,0.39743048,0.3411281,0.33374655,0.36311787,0.29648742,0.26701957,0.1851353,0.15130918,-0.0035812866,0.0012741227,-0.030217383,-0.59310806
452,QUE_T1.04.F,0.0,0.4318,0.568,-1.2736951,-1.2472855,-1.2176524,-1.1842085,-1.1494864,-1.1196762,-1.0950469,-1.0717099,-1.0462583,-1.0168273,-0.9845702,-0.952242,-0.92012256,-0.8876915,-0.8550968,-0.8216651,-0.78728074,-0.7536293,-0.7219693,-0.6904362,-0.6613196,-0.6321018,-0.6010935,-0.56843805,-0.5354458,-0.50043625,-0.46591502,-0.43064335,-0.39263794,-0.34879145,-0.30637738,-0.26575202,-0.2157679,-0.17547101,-0.14451985,-0.10806403,-0.06246497,-0.027215136,0.00420859,0.04172761,0.07777899,0.11678598,0.15995249,0.18756226,0.21119377,0.23830712,0.26767188,0.2970867,0.32758945,0.3629234,0.40775505,0.4428857,0.46959984,0.5275453,0.5870073,0.6043565,0.6081692,0.603668,0.61073637,0.6202878,0.65476847,0.6946434,0.72024316,0.7431631,0.7661109,0.791207,0.81521,0.8400028,0.8643554,0.8920178,0.9259422,0.980049,1.0760953,1.1263056,1.120878,1.1227717,1.0891638,1.0734607,1.0799807,1.0910345,1.104232,1.119269,1.1316999,1.1459376,1.1642416,1.1858633,1.2104739,1.2329799,1.2479181,1.2705129,1.2987999,1.3257861,1.3526472,1.3892748,1.4269115,1.5223335,1.6209396,1.7582922,2.278121,2.1782143,1.9915223,1.700712,1.5208524,1.4038377,1.3582815,1.2890171,1.243914,1.2596911,1.2491169,1.2162529,1.1953763,1.2007848,1.2152303,1.2303642,1.2463127,1.2620035,1.2786485,1.2970362,1.3142875,1.333395,1.3600323,1.3884045,1.412183,1.4310848,1.4444858,1.4520475,1.4491061,1.4416575,1.4379956,1.438276,1.43937,1.4421506,1.438327,1.4451116,1.4593877,1.4640331,1.4700652,1.4907895,1.524448,1.5705327,1.6682043,1.8198107,2.0258324,2.9092748,5.7619987,5.6006093,3.2020752,2.6222892,3.6730924,3.2751794,4.137962,3.1603136,2.4390795,1.6303499,1.3254591,1.1872178,1.120704,1.092183,1.09378,1.1139975,1.1546857,1.2259489,1.2017436,1.1298233,1.073973,1.0282413,1.0055645,0.97699964,0.9422778,0.92594475,0.9294267,0.93304634,0.95526,0.9678654,0.97539914,0.9806095,0.99092025,1.0071967,1.017791,1.0261729,1.0308279,1.0340627,1.0528609,1.0473406,1.0032959,0.9622211,0.9021722,0.8651162,0.85166955,0.8463391,0.83866704,0.7964437,0.79521924,0.78241307,0.7785562,0.78680533,0.82301533,0.87639385,0.8483295,0.8394411,0.8138432,0.8505517,0.8635867,0.8674898,0.7998673,0.65879756,0.62895626,0.5697597,0.4022028,0.52197737
455,QUE_T1.04.I,0.0,0.6288,0.371,-1.2991035,-1.2719643,-1.241912,-1.2080129,-1.1736037,-1.1443396,-1.1201437,-1.0970582,-1.0721042,-1.043079,-1.0115013,-0.9794584,-0.94743294,-0.91529304,-0.8828944,-0.84942883,-0.815035,-0.78120524,-0.75040036,-0.719444,-0.6904612,-0.6607629,-0.629048,-0.5961761,-0.5628192,-0.52746487,-0.49223,-0.45620853,-0.41767773,-0.37369123,-0.3316031,-0.29076305,-0.24183396,-0.20101516,-0.167613,-0.1299083,-0.08292561,-0.048025887,-0.015511624,0.022490494,0.058879245,0.09759023,0.13969892,0.16889063,0.19466826,0.22294192,0.2526103,0.28237286,0.31268305,0.34704542,0.38896096,0.42225012,0.44845477,0.49947718,0.5459063,0.56544405,0.5733931,0.5748352,0.58517355,0.59952927,0.6021306,0.6025599,0.6241804,0.6512552,0.678013,0.6989861,0.7217843,0.74451613,0.7692147,0.7981279,0.8345758,0.88139033,0.96613145,1.0092913,1.0057635,1.0057383,0.9814943,0.97041297,0.97893155,0.9904299,1.0039012,1.0197397,1.0344994,1.0506765,1.0700841,1.0928166,1.1176486,1.1406869,1.154273,1.1736783,1.1998631,1.2294202,1.2599467,1.2951031,1.3274475,1.3982581,1.4719268,1.512217,1.7903113,1.8341843,1.6775178,1.4610426,1.2967366,1.1884912,1.1467524,1.0898968,1.0587392,1.0750269,1.0738171,1.0577762,1.0476657,1.0595382,1.0791184,1.0990056,1.117371,1.134435,1.1532483,1.1723554,1.1904395,1.210206,1.2371675,1.264846,1.2876363,1.3063289,1.3205022,1.3267843,1.3229842,1.3151443,1.3092773,1.3075954,1.3073598,1.3058934,1.3002422,1.3040408,1.3148751,1.3182093,1.3200791,1.3341558,1.3616686,1.3999479,1.4659662,1.5955971,1.736413,1.80505,4.3717422,1.5223675,1.4846911,2.7320344,2.8316786,3.098249,1.7722869,0.9560231,0.9817556,1.1723642,0.84163153,0.81469697,0.80518204,0.8081762,0.8258889,0.8590163,0.9088561,0.9688721,0.94942635,0.8899482,0.837232,0.79779696,0.77176595,0.74882287,0.72026956,0.7140066,0.71582466,0.7243068,0.7397695,0.75749177,0.7667113,0.7782192,0.785207,0.7956411,0.8090807,0.8199842,0.8287239,0.8240537,0.8340698,0.82975745,0.78991216,0.73979497,0.6649577,0.62025064,0.6151291,0.610573,0.59502995,0.569601,0.5531635,0.5029554,0.49425867,0.5080311,0.5136981,0.5175278,0.50405735,0.46912423,0.44666424,0.46696442,0.44091636,0.41860104,0.3557092,0.32787293,0.34934244,0.342673,0.04998843,-0.6300289
458,QUE_T1.05.B,0.0,0.015,0.985,-1.3194326,-1.2929549,-1.2627835,-1.2272924,-1.1905818,-1.1614177,-1.1408137,-1.1224613,-1.0998061,-1.0701847,-1.0356126,-1.0001584,-0.9649663,-0.93008196,-0.89482206,-0.8588673,-0.82309127,-0.7888413,-0.75881964,-0.7304184,-0.70522714,-0.6807782,-0.65565145,-0.62950534,-0.6035502,-0.5760234,-0.5485777,-0.52039194,-0.48848954,-0.4492827,-0.41103414,-0.37347516,-0.32994404,-0.29405814,-0.2654144,-0.23359054,-0.19170085,-0.16429897,-0.14002952,-0.10994524,-0.08129483,-0.051158547,-0.018547175,0.0033506053,0.022246256,0.0437071,0.06628547,0.088719755,0.112137176,0.13860746,0.17163964,0.19696386,0.21751963,0.26043078,0.30515563,0.32231906,0.32432204,0.32149193,0.32903266,0.33971623,0.3353272,0.32634863,0.34235513,0.35763222,0.37453812,0.39113384,0.40688282,0.42371345,0.4397604,0.457198,0.4818996,0.5145946,0.57246923,0.604461,0.60257137,0.60642403,0.5913608,0.5842316,0.59111935,0.600646,0.61085,0.62189746,0.6299834,0.63716096,0.647216,0.65872467,0.6729736,0.68624395,0.69063485,0.69923294,0.71279454,0.7290656,0.7470281,0.77081054,0.7946782,0.8348268,0.82992876,0.8731907,1.2376682,1.2152,1.094585,0.9660672,0.90659696,0.87714803,0.8694066,0.83736825,0.8196528,0.83143485,0.8273632,0.809177,0.79454005,0.7939146,0.79760766,0.80399495,0.8115829,0.818329,0.82686234,0.83649063,0.84491295,0.85071015,0.8596205,0.86660427,0.8718424,0.8764862,0.8805957,0.8840096,0.8861753,0.8872597,0.888178,0.8913313,0.8945027,0.89829385,0.8992605,0.90202165,0.90688,0.90986437,0.91531026,0.92975533,0.94940037,0.97457296,1.0262659,1.1035937,1.1940953,0.6547383,1.4476461,2.3194098,3.8673747,1.5576913,0.9166967,1.4509389,1.6604177,1.3830448,1.0764481,0.9180934,0.7919096,0.8158158,0.7605077,0.73622656,0.735729,0.7534741,0.7922092,0.85183245,0.8446561,0.81908345,0.8113826,0.81119657,0.8179394,0.8231464,0.80850714,0.8009094,0.8009375,0.804863,0.8128113,0.8131888,0.80762184,0.79130214,0.77322274,0.75623786,0.7398041,0.72747326,0.71524835,0.7082557,0.7345599,0.7517294,0.74859333,0.7412583,0.7173399,0.7032831,0.6933402,0.6743696,0.6648308,0.651039,0.6450663,0.6298951,0.60843587,0.6066771,0.59901303,0.6398532,0.6281368,0.589922,0.54854757,0.5199181,0.4833844,0.60320735,0.43461132,0.4902651,0.42110956,0.4591881,-0.4468676,-0.8199642
460,QUE_T1.05.D,0.0,0.0,1.0,-1.311455,-1.2839427,-1.2531183,-1.2162997,-1.178461,-1.1488396,-1.128525,-1.1104994,-1.0880092,-1.0580282,-1.0228035,-0.9867184,-0.95111966,-0.9157361,-0.8801444,-0.8439293,-0.8077953,-0.77384096,-0.74367744,-0.7153805,-0.69086486,-0.6671897,-0.64287996,-0.61756897,-0.59213006,-0.5649542,-0.53825057,-0.5108413,-0.47943488,-0.4404633,-0.40212277,-0.36531225,-0.32170275,-0.28706795,-0.26050442,-0.23027581,-0.19028719,-0.16423352,-0.14150709,-0.112935096,-0.08620727,-0.057549495,-0.02580686,-0.006630627,0.009247119,0.028038882,0.04835251,0.06853525,0.08974613,0.11492312,0.14708868,0.17057282,0.18910995,0.23290142,0.27549824,0.29079613,0.28698227,0.28204566,0.28541845,0.29528004,0.3033195,0.31310958,0.32440454,0.34167993,0.35639492,0.37323862,0.39076644,0.40291402,0.4188467,0.4351844,0.45822728,0.4905035,0.55627364,0.5898346,0.5834316,0.58477247,0.5642935,0.55322313,0.5576021,0.56513673,0.5740779,0.5819557,0.58825254,0.59423786,0.60132027,0.6124764,0.6253542,0.6367382,0.64006144,0.64897406,0.6632048,0.67864805,0.69327587,0.71650106,0.7445444,0.801177,0.8972884,0.9181521,1.1308708,1.1644486,1.1246797,0.996178,0.89791477,0.8562227,0.8443504,0.79949284,0.7746578,0.7857036,0.77762365,0.7535471,0.7323807,0.7290114,0.7312883,0.7363521,0.74298805,0.7493167,0.7581623,0.76774716,0.77545756,0.78131175,0.7893721,0.79638624,0.800624,0.80514836,0.8098962,0.8141636,0.81675327,0.8190423,0.82126755,0.8241594,0.82764834,0.83166105,0.8332924,0.8365381,0.8411578,0.8455169,0.8518351,0.86566424,0.8870912,0.91934615,0.9784129,1.0877545,1.1865581,1.0413944,1.9346318,4.472536,4.8170915,3.4503393,0.76069796,1.424357,3.5347705,4.0976424,1.4953167,0.9906762,0.81582916,0.7559499,0.70073503,0.64329004,0.6360697,0.6456548,0.6837296,0.7416575,0.745749,0.7312499,0.7211907,0.7254904,0.7401673,0.7417781,0.7331307,0.73442924,0.73690623,0.74400496,0.75850165,0.7572267,0.7455085,0.73254126,0.7183154,0.7055144,0.69167936,0.66741973,0.6613893,0.6511173,0.67795956,0.704985,0.70595306,0.69595873,0.66859907,0.66597414,0.6462847,0.63885564,0.6269829,0.6175346,0.61143005,0.60197186,0.6087362,0.5765696,0.58263886,0.5926808,0.5549503,0.56942266,0.5778448,0.58798844,0.6083382,0.550242,0.5082975,0.26233396,0.5155183,0.57506377,0.23882154,-0.8359321
465,QUE_T1.05.I,0.0,0.0,1.0,-1.3145295,-1.2865932,-1.2557827,-1.219677,-1.1823053,-1.1529247,-1.1326121,-1.1148072,-1.0928355,-1.0637025,-1.0297195,-0.99479717,-0.9605411,-0.9264009,-0.89192766,-0.8568199,-0.82202435,-0.78884137,-0.75949824,-0.7317242,-0.70738906,-0.68418795,-0.659741,-0.63430655,-0.60920095,-0.5821409,-0.5556373,-0.5283302,-0.4970964,-0.45868304,-0.42124045,-0.3851366,-0.34199965,-0.3072716,-0.28052765,-0.2503362,-0.20992783,-0.1838363,-0.16064289,-0.13189058,-0.104990035,-0.07610111,-0.04437659,-0.024871161,-0.008775239,0.010011733,0.030082643,0.050232902,0.07115035,0.09500728,0.12587814,0.14976126,0.16638504,0.20466995,0.24120197,0.25448754,0.2551583,0.25148517,0.2575724,0.26474082,0.26193175,0.25954852,0.27277073,0.28780824,0.30202425,0.31517005,0.32798958,0.34354946,0.3587751,0.37507847,0.40113822,0.43753305,0.50346303,0.5382288,0.52952254,0.5282427,0.5039375,0.4915452,0.4951772,0.5023781,0.50989896,0.51875997,0.524574,0.5305502,0.5378677,0.5485207,0.56216127,0.5733022,0.57599556,0.58302236,0.5966898,0.6154248,0.63668835,0.66619056,0.69565934,0.75374573,0.9111325,1.2856258,1.2454021,1.2667158,1.1596525,0.9148078,0.8354492,0.78593594,0.771037,0.728446,0.70378953,0.71446234,0.7061786,0.6807871,0.65948915,0.65542173,0.657237,0.6605624,0.66617024,0.6724356,0.6801918,0.68958616,0.69745666,0.7029573,0.7107789,0.7165537,0.7197944,0.7240771,0.72797066,0.7323059,0.73376924,0.7345403,0.7352998,0.73704994,0.74047416,0.7443439,0.74403024,0.7461877,0.7519094,0.75380343,0.75875574,0.77340317,0.7960875,0.82500917,0.886936,1.0045185,1.1745564,2.2902002,5.918061,4.642988,3.2625208,1.7079026,-0.0016990252,1.5386177,1.47806,1.3359368,0.9202009,0.6784361,0.6481367,0.6391674,0.59682256,0.55044746,0.5456814,0.5658388,0.6082197,0.66251886,0.64613557,0.62988365,0.619679,0.62206686,0.6325046,0.63506263,0.63294375,0.63092625,0.62779486,0.6313411,0.63777214,0.63947874,0.6358907,0.61639285,0.60821104,0.59484833,0.5867336,0.565962,0.5461956,0.5289081,0.5626261,0.5866331,0.5896062,0.5802507,0.55789375,0.5530969,0.54135436,0.5416477,0.52137387,0.5038713,0.49105766,0.49143115,0.47788006,0.47280696,0.4864936,0.51243436,0.49792224,0.504777,0.46489578,0.4588878,0.44781858,0.41803613,0.42706499,0.32395253,0.22618899,0.4594085,0.9938053,0.21713468
477,QUE_T1.07.A,0.0,0.2803,0.72,-1.3251754,-1.2992026,-1.2703543,-1.2369801,-1.2034113,-1.1747218,-1.151975,-1.1306151,-1.1062443,-1.0768161,-1.0439516,-1.0107797,-0.97761893,-0.9446393,-0.91140455,-0.8776687,-0.84332716,-0.8101833,-0.77943546,-0.7499999,-0.72108096,-0.69150525,-0.6612135,-0.6298502,-0.5974479,-0.56383973,-0.5286307,-0.4922224,-0.45426467,-0.4145313,-0.37478527,-0.33382976,-0.2939032,-0.25266734,-0.21137011,-0.17232911,-0.13175596,-0.09787292,-0.06459381,-0.031041361,0.001901777,0.033387907,0.06364269,0.09442088,0.1249941,0.15435958,0.18240803,0.20972367,0.23767748,0.26493153,0.28902194,0.31353799,0.3383464,0.35847455,0.38000295,0.40526968,0.42925867,0.45579028,0.47982112,0.5021269,0.50964373,0.51430994,0.53663766,0.5578947,0.57828766,0.59804773,0.61563045,0.6378579,0.6562687,0.67588735,0.69252586,0.7026146,0.7059257,0.7188245,0.7409215,0.75869423,0.78388244,0.8058227,0.8217521,0.83685786,0.85321635,0.87036574,0.88848114,0.90747553,0.9265585,0.94518596,0.96241486,0.97850436,0.9925626,1.004056,1.0150565,1.026113,1.0364411,1.0398564,1.0344924,1.0056864,0.947289,0.87481785,0.9624457,0.95517886,0.8730138,0.84133613,0.8351248,0.84567183,0.8492083,0.87106806,0.8842973,0.89418316,0.9162699,0.94759303,0.97408235,0.99986255,1.0228835,1.0433083,1.059092,1.0735079,1.0876163,1.0992818,1.1130227,1.127309,1.1447679,1.162114,1.1778347,1.1913944,1.199853,1.2031858,1.2010573,1.1960558,1.1924399,1.1896925,1.1892952,1.1895037,1.1859901,1.1846212,1.1885961,1.1895303,1.187074,1.1851525,1.1818117,1.1730788,1.1529293,1.1009024,1.0899209,1.0891002,1.3282825,1.782874,1.4156204,1.8827655,0.35534784,0.84002334,2.3589568,2.538135,0.77096385,0.61217165,0.6599166,0.7033595,0.7802016,0.83757955,0.8803124,0.9167773,0.9476508,0.9714717,0.96838427,0.94517803,0.92074615,0.89661735,0.8692689,0.8466009,0.836812,0.8337101,0.8323671,0.83421934,0.8443263,0.857162,0.85681117,0.8467811,0.84524274,0.8488301,0.838527,0.8297058,0.8242931,0.82437044,0.8555739,0.85944825,0.83585846,0.7948147,0.7400551,0.7018557,0.6974361,0.69458914,0.6704335,0.6422121,0.63132566,0.6238139,0.61170703,0.6209067,0.61283237,0.5809495,0.56676763,0.5834085,0.5892358,0.551775,0.48883966,0.4915805,0.39182284,0.23673396,0.15570405,0.19623046,-0.020122679,-0.10429717
479,QUE_T1.07.C,0.0,0.4167,0.583,-1.3484361,-1.3247153,-1.297772,-1.2672055,-1.2364879,-1.2098454,-1.187357,-1.1656995,-1.1418436,-1.114055,-1.0841362,-1.0539252,-1.0236871,-0.9935815,-0.96307456,-0.9321564,-0.9008266,-0.87056404,-0.8420436,-0.8142265,-0.7862698,-0.75726074,-0.72728336,-0.6959918,-0.6635285,-0.62976575,-0.59466463,-0.55834085,-0.52037454,-0.48094964,-0.4412756,-0.3997137,-0.35899588,-0.3169545,-0.27428743,-0.23414539,-0.1927145,-0.1577284,-0.12305983,-0.088352814,-0.053960145,-0.02101245,0.010870886,0.043945376,0.07653338,0.10758409,0.13760433,0.16669016,0.19633855,0.22476143,0.2505005,0.27676126,0.3027808,0.32140476,0.34109214,0.36706024,0.3971318,0.427262,0.45115423,0.47514835,0.50069135,0.528137,0.5533236,0.57607245,0.5996903,0.6234839,0.6465081,0.6687033,0.6919334,0.7130257,0.730679,0.74074316,0.74078035,0.7562689,0.7790622,0.8001949,0.8293636,0.8536534,0.8703566,0.88847226,0.90602976,0.9251646,0.94750565,0.9711132,0.99383074,1.0173266,1.0383078,1.0581399,1.0770966,1.0951571,1.108682,1.1203759,1.1260172,1.1253586,1.1163868,1.0659262,0.9277853,0.95559114,1.0440576,0.89165527,0.84706694,0.8320014,0.831135,0.83347845,0.83016926,0.8515992,0.8675992,0.8763651,0.9029682,0.9390312,0.97257555,1.0058395,1.0367821,1.0640113,1.0857903,1.1050656,1.1231018,1.1398149,1.1571342,1.177617,1.2029524,1.2291614,1.2530118,1.2731935,1.2850081,1.2882288,1.2832152,1.2749076,1.2691693,1.2662153,1.2656574,1.264089,1.257406,1.2572695,1.2628396,1.2637817,1.2612773,1.2572391,1.2526683,1.2475016,1.2236931,1.1618502,1.0553256,0.98085016,0.26580378,1.507386,1.136027,1.6378443,1.0405012,0.28023806,0.25327381,0.0077350694,0.094379395,0.4565901,0.584377,0.6556171,0.7277079,0.80241525,0.8534905,0.8915225,0.92608964,0.94838256,0.9396886,0.91330636,0.8741593,0.8297362,0.79347855,0.76430285,0.7499461,0.7398233,0.7407273,0.7450383,0.75457704,0.7740466,0.78301394,0.7881871,0.7903932,0.80000114,0.80780715,0.8054001,0.8089669,0.82131475,0.8450808,0.83533585,0.79173076,0.73092884,0.66342896,0.6193768,0.6023178,0.60558194,0.5921877,0.5499971,0.5174072,0.51086164,0.5254939,0.5002473,0.4831266,0.4801516,0.4749144,0.4927269,0.4661228,0.4460685,0.38735318,0.24382268,0.2105202,0.17578839,0.029430099,-0.07381194,-0.8198943,-1.6046004
480,QUE_T1.07.D,0.0,0.3485,0.652,-1.3583233,-1.3343189,-1.3069065,-1.2754498,-1.244006,-1.2172062,-1.1947047,-1.1730437,-1.1491565,-1.1208618,-1.0902369,-1.0593477,-1.028364,-0.9975367,-0.9663375,-0.9345261,-0.90219164,-0.8709299,-0.8420435,-0.8137812,-0.78552574,-0.75594276,-0.7252067,-0.6934228,-0.660487,-0.62617826,-0.5903622,-0.55339897,-0.51469994,-0.4744501,-0.43454483,-0.3925192,-0.35161373,-0.30892238,-0.2654824,-0.22461279,-0.18205617,-0.14732216,-0.11213005,-0.07711417,-0.042674877,-0.009478852,0.022139212,0.055204704,0.08823011,0.119129725,0.14878687,0.1777583,0.20718886,0.23546392,0.26023844,0.2853654,0.31107903,0.3289207,0.34655648,0.37177765,0.39972654,0.42958376,0.45515713,0.47718194,0.48856035,0.49724633,0.52032685,0.54345715,0.5643991,0.58500034,0.6100069,0.6321187,0.6531705,0.671898,0.6885031,0.6993507,0.697764,0.7147998,0.7349855,0.75455815,0.7830289,0.8063083,0.8234858,0.83966243,0.8564496,0.8747375,0.89499235,0.91669506,0.93887365,0.96090853,0.9800347,0.99923384,1.0158507,1.0298865,1.0418382,1.0534244,1.062112,1.0618436,1.054326,1.0236434,1.0321761,1.028471,1.0573691,0.8335521,0.79404366,0.7534101,0.75977755,0.7616531,0.75787014,0.7772476,0.7937253,0.80472696,0.8306453,0.8666809,0.9002917,0.93307906,0.9635098,0.98960274,1.0110933,1.0297593,1.0473198,1.0634947,1.079344,1.098249,1.1220919,1.1466023,1.1684211,1.1860745,1.1977836,1.2008811,1.1960955,1.1882956,1.1828141,1.1793764,1.1778258,1.1756895,1.1680393,1.166816,1.1703781,1.1711987,1.1662471,1.1603765,1.1544801,1.1470127,1.1298552,1.0739933,1.0351645,1.955526,2.4960268,0.656509,2.9558544,5.9482536,3.4796188,1.6006023,2.987414,2.3514874,1.01213,0.5140304,0.49172562,0.54157966,0.60924804,0.66962814,0.71494335,0.754452,0.7971825,0.8332653,0.82252985,0.7899844,0.75872415,0.72015643,0.6926516,0.67251927,0.65932995,0.6507971,0.6476732,0.6603988,0.6755581,0.6879966,0.691975,0.6921926,0.69749874,0.7101666,0.71314156,0.707314,0.70921326,0.7173948,0.7400682,0.74530256,0.69685835,0.63726825,0.5764413,0.53778034,0.5321542,0.52466583,0.50858825,0.48654148,0.4628638,0.4258779,0.4293573,0.4452486,0.43627983,0.4391055,0.47630408,0.50034356,0.46989107,0.4279779,0.42747703,0.45320278,0.31226093,0.35008684,0.25212324,0.3265377,0.6897797,1.5573726
488,QUE_T1.08.B,0.0,0.2955,0.705,-1.3525461,-1.3297796,-1.303976,-1.2735645,-1.2431237,-1.2171161,-1.195926,-1.175739,-1.1530006,-1.12585,-1.0961282,-1.06638,-1.0368985,-1.0078127,-0.9783665,-0.9482159,-0.91759866,-0.8878904,-0.86065525,-0.83408386,-0.8084261,-0.78182244,-0.75400656,-0.72534513,-0.6957974,-0.66492057,-0.6330848,-0.5997459,-0.56408584,-0.5261223,-0.48906764,-0.45129457,-0.41322806,-0.3758085,-0.3394526,-0.30326635,-0.26339963,-0.2312697,-0.19935621,-0.16624504,-0.13400878,-0.10193123,-0.07045,-0.040804416,-0.011780406,0.016675081,0.04433709,0.071484566,0.09940121,0.12748426,0.15458629,0.18010403,0.20405316,0.2304179,0.25610417,0.2813618,0.30295563,0.32426128,0.34418565,0.36440894,0.37649855,0.38911122,0.411707,0.4305925,0.45159104,0.47346184,0.49202922,0.51226443,0.5339031,0.5549903,0.57192814,0.5891236,0.60543704,0.6270154,0.6443581,0.65907454,0.6770613,0.6929038,0.7081725,0.7244452,0.7400046,0.7569631,0.77519834,0.7944134,0.81352043,0.8336063,0.8523964,0.87051815,0.8864029,0.9017071,0.9162678,0.93007785,0.94290555,0.9524528,0.9552202,0.9451497,0.92506945,0.9101079,1.0674067,1.0642018,0.8956329,0.812799,0.8087582,0.8048296,0.80636907,0.81318086,0.81907785,0.8293283,0.84992343,0.87180895,0.8896773,0.91180307,0.93465036,0.9545371,0.97139364,0.9871868,1.0029112,1.0171151,1.0324476,1.0476251,1.0680821,1.0890166,1.1066568,1.1221921,1.1330559,1.1374844,1.1352099,1.1304053,1.1273162,1.1261207,1.1272452,1.1270766,1.1238927,1.1258398,1.1321477,1.1346924,1.1358047,1.1382635,1.13958,1.1445456,1.1457458,1.1246214,1.1073772,1.5122502,1.8766465,0.7203867,1.5309821,-1.3512138,-0.19410348,0.41700053,0.50006986,0.36461508,0.95277786,0.49773082,0.5943066,0.63515824,0.6830911,0.75304407,0.78809667,0.8317571,0.8613939,0.88264465,0.8888478,0.86060774,0.83226055,0.7972136,0.77388203,0.7582107,0.7457581,0.7371042,0.73721635,0.74198234,0.75329417,0.7676754,0.7676181,0.7663107,0.76333123,0.76343316,0.76457906,0.7619327,0.7627023,0.7573041,0.78537244,0.7892265,0.74876493,0.6932088,0.6363708,0.6010001,0.60295045,0.58232963,0.57251155,0.54043657,0.51943684,0.5008225,0.5075847,0.48302796,0.47523856,0.50327957,0.51907575,0.5028147,0.42874354,0.44092056,0.3141155,0.23296593,0.22928274,0.031577397,0.12857048,-0.08072479,-0.5057856,-0.55401844
494,QUE_T1.08.H,0.0,0.2045,0.795,-1.296575,-1.268452,-1.2378937,-1.2022234,-1.1660961,-1.1367396,-1.1147622,-1.0942385,-1.0702544,-1.0401965,-1.0064871,-0.9723239,-0.9385929,-0.9052458,-0.8716009,-0.8372119,-0.8021574,-0.768467,-0.73784083,-0.708823,-0.6809397,-0.6527512,-0.62390167,-0.5940077,-0.5634328,-0.5316712,-0.49844763,-0.46408394,-0.4275483,-0.38800177,-0.34859172,-0.30885857,-0.27020657,-0.2313154,-0.19272314,-0.1556247,-0.11480743,-0.0826719,-0.050799787,-0.018061856,0.013436544,0.043948296,0.07361188,0.102588914,0.13079584,0.15802652,0.18417215,0.20986156,0.23512924,0.2593461,0.2820211,0.30406088,0.32609713,0.34298548,0.35417202,0.37820283,0.40312576,0.4279503,0.45064402,0.4695246,0.46985647,0.46852404,0.48373544,0.5058897,0.52542496,0.5435794,0.5600164,0.5775309,0.59741014,0.61851877,0.6345702,0.64647657,0.6554876,0.6727086,0.6896149,0.7067531,0.7248523,0.7420265,0.7563178,0.77034354,0.78493536,0.7999437,0.8161147,0.8326588,0.84846693,0.86504906,0.8819407,0.89713365,0.90787685,0.917033,0.92687076,0.9403919,0.9543167,0.9611341,0.9604913,0.94343233,0.97319305,0.90328705,0.9637407,0.9531878,0.8164721,0.7934944,0.79946876,0.80713755,0.8112688,0.8261876,0.8363275,0.8460166,0.86685926,0.8907966,0.91070527,0.93193567,0.9517472,0.9693687,0.98439735,0.9983946,1.011321,1.023748,1.0357995,1.0480548,1.0631847,1.0773537,1.0896773,1.1007227,1.1080544,1.1107976,1.1103826,1.107458,1.1053543,1.1061434,1.1067157,1.1072383,1.104748,1.1047083,1.1056828,1.1056346,1.1047779,1.1050633,1.1034843,1.0998287,1.086538,1.0416336,1.0258775,1.8309674,2.6033685,0.96879095,1.1061162,-0.036291875,0.65442955,0.5769861,0.5672533,1.4157901,0.829645,0.53460526,0.5595861,0.61015254,0.67905474,0.7157233,0.74933493,0.7878597,0.84105265,0.873416,0.8691773,0.84891987,0.8403648,0.8327738,0.8198365,0.8099665,0.8068744,0.8092373,0.8091328,0.81397575,0.8231027,0.83167064,0.8319249,0.8247617,0.82188946,0.8089954,0.80028254,0.7836244,0.77195764,0.769859,0.8051009,0.81511325,0.80312717,0.7701893,0.73678446,0.71550614,0.70299464,0.68575686,0.6685717,0.64612764,0.6318817,0.6323466,0.6020993,0.60690874,0.58727044,0.5696573,0.61151534,0.6153147,0.5517654,0.51739156,0.48673174,0.3995466,0.22136362,0.31418982,0.08832068,0.1438825,0.58370715,-0.18377389
502,QUE_T1.09.F,0.0,0.3485,0.652,-1.2841357,-1.2579461,-1.2290682,-1.1957529,-1.161767,-1.1325443,-1.1085498,-1.085777,-1.0604632,-1.0307779,-0.998191,-0.9653775,-0.9325315,-0.8994261,-0.86635613,-0.832472,-0.7977424,-0.76380056,-0.73232937,-0.7019816,-0.6724384,-0.64194226,-0.6101758,-0.57737875,-0.54405135,-0.5092172,-0.47355285,-0.43645525,-0.39687797,-0.35439205,-0.3127001,-0.27010608,-0.22635949,-0.18357699,-0.14232488,-0.10164667,-0.056188196,-0.020229489,0.014721652,0.05172929,0.087920435,0.123626836,0.15903081,0.19188198,0.22359633,0.25467148,0.28539813,0.31547108,0.34567094,0.3757932,0.4053606,0.43360865,0.4602847,0.4842501,0.511255,0.5362474,0.5620519,0.5858586,0.60901594,0.63149023,0.6603315,0.69631636,0.7203773,0.7469608,0.77250123,0.7968651,0.8223735,0.8448758,0.87050503,0.8925081,0.9139033,0.9334773,0.9569591,0.9822006,1.002893,1.0225285,1.039033,1.055691,1.0725632,1.0891559,1.1069283,1.1271708,1.1478791,1.1696646,1.1918427,1.2158315,1.2395033,1.2609179,1.278552,1.297151,1.3157501,1.3312582,1.3417884,1.3487478,1.351628,1.3396947,1.2851999,1.2685027,1.4785609,1.3870736,1.2904648,1.2217815,1.1877005,1.1764078,1.1674678,1.168104,1.1718907,1.1846584,1.2023811,1.2227837,1.2417446,1.267299,1.2926649,1.3154362,1.3354768,1.3537803,1.3717402,1.3892152,1.406354,1.425766,1.4524102,1.4793688,1.5018971,1.5215356,1.5350299,1.5391366,1.5352994,1.5268883,1.5209504,1.5203242,1.5195813,1.5191286,1.5148232,1.5159755,1.5247355,1.5285393,1.5305535,1.5350348,1.5404588,1.548563,1.5530151,1.5513808,1.5244181,2.0917022,1.9243976,1.7260579,-0.05502918,1.0600482,1.2681211,1.2350657,1.4541692,0.10881006,1.0849003,0.88730437,0.9266868,1.0117592,1.0701232,1.1178085,1.1572748,1.1886181,1.2316445,1.2779387,1.2600697,1.1984252,1.1495619,1.111119,1.083806,1.0508555,1.0301805,1.014783,1.0082748,1.0116969,1.0337802,1.0445622,1.0465051,1.0453557,1.0495334,1.0555224,1.0660213,1.0602424,1.0668284,1.0752391,1.0991387,1.0887856,1.0472121,0.98750323,0.9073283,0.8640995,0.8572377,0.8512475,0.83582664,0.806761,0.7907183,0.78230417,0.7641885,0.76922286,0.7783349,0.76130885,0.7765909,0.7750079,0.7624347,0.74124706,0.6701617,0.5716713,0.47368503,0.31178018,0.31530863,0.5178697,0.29238752,1.165966
507,QUE_T1.10.A,0.0,0.2121,0.788,-1.3084935,-1.2823987,-1.2528782,-1.2181826,-1.18312,-1.1539432,-1.1313727,-1.1099693,-1.0852584,-1.0547556,-1.0205549,-0.98567927,-0.95136154,-0.9175487,-0.8835346,-0.8488915,-0.81441194,-0.7820632,-0.75370985,-0.7252699,-0.6980002,-0.6701257,-0.64092034,-0.61097234,-0.58037513,-0.547572,-0.5128866,-0.47672,-0.43852788,-0.39678437,-0.3577158,-0.31752044,-0.27323326,-0.23354204,-0.19758311,-0.1603026,-0.11276869,-0.08264012,-0.05226299,-0.017263703,0.016518606,0.051217094,0.086678915,0.11543368,0.14315587,0.17231567,0.20029578,0.22709979,0.25709072,0.2883575,0.32250276,0.35139215,0.3757385,0.42220312,0.46675268,0.48864427,0.49920255,0.50635135,0.5240355,0.53834754,0.5125318,0.48139217,0.49988946,0.52292114,0.542878,0.5631597,0.5822492,0.60337096,0.62407476,0.6459285,0.6702996,0.6917745,0.72748005,0.7557622,0.76650304,0.77701813,0.7808364,0.7883075,0.80112606,0.81586933,0.8299367,0.84606266,0.86223954,0.8787018,0.8963353,0.91489726,0.9346134,0.95291764,0.9644699,0.97782797,0.994164,1.0125049,1.0317191,1.048802,1.0594212,1.0707481,1.1432697,1.087137,1.1953772,1.2822635,1.1358285,1.0533599,1.0032377,0.9944461,0.99000496,0.9847131,0.98235255,0.9962834,1.0072502,1.0116084,1.0163057,1.0313177,1.0476222,1.0624408,1.0758021,1.0891467,1.1017594,1.1151371,1.1282024,1.1409996,1.1582738,1.1744028,1.1878127,1.2000035,1.2092125,1.2123432,1.2108598,1.2062031,1.203962,1.2031665,1.2049084,1.2059762,1.2040317,1.2043053,1.211122,1.2150644,1.2184396,1.2256426,1.23669,1.2497122,1.2649766,1.2823595,1.3540612,2.3510056,1.5024601,1.6248571,1.3896841,0.8616223,0.98151886,1.6552677,1.8964661,0.5832075,1.3925626,0.94257534,0.9109715,0.931418,0.9417311,0.9698121,0.982525,1.0095236,1.0551857,1.1132364,1.0807878,1.0320221,1.0002835,0.9767035,0.95914674,0.94810885,0.9301835,0.9200445,0.9159885,0.91753083,0.93078417,0.9365482,0.9347992,0.92936945,0.9216936,0.9121789,0.9118309,0.9029851,0.89612,0.8915253,0.92572737,0.93490815,0.9042427,0.8567238,0.803237,0.77938825,0.76975244,0.7562425,0.7472922,0.71187973,0.6898369,0.6821541,0.6753928,0.69566405,0.7024356,0.6779691,0.7014769,0.7402496,0.71429384,0.7075961,0.69283813,0.6073409,0.39606184,0.45022753,0.5547671,0.46572992,0.36965665,1.1590974
518,QUE_T1.11.B,0.0,0.3409,0.659,-1.1985933,-1.1650532,-1.1293335,-1.0885723,-1.0471945,-1.0129755,-0.98715967,-0.9644522,-0.9382399,-0.90527695,-0.8670482,-0.82686126,-0.7866673,-0.74624497,-0.706015,-0.6658774,-0.6260357,-0.5892523,-0.5561492,-0.5248207,-0.4958121,-0.46817628,-0.44050467,-0.41109443,-0.38095945,-0.3505267,-0.3208235,-0.29149458,-0.25630692,-0.20984462,-0.15600649,-0.10503899,-0.056077294,-0.0095183505,0.033397608,0.07338295,0.11172911,0.14433967,0.17537716,0.20646363,0.23600802,0.26518115,0.293536,0.3192952,0.3435485,0.3674536,0.3908057,0.41346717,0.4374176,0.4611462,0.48448756,0.50567424,0.52697873,0.54412276,0.5584285,0.5760835,0.59497434,0.61611193,0.63063365,0.64993095,0.6840398,0.72471094,0.7452042,0.7651781,0.7862042,0.8038185,0.8251302,0.8440573,0.86389005,0.88165957,0.8962553,0.9109942,0.92945987,0.945354,0.9622461,0.97439086,0.9911079,1.0056078,1.0189298,1.033234,1.0469854,1.0626456,1.0793618,1.0959095,1.1130811,1.12979,1.1461288,1.1617746,1.1748593,1.1901994,1.2033763,1.2115455,1.2157866,1.2192985,1.222762,1.213478,1.1265398,1.1907324,1.2959099,1.186146,1.1805881,1.1203233,1.1145133,1.1199956,1.1229562,1.1327479,1.1434118,1.155838,1.17151,1.19072,1.2090892,1.228184,1.2486571,1.267287,1.2834393,1.2986243,1.3127908,1.3262682,1.3395641,1.3557477,1.3740872,1.3918154,1.4075043,1.4223565,1.4338524,1.4410583,1.4436843,1.4442014,1.4445304,1.4456644,1.4481224,1.448175,1.4448649,1.4464389,1.452051,1.4548995,1.4564211,1.4586068,1.4612256,1.4686942,1.4686271,1.4632677,1.4144406,1.5400465,1.5137409,-0.07879111,3.7919757,2.051205,1.0852007,1.2142887,1.3363602,0.76488453,1.4361485,1.2459787,1.1345358,1.1352063,1.1886808,1.2238955,1.2446721,1.2669953,1.2884604,1.3208095,1.3142253,1.2877585,1.259697,1.2320832,1.2176776,1.2047772,1.1932806,1.1924794,1.1917981,1.2014682,1.2158673,1.2251353,1.2236338,1.2174257,1.2117411,1.2119118,1.2076637,1.2004176,1.1861168,1.1948538,1.2233042,1.2361562,1.2147503,1.1762272,1.1389279,1.1061305,1.0970895,1.0916055,1.0706931,1.0598168,1.0385523,1.0252585,1.0050766,0.9886228,0.9964379,0.9914475,1.0191045,0.9862414,0.956314,0.98888546,0.91775966,0.88954735,0.8631973,0.75817233,0.8063581,0.68053234,0.67322576,0.3249774
528,QUE_T1.12.B,0.0,0.2424,0.758,-1.2326423,-1.2016342,-1.1673299,-1.1282759,-1.0889343,-1.0565406,-1.0313556,-1.0085455,-0.9824437,-0.94946855,-0.9112229,-0.8707967,-0.82949394,-0.78786755,-0.7463716,-0.70494866,-0.66422194,-0.6277458,-0.5959696,-0.56648237,-0.53777355,-0.51039785,-0.48334864,-0.45437372,-0.42539188,-0.39847955,-0.37145594,-0.3459229,-0.31135678,-0.2570684,-0.19117919,-0.1301441,-0.07967305,-0.028398342,0.022822024,0.06752454,0.11118781,0.14497,0.17785856,0.21045779,0.24203378,0.27159536,0.29833195,0.32973358,0.3611427,0.3893646,0.41589713,0.44190127,0.4681134,0.49193105,0.51131505,0.53119314,0.5546413,0.5602216,0.56671315,0.5888913,0.61906546,0.6556842,0.6815822,0.70800394,0.7200193,0.72920233,0.7509567,0.77133006,0.7948488,0.8147524,0.8336416,0.8541288,0.8699455,0.887127,0.90043825,0.9015311,0.88231534,0.88943285,0.91569495,0.9354812,0.9765418,1.00585,1.0242816,1.0413649,1.058855,1.0782877,1.0997813,1.1216328,1.1425035,1.1620802,1.1810797,1.1976551,1.2097902,1.221079,1.2279996,1.2322823,1.2338331,1.2259071,1.2113442,1.1547444,1.099447,0.8312988,0.85377353,0.81737095,0.839156,0.8752706,0.9310207,0.9662656,0.9760888,1.0130271,1.0442301,1.0536329,1.0850905,1.1339319,1.1776886,1.211333,1.2412527,1.2674055,1.287667,1.3053293,1.3223614,1.3375546,1.3530602,1.3712174,1.3921596,1.4116443,1.4290981,1.4450265,1.4576577,1.4657869,1.4675808,1.4659662,1.4633062,1.4606419,1.4588966,1.4561533,1.4480265,1.4443953,1.447562,1.4497834,1.4461559,1.4394486,1.4289931,1.4135424,1.372566,1.2951777,1.2355483,2.1757355,3.4828262,0.19436713,0.5585982,0.30583903,1.4480345,1.3442588,0.9187766,1.3440546,0.44927302,0.6491868,0.6666571,0.7795778,0.8877781,0.9750478,1.0239313,1.0727177,1.1085039,1.154403,1.15243,1.142119,1.1183349,1.088655,1.067423,1.0582324,1.040803,1.0398864,1.0420481,1.0453662,1.053729,1.0617567,1.0675439,1.0524373,1.0520942,1.0519608,1.0581417,1.0566952,1.0623889,1.0657322,1.0955523,1.1073376,1.0819566,1.0359104,0.99441737,0.95191336,0.92798185,0.91783607,0.8876472,0.8518262,0.8544868,0.83831763,0.7956056,0.79286337,0.8091681,0.7962825,0.7443147,0.7349488,0.78382146,0.6861432,0.5715444,0.5510292,0.56672555,0.4946406,0.53053313,0.47378016,0.09111293,0.14777476
529,QUE_T1.12.C,0.0,0.2045,0.795,-1.2415684,-1.2108897,-1.1770854,-1.1387235,-1.0996001,-1.0678239,-1.0435172,-1.0217941,-0.9963451,-0.9644734,-0.92785233,-0.8892842,-0.850059,-0.8109357,-0.7720587,-0.7328895,-0.6942414,-0.65879893,-0.62762016,-0.59843093,-0.5702055,-0.5429162,-0.5156294,-0.4866677,-0.45773858,-0.42996928,-0.40153062,-0.37366587,-0.3387998,-0.28999844,-0.23361509,-0.18017496,-0.1331688,-0.08520309,-0.0377802,0.0046011223,0.046787873,0.080235265,0.11286428,0.1456333,0.17723687,0.20727476,0.23526807,0.26539898,0.29526296,0.3234673,0.34975728,0.37575555,0.401931,0.4261287,0.4466974,0.46783832,0.4912446,0.4983656,0.50471646,0.52965367,0.55802864,0.5909464,0.6127803,0.63945025,0.6735317,0.7082837,0.73091197,0.75360966,0.7775554,0.7992404,0.821261,0.84255594,0.8617971,0.8780883,0.88926804,0.89443326,0.8874976,0.89777917,0.9206608,0.9409638,0.9761152,1.0017606,1.0195588,1.0373759,1.0537412,1.072404,1.0928239,1.1138839,1.1349659,1.1547276,1.1738117,1.1903417,1.2041819,1.2178106,1.2284862,1.2337148,1.2342063,1.2277976,1.2171314,1.1735661,1.1322246,1.0763165,0.93355113,0.8442116,0.87551177,0.93683654,0.97963715,1.0014068,1.0061632,1.0339022,1.0584757,1.0662826,1.0925717,1.133273,1.1699564,1.1999531,1.2284776,1.2532313,1.273355,1.2908741,1.3072401,1.3218855,1.3369819,1.3560911,1.3781806,1.3992462,1.4176772,1.4345515,1.4477859,1.4563227,1.458016,1.4558688,1.4527253,1.4505769,1.4490578,1.4458922,1.4390914,1.4367225,1.440864,1.4432164,1.4407336,1.4359423,1.4291773,1.4187587,1.3857719,1.3389174,1.2734712,0.9350035,-0.13379598,1.1440917,1.2386745,1.3315449,1.2759231,1.337397,0.4039779,-0.45619848,0.48357582,0.6666758,0.7659737,0.8271638,0.9205755,0.9775365,1.0170746,1.0605546,1.097212,1.1282481,1.1258887,1.1014655,1.0709215,1.0393834,1.0164587,1.0069466,0.98520064,0.97573006,0.9684513,0.96916866,0.9773568,0.9857548,0.9839341,0.9725204,0.96935326,0.97882193,0.986161,0.99149495,0.9961429,1.0078406,1.0350327,1.0410404,1.0244259,0.9793324,0.93939954,0.9067089,0.8994636,0.8906255,0.849639,0.8178062,0.8085948,0.79811203,0.7897839,0.78421736,0.7603055,0.78621197,0.75950104,0.73020595,0.7404912,0.6700935,0.5982415,0.6069349,0.672318,0.55943024,0.3309218,0.38380954,0.49842194,0.22823824
536,QUE_T1.12.J,0.0,0.3333,0.667,-1.1915097,-1.1562587,-1.1185527,-1.075661,-1.0325751,-0.99723274,-0.9705398,-0.9466312,-0.9190158,-0.884542,-0.84476274,-0.8032338,-0.76153415,-0.71963316,-0.678337,-0.6373296,-0.5966797,-0.55896014,-0.52509296,-0.4927984,-0.46280327,-0.43388376,-0.40397313,-0.3720774,-0.34001175,-0.3077365,-0.2761148,-0.24483281,-0.20774254,-0.15820262,-0.10233895,-0.050032955,0.0028625985,0.05081884,0.093398236,0.1354409,0.1794779,0.21444482,0.2477349,0.2829415,0.31625193,0.35076204,0.3857209,0.4139755,0.44038373,0.46738327,0.49437952,0.5212355,0.5487371,0.5776368,0.6101343,0.636819,0.66107327,0.68981755,0.71732026,0.73605806,0.75312704,0.7687152,0.78329396,0.80218107,0.8334051,0.8692392,0.8909455,0.91278166,0.93697447,0.9596787,0.9816684,1.003812,1.0265352,1.0488654,1.0735824,1.1007266,1.138746,1.1662714,1.1756321,1.1842601,1.1889297,1.1962589,1.2091734,1.2241722,1.2395629,1.256548,1.2735691,1.2913125,1.310236,1.3307091,1.3508805,1.3686545,1.3834344,1.401442,1.416801,1.4321191,1.4455593,1.4602048,1.4734704,1.488476,1.5107242,1.6165586,1.5094553,1.5356077,1.524586,1.4494988,1.4055789,1.3806599,1.3711808,1.3601815,1.3590037,1.3738348,1.3830758,1.3909352,1.3994669,1.4168993,1.4367571,1.4552013,1.4716585,1.4874486,1.503259,1.5183601,1.5339367,1.5515606,1.5728685,1.5934124,1.6112449,1.6275673,1.640326,1.6472497,1.6477896,1.6448742,1.6416582,1.6417788,1.6424222,1.6416411,1.6387886,1.6404774,1.6478188,1.653247,1.6554757,1.6617193,1.6750754,1.6883981,1.713552,1.7490295,1.770863,2.5192165,1.7654191,1.69103,5.324048,3.6982045,2.7028186,2.0907512,2.9170554,2.6703892,1.7572024,1.4268965,1.3605537,1.3516715,1.3580024,1.3817561,1.4072661,1.4389569,1.4777576,1.5043759,1.4862294,1.4420931,1.3986028,1.360653,1.331023,1.3077803,1.2912385,1.2786322,1.2795736,1.2860986,1.2992454,1.3073503,1.3114017,1.3092985,1.3143467,1.3170345,1.3200115,1.3204652,1.3125343,1.3109376,1.3384242,1.3396227,1.3099267,1.2531016,1.2009106,1.1682698,1.1565218,1.1468893,1.1361034,1.1109023,1.0940245,1.076693,1.0495046,1.0521158,1.0544504,1.0540112,1.0862664,1.0480273,1.0912129,1.0842987,0.97720975,1.0156271,0.99405557,0.85185003,0.8221494,0.66142505,0.10151941,0.74029446
537,QUE_T1.13.A,0.0,0.3409,0.659,-1.1916078,-1.1574972,-1.120234,-1.0772513,-1.0338494,-0.9987864,-0.9728352,-0.9494092,-0.9219992,-0.887257,-0.846886,-0.80520505,-0.7636435,-0.722241,-0.6813825,-0.6406123,-0.60020214,-0.56236774,-0.5285733,-0.4962696,-0.46621266,-0.43703815,-0.4071136,-0.37515724,-0.34261164,-0.3091285,-0.27562585,-0.24210179,-0.2041317,-0.15621379,-0.10465605,-0.056330767,-0.006694549,0.037762556,0.077375,0.11675408,0.15987185,0.19238156,0.22361784,0.25730503,0.28884175,0.3215403,0.35461703,0.38192576,0.40649742,0.43208432,0.45783395,0.48325258,0.5092897,0.5371434,0.5683826,0.59367484,0.61646605,0.6504021,0.6787624,0.6972082,0.71149665,0.7238174,0.7377717,0.75459504,0.76694036,0.77786064,0.7970325,0.81891215,0.84028906,0.8573749,0.8770525,0.89912194,0.92012745,0.9415308,0.9663577,0.99118364,1.0239902,1.0519127,1.0619476,1.0698845,1.073854,1.0802982,1.0926455,1.1070251,1.1207396,1.1365185,1.151794,1.1671075,1.1845124,1.2030947,1.2214379,1.2380505,1.250913,1.2647932,1.2793273,1.2949001,1.3117942,1.3287692,1.3406413,1.3442261,1.2890881,1.1785768,1.464613,1.4340104,1.3842711,1.2912636,1.253676,1.2264277,1.2175019,1.2106466,1.2106938,1.221625,1.2292879,1.2368405,1.2459607,1.262186,1.2806139,1.2974795,1.3122406,1.3266625,1.3400308,1.3534126,1.3664451,1.3828583,1.4025102,1.4214298,1.4373437,1.4524778,1.4641665,1.4702417,1.4693376,1.4665617,1.4649935,1.4668567,1.4689492,1.46936,1.4671872,1.4688807,1.4740069,1.4770604,1.4778546,1.4815948,1.4938382,1.5060356,1.522159,1.5485548,1.5535324,2.2213542,0.5462477,-0.30560565,1.7961062,1.4229254,0.39838687,1.3852962,2.4478464,2.0680826,1.2287284,1.0822345,1.0303221,1.0917331,1.1317829,1.1549271,1.1718831,1.203406,1.2283443,1.2692951,1.2480726,1.2150095,1.178655,1.1523244,1.1299416,1.1132534,1.0951623,1.0845927,1.0808203,1.0828338,1.09364,1.101468,1.09709,1.0908664,1.0892576,1.0917422,1.093762,1.0945961,1.0893408,1.089828,1.1186326,1.1298642,1.1092441,1.0803581,1.0435574,1.0076691,1.0013579,1.0005063,0.9801703,0.95868605,0.94807917,0.917815,0.9252927,0.9240759,0.9074823,0.9148384,0.8816654,0.90263563,0.89657694,0.8714324,0.79880756,0.779155,0.74420923,0.641414,0.58336663,0.5749076,0.35955575,0.83967763
542,QUE_T1.13.F,0.0,0.447,0.553,-1.2116474,-1.1818384,-1.1495787,-1.1127687,-1.0760537,-1.0459347,-1.0225769,-1.0012153,-0.97689635,-0.9468378,-0.9118983,-0.87491065,-0.8371631,-0.7992025,-0.76176965,-0.7240971,-0.68722135,-0.65378076,-0.62530446,-0.5975138,-0.5716919,-0.54625034,-0.51980716,-0.4914136,-0.462904,-0.43486363,-0.40825546,-0.38275382,-0.34908205,-0.2965904,-0.2343811,-0.17879508,-0.12480385,-0.079348296,-0.040980406,-0.0022787668,0.040902577,0.07170543,0.103018604,0.13687968,0.16878603,0.2021258,0.23691392,0.2631868,0.28698322,0.3125718,0.3381961,0.3640761,0.39126402,0.42090037,0.45448053,0.48091984,0.5038526,0.54006726,0.56897444,0.5880889,0.5993117,0.60860765,0.6218065,0.63982725,0.6549975,0.6715678,0.69432175,0.71796954,0.7417512,0.764412,0.78702086,0.80928755,0.8335631,0.8591463,0.8892725,0.92236793,0.9745159,1.0068508,1.0118,1.0172502,1.0133115,1.0170202,1.0315332,1.0471494,1.0625772,1.0799663,1.0976537,1.1172315,1.1387818,1.1619642,1.1847519,1.2066638,1.2229396,1.243078,1.2638705,1.2855003,1.3074344,1.3312838,1.3519043,1.3981338,1.535654,1.7440283,1.8750222,1.6972611,1.5196402,1.3776599,1.2815478,1.2280684,1.2106464,1.1880351,1.1800107,1.1933526,1.1987317,1.1998093,1.2060765,1.224301,1.2464576,1.2669148,1.2846142,1.302397,1.3198231,1.3365835,1.3534741,1.3735307,1.3998142,1.425942,1.4482571,1.4684609,1.4839909,1.4920094,1.4906493,1.4850938,1.4808911,1.4799882,1.479008,1.4774603,1.4736198,1.4767393,1.4871941,1.4929211,1.4954857,1.5045458,1.5204984,1.5437149,1.5864522,1.6568626,1.706762,2.3249617,4.008298,3.2520862,4.633877,1.993238,1.7142057,2.1489015,1.5691507,1.7372652,1.352461,1.1071541,1.0957601,1.105491,1.142473,1.1621776,1.1861972,1.2191167,1.2520515,1.2878035,1.2496052,1.1884706,1.1375821,1.0853387,1.0396034,1.0033504,0.9809778,0.9695538,0.9702928,0.98158944,0.9950739,1.0063219,1.0112373,1.0194913,1.0319581,1.0358605,1.0490898,1.0603602,1.0631398,1.0616531,1.086018,1.0790889,1.0260237,0.9641504,0.913506,0.8682908,0.842372,0.83744353,0.8313301,0.7960291,0.767082,0.76082414,0.76656663,0.7704034,0.75080997,0.7537667,0.7666524,0.7606858,0.78650266,0.77518785,0.69226927,0.66517276,0.6654574,0.46362293,0.3821319,0.22042009,0.22714,-0.899391
543,QUE_T1.13.G,0.0,0.3409,0.659,-1.1695477,-1.1381898,-1.1049151,-1.0668184,-1.0282698,-0.9961371,-0.97145444,-0.9492118,-0.9238506,-0.89224905,-0.8552893,-0.8162177,-0.77612287,-0.73540866,-0.69491553,-0.65441895,-0.614652,-0.5792435,-0.5481242,-0.5188654,-0.49188888,-0.46655494,-0.44112906,-0.41283262,-0.38510528,-0.35857856,-0.3341177,-0.31098402,-0.27748063,-0.22097144,-0.15130731,-0.091535956,-0.035097215,0.011641109,0.05025756,0.08912584,0.1319275,0.16483828,0.19581257,0.22992149,0.26216054,0.296278,0.33215913,0.3585678,0.38200217,0.40732595,0.43333662,0.45964292,0.48699325,0.51717675,0.5524205,0.5814936,0.60540736,0.640219,0.67476994,0.6913685,0.704795,0.71399236,0.7260107,0.7425199,0.78363913,0.8318642,0.85578865,0.88070595,0.9047714,0.92724633,0.95023805,0.97191346,0.9964297,1.0196373,1.0463742,1.0829511,1.1396307,1.1708744,1.1761907,1.1801691,1.1758049,1.1781839,1.1903095,1.2057189,1.2201306,1.2368392,1.252869,1.2706885,1.2910568,1.3129649,1.3355877,1.3557221,1.3722645,1.3935746,1.4142039,1.4341702,1.4526068,1.4751453,1.4948925,1.5344985,1.5887606,1.8257456,1.9133688,1.9278419,1.7155269,1.5518979,1.4594373,1.4101375,1.3925021,1.3658592,1.3550725,1.369265,1.373455,1.3707355,1.3732957,1.3894924,1.4105808,1.4299057,1.447008,1.4642832,1.4812926,1.4979774,1.5149254,1.5347787,1.5603093,1.5857228,1.6067492,1.6266588,1.6424767,1.6508743,1.6517497,1.6487112,1.6457018,1.6461802,1.6460624,1.6449862,1.6418239,1.6448251,1.6556239,1.6618927,1.6656376,1.6763674,1.6953193,1.7198795,1.7661481,1.8344893,1.9180411,2.7799075,2.5295203,0.32956064,1.94791,0.3651828,1.8070014,2.2264886,2.339933,1.2688702,1.428461,1.3626976,1.3027343,1.336138,1.3441485,1.3521569,1.3675866,1.398933,1.4371116,1.4712684,1.4399055,1.3910342,1.335532,1.2871943,1.2565352,1.225608,1.2050463,1.1948998,1.1866193,1.1955832,1.2122997,1.2282574,1.2310319,1.2272832,1.2347329,1.2416495,1.2516079,1.2604257,1.2558393,1.2653773,1.2916111,1.2887882,1.2555177,1.2009349,1.1370299,1.0926282,1.0693074,1.0636697,1.037548,1.0094465,0.99574375,0.98771244,0.975182,0.96377414,0.96834105,0.9758495,0.96344995,0.95274913,1.0305226,0.9827162,0.9223962,0.8490713,0.81980515,0.7622131,0.64940995,0.5207924,0.22548807,0.11863681
550,QUE_T1.14.D,0.0,0.2955,0.705,-1.1993659,-1.1669391,-1.1321745,-1.0925,-1.0528032,-1.0204865,-0.9958496,-0.97394884,-0.94857264,-0.9164984,-0.8792336,-0.83996856,-0.8008201,-0.761442,-0.72222686,-0.6831478,-0.64479774,-0.60939914,-0.5784839,-0.5488953,-0.521771,-0.49526343,-0.46801522,-0.43882272,-0.40953273,-0.37966767,-0.35091162,-0.32297838,-0.28860325,-0.23968431,-0.18440096,-0.13447341,-0.08345755,-0.040431518,-0.004366935,0.032175835,0.07414044,0.10335025,0.13217245,0.16418585,0.19402355,0.22562246,0.25848532,0.28267786,0.30426562,0.32748964,0.35122365,0.37522197,0.39972422,0.42695817,0.4585117,0.48363587,0.5051325,0.53919923,0.56902045,0.58526284,0.59420234,0.60193753,0.61229855,0.6262631,0.6340417,0.6434116,0.66260695,0.682601,0.70453906,0.72269046,0.7447101,0.7636096,0.78380203,0.8068031,0.8293566,0.86034477,0.90526897,0.93397605,0.9421633,0.9477382,0.9427228,0.946484,0.95825815,0.9712929,0.9844735,0.99948746,1.0134205,1.0277911,1.0442888,1.062356,1.0811949,1.097448,1.1095757,1.1244384,1.1413833,1.1592222,1.1763287,1.1967866,1.213517,1.243948,1.2779579,1.3491783,1.329494,1.3415011,1.3657755,1.2543907,1.2018449,1.1773075,1.1644641,1.1482176,1.1411533,1.154922,1.1569206,1.1550726,1.1558763,1.1666172,1.1828156,1.1969361,1.2100189,1.2227755,1.2363589,1.2500412,1.2629769,1.2779462,1.2966695,1.31413,1.3288782,1.3429551,1.3547512,1.3619654,1.3626256,1.3615686,1.3599012,1.361809,1.3639508,1.3659103,1.3642222,1.3664341,1.3734113,1.3773967,1.3807361,1.3903335,1.4021701,1.4208592,1.4561119,1.5003777,1.510229,2.1240149,1.326077,2.3483827,5.314113,3.9731576,1.5312927,2.4835649,2.9392126,1.7579306,1.3491066,1.0764123,1.0965922,1.1554182,1.1482699,1.1586756,1.1740791,1.1945515,1.2275574,1.2590231,1.2437502,1.2053379,1.1693481,1.1337517,1.1141024,1.0951635,1.079108,1.0668921,1.070632,1.0737381,1.0867623,1.0983123,1.0945321,1.0917932,1.0928197,1.0950996,1.0911565,1.0938632,1.0852997,1.0835606,1.1117303,1.116458,1.0973942,1.0474046,1.0144023,0.97961634,0.9702405,0.9757918,0.9677233,0.9428845,0.92209166,0.8959805,0.8819503,0.8806429,0.8951723,0.89480746,0.86988264,0.9356813,0.917062,0.88749975,0.92419094,0.8344697,0.7310955,0.76666296,0.74702674,0.76744306,0.53726846,0.27791467
566,QUE_T2.01.J,0.0,0.7955,0.205,-1.2730896,-1.2468907,-1.2183921,-1.1867108,-1.1532408,-1.1234466,-1.0976803,-1.0735668,-1.0481942,-1.0194157,-0.9883554,-0.95697045,-0.92495024,-0.892351,-0.85994995,-0.82752395,-0.7947933,-0.76367635,-0.73314965,-0.7030011,-0.6726914,-0.6417651,-0.6100388,-0.5772526,-0.5434395,-0.5094945,-0.47455028,-0.4394541,-0.4024662,-0.3618268,-0.31582037,-0.2702357,-0.22749537,-0.18223988,-0.13755548,-0.09620556,-0.061793145,-0.018582232,0.020423945,0.057351302,0.093759805,0.12859187,0.16241553,0.19807637,0.23294957,0.2656072,0.29766235,0.32869142,0.360277,0.39018166,0.41528994,0.44065928,0.46841583,0.4666391,0.47554803,0.50854385,0.54967666,0.59109294,0.61993253,0.6516116,0.717356,0.79525316,0.8274053,0.8561682,0.8851901,0.9142959,0.9416369,0.9675856,0.9956175,1.0224308,1.0471796,1.0660064,1.0714006,1.092437,1.1185493,1.1414672,1.173525,1.1984103,1.2181067,1.2356063,1.2545897,1.2771546,1.3016227,1.3304392,1.3617735,1.3907442,1.4160925,1.442254,1.4720874,1.5009158,1.5235059,1.5397002,1.5541492,1.557267,1.5493604,1.5020511,1.4377028,1.3976564,1.5168246,1.3464843,1.2908753,1.2278343,1.1648836,1.1300883,1.1112629,1.126908,1.1420487,1.1500813,1.1737432,1.2097821,1.2502514,1.2912836,1.3311263,1.3647847,1.3919547,1.4142779,1.4349082,1.455327,1.4770079,1.5071222,1.5434296,1.5859939,1.6262729,1.6576238,1.677243,1.6817402,1.6704433,1.6526434,1.6415007,1.6334813,1.6275651,1.6239924,1.6126307,1.6146783,1.6270428,1.6316408,1.6291742,1.6244075,1.6216938,1.6157529,1.6024891,1.5585145,1.4706826,1.1353314,1.6281613,1.9666529,0.9263519,2.2228823,1.9909483,1.3377838,1.2337905,0.117613345,0.8792616,0.7573333,0.98657143,1.0638798,1.1226612,1.2039763,1.2644513,1.2999846,1.2978108,1.2723377,1.216122,1.1674136,1.0860353,0.99244314,0.91830236,0.868219,0.83437055,0.81792444,0.80849475,0.81915355,0.83773917,0.86003184,0.87917113,0.89567924,0.9198519,0.9395227,0.9576986,0.9813253,0.9954586,1.0020462,1.0085555,0.98966867,0.92997944,0.83041626,0.7433758,0.6828917,0.66406375,0.6736107,0.6544625,0.61943287,0.60027343,0.58045566,0.586871,0.5763548,0.55905116,0.5685792,0.5637246,0.5598881,0.5604857,0.5236155,0.5077847,0.47841716,0.37664393,0.22776356,0.026888747,-0.09281756,-0.15504238,-0.57297546
567,QUE_T2.02.A,0.0,0.8939,0.106,-1.3896466,-1.3684095,-1.343532,-1.3157153,-1.287704,-1.262236,-1.2387649,-1.2159309,-1.1926086,-1.1674874,-1.1416903,-1.1157124,-1.0896046,-1.0632915,-1.0369152,-1.0097845,-0.98209786,-0.9548631,-0.9283824,-0.8999527,-0.8709357,-0.8403586,-0.80770105,-0.7733215,-0.7370863,-0.6993368,-0.6606882,-0.62159616,-0.58018136,-0.53442645,-0.48435903,-0.43372938,-0.38269025,-0.3336423,-0.28716657,-0.2415612,-0.19750854,-0.15197973,-0.10762078,-0.06435822,-0.021903507,0.020994103,0.063686974,0.10226031,0.13876814,0.1743557,0.20904379,0.24310468,0.2796131,0.31827596,0.3550412,0.38608107,0.41560826,0.43869346,0.4619322,0.48602542,0.50864947,0.5316924,0.5569542,0.5820288,0.6022671,0.62980765,0.6639195,0.69706684,0.72702456,0.75745064,0.78561294,0.8147236,0.8427555,0.86921704,0.89815897,0.9244438,0.9528459,0.97235024,0.96730006,0.954348,0.95082515,0.95934725,0.97395945,0.98976403,1.0083866,1.0318666,1.0574123,1.0854318,1.1151497,1.1445091,1.1700715,1.1937261,1.2145586,1.2316531,1.2410157,1.2397283,1.2273703,1.2021483,1.1691413,1.1300538,1.071134,0.84975123,0.95589876,0.8261464,0.59855586,0.3704695,0.25557292,0.2063227,0.17926006,0.16794804,0.17058708,0.19177844,0.23059227,0.2781479,0.32739615,0.38298637,0.44032037,0.49490562,0.5457499,0.59412944,0.6390847,0.68045,0.72067696,0.76138836,0.8046592,0.8497047,0.89222324,0.92684644,0.952019,0.96693873,0.97040266,0.96686417,0.96495396,0.9617041,0.95776945,0.9477052,0.92899877,0.9143359,0.8989901,0.87373084,0.8433742,0.8187836,0.8056637,0.80281633,0.80918634,0.81952614,0.8528585,0.19730836,0.315763,2.8669767,2.0012748,0.6222452,-1.142583,-0.55796736,1.4102587,0.92627406,-0.72596896,-0.5191226,-0.50968194,-0.41159904,-0.37357858,-0.31310758,-0.25755733,-0.20859644,-0.17517862,-0.11420455,-0.085356876,-0.06649067,-0.062417995,-0.06973938,-0.07684142,-0.07779698,-0.073061354,-0.05880083,-0.04707231,-0.02392635,-0.000290981,0.030592386,0.055396236,0.072274886,0.105065644,0.1281957,0.1532951,0.16989458,0.17280287,0.18219255,0.18945329,0.17123939,0.12243662,0.06319815,0.013623754,-0.030664254,-0.045984462,-0.053519,-0.077032134,-0.10596558,-0.14271086,-0.17819348,-0.20640579,-0.20328014,-0.21682139,-0.21816656,-0.2672276,-0.28402025,-0.35309666,-0.34246758,-0.4282892,-0.47284833,-0.4748228,-0.5599102,-0.61789393,-0.5660499,-0.53644776,-0.8425848
571,QUE_T2.02.E,0.0,0.7803,0.22,-1.3981304,-1.3765053,-1.3512765,-1.3231618,-1.2950531,-1.2691661,-1.2457972,-1.2232436,-1.200147,-1.1752118,-1.1498489,-1.1244544,-1.098973,-1.073362,-1.0474974,-1.0208571,-0.9929248,-0.9651103,-0.93735695,-0.90843487,-0.8788681,-0.84761155,-0.81456816,-0.78006464,-0.7437131,-0.70623964,-0.66753215,-0.6280577,-0.5872506,-0.54447895,-0.4994669,-0.4545803,-0.41016704,-0.3650138,-0.32031515,-0.27676687,-0.23747543,-0.19233166,-0.14983033,-0.10924852,-0.06946511,-0.030405527,0.007799576,0.04489194,0.08046489,0.11401968,0.14726128,0.17896383,0.21111734,0.24264473,0.27078575,0.29677,0.32432625,0.33198968,0.34527197,0.37122092,0.3984958,0.42998508,0.45331988,0.48112503,0.5477718,0.63074374,0.66179687,0.69041586,0.7219615,0.7524995,0.7799798,0.80832136,0.83411235,0.85600203,0.87594485,0.893702,0.9099254,0.9243307,0.9334729,0.9311247,0.93852633,0.95026845,0.9651788,0.97907835,0.99516994,1.016903,1.0413917,1.0681407,1.0965192,1.123949,1.1468205,1.1680549,1.1894555,1.2105644,1.2223448,1.2188579,1.2023106,1.1741586,1.1426945,1.09167,0.7392048,0.6044839,0.68799126,0.64914143,0.5365215,0.43562728,0.36859977,0.31396008,0.28642508,0.2840019,0.28512678,0.3001484,0.3336047,0.37780154,0.42389715,0.47385636,0.525166,0.5733396,0.61656696,0.65678877,0.69483197,0.73065,0.7641951,0.8005053,0.840857,0.8833636,0.9235821,0.95653725,0.9805555,0.9926689,0.9931148,0.988067,0.98641974,0.9819363,0.9771803,0.9696249,0.95236814,0.940487,0.93055815,0.91090816,0.885357,0.8624286,0.85228753,0.84558284,0.84100753,0.84768444,0.8078934,0.74670863,-0.46653953,-1.1061022,-1.4259661,-0.057079367,0.8984619,-0.59343225,-0.1798065,-0.638515,-0.75588435,-0.5990463,-0.4138541,-0.3013752,-0.24195689,-0.17013682,-0.11264353,-0.065898895,-0.029484088,0.008723703,0.05825428,0.07026011,0.057761364,0.04238027,0.028954713,0.019248568,0.017327042,0.023308512,0.035006065,0.04768571,0.071667336,0.10255467,0.12695314,0.1449138,0.1688475,0.19568238,0.21880953,0.2434319,0.24952683,0.2656535,0.26900387,0.25351363,0.21208097,0.14200854,0.0828902,0.040773682,0.024283707,0.018138867,0.0026024685,-0.03730879,-0.078901194,-0.11596341,-0.14236508,-0.11658498,-0.16141498,-0.18863152,-0.14460716,-0.19281815,-0.23817928,-0.28011605,-0.3121776,-0.2868611,-0.48665845,-0.7297357,-0.8114027,-0.86742973,-0.81185263,-1.2617846
574,QUE_T2.02.H,0.0,0.803,0.197,-1.4179918,-1.3977128,-1.3741969,-1.3480941,-1.3219903,-1.2984601,-1.2772261,-1.2566838,-1.2355586,-1.2126004,-1.1890687,-1.1654013,-1.1417251,-1.1180567,-1.0942402,-1.0696093,-1.0443189,-1.0191922,-0.99432856,-0.9685096,-0.94155115,-0.9127111,-0.8816852,-0.84933424,-0.81513536,-0.7794208,-0.74226165,-0.7042342,-0.66451997,-0.622034,-0.57705015,-0.5324853,-0.4888303,-0.4440537,-0.39907342,-0.35565987,-0.3158773,-0.27176738,-0.2289089,-0.1885288,-0.14886388,-0.11025854,-0.07278942,-0.035697293,0.0002246046,0.034098182,0.06679872,0.09831605,0.13043614,0.16118991,0.18796508,0.21329,0.23840061,0.2444425,0.24683928,0.27097178,0.3013217,0.33539778,0.36176464,0.38866225,0.4193113,0.45190632,0.4842959,0.51353586,0.54268914,0.56908846,0.5945324,0.6200055,0.64574265,0.6757434,0.70055366,0.72002065,0.73472327,0.7450097,0.7497944,0.7461255,0.7548138,0.77074623,0.7876806,0.8043341,0.82359725,0.84792584,0.8735284,0.90111065,0.9297343,0.95856315,0.982486,1.0054134,1.0258751,1.0408981,1.049147,1.0507249,1.0441628,1.0226285,0.9905872,0.9464665,0.7132968,0.4417421,0.41263068,0.34029117,0.2792237,0.17790484,0.10567261,0.06476875,0.045224406,0.042058557,0.05165158,0.07122724,0.111962706,0.1650006,0.21862535,0.27672434,0.333485,0.38833973,0.43878812,0.48516324,0.52881694,0.5681753,0.60628843,0.6451114,0.6847117,0.72595924,0.7649647,0.7974499,0.82096654,0.8341406,0.8370691,0.83546627,0.8334925,0.82962984,0.82459503,0.8152766,0.79659563,0.7825437,0.76592344,0.74125504,0.70980334,0.68104535,0.66325504,0.6527377,0.6394937,0.60950536,0.58483016,0.6161596,2.0120811,2.5149388,4.903276,1.6464707,0.2600087,-0.060534798,0.24515675,0.13976903,-0.4435477,-0.63938093,-0.6429315,-0.59817755,-0.51891327,-0.48060992,-0.42907065,-0.38005787,-0.33813605,-0.28926805,-0.2525771,-0.22755648,-0.21348271,-0.21595873,-0.21358192,-0.21021004,-0.20087364,-0.18338218,-0.16529006,-0.14056568,-0.11798859,-0.09049871,-0.058280572,-0.045070153,-0.020010611,0.0020305566,0.017314654,0.039481796,0.04704812,0.05428852,0.056706585,0.04069971,0.007739627,-0.04848503,-0.09804937,-0.12650709,-0.15720218,-0.17352785,-0.20099448,-0.229087,-0.2720233,-0.28936762,-0.31012192,-0.3375015,-0.37317365,-0.41339412,-0.41985646,-0.47528508,-0.43969905,-0.47182205,-0.5790588,-0.6219948,-0.6590245,-0.72119653,-0.8262735,-0.89740115,-1.4241079,-1.513509
581,QUE_T2.03.E,0.0,0.5758,0.424,-1.4431247,-1.424846,-1.4043736,-1.3813114,-1.3583559,-1.3384843,-1.3211966,-1.3045982,-1.2870135,-1.2670823,-1.2459935,-1.2246438,-1.2033756,-1.1820475,-1.1607779,-1.1387373,-1.1163727,-1.094137,-1.073025,-1.0508097,-1.0283449,-1.0043752,-0.9787458,-0.9521713,-0.9241263,-0.8950264,-0.86484677,-0.8339691,-0.8003157,-0.7625772,-0.7217658,-0.6816933,-0.64305115,-0.60452735,-0.5664804,-0.5295324,-0.49417558,-0.4585726,-0.42243266,-0.3881323,-0.35480177,-0.32189545,-0.28995812,-0.25958228,-0.23052672,-0.20249659,-0.17568953,-0.1493782,-0.12277692,-0.09645062,-0.072885245,-0.052347597,-0.03216719,-0.024181105,-0.023140818,-0.0019624273,0.022761025,0.049178474,0.06902934,0.08937919,0.09620591,0.10269187,0.12289915,0.14541443,0.16918534,0.18834066,0.20922235,0.22918317,0.2506244,0.2745047,0.29655287,0.3185008,0.33997566,0.35806647,0.36394244,0.36553755,0.3710279,0.3814915,0.39633015,0.41153595,0.42780188,0.44657588,0.46675268,0.48815438,0.51036966,0.5316197,0.5516053,0.5692341,0.58450955,0.59736174,0.60786563,0.61724335,0.62367487,0.6197734,0.6081372,0.5965073,0.62996125,0.5912077,0.61406034,0.29637268,0.19171242,0.08629339,-0.0006313937,-0.0378197,-0.057870626,-0.061466638,-0.05682555,-0.03915868,-0.007964348,0.031403627,0.07274887,0.117987186,0.16379683,0.20681445,0.24602619,0.28220296,0.31595182,0.3476807,0.3778726,0.40778285,0.43830127,0.47012922,0.49904153,0.52403665,0.5411337,0.5499534,0.5520101,0.5498702,0.5478352,0.54413915,0.54069924,0.5341238,0.52065194,0.5096723,0.5006292,0.48427558,0.46415442,0.445652,0.43469638,0.4307998,0.43407586,0.44171476,0.43866822,0.3490082,3.7460432,2.8375192,4.3744693,3.2062626,1.7235849,0.8887859,0.18140152,-0.74338084,-0.5242032,-0.5166066,-0.54467946,-0.51807725,-0.5135041,-0.45766518,-0.4118221,-0.36764163,-0.3295888,-0.29413047,-0.27141094,-0.26229867,-0.25672796,-0.26036733,-0.2635603,-0.26066485,-0.25958717,-0.25243512,-0.23670065,-0.21755293,-0.19741319,-0.17244843,-0.16048408,-0.14301822,-0.12105265,-0.10252897,-0.08803566,-0.0698338,-0.066872805,-0.059830483,-0.05948189,-0.06638597,-0.10288656,-0.15072219,-0.19839084,-0.22450504,-0.23680395,-0.24458367,-0.27604374,-0.31411105,-0.3260753,-0.37275857,-0.39111376,-0.40028492,-0.40360105,-0.398114,-0.4140074,-0.45729873,-0.5337705,-0.45295036,-0.51680446,-0.5610198,-0.6856359,-0.7976784,-0.87202054,-0.5776088,-0.7921622,-0.5598659
582,QUE_T2.03.F,0.0,0.5758,0.424,-1.4334221,-1.4149832,-1.3948479,-1.3719443,-1.3488203,-1.3288835,-1.311829,-1.2955042,-1.2780488,-1.2582874,-1.2372533,-1.2160608,-1.1950296,-1.1737593,-1.1524655,-1.1305165,-1.1082076,-1.0861421,-1.0648981,-1.0426605,-1.0203899,-0.99688977,-0.97190374,-0.94579905,-0.91844034,-0.8899002,-0.860649,-0.83055323,-0.79791325,-0.76142806,-0.72172844,-0.6827835,-0.6451723,-0.6074109,-0.57017165,-0.5341339,-0.50061107,-0.46470705,-0.4292576,-0.39571312,-0.363263,-0.3310923,-0.2999611,-0.27008203,-0.24133158,-0.21392164,-0.18746445,-0.16134545,-0.13505818,-0.10932121,-0.086752415,-0.0658386,-0.044748787,-0.040175945,-0.03692023,-0.014921365,0.01057266,0.038805764,0.058656625,0.081032366,0.12117769,0.16894823,0.19213568,0.21533412,0.24004553,0.26493645,0.2864702,0.30688375,0.329107,0.35073492,0.37248373,0.3888429,0.40460265,0.42583025,0.43258706,0.43765527,0.4464733,0.45948282,0.47416532,0.4883986,0.5037026,0.52366316,0.54375136,0.5660709,0.5889376,0.61090726,0.6301248,0.65025747,0.66694057,0.68337643,0.69537,0.70157176,0.701744,0.69281524,0.67837393,0.6470576,0.5937821,0.477827,0.42507625,0.45846078,0.29429325,0.13877596,0.09708131,0.061925195,0.045455202,0.04458612,0.048185635,0.06373746,0.093824305,0.13202836,0.17282623,0.21681403,0.26104525,0.30240592,0.33987,0.37440255,0.40667084,0.43688798,0.465047,0.49433112,0.5260932,0.55893546,0.5886412,0.61438566,0.63213784,0.6410145,0.6429696,0.64001584,0.6379561,0.63457954,0.63181114,0.624998,0.6118283,0.6036439,0.59600127,0.5819482,0.5625371,0.5470335,0.5374573,0.5324616,0.5311698,0.5210114,0.50799954,1.0445318,4.0335145,5.2169614,3.3459754,1.9155504,1.0411367,0.2677392,1.8993853,1.4420438,-0.022380061,-0.33482856,-0.40683034,-0.40316153,-0.35654858,-0.30989137,-0.27179414,-0.22550291,-0.19406329,-0.15545887,-0.12384805,-0.11327843,-0.11693054,-0.13509616,-0.14325345,-0.14929989,-0.14854264,-0.14194018,-0.12782152,-0.11005906,-0.095166095,-0.07164092,-0.045232117,-0.029628526,-0.012344021,0.0044948966,0.019204045,0.037471224,0.041699912,0.04632324,0.05735773,0.042860914,0.0040399614,-0.04243835,-0.100746036,-0.14909083,-0.14860295,-0.14706694,-0.16933504,-0.19502936,-0.22646162,-0.24952485,-0.28399113,-0.28660786,-0.29736668,-0.31453878,-0.32193938,-0.28819764,-0.36285284,-0.3987837,-0.39905006,-0.52411413,-0.49949378,-0.41274473,-0.63956374,-0.5453631,-0.17453367,0.6985175
594,QUE_T2.04.H,0.0,0.6136,0.386,-1.3061818,-1.2793353,-1.2510101,-1.2181369,-1.1848942,-1.1564658,-1.133133,-1.1109687,-1.0870706,-1.0589197,-1.0283655,-0.9974623,-0.96666706,-0.93626964,-0.90560013,-0.8743048,-0.8425382,-0.812237,-0.78403133,-0.75715137,-0.7295685,-0.7009018,-0.67143035,-0.6415369,-0.6101777,-0.57921576,-0.5457,-0.5118839,-0.47692055,-0.4410268,-0.40266067,-0.36372903,-0.33283877,-0.294263,-0.25106916,-0.21402949,-0.18446407,-0.145241,-0.11052206,-0.079269886,-0.04779532,-0.021019228,0.0037152078,0.037680518,0.07255874,0.10271138,0.13098258,0.15877628,0.18565686,0.20748663,0.22191752,0.24201064,0.26489508,0.25407386,0.25178972,0.28313947,0.32800803,0.37586027,0.41112247,0.44125572,0.44962826,0.45158568,0.47510278,0.49689993,0.5182495,0.5395194,0.55950946,0.5804961,0.6020142,0.6184587,0.62694603,0.6202689,0.58368546,0.58523965,0.62278676,0.65206313,0.7073033,0.74730325,0.7693493,0.7880719,0.80620664,0.8270329,0.85025513,0.8760503,0.9006755,0.9229169,0.93916583,0.9580541,0.9794939,0.9952034,1.0051993,1.0107025,1.0124816,0.99719185,0.9672828,0.8854893,1.1346489,1.2052369,0.89263546,0.6396302,0.56733906,0.5650979,0.5916618,0.62784165,0.6361945,0.69150895,0.7267137,0.73188126,0.77270085,0.83578527,0.89297324,0.9349944,0.97144836,1.0019898,1.0254848,1.0439795,1.0592966,1.0730128,1.0895127,1.1107144,1.133592,1.1586546,1.1844532,1.2035563,1.2152343,1.2187151,1.2141099,1.206131,1.2006974,1.1965517,1.1912575,1.1876246,1.1788425,1.1767834,1.1827807,1.1846436,1.1754321,1.1589631,1.1370273,1.1045176,1.0392771,0.9281749,0.7961032,1.3825514,0.4907148,-1.1042603,1.0611354,-0.22891124,1.3788066,0.33130512,0.7732562,1.2659075,0.13431367,0.21548253,0.42485982,0.5289109,0.6500429,0.7470592,0.81540585,0.85489,0.85569215,0.8679692,0.8619967,0.84909445,0.81104094,0.7576044,0.7084398,0.67933404,0.66977817,0.6628685,0.6575703,0.6642444,0.6847797,0.7030444,0.71512705,0.7173565,0.7202266,0.72609013,0.73999923,0.74697226,0.7528716,0.75841707,0.77689004,0.76276284,0.7191538,0.67049736,0.6008807,0.5512066,0.54116666,0.5345045,0.51768976,0.49138018,0.4481154,0.44427025,0.42641288,0.3918212,0.4030108,0.4347485,0.42380154,0.38650176,0.31206298,0.29936498,0.22734216,0.20620047,0.09876853,0.15424271,-0.093559034,-0.114253975,-0.2204326,-1.1008292
595,QUE_T2.04.I,0.0,0.6061,0.394,-1.314373,-1.2881655,-1.2593185,-1.2261009,-1.1927935,-1.1643666,-1.1408918,-1.1183897,-1.0941266,-1.065731,-1.0350828,-1.0039008,-0.97286415,-0.9421728,-0.9112493,-0.87950855,-0.8475087,-0.8163266,-0.7877155,-0.7603311,-0.73238796,-0.702812,-0.67243046,-0.641833,-0.60973734,-0.57813716,-0.5436773,-0.5088948,-0.4732032,-0.43694967,-0.39815876,-0.35860848,-0.3271428,-0.2879271,-0.2437542,-0.20581062,-0.1751646,-0.13622795,-0.10067533,-0.0693701,-0.037248373,-0.009948044,0.014810699,0.049575448,0.08513064,0.11595698,0.14417687,0.17240506,0.19980402,0.22211596,0.23632611,0.25624347,0.2789552,0.2684607,0.2644384,0.2942311,0.33952177,0.38844302,0.4228337,0.456494,0.45598102,0.4482395,0.4691747,0.4949748,0.5166301,0.5357322,0.5577234,0.580171,0.60139066,0.6198671,0.6266375,0.61869895,0.57827157,0.5804753,0.61723614,0.644988,0.7014175,0.7426665,0.7653043,0.783606,0.80227387,0.8219285,0.845519,0.87138665,0.8967319,0.9186532,0.9355719,0.954323,0.9758652,0.9909782,1.0005555,1.0053688,1.0043643,0.98648095,0.9561958,0.86764055,0.8043212,0.6344316,0.47589183,0.43662176,0.46171463,0.49515265,0.5436803,0.5845502,0.5940315,0.65092844,0.68916357,0.69364446,0.7337323,0.7981936,0.8575074,0.9005642,0.9380236,0.96883464,0.9930934,1.0116453,1.0267663,1.0398961,1.05683,1.0791255,1.1024534,1.1286732,1.1544749,1.1735102,1.184891,1.1875626,1.1821469,1.1729829,1.166709,1.1622019,1.1570038,1.1534356,1.1442869,1.141862,1.1472397,1.1475949,1.1392299,1.1216737,1.0985881,1.0685301,0.99988174,0.87564194,0.7286246,2.3007464,0.97796047,2.8861165,0.37145954,2.035301,1.6439496,0.3124853,0.10324648,0.31939757,0.38272554,0.3039896,0.363744,0.45973268,0.57685053,0.68682873,0.7558903,0.79724795,0.7985486,0.7974606,0.7946637,0.79006857,0.7446877,0.6905037,0.6411319,0.6174145,0.6067199,0.5954705,0.5939607,0.6028049,0.61872494,0.6356841,0.64621806,0.6521838,0.65928954,0.67014277,0.6840353,0.6920278,0.69370824,0.7016293,0.71717674,0.7025585,0.6615162,0.5997892,0.5407649,0.49679336,0.47504342,0.46239895,0.44758883,0.4291411,0.4129102,0.3614374,0.36953112,0.36698943,0.37391385,0.3624686,0.330736,0.31203073,0.31227356,0.30861303,0.2526075,0.25224382,0.18164073,-0.04604301,-0.2302446,-0.18404162,-0.13338873,-0.8642595
596,QUE_T2.04.J,0.0,0.6364,0.364,-1.3101765,-1.2838324,-1.2552181,-1.221828,-1.1882203,-1.1597782,-1.1364927,-1.1141809,-1.0901363,-1.0616798,-1.0308639,-0.9995445,-0.96818906,-0.93722963,-0.9061595,-0.8740984,-0.84170544,-0.8103826,-0.7816301,-0.75443083,-0.7265538,-0.6971242,-0.6671977,-0.6368483,-0.6050411,-0.5734748,-0.5393301,-0.5047251,-0.46925488,-0.43335542,-0.39507145,-0.35577345,-0.32489803,-0.28582454,-0.24145801,-0.2035357,-0.17348626,-0.13445823,-0.099142484,-0.068024814,-0.036214396,-0.009182612,0.0149510475,0.049473897,0.08501775,0.115438,0.14342406,0.17097202,0.19831243,0.21952564,0.23322606,0.25245276,0.27506796,0.26213577,0.25732887,0.287898,0.3344276,0.38466564,0.417543,0.44980216,0.45937532,0.46626326,0.48995215,0.51037014,0.53236127,0.55179226,0.57434833,0.59202176,0.6131276,0.62879354,0.637541,0.6260796,0.5829317,0.58184534,0.617941,0.6489636,0.706651,0.74670655,0.7679147,0.7856216,0.803133,0.8226869,0.8456487,0.8703903,0.89413154,0.91457033,0.92991894,0.9478024,0.96805567,0.98261243,0.98966444,0.992076,0.9904682,0.972993,0.94169444,0.8448807,0.8413572,0.7320292,0.35354215,0.31485593,0.36544874,0.46259084,0.5186074,0.5624882,0.5741695,0.6340382,0.6721289,0.6763831,0.7161755,0.7803166,0.8394007,0.88273114,0.91972524,0.9500826,0.97331274,0.9915468,1.0077747,1.021477,1.0363294,1.0572215,1.0799907,1.1037519,1.128763,1.1471918,1.157859,1.1601517,1.1552616,1.146481,1.1401764,1.1354847,1.1310474,1.1266503,1.1170999,1.1142145,1.1196077,1.1197135,1.110694,1.092937,1.0687369,1.0345505,0.9667085,0.850637,0.68822896,0.6769669,2.1110606,1.2403038,-0.12054326,-0.7416456,1.1327469,-0.34232944,-0.10120272,0.666579,0.47835428,0.30218434,0.32638016,0.40952757,0.5321547,0.6510126,0.7150656,0.7606054,0.7672344,0.7558487,0.7623396,0.76742464,0.72742885,0.67099655,0.63285255,0.61244816,0.59566003,0.5897776,0.5917684,0.60026014,0.6136214,0.6276766,0.6416909,0.64239883,0.64939594,0.6656341,0.6688767,0.671464,0.6757441,0.67444366,0.7029,0.69964546,0.658037,0.6019151,0.53606975,0.49075148,0.47996953,0.47421464,0.46129462,0.433446,0.40369743,0.37397906,0.34765568,0.35730246,0.34991807,0.3172885,0.32961884,0.308219,0.30579907,0.27875277,0.30103725,0.27970704,0.20006147,0.18939532,-0.05648163,-0.24793403,-0.518627,-0.39095774
602,QUE_T2.06.F,0.0,0.0,1.0,-1.345732,-1.3204734,-1.2927895,-1.260118,-1.2261773,-1.1994979,-1.1807995,-1.1640598,-1.143485,-1.1164646,-1.0850501,-1.0529298,-1.021167,-0.98950857,-0.95733005,-0.9244131,-0.8914721,-0.8601962,-0.8325396,-0.80613977,-0.7831316,-0.7608578,-0.73757756,-0.713177,-0.6884679,-0.66192496,-0.6358957,-0.60939085,-0.5786588,-0.5399817,-0.50139695,-0.4643116,-0.42100182,-0.385766,-0.35867077,-0.3279349,-0.28733414,-0.26066685,-0.23701745,-0.20775716,-0.18008545,-0.15049724,-0.11812157,-0.09776436,-0.08079292,-0.061506722,-0.040516473,-0.01959459,0.0025137719,0.02768912,0.059956223,0.084921345,0.10369219,0.14349897,0.18357325,0.19841036,0.19912086,0.19497094,0.20158882,0.20995201,0.21206859,0.21630615,0.23370214,0.24876818,0.26280445,0.27853847,0.295015,0.31065062,0.32554835,0.34396663,0.3686797,0.40417308,0.47218853,0.50673395,0.49939302,0.49986678,0.47572845,0.46430773,0.46856704,0.4771366,0.48589012,0.49606627,0.50244915,0.5088332,0.51725435,0.5286017,0.5434069,0.55517745,0.55883473,0.56678003,0.5802278,0.5972363,0.61487204,0.63972044,0.66631097,0.72633696,0.8990074,1.068721,1.430032,1.3334434,0.6237733,0.0797323,0.11049109,0.1426175,0.15463991,0.18559492,0.20847842,0.21744484,0.2455279,0.2840561,0.3191671,0.3447849,0.36745477,0.38715312,0.40472138,0.41889414,0.4307657,0.44182482,0.45217323,0.46395904,0.47214037,0.47959065,0.4880677,0.49424255,0.49883842,0.50218993,0.5042156,0.50654835,0.50795513,0.50886333,0.50807804,0.50762933,0.505132,0.50168675,0.49865308,0.4936246,0.48691028,0.47682014,0.466673,0.449474,0.41266832,0.36311227,0.2858733,1.3828804,0.7537581,2.0568717,0.7509675,0.106205374,0.63668114,0.17953481,0.7842132,-0.87464947,-0.3423522,-0.12890446,-0.17902821,-0.15406065,-0.08351026,-0.036657296,0.011628956,0.041772366,0.07364226,0.110915996,0.14677829,0.17102799,0.18371196,0.19058378,0.20796552,0.22546633,0.24051413,0.25420147,0.2672755,0.28250188,0.2932441,0.30526453,0.31006116,0.29773524,0.28770354,0.28391728,0.28017077,0.27001143,0.256146,0.24941207,0.27550524,0.29102328,0.28235722,0.2703945,0.24872752,0.230596,0.22226226,0.19922768,0.17893274,0.16410054,0.15066493,0.13877024,0.1389856,0.1322178,0.07569268,0.044406153,0.053590167,0.021821704,-0.034350716,-0.08814445,-0.08216789,-0.029727506,-0.12603042,-0.2752671,-0.39495552,-0.5167604,-0.55941993,-0.8667667
607,QUE_T2.08.A,0.0,0.0985,0.902,-1.3358603,-1.309528,-1.2807703,-1.2473493,-1.2128328,-1.1846026,-1.1635436,-1.1440592,-1.1215128,-1.093679,-1.0621026,-1.030078,-0.9985248,-0.9670997,-0.93568766,-0.9038149,-0.87149173,-0.8408913,-0.8124234,-0.7860097,-0.7596756,-0.7329511,-0.70621914,-0.67894936,-0.65085375,-0.6230521,-0.5926195,-0.56097305,-0.52817607,-0.49481142,-0.45901105,-0.42187545,-0.39373222,-0.3568757,-0.31388378,-0.2780418,-0.24895644,-0.21280597,-0.18089586,-0.15254357,-0.12420705,-0.10051196,-0.08071147,-0.04983067,-0.0175229,0.009288137,0.03360655,0.057219952,0.079410814,0.096500166,0.10310707,0.11690027,0.1362657,0.11334726,0.101088084,0.12763268,0.1723498,0.22311956,0.2525299,0.28060502,0.30260575,0.3224469,0.33974895,0.35761166,0.37698865,0.39263034,0.4098043,0.42649937,0.44040826,0.45180395,0.45478505,0.43984875,0.3904507,0.38697153,0.42492855,0.45438164,0.50933546,0.5479511,0.5669525,0.58379483,0.59990394,0.6169475,0.6372044,0.6577271,0.6762758,0.6904233,0.70171994,0.71375746,0.72653675,0.73526084,0.7383885,0.736267,0.73027205,0.7105623,0.6844649,0.58730036,0.3962516,0.20312144,0.16289279,0.1554293,0.15234151,0.26005846,0.3775926,0.44293502,0.46703127,0.53153694,0.5734279,0.57697207,0.61581045,0.6757553,0.72929186,0.76466185,0.7925747,0.8150859,0.8322232,0.84580183,0.8576439,0.866773,0.87666565,0.88946646,0.901827,0.9151656,0.92721456,0.9366797,0.94219995,0.94519717,0.9447587,0.9434424,0.941998,0.94068384,0.93911576,0.9387947,0.9329196,0.9279767,0.92680717,0.9264746,0.92107123,0.9070698,0.88365436,0.85015064,0.7775106,0.6511559,0.49205703,1.2594634,4.4420323,4.0030227,3.4858582,3.112248,-0.023403285,0.20784901,1.0907328,0.7220783,0.41586536,0.26235968,0.2854131,0.3756067,0.48934028,0.5784008,0.62774885,0.66181743,0.679887,0.69775444,0.7124734,0.722794,0.71932864,0.7049242,0.6891505,0.6850062,0.68863165,0.68954504,0.69139653,0.69515175,0.6972103,0.71184564,0.71253204,0.69710165,0.67823184,0.67661214,0.6704307,0.6469171,0.63961595,0.6411725,0.6706149,0.68133724,0.66883534,0.63981205,0.5996987,0.5757341,0.5628563,0.55284053,0.5451072,0.5292472,0.49374753,0.48384857,0.4676151,0.47394562,0.4919271,0.4845369,0.4644059,0.44433966,0.44507635,0.40810493,0.29987612,0.26532817,0.2790835,0.27696273,0.25169528,0.104976475,-0.11374225,0.2413443
610,QUE_T2.08.D,0.0,0.1591,0.841,-1.3562837,-1.3320752,-1.3057377,-1.2746944,-1.2427303,-1.2162929,-1.1956366,-1.1763859,-1.1545006,-1.1280817,-1.0990222,-1.069669,-1.0404481,-1.0117662,-0.9829663,-0.95359635,-0.923786,-0.89539456,-0.8686975,-0.84414274,-0.81904113,-0.79305196,-0.7667344,-0.7403391,-0.7131174,-0.68644845,-0.6567774,-0.62581176,-0.5935692,-0.5612702,-0.52712786,-0.49042135,-0.46402237,-0.4270498,-0.3829734,-0.34601998,-0.31690785,-0.280097,-0.24734916,-0.2187047,-0.18973444,-0.16589656,-0.14640024,-0.114091545,-0.080214694,-0.052525926,-0.02726153,-0.0034092688,0.019360987,0.03588532,0.041212257,0.054877847,0.07448915,0.046386927,0.030221006,0.05908223,0.10819211,0.16327843,0.1958953,0.22697756,0.24536288,0.25881976,0.2781493,0.29901183,0.31607968,0.33281612,0.35005715,0.3678474,0.38192528,0.39345422,0.39659658,0.3803624,0.32455903,0.31697762,0.35695046,0.38811046,0.44952402,0.492341,0.5133531,0.5305362,0.54785013,0.5676137,0.5902123,0.6129174,0.63310945,0.6492176,0.66134113,0.67442805,0.68927413,0.6978547,0.6998427,0.6984446,0.6918369,0.670965,0.6412936,0.5465235,0.43215492,0.16356626,0.08468891,0.0059043434,0.036530737,0.16335428,0.2741354,0.3454192,0.3713053,0.44077098,0.48775777,0.49222836,0.53641635,0.60639524,0.6681314,0.70886403,0.741707,0.76837283,0.7894242,0.8064177,0.8204932,0.8316709,0.8431304,0.85752213,0.8720628,0.88691777,0.90046114,0.91138077,0.9175117,0.92003,0.91986966,0.91715455,0.9150291,0.9122731,0.9098216,0.9075978,0.8995917,0.89332026,0.8929849,0.89257425,0.88492435,0.86648995,0.8394764,0.8009657,0.72245556,0.57170075,0.39215168,0.8460138,0.83322954,-1.0167062,-0.1229466,-1.3923033,0.26230943,0.30199504,-0.06808745,-0.69119495,-0.5621686,-0.16479236,0.1210828,0.19486752,0.31789216,0.43545878,0.5023225,0.5454028,0.5663198,0.5906608,0.6079434,0.6171543,0.613695,0.5970951,0.5811367,0.5819571,0.58564025,0.5861972,0.5916756,0.598862,0.6097417,0.6168112,0.6150191,0.6015531,0.59232116,0.589018,0.5842597,0.57893693,0.5698562,0.57066023,0.5932579,0.60446453,0.57044286,0.5276191,0.47935647,0.45774838,0.4437376,0.4253184,0.41102386,0.38030022,0.3614332,0.34400427,0.32949215,0.32478786,0.3158684,0.30108866,0.23307203,0.25068864,0.22608545,0.22190024,0.13332364,0.09377979,0.067485854,-0.07278124,-0.03774339,-0.124418095,-0.55314434,-1.2060529
619,QUE_T2.09.I,0.0,0.4091,0.591,-1.5327553,-1.5186524,-1.502262,-1.4838786,-1.4648461,-1.4479133,-1.4327947,-1.4180495,-1.4025612,-1.3853439,-1.366954,-1.3484129,-1.3293484,-1.3099275,-1.2904049,-1.2702237,-1.2493728,-1.2285923,-1.2085576,-1.1882522,-1.1667527,-1.1435809,-1.1188956,-1.0930216,-1.065852,-1.0385714,-1.0091699,-0.9783589,-0.94589335,-0.912193,-0.87605107,-0.83801484,-0.80504674,-0.7656197,-0.72212285,-0.68361604,-0.64998704,-0.61128396,-0.5755797,-0.5424888,-0.5096302,-0.47986448,-0.45332256,-0.41892427,-0.3842807,-0.35382915,-0.325722,-0.29847965,-0.27074507,-0.24912262,-0.235897,-0.21730156,-0.19534196,-0.21111898,-0.22217883,-0.19763266,-0.1600295,-0.11456319,-0.085796624,-0.058178086,-0.044401012,-0.0315289,-0.009237654,0.015059142,0.040334757,0.060448904,0.07731891,0.096920624,0.11828693,0.13453162,0.14640316,0.14195608,0.10602225,0.09734377,0.11190358,0.11746015,0.15048882,0.1805488,0.19809589,0.2143567,0.2313002,0.25281388,0.27720907,0.30247742,0.3259214,0.34654412,0.36388424,0.37997958,0.39349255,0.3988924,0.39404178,0.38275546,0.36256325,0.32137227,0.27241242,0.18120566,0.163832,0.0805294,-0.10916181,-0.41514844,-0.5440725,-0.6196295,-0.64802146,-0.652186,-0.66054904,-0.6399034,-0.61948436,-0.59768385,-0.5439129,-0.47333458,-0.4028563,-0.3376234,-0.27599502,-0.21774119,-0.16520429,-0.11677278,-0.073588856,-0.035420567,0.00029214958,0.03507887,0.06924506,0.10221917,0.13149081,0.15552408,0.1736515,0.18563488,0.19033523,0.19063777,0.1900613,0.18692315,0.18129167,0.17068279,0.15332139,0.13480705,0.11307159,0.08698976,0.05305565,0.016422663,-0.016838217,-0.044557486,-0.09350154,-0.16968761,-0.31436232,0.70123285,2.357129,2.2877877,3.0612783,-0.2379951,-0.23349121,-0.86493003,-0.34151283,-0.3411807,-1.077981,-1.2448329,-1.2198703,-1.1883376,-1.1384687,-1.0880858,-1.0455805,-1.0032351,-0.965705,-0.91544867,-0.8816795,-0.8448432,-0.8185358,-0.7977653,-0.7760136,-0.7560711,-0.73269504,-0.7092609,-0.6845981,-0.65546376,-0.6309842,-0.608308,-0.585417,-0.5656395,-0.5478859,-0.53311235,-0.52207994,-0.5153562,-0.51146865,-0.5070067,-0.50224453,-0.50585747,-0.53159666,-0.5642713,-0.6011665,-0.6236308,-0.6476026,-0.6594769,-0.686068,-0.7141758,-0.7395941,-0.76940495,-0.806553,-0.8549599,-0.86486423,-0.88720423,-0.90729004,-0.97582984,-0.9639966,-1.0072832,-1.0261523,-1.0734261,-1.0704061,-1.1004057,-1.2297735,-1.2621,-1.2334663,-0.9018937
632,Plant2-10,1.0,0.0,0.0,-1.5626717,-1.5462028,-1.5297338,-1.5119579,-1.4991488,-1.4885616,-1.484379,-1.4851632,-1.4842484,-1.4825492,-1.4686944,-1.4220325,-1.3058352,-1.1640198,-1.0867729,-1.038804,-1.0344907,-1.090694,-1.1614057,-1.1966962,-1.2066298,-1.2425739,-1.2952482,-1.3144618,-1.3336756,-1.3927544,-1.4305284,-1.4701321,-1.4689558,-1.369489,-0.8947665,-0.16752103,0.6286064,1.3843454,1.9376221,2.2334087,2.3438547,2.3919542,2.4132593,2.4212327,2.433388,2.4416225,2.4403155,2.4481578,2.4629273,2.475083,2.4843633,2.493251,2.4942968,2.492075,2.4714236,2.4627964,2.4514256,2.4137821,2.3364046,2.2760184,2.180865,2.147143,2.1415224,2.1637425,2.1939356,2.2281802,2.2747116,2.321635,2.35967,2.390255,2.40594,2.4163966,2.4107761,2.4020185,2.372218,2.3477755,2.2947094,2.139039,1.9700371,1.7533271,1.6870596,1.6632712,1.6537296,1.6358229,1.6457567,1.6605264,1.6946405,1.7275782,1.7551571,1.7793378,1.7874413,1.788487,1.7701883,1.7288854,1.6598729,1.5571382,1.4180675,1.2520719,1.1076419,1.0105276,0.6965732,0.36654162,0.036640935,-0.29325965,-0.6232911,-0.9639096,-1.0011606,-1.0642916,-1.0808911,-1.0752708,-1.0628538,-1.0212893,-0.95306116,-0.87542206,-0.79124767,-0.69700897,-0.6018554,-0.5056561,-0.41390082,-0.322799,-0.2350957,-0.15641105,-0.079948254,-0.01459556,0.045398295,0.10251658,0.14904782,0.19087347,0.22446483,0.24694633,0.25596488,0.2600169,0.24498565,0.22812466,0.2038135,0.17192115,0.13166387,0.08356436,0.030628612,-0.03001872,-0.0893591,-0.13889657,-0.16974288,-0.18202941,-0.18085298,-0.18163723,-0.32672024,-0.44487804,-0.56303596,-0.681063,-0.7994821,-0.9176399,-1.0359284,-1.1540862,-1.272244,-1.3904017,-1.5086902,-1.6691967,-1.5605804,-1.5681612,-1.5350928,-1.5231986,-1.4987566,-1.4774517,-1.4587607,-1.4079163,-1.3851736,-1.3544577,-1.3270096,-1.3034825,-1.2565594,-1.2228372,-1.18441,-1.1516027,-1.1113454,-1.0782769,-1.0449471,-1.0087416,-0.9891358,-0.9648247,-0.9499242,-0.93450093,-0.9159408,-0.90391594,-0.8956814,-0.8873163,-0.8847021,-0.8968578,-0.9138495,-0.94365036,-0.9785487,-1.0135777,-1.044555,-1.0791919,-1.1109533,-1.1348724,-1.1672875,-1.1906837,-1.2423124,-1.2538145,-1.2917191,-1.3087108,-1.3369433,-1.375632,-1.3944536,-1.4144516,-1.441769,-1.4866011,-1.467518,-1.5557443,-1.5184932,-1.61979,-1.569599,-1.5073832
642,Plant8-4,0.837,0.0,0.163,-1.3501444,-1.4173272,-1.4162815,-1.4005969,-1.3977213,-1.3888333,-1.379684,-1.3747171,-1.3713187,-1.3637378,-1.3430864,-1.2858374,-1.1553932,-1.0105716,-0.92796564,-0.8767291,-0.8678411,-0.91567934,-0.97815657,-1.0063889,-1.0110945,-1.0408953,-1.0897793,-1.104418,-1.1211483,-1.1831027,-1.2244058,-1.2774723,-1.2808706,-1.1533018,-0.67204434,-0.042305015,0.5492679,1.0305257,1.3429121,1.4968832,1.5975263,1.5844557,1.6085055,1.6249746,1.6440573,1.6649703,1.6681073,1.6837918,1.706796,1.7318918,1.7467918,1.7606467,1.774763,1.7860037,1.783128,1.7901863,1.7810367,1.8192029,1.7373813,1.7258791,1.6558208,1.6181778,1.6354309,1.6730741,1.7269248,1.7653522,1.809008,1.8610287,1.9015472,1.9266429,1.9402362,1.9462487,1.942589,1.9201076,1.8835099,1.8077006,1.7522817,1.6730741,1.487995,1.3240902,1.2618744,1.241223,1.2268453,1.2224016,1.2302438,1.2511566,1.281219,1.3115427,1.3374225,1.3580735,1.3599036,1.359381,1.3368994,1.2867086,1.2082853,1.0948329,0.9526255,0.7850609,0.63657945,0.5134548,0.28890276,-0.0080602905,-0.3047618,-0.60172474,-0.8984262,-1.0772313,-1.159053,-1.163497,-1.1912066,-1.1760447,-1.164804,-1.128468,-1.0814139,-1.0189366,-0.9533225,-0.8816959,-0.80431825,-0.7235422,-0.64381194,-0.56669563,-0.49010208,-0.42082828,-0.3523386,-0.2958738,-0.23888616,-0.19078654,-0.14503965,-0.10791924,-0.07811835,-0.05485284,-0.044919167,-0.04282796,-0.05067019,-0.06844632,-0.09040476,-0.12072848,-0.16621384,-0.20620981,-0.25613934,-0.31652528,-0.37586552,-0.42370373,-0.46082413,-0.46265405,-0.4846125,-0.6004177,-0.7049821,-0.7904635,-0.87594485,-0.96142626,-1.0471691,-1.1323891,-1.2178705,-1.3033519,-1.3890947,-1.4743147,-1.5597961,-1.6212277,-1.5341779,-1.564763,-1.519016,-1.5109123,-1.504377,-1.4881694,-1.4667337,-1.4405926,-1.4225553,-1.410269,-1.388572,-1.3692274,-1.344132,-1.3198209,-1.298908,-1.2696298,-1.2413976,-1.2144722,-1.1846713,-1.1663724,-1.1472894,-1.1308206,-1.1127833,-1.0986671,-1.0874263,-1.0774928,-1.072526,-1.057887,-1.0683434,-1.0767084,-1.099974,-1.1148746,-1.1491195,-1.1763062,-1.1888539,-1.2089826,-1.2432274,-1.2649245,-1.28819,-1.316161,-1.3224349,-1.3551114,-1.3624308,-1.41785,-1.4034724,-1.4168043,-1.4502649,-1.476406,-1.496796,-1.506991,-1.5020243,-1.5501239,-1.576788,-1.5177089,-1.6395265,-1.0628538
653,ja_b_000,0.0925223,0.907478,0.0,-1.5957705,-1.56372,-1.5319442,-1.4990112,-1.4653219,-1.4321594,-1.3992491,-1.3684365,-1.336957,-1.3052974,-1.2704653,-1.2272031,-1.174123,-1.1211376,-1.0782785,-1.0403395,-1.0082476,-0.9862531,-0.9645263,-0.9312314,-0.89654905,-0.89191425,-0.8543004,-0.810916,-0.77789843,-0.7516337,-0.72317725,-0.69991505,-0.65867436,-0.5622193,-0.40058407,-0.24972923,-0.10425989,0.008368683,0.087561205,0.15404323,0.21047601,0.26631236,0.31730765,0.371956,0.42223188,0.4730339,0.5268892,0.57084674,0.6109949,0.6525958,0.6949096,0.7368097,0.7788804,0.81947047,0.86963606,0.9088271,0.9436322,0.97263634,1.0161626,1.02808,1.0335876,1.0425248,1.0600241,1.085464,1.121545,1.1638364,1.2101082,1.2608873,1.3036989,1.3529763,1.3947804,1.431049,1.4673753,1.5020705,1.5443165,1.5725929,1.6325389,1.6480947,1.5880572,1.5147169,1.464405,1.4515039,1.4588674,1.4656371,1.4776459,1.502502,1.5381627,1.5839647,1.6295676,1.681916,1.7285309,1.7669207,1.7977072,1.8274373,1.8473626,1.8472099,1.8224626,1.7793173,1.7262257,1.7273284,2.0182858,4.60074,1.1591213,5.642133,3.1278555,0.45621565,0.45309222,0.39852872,0.3588116,0.33233464,0.34542787,0.37558237,0.39686745,0.41682503,0.4700105,0.5280403,0.58810365,0.6439094,0.690711,0.73051536,0.7743897,0.8169309,0.85401773,0.90328425,0.96751696,1.0330318,1.0937166,1.1462297,1.1840856,1.1998876,1.1931891,1.1704557,1.1413918,1.1084045,1.0744098,1.0447136,1.0048842,0.9932579,0.9920103,0.97320056,0.9508934,0.93867123,0.94100356,0.9796837,1.0751376,0.36704648,3.8877938,4.0100436,5.328803,-1.7524561,2.2599676,2.0301251,-1.7524561,-1.7524561,1.9008946,-1.7524561,3.5944428,1.2296083,-0.2504601,-0.1235836,-0.069965266,0.00927236,0.08044596,0.14195596,0.16067562,0.17692089,0.16982305,0.13611332,0.08071123,0.013347847,-0.045658424,-0.08982677,-0.10818673,-0.1161304,-0.1026907,-0.08865794,-0.06176206,-0.025841333,0.0065657697,0.04907774,0.08123885,0.110528484,0.1355823,0.16115813,0.17320696,0.18568256,0.17350893,0.1242885,0.034417324,-0.061903812,-0.13599622,-0.18506321,-0.20561418,-0.20381407,-0.24085315,-0.27725545,-0.31628945,-0.33297795,-0.32610697,-0.30035257,-0.30339888,-0.31621125,-0.2961421,-0.300445,-0.31778583,-0.36004773,-0.4179055,-0.45485365,-0.56172025,-0.75931317,-0.74536115,-0.56808513,-0.5128711,5.037418
654,ja_b_020,0.176657,0.823343,0.0,-1.6460788,-1.6251436,-1.6044537,-1.5811193,-1.5589279,-1.5381576,-1.5167406,-1.4955521,-1.4762728,-1.4550229,-1.4274933,-1.3918808,-1.3464416,-1.2988542,-1.2634995,-1.2354202,-1.2133276,-1.2013072,-1.1940076,-1.1768311,-1.1576277,-1.1422427,-1.1266425,-1.1014782,-1.0819094,-1.0706055,-1.0544405,-1.0426363,-1.0141153,-0.93066216,-0.77788806,-0.6318788,-0.4905153,-0.37651947,-0.29856333,-0.23761098,-0.19618067,-0.14135869,-0.097994216,-0.052525226,-0.008864754,0.033380426,0.078650646,0.1188724,0.15501586,0.19060342,0.22906397,0.26565865,0.30111766,0.33682558,0.38027522,0.41161588,0.44164324,0.4672227,0.501227,0.5081571,0.513085,0.51974,0.53728133,0.56330717,0.59944934,0.6296709,0.6728689,0.71515274,0.75504005,0.79701424,0.83482116,0.8707381,0.90549266,0.9456555,0.99301577,1.0763352,1.2001606,1.058723,1.044336,0.93141985,0.87078315,0.9025861,0.92349654,0.9283836,0.94815254,0.961178,0.9880032,1.0279075,1.0717288,1.1149045,1.1614052,1.1741793,1.206332,1.2359811,1.2602172,1.2631836,1.2387718,1.2399468,1.2147741,1.4075708,1.3390375,-1.7524561,0.48779282,-0.41401395,1.6347964,0.21134079,0.10537345,0.049165152,0.013784202,-0.06923221,-0.006583299,0.018888054,0.022809288,0.024642117,0.09048422,0.14150009,0.19956598,0.25310788,0.30150422,0.34027013,0.3801177,0.41930175,0.444816,0.4899879,0.54534864,0.5957129,0.6478796,0.6942458,0.72971046,0.74633914,0.74521893,0.72865146,0.70766556,0.6836312,0.65804195,0.6349995,0.61226773,0.604353,0.6089608,0.6003195,0.59705514,0.6028486,0.6065907,0.67616105,0.8213795,0.69182825,4.1386156,1.4351882,2.8283055,-1.7524561,4.1616526,1.8526589,-1.7524561,-1.7524561,-0.08286823,-1.7524561,0.15968826,0.82114065,-0.4887263,-0.3625233,-0.2526159,-0.21466346,-0.15414748,-0.096854836,-0.084999755,-0.06804281,-0.079862945,-0.10737514,-0.15129001,-0.19915523,-0.25659347,-0.28642744,-0.29547483,-0.2975159,-0.28604472,-0.26627028,-0.23450205,-0.20901024,-0.17174411,-0.14314827,-0.121595345,-0.08907618,-0.07028126,-0.048702974,-0.042847592,-0.036708128,-0.03632693,-0.07727801,-0.15797651,-0.23952305,-0.3135187,-0.35857284,-0.36633396,-0.3892059,-0.41465235,-0.45087576,-0.4816474,-0.47464398,-0.47594464,-0.49224192,-0.48349565,-0.4861264,-0.4864175,-0.5001512,-0.51278013,-0.53667855,-0.63200945,-0.6216514,-0.7113672,-0.62295455,-0.85798323,-0.713766,-0.58269256,2.4132278
657,ja_b_080,0.0916476,0.908352,0.0,-1.6163743,-1.5908426,-1.5647532,-1.5379304,-1.5115862,-1.4844497,-1.457808,-1.4330475,-1.4076272,-1.3817153,-1.3526056,-1.3170089,-1.2720748,-1.2263336,-1.1895305,-1.1577252,-1.1305959,-1.1132346,-1.0989796,-1.0864863,-1.0622975,-1.0210979,-1.0129731,-0.98953825,-0.9659757,-0.94944763,-0.92884463,-0.9128879,-0.88066834,-0.8033336,-0.664277,-0.52659065,-0.40400866,-0.30193344,-0.22384736,-0.16400191,-0.11438697,-0.06875075,-0.025658563,0.017828487,0.060654346,0.10207438,0.1406961,0.17977414,0.21815698,0.25727582,0.29319596,0.32989883,0.36336702,0.3980585,0.42395088,0.45371765,0.48298824,0.5077179,0.48743734,0.50848657,0.5241792,0.55400914,0.5794997,0.6138687,0.6467919,0.68159854,0.7161806,0.7513557,0.78420895,0.8180404,0.84269917,0.8751311,0.89743775,0.92500097,0.94354993,0.95510876,0.9649813,0.91792023,0.9286746,0.8540243,0.85971725,0.8715881,0.8805309,0.8905722,0.9037629,0.92349255,0.95283514,0.99141055,1.031633,1.0692588,1.10187,1.1311632,1.1510558,1.1675966,1.172009,1.1603918,1.1332723,1.0823029,1.0223702,0.97042793,0.90058476,0.4811921,-1.7524561,-1.7524561,0.3226979,0.06330192,-0.07843083,-0.05653901,-0.1393481,-0.11934568,-0.10469052,-0.0854222,-0.041192625,0.006744916,0.057038702,0.111784376,0.16834266,0.219438,0.26521456,0.30681807,0.34657028,0.38531095,0.42623198,0.4744582,0.5304347,0.58974856,0.64568007,0.690529,0.7255972,0.7494516,0.74925315,0.7311006,0.71047276,0.6836539,0.65398085,0.63468844,0.60070586,0.58662915,0.5906718,0.56983167,0.54970235,0.53108263,0.51929283,0.5221837,0.20833515,-0.018698743,-1.1713938,-0.37881505,-1.7524561,1.0803044,-1.7524561,-1.7524561,0.665797,-1.7524561,-1.7524561,-1.7524561,0.5072346,-0.7549725,-0.9797665,-0.7756215,-0.62122744,-0.5274969,-0.4614013,-0.40248117,-0.36427128,-0.3801579,-0.4005524,-0.4111331,-0.44361958,-0.48258018,-0.53263205,-0.55676955,-0.56754476,-0.5705673,-0.5638434,-0.5494059,-0.52304304,-0.4969397,-0.4700167,-0.44185838,-0.4218576,-0.39835346,-0.37563565,-0.3625969,-0.35130718,-0.34588268,-0.35199678,-0.3853764,-0.44994086,-0.53052145,-0.5799267,-0.62557256,-0.6446193,-0.64715225,-0.66741985,-0.70068187,-0.7245187,-0.7387824,-0.736379,-0.72954905,-0.73391414,-0.7666941,-0.7690264,-0.7558404,-0.7760086,-0.8444548,-0.885297,-0.87748253,-0.9753057,-1.1385703,-1.0675249,-0.8675473,-0.39850336,5.0871058
661,ja_c_040,0.0619707,0.938029,0.0,-1.5665014,-1.5297714,-1.4897476,-1.4499279,-1.4107939,-1.3725553,-1.3341789,-1.2963904,-1.2591579,-1.2215672,-1.1823556,-1.1351498,-1.0793744,-1.0233512,-0.97467357,-0.92971414,-0.8902925,-0.8583666,-0.8268942,-0.7928052,-0.7546925,-0.71419686,-0.68162507,-0.632823,-0.59012747,-0.55517715,-0.5145384,-0.48018956,-0.43093747,-0.3392427,-0.20070443,-0.07071785,0.041479517,0.13574941,0.21441466,0.2796152,0.33342448,0.39122546,0.44374835,0.4955217,0.54630387,0.5963507,0.64457387,0.6916441,0.7397232,0.7846841,0.8304123,0.8736612,0.9161881,0.9577568,0.9904593,1.0278332,1.06813,1.0885459,1.1037402,1.1276011,1.1575897,1.1978196,1.2263496,1.2647946,1.3030233,1.3552973,1.3995821,1.4447469,1.4885795,1.5286372,1.5676773,1.6111269,1.6448704,1.6785969,1.7027009,1.7042981,1.6955845,1.7516916,1.7226902,1.7127569,1.718814,1.7177286,1.7278615,1.7420567,1.7551442,1.7851305,1.8248378,1.8757198,1.9335058,1.986304,2.034528,2.0879123,2.1244907,2.1634173,2.1841016,2.1914806,2.1813476,2.1312425,2.0569832,1.924211,2.1166139,-1.7524561,2.0866487,-0.32021454,-0.28090593,0.86519307,0.7799099,0.7145846,0.6608709,0.6790737,0.67527175,0.69794446,0.75799125,0.8343379,0.8875808,0.9572113,1.0268799,1.0836756,1.130696,1.1693362,1.2064809,1.2412018,1.2865502,1.3376013,1.4019202,1.4752582,1.5406396,1.5879204,1.6261367,1.640408,1.6223499,1.5863384,1.5430881,1.4950746,1.4456186,1.404261,1.3541741,1.3362156,1.3470092,1.327756,1.2958204,1.2766259,1.2613825,1.2457275,1.1715345,0.9354483,-0.21018282,4.304675,-1.7524561,-1.7524561,-0.38948426,-1.7524561,2.4694397,5.1084723,4.6650615,-1.7524561,2.342063,0.04861673,-0.02002066,0.15056805,0.36271495,0.3760816,0.4244237,0.44551152,0.4700376,0.52480817,0.49573252,0.39837727,0.3018459,0.21889764,0.15957561,0.12394505,0.09001958,0.07735665,0.08825114,0.11018328,0.13890415,0.17221902,0.2158525,0.25332713,0.28656602,0.32511598,0.3445965,0.36436734,0.38550797,0.3932899,0.3869318,0.32620278,0.22837263,0.108265616,0.025984019,-0.024847673,-0.046295777,-0.057359483,-0.07509378,-0.13699548,-0.16953196,-0.18670498,-0.18492578,-0.20017646,-0.1698767,-0.163717,-0.16690844,-0.21075952,-0.21345711,-0.22421756,-0.28737503,-0.34095857,-0.5391456,-0.566267,-0.664975,-0.92024267,0.900635,2.5118005
663,ja_c_080,0.0261438,0.973856,0.0,-1.5326763,-1.4901611,-1.4444531,-1.397576,-1.3502173,-1.3039497,-1.2581947,-1.2133572,-1.1709607,-1.1284453,-1.0863833,-1.0425963,-0.9956208,-0.9483366,-0.9026123,-0.8565841,-0.81201184,-0.7691163,-0.72528076,-0.6883026,-0.64042264,-0.57077265,-0.5314975,-0.48533562,-0.43262354,-0.38170326,-0.329331,-0.2809911,-0.22686912,-0.15646106,-0.06632567,0.021741422,0.09958246,0.1744902,0.24528389,0.30582592,0.3483262,0.4133302,0.46556726,0.51525533,0.56498367,0.61340684,0.6587545,0.706809,0.7526178,0.8019137,0.8467736,0.89017606,0.9319184,0.9736322,1.005132,1.0428603,1.0805681,1.1113101,1.1169571,1.1496363,1.1815618,1.2185532,1.246439,1.2857767,1.325126,1.3665224,1.4097737,1.4442041,1.4858483,1.5171843,1.5521814,1.5827141,1.6176741,1.6456871,1.6735946,1.6849195,1.6923037,1.7180243,1.7169858,1.7035004,1.7053788,1.7075307,1.7175369,1.7300744,1.7425852,1.7637798,1.795421,1.8384315,1.8841206,1.9260072,1.9609183,1.998693,2.0325315,2.0618849,2.084249,2.092444,2.0864072,2.0592184,2.0196178,1.9564092,1.985799,-1.7524561,4.857986,4.8173943,1.4064273,0.87453693,0.9877802,0.9568128,0.87488097,0.867028,0.8762445,0.88528526,0.9281237,0.97241265,1.0227544,1.0819145,1.1410255,1.1901426,1.2293832,1.2604564,1.2941397,1.3256482,1.3590065,1.4026464,1.4603015,1.5237566,1.5803977,1.629215,1.6626385,1.6788437,1.6620278,1.6301947,1.5940801,1.5536073,1.5165347,1.48517,1.4438751,1.4359094,1.4500932,1.4452902,1.4268726,1.4141258,1.4158492,1.421174,1.4099168,1.5146018,0.2808455,-1.7524561,-1.7524561,0.67469704,-1.7524561,-1.7524561,0.3996361,-1.7524561,4.5006714,1.8628781,3.5194993,0.014830565,0.27569994,0.36499977,0.4788839,0.59081274,0.654204,0.7361604,0.74465567,0.72811556,0.66389734,0.6056212,0.51370764,0.41680843,0.31797305,0.25899974,0.2420728,0.22782947,0.23569928,0.24701458,0.2804872,0.3179992,0.3646083,0.40588367,0.43936822,0.4670348,0.49710235,0.5220297,0.53315103,0.55049396,0.5294914,0.48229596,0.36842144,0.25319064,0.16142152,0.10849033,0.095704466,0.093303345,0.049679104,0.008896189,-0.03345814,-0.02662406,-0.037295114,-0.0078947,0.005873025,0.0017359529,0.028982641,-0.02812045,0.028986499,-0.06699177,-0.13825068,-0.24268575,-0.26022604,-0.35106367,-0.44151247,-0.11751273,-0.7396609,1.1438818
665,ns_a_040,0.365551,0.634449,0.0,-1.6596999,-1.63205,-1.602952,-1.5766823,-1.5557407,-1.5334742,-1.5128849,-1.4960662,-1.4798716,-1.461758,-1.4352258,-1.3925799,-1.3267958,-1.2565459,-1.2083429,-1.1724926,-1.1507003,-1.1506993,-1.1579267,-1.154794,-1.1192579,-1.1064945,-1.1183056,-1.0890136,-1.0794199,-1.0871952,-1.084233,-1.0901896,-1.0672739,-0.95436,-0.710279,-0.45664605,-0.23376594,-0.038380627,0.112659894,0.20894328,0.25803867,0.33329034,0.38874757,0.43646026,0.48791435,0.5391216,0.58211625,0.6335105,0.6967111,0.7530184,0.80493337,0.85554135,0.9049733,0.9524955,0.97383016,1.0162748,1.0604848,1.097962,1.0520293,1.0697298,1.0731685,1.1203187,1.1570091,1.21699,1.2746321,1.3099647,1.3550394,1.4132129,1.4532874,1.5041282,1.5366437,1.5679293,1.6017137,1.6184486,1.6247087,1.6222265,1.5926533,1.5925486,1.5024983,1.4099597,1.3867581,1.3751549,1.3750125,1.3824993,1.391394,1.4217658,1.460075,1.5100595,1.5604656,1.602329,1.6290445,1.6606344,1.6753306,1.6714904,1.6403805,1.5819426,1.5066173,1.3860025,1.255148,1.0686687,1.3461654,4.0699058,-1.7524561,5.894241,-1.0308698,-0.40651086,-0.26811492,-0.37213722,-0.37480888,-0.32924885,-0.38688856,-0.36849284,-0.29974243,-0.2298924,-0.20776674,-0.14434317,-0.08222316,-0.02067005,0.036754873,0.09361069,0.15018383,0.19527209,0.25573653,0.3050523,0.36070776,0.43058386,0.49065775,0.5383508,0.57645833,0.60105056,0.5982679,0.58610886,0.5747814,0.55178714,0.5325913,0.5040775,0.46210283,0.44298407,0.4315615,0.40126023,0.35159618,0.31173858,0.29268622,0.24150324,0.054202866,0.21820466,0.42235202,5.0520706,0.7955715,-0.043131094,-1.7524561,3.1926637,5.3966155,-1.7524561,-1.7524561,-1.7524561,3.8070781,-1.1827952,-1.3196234,-1.2504077,-1.2219379,-1.1189231,-1.0814059,-1.0041504,-0.9929098,-0.98719704,-0.98789775,-0.94143593,-0.94257885,-0.9442444,-0.9661557,-0.9791618,-0.9674597,-0.9514014,-0.9305573,-0.9073113,-0.90101564,-0.87073404,-0.8480778,-0.81749487,-0.7973147,-0.7721292,-0.75169575,-0.7376139,-0.7206473,-0.7159081,-0.7171195,-0.74811643,-0.8006345,-0.86600065,-0.90685034,-0.93999946,-0.9513461,-0.94631755,-0.9794368,-1.0232509,-1.0433749,-1.05069,-1.057269,-1.09315,-1.0832355,-1.0739931,-1.1297668,-1.0895708,-1.0993713,-1.0559713,-1.2759346,-1.2204535,-1.3071278,-1.4871786,-1.430575,-1.2314115,-0.70060253,-1.7524561
675,ar_a_080,0.10972,0.89028,0.0,-1.4282609,-1.4028956,-1.3787458,-1.3565357,-1.334726,-1.313047,-1.2902194,-1.2682534,-1.2460865,-1.2233815,-1.1989616,-1.1708299,-1.1365068,-1.0996917,-1.0675784,-1.0386887,-1.0113436,-0.9863363,-0.96591854,-0.94685894,-0.922588,-0.8836627,-0.8661851,-0.8353839,-0.80521345,-0.77855617,-0.7507078,-0.7264094,-0.6899671,-0.61799246,-0.50763255,-0.40908632,-0.3194755,-0.24844716,-0.19704531,-0.14926378,-0.09910497,-0.05796131,-0.0144152455,0.03190858,0.07539259,0.11979792,0.16526014,0.20557445,0.23828842,0.27877614,0.31622037,0.35390535,0.39157745,0.43237463,0.48094344,0.51885813,0.5521875,0.591386,0.62345237,0.6551756,0.6861035,0.71558887,0.7440912,0.77088577,0.8043262,0.8722813,0.9064467,0.9431227,0.9825573,1.0246154,1.0605003,1.1055572,1.1465397,1.1858793,1.2366956,1.2798721,1.3339852,1.4181015,1.4136742,1.4259751,1.4284252,1.4357818,1.4643753,1.490973,1.5152388,1.5478354,1.5854694,1.6294433,1.6723101,1.7191875,1.765639,1.8074131,1.8417192,1.8786826,1.916944,1.9511496,1.976567,1.9919944,1.9932812,2.0118546,2.812758,-1.7524561,-0.17806166,-1.7524561,-1.7524561,1.64895,1.1452098,1.0933886,1.0857424,1.0431589,1.0469779,1.0771415,1.1317087,1.17668,1.227582,1.2939845,1.3611927,1.4192251,1.4678135,1.5116183,1.5501242,1.593611,1.6357523,1.685023,1.7462856,1.8131397,1.8704414,1.9192151,1.955455,1.9770485,1.9672086,1.9483438,1.9287531,1.9012976,1.8791814,1.8526683,1.8120705,1.8063488,1.8271322,1.8186917,1.8101506,1.8140314,1.825478,1.8440356,1.9133348,2.2937288,-1.7524561,-0.7160447,-1.7524561,1.1117064,5.8688207,-1.7524561,-0.3675153,3.0077467,-1.7524561,-1.7524561,-1.7524561,-0.40988073,0.29753262,0.45374873,0.574421,0.7244314,0.8146472,0.9254007,0.97908187,0.97000486,0.9283226,0.89559114,0.83939254,0.7502708,0.67305726,0.61375743,0.59327847,0.58118045,0.58264303,0.60297453,0.63436824,0.66737205,0.6997247,0.7263809,0.73988026,0.76247114,0.7826963,0.8042497,0.80605006,0.81190336,0.841144,0.7830048,0.70019376,0.55385506,0.466332,0.39678636,0.36091202,0.3720408,0.32018286,0.27836505,0.23092462,0.23735565,0.24152264,0.254628,0.23244005,0.24192977,0.22300059,0.17253502,0.24205808,0.18248364,-0.013885052,-0.11094883,-0.10522141,-0.41624352,-0.5025949,-0.6597438,0.75361854,2.2073445
678,SSC_ARCA03_20110405,0.415539,0.584461,0.0,-1.5318735,-1.5161842,-1.4961189,-1.4746512,-1.4536768,-1.4343895,-1.4189678,-1.4079936,-1.3999002,-1.3922235,-1.3808104,-1.3569499,-1.3084447,-1.2443991,-1.1994402,-1.170773,-1.162187,-1.1786464,-1.2042682,-1.2141643,-1.2140539,-1.2220578,-1.2342021,-1.2345438,-1.2414514,-1.2602544,-1.2723691,-1.2875122,-1.2822726,-1.2125314,-1.0171298,-0.79601806,-0.58435726,-0.41393343,-0.3058936,-0.24934512,-0.22494245,-0.19719677,-0.17738739,-0.15982932,-0.14100507,-0.123534165,-0.10699558,-0.09028088,-0.07178758,-0.054478303,-0.037989963,-0.021727165,-0.0066077225,0.00727768,0.016238492,0.028590344,0.042948328,0.037242763,0.043671925,0.03546579,0.020001847,0.023507524,0.029900342,0.046509866,0.062810175,0.09976558,0.12530985,0.15223108,0.17918925,0.1991426,0.21918091,0.2345059,0.24959485,0.2586267,0.2599846,0.25912523,0.2594377,0.24010864,0.18499415,0.12210182,0.08708862,0.075727396,0.07352237,0.07277563,0.081190124,0.09792048,0.12421838,0.15265587,0.17942286,0.20462286,0.2241325,0.24163856,0.25118366,0.25050494,0.2397272,0.21211766,0.1701221,0.11224773,0.048673876,-0.0028821141,-0.029181888,-0.30712846,-0.32754233,-0.5488723,-0.6675588,-0.76809233,-0.8218087,-0.84954953,-0.86425173,-0.86734754,-0.8646026,-0.85265553,-0.822836,-0.7874656,-0.7520794,-0.7107224,-0.6677801,-0.62620455,-0.5845216,-0.5440275,-0.5036153,-0.46871138,-0.42982146,-0.39501417,-0.35854888,-0.32199663,-0.29124206,-0.26428005,-0.24131766,-0.22386722,-0.21922356,-0.21781504,-0.2243856,-0.23952562,-0.2544658,-0.27359635,-0.29258114,-0.310374,-0.3130495,-0.32880747,-0.34662813,-0.35533816,-0.3567732,-0.3577659,-0.38723096,-0.48452377,-0.44450024,0.45713207,-1.7524561,3.8052711,0.9850854,4.6368217,-0.57734406,-0.9403215,0.9730421,-0.6947559,-1.2725656,-1.2129623,-1.1724334,-1.1295327,-1.0773014,-1.0465915,-1.0148361,-0.9941873,-0.9760438,-0.9504145,-0.92118067,-0.9142954,-0.91283435,-0.912737,-0.9080424,-0.89849144,-0.8917921,-0.8819922,-0.8735069,-0.8573025,-0.84227604,-0.8225195,-0.8084044,-0.7955432,-0.77788687,-0.7641536,-0.7491393,-0.7310465,-0.7215881,-0.71853244,-0.7156285,-0.7352393,-0.7687866,-0.80626535,-0.84007204,-0.8738139,-0.896832,-0.91728866,-0.9419574,-0.9611482,-0.96238637,-0.9686973,-0.9901597,-1.0083269,-1.0115004,-1.0131179,-1.0376647,-1.0384537,-1.0832455,-1.1260474,-1.1142626,-1.179091,-1.1913272,-1.2243061,-1.2552509,-1.2556728,-1.0713385,-0.3025632
683,SSC_ARCA12_20110405,0.354608,0.645392,0.0,-1.5643713,-1.5546662,-1.5409272,-1.5267184,-1.5124928,-1.498969,-1.48683,-1.4785734,-1.4711788,-1.4652561,-1.4551293,-1.4359051,-1.398824,-1.3510374,-1.3175759,-1.2969763,-1.2893922,-1.2989197,-1.3173072,-1.3225517,-1.3202134,-1.3246204,-1.3316559,-1.3317765,-1.3348246,-1.3477159,-1.3565114,-1.3677092,-1.3627589,-1.3081088,-1.1680982,-1.0223587,-0.8921868,-0.7911485,-0.7289922,-0.6953777,-0.6743469,-0.6586404,-0.643389,-0.6289213,-0.6139283,-0.5996847,-0.5845013,-0.57063395,-0.5559893,-0.5422821,-0.5285984,-0.5149652,-0.50192267,-0.48855686,-0.4753358,-0.4626071,-0.44870904,-0.45250478,-0.43226522,-0.43538657,-0.4390439,-0.43493676,-0.42739558,-0.41631797,-0.4050209,-0.4072992,-0.38761473,-0.367202,-0.3507576,-0.3327585,-0.31572747,-0.29887065,-0.28618938,-0.27293572,-0.26078874,-0.25127646,-0.23877257,-0.25043377,-0.27237445,-0.31073695,-0.32701355,-0.3264719,-0.32215372,-0.3181634,-0.30790767,-0.29133964,-0.2700708,-0.24514413,-0.22106645,-0.19773397,-0.17704359,-0.15940733,-0.14623688,-0.13832091,-0.1385821,-0.14794198,-0.16725026,-0.198428,-0.23322208,-0.25819352,-0.33897018,-0.26910868,-0.45003763,-0.559043,-0.6878778,-0.80115896,-0.8451625,-0.8681242,-0.8792589,-0.88129044,-0.88045466,-0.86817884,-0.840847,-0.8121987,-0.781515,-0.7461331,-0.70985454,-0.674104,-0.6403171,-0.60608476,-0.5737009,-0.5426995,-0.5101965,-0.47990793,-0.44621387,-0.41242337,-0.38333917,-0.35637507,-0.33444375,-0.31967372,-0.31394267,-0.31238142,-0.3145833,-0.32410878,-0.33563617,-0.34930772,-0.36798427,-0.37824818,-0.3743051,-0.38176355,-0.3939843,-0.3974022,-0.39588454,-0.39124382,-0.36590955,-0.37749982,-0.4212055,0.043081198,4.711638,2.693051,-1.7524561,-1.7524561,0.49380106,-0.9117996,-0.08264152,-0.14452301,-1.1265925,-1.1341841,-1.1067412,-1.0822194,-1.026322,-1.0039966,-0.9785001,-0.9544606,-0.9322364,-0.89383614,-0.8737883,-0.87111413,-0.875567,-0.8785013,-0.8759922,-0.8709146,-0.86657083,-0.8589531,-0.8477251,-0.83788306,-0.8215453,-0.8094824,-0.79862463,-0.78176653,-0.76514786,-0.74961275,-0.7357127,-0.72624016,-0.7048596,-0.7002732,-0.69907963,-0.7205103,-0.75599575,-0.7997052,-0.83622545,-0.86484754,-0.8824705,-0.90221083,-0.92950267,-0.9541989,-0.9400447,-0.95826477,-0.9706422,-0.9790371,-0.9979545,-0.9898654,-0.99534243,-1.0236872,-1.021185,-1.0734107,-1.1104088,-1.1104227,-1.1794431,-1.1850569,-1.234708,-1.2134204,-0.62031186,-0.45770586
686,SSC_SALE03_20110405,0.334156,0.665844,0.0,-1.4079385,-1.3983885,-1.3867217,-1.3712466,-1.3570019,-1.3475716,-1.342132,-1.339115,-1.336843,-1.3342026,-1.3274353,-1.3075179,-1.2563472,-1.1804937,-1.1274347,-1.0955348,-1.0906699,-1.1203483,-1.158913,-1.177411,-1.1800165,-1.1915576,-1.2104725,-1.2151277,-1.2266711,-1.2518986,-1.2692268,-1.2866671,-1.2830628,-1.2142708,-0.966409,-0.6473452,-0.33429158,-0.076253965,0.08731218,0.16547494,0.20202003,0.22281478,0.23969401,0.25324765,0.26966342,0.28367117,0.29363278,0.3082433,0.32866782,0.3453484,0.36038476,0.37443832,0.38585296,0.39607024,0.38846338,0.39606696,0.40829003,0.3902574,0.36253265,0.350831,0.33278129,0.3499001,0.36066943,0.38619044,0.40923685,0.42987242,0.4591839,0.49240318,0.5227545,0.5471415,0.5685511,0.58304876,0.5979274,0.60113543,0.59316325,0.5799985,0.5362553,0.49007556,0.4289782,0.34136814,0.3173254,0.31044072,0.30122072,0.29360333,0.3017279,0.32160154,0.35600275,0.39301646,0.4255645,0.4537775,0.47695127,0.49325112,0.49715468,0.4874745,0.46449423,0.4173371,0.3507251,0.259279,0.16510426,0.065906726,0.019262942,-0.5834239,-0.3029042,-0.72674316,-0.83952093,-0.9378756,-0.9715731,-0.98778605,-1.0042555,-0.99795973,-0.9875806,-0.9774472,-0.94017583,-0.8922098,-0.84399384,-0.79342425,-0.7417058,-0.6917075,-0.6430119,-0.59588724,-0.54967713,-0.5088187,-0.4667065,-0.42881483,-0.38933396,-0.35028258,-0.31733814,-0.2902582,-0.2663148,-0.2480974,-0.24180906,-0.2430507,-0.2590355,-0.28674248,-0.31442332,-0.33937943,-0.36068568,-0.38064837,-0.38944465,-0.4129094,-0.43500197,-0.4503306,-0.4646756,-0.47286502,-0.5309874,-0.62512076,-0.73969907,0.46700087,-1.7524561,4.413567,1.2147895,-1.7524561,-0.632782,-1.044238,0.8124797,-1.1633476,-1.3937938,-1.3876566,-1.3239286,-1.2973843,-1.2366494,-1.1998597,-1.1797075,-1.1581405,-1.1404436,-1.1180694,-1.0947915,-1.0796243,-1.0699717,-1.0657678,-1.0538863,-1.0405124,-1.027223,-1.0136923,-1.0014735,-0.98323905,-0.96666694,-0.94823384,-0.9322068,-0.9196089,-0.90554696,-0.886691,-0.87820446,-0.86445105,-0.8530902,-0.8540669,-0.85128313,-0.8691436,-0.895483,-0.93369704,-0.96578455,-1.00468,-1.0318688,-1.0542732,-1.083814,-1.0921662,-1.0972046,-1.1006949,-1.1321974,-1.1504098,-1.1503658,-1.1743815,-1.1825597,-1.202006,-1.218798,-1.2810664,-1.2709143,-1.3003001,-1.3459883,-1.389054,-1.4040161,-1.3745072,-0.9945282,0.083396204
689,SSC_SALE06_20110405,0.342892,0.657108,0.0,-1.3701215,-1.356438,-1.3379387,-1.3203514,-1.3060254,-1.2963694,-1.2897733,-1.2854999,-1.2808323,-1.2761524,-1.2664253,-1.2362672,-1.1620222,-1.0596876,-0.99095386,-0.9489,-0.94254285,-0.9815616,-1.0291306,-1.0557057,-1.0633376,-1.0806211,-1.107882,-1.1118648,-1.1263231,-1.1580719,-1.1817433,-1.2050841,-1.1999445,-1.1087823,-0.80243856,-0.42902613,-0.06160652,0.22532517,0.3935692,0.47675237,0.5177994,0.5408911,0.5604682,0.58098197,0.5996536,0.6200999,0.6388748,0.6552067,0.6727997,0.6905159,0.70841974,0.7252618,0.7411905,0.7557622,0.7682637,0.78073704,0.79149586,0.8050058,0.7829698,0.77485245,0.74469304,0.73783386,0.74597245,0.76416516,0.79004705,0.8318256,0.86247164,0.9001615,0.9287244,0.9578437,0.9796096,0.9970738,1.0099757,1.0152636,1.023195,1.0233701,1.012357,0.97561675,0.8927026,0.7830689,0.720418,0.6943159,0.68097687,0.6685876,0.6743649,0.6913657,0.72231346,0.75712836,0.7907854,0.8229606,0.8464639,0.86051095,0.86342967,0.8570921,0.8340326,0.78986216,0.7240675,0.6411447,0.54953945,0.50323653,0.8255245,0.58249557,0.024652401,-0.21071792,-0.46939465,-0.67152876,-0.75592107,-0.79238474,-0.8206288,-0.83369684,-0.83041984,-0.8091173,-0.77249575,-0.7279447,-0.67899036,-0.6217863,-0.5631632,-0.50581354,-0.44674838,-0.39153317,-0.33782881,-0.28758925,-0.23832698,-0.1940502,-0.14945309,-0.105523266,-0.068915516,-0.037626646,-0.0095485,0.007971828,0.01676553,0.01353272,-0.0033880004,-0.033413384,-0.065021165,-0.09205809,-0.11767692,-0.13943645,-0.15289181,-0.18071404,-0.20426457,-0.21721825,-0.22378425,-0.21953885,-0.21443628,-0.23845962,-0.29222974,-0.49537948,0.81339633,-1.7524561,1.9274259,1.5436754,-0.32084745,-0.82802,0.34857023,-0.95016176,-1.277825,-1.2459198,-1.2136525,-1.1791335,-1.1560925,-1.1254584,-1.0952913,-1.0723288,-1.0423485,-1.0086803,-0.9918946,-0.97765225,-0.964814,-0.9544711,-0.9383397,-0.9215001,-0.9069935,-0.89029366,-0.8640714,-0.84588355,-0.8200311,-0.7998135,-0.77815926,-0.7631645,-0.7428893,-0.7237784,-0.7092374,-0.68896997,-0.676185,-0.6733818,-0.668524,-0.6934354,-0.7244375,-0.77352905,-0.819086,-0.8590432,-0.88142663,-0.91478467,-0.9502302,-0.9659052,-0.97532046,-0.9844269,-1.019342,-1.0377564,-1.0523571,-1.0588651,-1.0833862,-1.0881474,-1.1159002,-1.1527975,-1.1868366,-1.2290392,-1.2619423,-1.3090097,-1.3296598,-1.2463223,-0.880381,1.1017658
695,SSC_BAPI01_20110406,0.823391,0.176609,0.0,-1.6482072,-1.635517,-1.6179115,-1.5942274,-1.5693897,-1.5492592,-1.5354722,-1.528261,-1.5210836,-1.514844,-1.4984301,-1.4517727,-1.3449929,-1.1983604,-1.1006861,-1.0476553,-1.0489681,-1.1057551,-1.1781764,-1.2166119,-1.229217,-1.2598505,-1.3000648,-1.310174,-1.3311687,-1.3781743,-1.4178493,-1.4571419,-1.4521917,-1.3237603,-0.9025145,-0.34106246,0.2575918,0.7869479,1.1435957,1.3187779,1.3712703,1.4372402,1.4706376,1.4940268,1.5232167,1.550429,1.5621792,1.5853778,1.6207952,1.6484681,1.672655,1.6939502,1.7123523,1.7285864,1.7045344,1.7184294,1.7349436,1.7272338,1.6135267,1.5778666,1.5110947,1.5176641,1.5283895,1.5772413,1.6212002,1.7131552,1.7717494,1.8292127,1.8888116,1.9318726,1.9659791,1.9893469,2.0001159,1.9875593,1.9588132,1.9140643,1.8122892,1.6952261,1.5232925,1.2998685,1.22752,1.2015018,1.1721995,1.1501105,1.1519414,1.178448,1.2274506,1.2823424,1.3287828,1.3685243,1.3928452,1.4039698,1.4034191,1.370685,1.3043383,1.1932586,1.0470394,0.8675632,0.6927077,0.56719625,0.25415683,0.33469638,-0.5234146,-0.62675625,-0.92253244,-1.1023375,-1.154598,-1.1806365,-1.2034382,-1.2047429,-1.2003472,-1.1782265,-1.1389788,-1.084022,-1.0280437,-0.96295065,-0.89684784,-0.8272095,-0.7568594,-0.6864293,-0.61994797,-0.5583502,-0.49509585,-0.43602672,-0.38300985,-0.3331516,-0.28859052,-0.24989155,-0.21705651,-0.19235514,-0.18440318,-0.18496038,-0.19910204,-0.22806016,-0.2587965,-0.291932,-0.32651514,-0.36104572,-0.38740158,-0.42892164,-0.47803515,-0.51137197,-0.5359468,-0.5508246,-0.57499737,-0.6244526,-0.7277333,-1.7524561,4.6854744,-1.7524561,-1.7524561,5.687988,0.27017245,5.367402,-1.7524561,0.19450618,-1.2730145,-1.4810383,-1.5457302,-1.533498,-1.5139757,-1.4954929,-1.4797,-1.4686979,-1.4515845,-1.4388803,-1.4116491,-1.3927684,-1.3823309,-1.3697611,-1.3517151,-1.3300185,-1.3104489,-1.2891601,-1.2697406,-1.2493463,-1.2308688,-1.207542,-1.1948314,-1.1775563,-1.1657451,-1.1531427,-1.1379793,-1.1317822,-1.115921,-1.1103344,-1.1156952,-1.1299659,-1.1535826,-1.1813735,-1.209066,-1.2427951,-1.2575568,-1.280412,-1.3089339,-1.3227199,-1.321233,-1.3461925,-1.3698655,-1.3856143,-1.3982973,-1.4083812,-1.4235806,-1.4556642,-1.4664309,-1.4893148,-1.4952129,-1.532542,-1.5276396,-1.5283841,-1.517452,-1.4553816,-0.7783238,0.90593225
698,SSC_BAPI04_20110406,0.85669,0.14331,0.0,-1.6805576,-1.6674767,-1.65258,-1.634698,-1.6179436,-1.6030668,-1.5921183,-1.5858917,-1.5798305,-1.5740373,-1.560603,-1.5250022,-1.4461682,-1.3413855,-1.2743545,-1.2380767,-1.23826,-1.2808734,-1.3343832,-1.3605263,-1.3690841,-1.3898783,-1.4172095,-1.4244591,-1.4397978,-1.4721756,-1.4984291,-1.525606,-1.5213641,-1.4260771,-1.1172665,-0.6971152,-0.21413268,0.23747554,0.54643965,0.7044797,0.75761473,0.8152841,0.8459572,0.8720048,0.9002115,0.92613757,0.94833416,0.96855116,0.99294215,1.0155442,1.0371825,1.0582526,1.0761992,1.0927414,1.0988092,1.1142721,1.1295083,1.124444,1.0916837,1.0553317,0.99289984,0.97688043,0.98232937,1.0079745,1.041346,1.0955682,1.1512473,1.2002122,1.2476655,1.2887275,1.3209662,1.3442279,1.3595712,1.3571982,1.3530654,1.3422467,1.3189231,1.2187684,1.059148,0.8640275,0.7684663,0.73291874,0.70631486,0.685059,0.6890537,0.7092583,0.7510769,0.79972446,0.8430752,0.87912345,0.905577,0.9228489,0.92367536,0.9003772,0.8497872,0.7665865,0.64826006,0.50706744,0.36330765,0.27745354,0.524556,0.5528644,0.052655056,-0.639377,-0.9287343,-1.1036135,-1.1867701,-1.2238469,-1.2481846,-1.2566121,-1.2545189,-1.2361017,-1.2032247,-1.1592892,-1.1145276,-1.0607176,-1.0040246,-0.9454254,-0.8866057,-0.8283831,-0.7723604,-0.71915704,-0.66647035,-0.61846524,-0.57298046,-0.5300664,-0.49401385,-0.46266398,-0.43280056,-0.41290098,-0.40543842,-0.40797067,-0.4238471,-0.45165357,-0.48076218,-0.5090188,-0.53665495,-0.56209123,-0.5827491,-0.6149757,-0.6523019,-0.67718583,-0.6891049,-0.6925295,-0.71626943,-0.6820758,-0.74093914,0.8776816,4.3888206,2.934541,5.096191,1.6863195,0.21933119,0.3875028,-1.7524561,-0.7564673,-1.4322221,-1.579702,-1.5819757,-1.5743005,-1.5509557,-1.5360038,-1.5218619,-1.509566,-1.4988301,-1.4797227,-1.4580623,-1.441516,-1.4316227,-1.4147272,-1.3989764,-1.3804916,-1.363272,-1.3432931,-1.3249527,-1.3028139,-1.2874713,-1.2724726,-1.2591666,-1.2447383,-1.2340896,-1.2148376,-1.2053148,-1.2005324,-1.1935208,-1.186893,-1.1882962,-1.2005262,-1.2227771,-1.2476412,-1.2757308,-1.2996364,-1.3250577,-1.3416673,-1.3638997,-1.3767024,-1.3911642,-1.4015375,-1.4213669,-1.4375753,-1.4449086,-1.4586515,-1.4763212,-1.4876289,-1.5148546,-1.5421876,-1.5430504,-1.5642885,-1.5713645,-1.5764089,-1.5709606,-1.4728761,-1.2157924,-0.38059962
702,SSC_BAPI08_20110406,0.548258,0.451742,0.0,-1.6540438,-1.6454214,-1.6361817,-1.624489,-1.6126204,-1.6020104,-1.5943657,-1.589827,-1.5854841,-1.5810019,-1.5716481,-1.5482979,-1.4964305,-1.4254931,-1.3786292,-1.3527642,-1.3522999,-1.3802395,-1.4167477,-1.4330803,-1.437051,-1.4501728,-1.4677588,-1.4721261,-1.4798325,-1.4999347,-1.5174408,-1.5355736,-1.5316268,-1.4685191,-1.2548145,-0.94995844,-0.6056969,-0.28831506,-0.070602275,0.04158726,0.081619,0.124956585,0.15058185,0.171098,0.1941847,0.2152128,0.23240873,0.2511435,0.27498102,0.29542142,0.31501976,0.3339013,0.35017377,0.36486727,0.36601225,0.37938243,0.3958849,0.38296044,0.36383024,0.33838144,0.2993928,0.29767123,0.3046737,0.32904202,0.3556926,0.40781277,0.45419025,0.49859604,0.5372624,0.57275784,0.60282004,0.6260817,0.6432907,0.64590067,0.6449623,0.6353894,0.613218,0.5450366,0.42834458,0.28587374,0.22159289,0.1980413,0.1822379,0.17133686,0.17995363,0.20010062,0.23906484,0.28336266,0.32331377,0.35625634,0.38168338,0.40100688,0.40665096,0.3937501,0.35769534,0.29624367,0.2051915,0.093828045,-0.018093292,-0.08837993,0.22862972,0.2838044,-0.083231196,-0.76093143,-1.0311854,-1.1434053,-1.2065465,-1.241954,-1.2619331,-1.2662878,-1.2619401,-1.2471753,-1.2216885,-1.1858176,-1.1508943,-1.1085684,-1.0631808,-1.017112,-0.9705883,-0.92533344,-0.8813353,-0.8399817,-0.79794765,-0.7594106,-0.7220422,-0.6866464,-0.6562699,-0.6295203,-0.6057721,-0.59012204,-0.5862026,-0.5905252,-0.6045856,-0.6294758,-0.6553865,-0.67982286,-0.7035932,-0.7241345,-0.73621684,-0.7584272,-0.7862741,-0.801998,-0.8083264,-0.8138326,-0.8191838,-0.7862927,-0.9677999,0.9648883,4.401969,2.5412388,4.598158,1.9145839,0.14040276,1.0783877,-1.7524561,-0.7150923,-1.3399808,-1.4495019,-1.4897008,-1.505451,-1.477483,-1.4641088,-1.450301,-1.4346673,-1.4256369,-1.4120082,-1.3923779,-1.3846701,-1.3757038,-1.3705572,-1.3588285,-1.3473456,-1.3353431,-1.3241704,-1.3098236,-1.2953289,-1.2842268,-1.2731184,-1.2645931,-1.254232,-1.2433021,-1.2330236,-1.2245964,-1.2118067,-1.2122716,-1.2052664,-1.2052648,-1.2184432,-1.2430989,-1.2680897,-1.2986383,-1.3202055,-1.3349231,-1.3522373,-1.373779,-1.3779912,-1.3851161,-1.3940177,-1.406385,-1.4156102,-1.4274851,-1.4392868,-1.4555727,-1.4513421,-1.4913608,-1.5172462,-1.5026358,-1.5178902,-1.4911797,-1.5384443,-1.5683427,-1.5167546,-0.7852418,-0.42555174
704,SSC_BAPI10_20110406,0.883361,0.116639,0.0,-1.6901282,-1.6783707,-1.6647758,-1.6482626,-1.6320632,-1.618386,-1.6074035,-1.6010733,-1.594772,-1.5894731,-1.5766138,-1.544958,-1.4752215,-1.3826629,-1.322486,-1.2895732,-1.288871,-1.3252364,-1.3716598,-1.3931607,-1.4005556,-1.4182748,-1.4418029,-1.447637,-1.46073,-1.4885949,-1.5116932,-1.5360085,-1.5315294,-1.445163,-1.1704048,-0.7922582,-0.3489111,0.08421785,0.3970958,0.5673898,0.6438594,0.6907314,0.7249169,0.75358933,0.7839591,0.8107934,0.8347462,0.85673636,0.8823074,0.9046484,0.926993,0.94867235,0.9672021,0.98338485,0.99138606,1.0063908,1.020457,1.0098852,0.9823493,0.935046,0.8588118,0.83780414,0.8385149,0.86500514,0.9008531,0.9685759,1.0271103,1.0812061,1.1336561,1.1755022,1.214923,1.2364998,1.252196,1.2547182,1.2397273,1.2292343,1.2047763,1.0780656,0.9059484,0.69380945,0.59316415,0.55340797,0.525866,0.50176716,0.5020691,0.5256145,0.5669586,0.61371446,0.6573293,0.69148046,0.7193457,0.73370755,0.7332756,0.70833164,0.6563613,0.5694152,0.44862443,0.31103134,0.17595936,0.0993859,0.0009747279,0.45316726,-0.3444681,-0.6150206,-1.012316,-1.1711992,-1.2336023,-1.2668481,-1.2898178,-1.2952935,-1.294791,-1.2774004,-1.2499688,-1.2123479,-1.1738703,-1.1270591,-1.0777605,-1.0264157,-0.9747456,-0.92410773,-0.8750519,-0.82930195,-0.78400534,-0.74087065,-0.70096433,-0.6641509,-0.63273245,-0.6053475,-0.58123267,-0.5635098,-0.5578142,-0.5609703,-0.57345283,-0.59836084,-0.62284714,-0.6483628,-0.6732226,-0.69511163,-0.71336097,-0.7414461,-0.77411014,-0.7943112,-0.80756545,-0.8084202,-0.82181644,-0.8201811,-0.8147317,3.4051595,3.6081412,-1.7524561,-1.7524561,-1.7524561,0.485626,-0.26419473,1.3668565,-0.3648211,-1.2905297,-1.5420847,-1.5495056,-1.5457134,-1.5430942,-1.5324569,-1.5204227,-1.511313,-1.5032579,-1.4799248,-1.4605362,-1.4507941,-1.441899,-1.4324056,-1.416157,-1.4010097,-1.3874104,-1.3683782,-1.3554235,-1.3395729,-1.3233124,-1.3129132,-1.3002125,-1.2878597,-1.2795701,-1.2680744,-1.2575458,-1.2478144,-1.2409023,-1.2409321,-1.2408563,-1.2535403,-1.2720145,-1.2973405,-1.3245226,-1.3409008,-1.3605484,-1.3789093,-1.3989751,-1.4066052,-1.4114854,-1.4252264,-1.4419906,-1.4575472,-1.4610275,-1.4752283,-1.4984505,-1.4969854,-1.5172551,-1.5302286,-1.5375459,-1.5378408,-1.5732381,-1.5782504,-1.5650381,-1.4874369,-1.081955,-0.025914604
706,SSC_BAPI12_20110406,0.693462,0.306538,0.0,-1.677646,-1.6665251,-1.6528373,-1.635266,-1.6175817,-1.6033103,-1.5930394,-1.5876677,-1.5823033,-1.5778579,-1.5677185,-1.5421522,-1.4824864,-1.4000424,-1.346732,-1.317971,-1.3188055,-1.3538254,-1.3973917,-1.4168307,-1.4235154,-1.440177,-1.4607708,-1.4655985,-1.4756476,-1.4977152,-1.5172307,-1.5362985,-1.532278,-1.4653717,-1.2284372,-0.8701019,-0.4397764,-0.03327759,0.2424526,0.38657537,0.45182315,0.4890105,0.51653284,0.5404571,0.5644447,0.5863052,0.60644084,0.624506,0.6447108,0.66269225,0.6813281,0.6998135,0.7154003,0.72942084,0.73918194,0.7525778,0.76552075,0.765449,0.7417781,0.7144509,0.6620668,0.64829206,0.6517916,0.6733195,0.7028757,0.7976116,0.8429264,0.8817058,0.92265517,0.9549297,0.98554325,1.0046164,1.0181348,1.0229795,1.0141237,1.0049282,0.989617,0.90657544,0.7735415,0.61002237,0.5304829,0.4972484,0.4753379,0.4576909,0.4608793,0.48658848,0.5274887,0.5711251,0.6110297,0.64367145,0.67037207,0.6883612,0.6896425,0.67280275,0.63313,0.56284183,0.46175644,0.34012336,0.21610375,0.13688762,-0.076523446,0.5593933,-0.17314234,-0.74083155,-0.9725004,-1.1451441,-1.2147839,-1.2416269,-1.2613318,-1.2675959,-1.2642761,-1.2465782,-1.2141802,-1.1738586,-1.1308888,-1.0810767,-1.0286924,-0.97365314,-0.9191738,-0.86581135,-0.8136217,-0.7647496,-0.71583533,-0.6696874,-0.6265728,-0.58725446,-0.5534309,-0.5260635,-0.49933985,-0.480232,-0.4768011,-0.48358938,-0.5007158,-0.53235734,-0.56232405,-0.5913927,-0.61884636,-0.6395012,-0.6559899,-0.68412286,-0.71508324,-0.73648924,-0.74606043,-0.7468973,-0.7433211,-0.7099739,-0.69133335,4.3126655,3.1765816,-1.7524561,-1.7524561,-1.7524561,0.20435758,0.08937125,1.7857153,-0.566012,-1.3050721,-1.4895381,-1.5304505,-1.5196636,-1.5133822,-1.5009029,-1.4850274,-1.473857,-1.4614205,-1.4355278,-1.4272435,-1.4155265,-1.4053403,-1.3940697,-1.3817354,-1.3671827,-1.3512697,-1.3363321,-1.3225007,-1.3064417,-1.2918597,-1.2788928,-1.2671326,-1.2524681,-1.2458994,-1.2379835,-1.2235678,-1.2121223,-1.2062367,-1.2038839,-1.2048926,-1.2195126,-1.2384531,-1.2722018,-1.2993681,-1.3242583,-1.3434352,-1.3630581,-1.3800155,-1.3915586,-1.3942765,-1.4096527,-1.4240006,-1.4392208,-1.4444836,-1.4502717,-1.4537829,-1.469849,-1.4970303,-1.5072893,-1.5196368,-1.524949,-1.5572983,-1.5315068,-1.5476632,-1.484287,-1.0376345,-0.25594035
709,SSI_ARCA03_20110410,0.29688,0.70312,0.0,-1.5792583,-1.5678222,-1.5521005,-1.5314777,-1.5107245,-1.4905454,-1.473747,-1.4627706,-1.4550751,-1.4493445,-1.4399631,-1.4219488,-1.3845459,-1.334486,-1.2991574,-1.2763399,-1.2697978,-1.2852912,-1.306232,-1.3156126,-1.3170835,-1.3220344,-1.3316938,-1.3325273,-1.336717,-1.3501214,-1.3591549,-1.3695201,-1.3652321,-1.3152775,-1.1630082,-0.97151524,-0.77895224,-0.6147082,-0.50753313,-0.45352858,-0.43199703,-0.40778124,-0.39193246,-0.37853006,-0.36315456,-0.34916446,-0.33853102,-0.3241464,-0.30651844,-0.29181105,-0.27762273,-0.26414904,-0.25153834,-0.23991512,-0.23905456,-0.22716384,-0.21220905,-0.21374914,-0.22249681,-0.22645976,-0.23014773,-0.21522743,-0.20573863,-0.18746538,-0.16950998,-0.14738363,-0.12313194,-0.09979421,-0.076948814,-0.06066977,-0.041009504,-0.02369298,-0.010105571,-0.00082070666,0.004857396,0.0044225603,-0.01084693,-0.026500305,-0.055354636,-0.104974724,-0.11966997,-0.11723986,-0.11799221,-0.11491284,-0.10562154,-0.08815088,-0.062197596,-0.03360281,-0.0059682657,0.016553547,0.03823233,0.054744042,0.06728602,0.07057282,0.064326316,0.04335792,0.008647043,-0.043913003,-0.0966141,-0.15343766,-0.24728535,-0.32720146,-0.42520714,-0.6612821,-0.7614502,-0.8467096,-0.8920115,-0.9123328,-0.9283014,-0.92714196,-0.9198114,-0.90825063,-0.87789094,-0.8413231,-0.802915,-0.76047254,-0.71886003,-0.67668855,-0.6374995,-0.5984806,-0.5617306,-0.52567023,-0.49009088,-0.4552359,-0.42018673,-0.38572848,-0.35448754,-0.32819104,-0.30266967,-0.28631455,-0.27994955,-0.27914402,-0.28391564,-0.29526436,-0.3110665,-0.32827657,-0.34660745,-0.3633183,-0.36514866,-0.37873653,-0.39795437,-0.40919676,-0.41574207,-0.41732833,-0.45228308,-0.4440489,-0.5224314,-0.18351774,-1.7524561,-0.3312288,0.22914602,0.100927286,-0.9018878,-1.0601743,0.28309622,-1.1465816,-1.2046771,-1.1784307,-1.149359,-1.1348546,-1.0982466,-1.0737702,-1.0493426,-1.022709,-1.0018594,-0.9712415,-0.9549297,-0.9535824,-0.95641077,-0.95565766,-0.95072204,-0.9527022,-0.9426129,-0.9326379,-0.92271036,-0.91277033,-0.89554334,-0.88127625,-0.86337346,-0.8499127,-0.83971,-0.82387024,-0.8109568,-0.7986938,-0.7850991,-0.7823221,-0.7870734,-0.7916095,-0.82436293,-0.8594775,-0.8949183,-0.93349606,-0.94605607,-0.96249014,-0.99285775,-1.0088375,-1.0106305,-1.0063323,-1.0305418,-1.0390575,-1.0539598,-1.0736923,-1.0742081,-1.0840323,-1.0877084,-1.1326197,-1.123798,-1.1716243,-1.2515013,-1.2247053,-1.247402,-1.2727102,-1.1167463,-0.790829
710,SSI_ARCA04_20110410,0.243871,0.756129,0.0,-1.5641803,-1.5491225,-1.5304364,-1.5082458,-1.4875208,-1.4684597,-1.4529399,-1.4430966,-1.4359629,-1.4301888,-1.4199396,-1.3998828,-1.3566611,-1.2979563,-1.2556949,-1.2293205,-1.2222131,-1.2401432,-1.2671882,-1.2767142,-1.2780809,-1.2858943,-1.297848,-1.3000814,-1.3058525,-1.3225594,-1.3345251,-1.3472499,-1.3427337,-1.2844064,-1.1047378,-0.8799515,-0.6538213,-0.46107772,-0.3353064,-0.27197877,-0.24561132,-0.2188912,-0.20069332,-0.18544768,-0.16728298,-0.1514743,-0.13862054,-0.122301765,-0.10208373,-0.086493574,-0.06991374,-0.054096404,-0.040044945,-0.026442109,-0.02471492,-0.010614963,0.007633051,-0.0029093425,-0.0027911973,-0.012661412,-0.021275152,-0.006997918,0.0024658593,0.022377957,0.042522255,0.071365364,0.100190595,0.12913865,0.1570061,0.17756186,0.20148657,0.22146083,0.23613657,0.24749956,0.25115025,0.25038224,0.2304324,0.20697875,0.1633572,0.093742855,0.071019575,0.070400804,0.068299785,0.0685626,0.07887735,0.09824453,0.12800884,0.16131625,0.19363604,0.22098102,0.24611008,0.26406723,0.27610755,0.27803782,0.26647758,0.2365631,0.18944475,0.12172962,0.053373158,-0.011511746,-0.06158408,-0.2321534,-0.2966633,-0.5722278,-0.7523319,-0.84006625,-0.8925903,-0.9199058,-0.9409088,-0.9401895,-0.93397975,-0.9220589,-0.8911998,-0.85214853,-0.81180567,-0.7658629,-0.72015154,-0.674512,-0.63135666,-0.5875182,-0.54671824,-0.5067329,-0.4669179,-0.42867145,-0.39080125,-0.35363108,-0.3202685,-0.2904314,-0.2641079,-0.24769692,-0.24088107,-0.24102797,-0.24606907,-0.25862238,-0.2776445,-0.29757538,-0.31971356,-0.3390577,-0.3452583,-0.36411119,-0.38679576,-0.40197483,-0.4096878,-0.413789,-0.4339603,-0.41619408,-0.49647996,-0.48583928,-1.7524561,-0.5717961,0.42877254,-0.10405959,-0.98091537,-1.0969483,0.4173399,-1.1740725,-1.267465,-1.2056319,-1.1822214,-1.1729306,-1.1356897,-1.1062064,-1.0849776,-1.0617878,-1.0350224,-1.0123492,-0.9934086,-0.98860615,-0.99129546,-0.9865582,-0.982886,-0.9804921,-0.97074765,-0.95821095,-0.94944346,-0.9356515,-0.9188556,-0.90433896,-0.88537997,-0.87345856,-0.8584217,-0.8442613,-0.83002824,-0.81602347,-0.8039817,-0.8038742,-0.8071059,-0.8147894,-0.84890276,-0.8821328,-0.9195801,-0.94933736,-0.96334904,-0.98876697,-1.0160809,-1.0328926,-1.0379024,-1.0340332,-1.0553497,-1.0700349,-1.0786676,-1.0940219,-1.083553,-1.1022968,-1.1199067,-1.1447258,-1.1702629,-1.1919801,-1.2337486,-1.259606,-1.2731243,-1.3075347,-1.1281737,-0.8220267
726,SSI_SALE04_20110410,0.345989,0.654011,0.0,-1.4488964,-1.4243164,-1.3975192,-1.3707361,-1.3464313,-1.3315327,-1.3227983,-1.315914,-1.3095937,-1.30277,-1.2944756,-1.2715516,-1.2182038,-1.1451925,-1.0958692,-1.0642675,-1.0601302,-1.0908192,-1.1225452,-1.1449577,-1.1497728,-1.1578823,-1.1774515,-1.1779009,-1.1855927,-1.2040335,-1.2176409,-1.2301295,-1.2249585,-1.1674559,-0.94752705,-0.6288728,-0.27006483,0.056095526,0.27273542,0.3801551,0.41884762,0.4559885,0.4770562,0.4950414,0.51531214,0.5338823,0.54679954,0.56385666,0.5862781,0.60535127,0.62387353,0.64062726,0.6569579,0.67080796,0.669985,0.68165416,0.69283366,0.71736515,0.64868474,0.64983326,0.6225766,0.6268862,0.6434915,0.67422074,0.7043219,0.79708225,0.83108026,0.8664033,0.9013575,0.92653537,0.95390606,0.9689625,0.97447175,0.9742086,0.97132283,0.9547449,0.9174528,0.87355506,0.78999865,0.6774685,0.6300164,0.60957223,0.5927802,0.58050454,0.5875114,0.6100069,0.6447912,0.68109393,0.7190507,0.7487686,0.77120715,0.7885417,0.79348505,0.7844927,0.75435805,0.70203286,0.62347806,0.5258793,0.42604384,0.3543188,0.27573055,0.17434692,-0.21841583,-0.42547077,-0.63958627,-0.77195853,-0.83026004,-0.8633848,-0.8861345,-0.8877254,-0.8805162,-0.86430347,-0.82948893,-0.7836905,-0.7346347,-0.68039477,-0.6235565,-0.5669366,-0.51147187,-0.45671162,-0.40476438,-0.3541677,-0.30439684,-0.25754002,-0.21205491,-0.16872515,-0.12786114,-0.09522324,-0.064675145,-0.04340116,-0.03152551,-0.0334135,-0.04905881,-0.07667828,-0.10724169,-0.13076825,-0.15624721,-0.1730415,-0.18629281,-0.21082063,-0.23657316,-0.25419563,-0.26404995,-0.26323122,-0.27285966,-0.2881246,-0.345164,-0.28931656,2.3274302,0.84636015,0.7310604,4.7363486,-0.6912682,-0.96719223,-0.41300043,-0.7611712,-1.2023133,-1.2032568,-1.1796333,-1.1495249,-1.1260598,-1.1001694,-1.0763128,-1.0571035,-1.0219598,-0.9994788,-0.9823359,-0.9748895,-0.9657694,-0.95668304,-0.95026207,-0.9372051,-0.9215466,-0.9077556,-0.89205706,-0.87197083,-0.8507287,-0.8318634,-0.8108534,-0.79278415,-0.7771739,-0.75928336,-0.7436525,-0.7242013,-0.7132296,-0.70398164,-0.7063844,-0.7230777,-0.75426376,-0.80563575,-0.8465952,-0.88061064,-0.910171,-0.9406341,-0.9753954,-0.99021846,-0.9914143,-1.0097297,-1.0205886,-1.0389669,-1.0467557,-1.0611804,-1.0647153,-1.0885777,-1.1039253,-1.1308465,-1.160155,-1.2145094,-1.2294679,-1.2470474,-1.2514906,-1.199871,-1.0525575,-0.2578968
730,SSI_SALE12_20110410,0.213019,0.786981,0.0,-1.4158713,-1.3948517,-1.3697894,-1.3455228,-1.3244877,-1.3109933,-1.3032472,-1.2978423,-1.2919685,-1.2863749,-1.2795879,-1.2608273,-1.214929,-1.1469073,-1.0971863,-1.0643902,-1.0584952,-1.0869017,-1.1170697,-1.1373053,-1.1430143,-1.15303,-1.1707559,-1.1716064,-1.1784959,-1.1959659,-1.2086539,-1.2197161,-1.2151822,-1.165626,-0.9608451,-0.6619994,-0.34517345,-0.06335685,0.12405688,0.21586326,0.24540098,0.28214988,0.3006591,0.3152523,0.33239096,0.3484419,0.35740063,0.37298995,0.39509,0.4140482,0.43026367,0.44601566,0.46034643,0.473237,0.46248636,0.4732316,0.48804477,0.48815578,0.43386856,0.4279087,0.41446656,0.43435633,0.44811165,0.4780273,0.5034207,0.5549164,0.58856785,0.6204858,0.6496379,0.6741401,0.70091265,0.7157081,0.72506315,0.7296228,0.725532,0.7094236,0.6601232,0.61801463,0.5616625,0.48016444,0.46284536,0.4566609,0.4484127,0.44368407,0.4533984,0.47773284,0.5132447,0.54937774,0.5825739,0.6091581,0.6318889,0.65123063,0.65990704,0.65604156,0.6337473,0.5913082,0.5306867,0.44338492,0.35607404,0.25433493,0.12875383,-0.13938971,-0.21080813,-0.49982086,-0.6274138,-0.71543616,-0.7591229,-0.7696404,-0.78525925,-0.77741677,-0.76455605,-0.7488364,-0.7072909,-0.654339,-0.60153013,-0.544995,-0.4889287,-0.43280128,-0.379028,-0.32754493,-0.27765897,-0.230406,-0.1843658,-0.14026137,-0.09749254,-0.055395186,-0.017144974,0.0140969185,0.041773535,0.06213496,0.07078025,0.06963725,0.05380367,0.025341172,-0.00056174526,-0.022924043,-0.044898834,-0.06242512,-0.07115502,-0.092080876,-0.112580545,-0.1308698,-0.13885917,-0.14346017,-0.16442272,-0.20660725,-0.20256776,-0.08237555,-1.7524561,-1.7524561,1.1979259,0.19969429,-0.8502147,-0.92802477,-0.13042785,-0.9314711,-1.1237859,-1.0894387,-1.044366,-1.0001973,-0.9509444,-0.9262752,-0.8959095,-0.8690536,-0.84498125,-0.80676633,-0.7899991,-0.7855265,-0.7884493,-0.784507,-0.77774125,-0.766373,-0.7580334,-0.74183923,-0.7268623,-0.7063898,-0.680863,-0.6614567,-0.6442319,-0.62600154,-0.6098929,-0.59185475,-0.57628083,-0.5568203,-0.5391298,-0.5350913,-0.5310562,-0.5546925,-0.587282,-0.63956815,-0.6929559,-0.72841877,-0.7657204,-0.7899803,-0.8207651,-0.8350506,-0.8327978,-0.8508154,-0.8791528,-0.8890581,-0.9025821,-0.8968216,-0.91160744,-0.9287834,-0.93998265,-0.98886955,-1.045956,-1.0402389,-1.0648049,-1.1235667,-1.078143,-1.1957365,-1.0649341,2.1682253
734,SSI_BAPI04_20110507,0.85202,0.14798,0.0,-1.6649295,-1.6435876,-1.6229439,-1.6026297,-1.5828278,-1.5649679,-1.5503538,-1.5423964,-1.5335021,-1.5260991,-1.5105604,-1.4750124,-1.3976392,-1.2961545,-1.2326642,-1.1987702,-1.196557,-1.2351898,-1.2843845,-1.306731,-1.3158766,-1.332812,-1.3584448,-1.363746,-1.3787236,-1.4091088,-1.4318188,-1.4557546,-1.4506065,-1.3616831,-1.0718673,-0.6593028,-0.15952069,0.32085645,0.65367347,0.8310223,0.90389824,0.9563832,0.9880464,1.0163337,1.0459958,1.0732688,1.1015954,1.1218126,1.1438241,1.1650407,1.1903207,1.2145846,1.2329468,1.2523118,1.2584914,1.2772577,1.2981235,1.3054922,1.2716631,1.2409236,1.1764841,1.1622779,1.1661843,1.1967803,1.2409846,1.2341348,1.2844462,1.3418508,1.3883678,1.4363936,1.4673555,1.490851,1.5051316,1.508029,1.5022808,1.4955199,1.4766656,1.3655078,1.2107918,0.9989179,0.89660734,0.8581142,0.83101416,0.80616856,0.8108135,0.83719647,0.8877645,0.94272536,0.9921302,1.0347284,1.0674434,1.0866392,1.0898395,1.0727668,1.0282396,0.94988024,0.8328355,0.69235784,0.55134004,0.4832049,0.588382,0.10944847,-0.048820883,-0.38036695,-0.78671324,-0.95066756,-1.0311592,-1.0707235,-1.0957116,-1.1010113,-1.097186,-1.0756451,-1.0396389,-0.99352443,-0.9458426,-0.8886049,-0.83110726,-0.77213395,-0.7152078,-0.65993166,-0.6061042,-0.5551109,-0.5051693,-0.45657453,-0.41063693,-0.3666199,-0.3296596,-0.2973093,-0.2701312,-0.25063384,-0.2491336,-0.2582045,-0.2820377,-0.32137367,-0.35865417,-0.39490643,-0.42466232,-0.44660556,-0.45982814,-0.48820195,-0.51983577,-0.5396989,-0.5467375,-0.5495807,-0.57587975,-0.48981848,-0.4604308,1.2979131,-1.7524561,-1.7524561,-1.7524561,-1.7524561,0.45934469,-0.8470045,-1.7524561,-0.91697437,-1.3470341,-1.420813,-1.4136934,-1.4029737,-1.3824934,-1.3682306,-1.3521625,-1.3369559,-1.3139359,-1.2955339,-1.2797214,-1.2742027,-1.2679545,-1.2634825,-1.2479633,-1.2372692,-1.222354,-1.2078047,-1.1899893,-1.1746306,-1.152792,-1.1379315,-1.1254832,-1.1082995,-1.0935185,-1.0795084,-1.0641341,-1.0542558,-1.0406964,-1.0438901,-1.0450764,-1.0678918,-1.1066738,-1.1349623,-1.1689106,-1.2024215,-1.2217973,-1.2393789,-1.2569904,-1.2756809,-1.2777821,-1.2963933,-1.3103269,-1.3263781,-1.3276691,-1.3329754,-1.3638455,-1.3766559,-1.3950897,-1.4095439,-1.4337739,-1.4474256,-1.4566731,-1.4563813,-1.4486723,-1.4576749,-1.0634886,0.8259036
735,SSI_BAPI05_20110507,0.813152,0.186848,0.0,-1.6746823,-1.6567231,-1.6366316,-1.61441,-1.5917441,-1.5725415,-1.5579568,-1.5500427,-1.5414963,-1.5346495,-1.5209421,-1.4864584,-1.4111699,-1.3143703,-1.2546413,-1.2222908,-1.2209338,-1.2586776,-1.3029989,-1.3281994,-1.3383563,-1.3525472,-1.3779092,-1.3832941,-1.3978252,-1.4275135,-1.4501299,-1.4739435,-1.4693215,-1.3830041,-1.0995758,-0.71183544,-0.27403116,0.11472107,0.3685072,0.49639043,0.5332408,0.584449,0.60826665,0.62822914,0.65127647,0.6722778,0.6930971,0.70923966,0.72906095,0.74640787,0.76743,0.78840005,0.8039291,0.8223691,0.8236887,0.84321827,0.8667055,0.8740333,0.8412366,0.8232032,0.7780514,0.7794371,0.7892996,0.82550794,0.866497,0.8414887,0.8835153,0.93145,0.97028583,1.0099882,1.0365603,1.0545896,1.0652658,1.066904,1.0595062,1.0462545,1.0249157,0.93735915,0.81204426,0.6423687,0.5679159,0.53969306,0.51940227,0.50001335,0.5047616,0.52502203,0.56571287,0.60939246,0.6477693,0.6803299,0.7051601,0.71896845,0.72158307,0.7043238,0.66298723,0.5917022,0.4887506,0.36486515,0.2430659,0.17224497,0.30073434,-0.29052758,-0.38836157,-0.62254626,-0.9412035,-1.093224,-1.1497296,-1.1802998,-1.2014865,-1.2053549,-1.2012731,-1.1841285,-1.1518934,-1.111262,-1.0666307,-1.0160521,-0.9637816,-0.9093964,-0.8556827,-0.8029523,-0.7514818,-0.70394576,-0.6565369,-0.61247385,-0.57191586,-0.5330738,-0.5014847,-0.47298354,-0.44965586,-0.4328569,-0.43042645,-0.43510994,-0.45115831,-0.48040786,-0.50811905,-0.5387311,-0.5636945,-0.5847616,-0.59883314,-0.62605566,-0.65468293,-0.6727686,-0.68183917,-0.68472505,-0.75067484,-0.7115016,-0.7116888,0.51556456,5.725251,-1.7524561,-1.7524561,-1.7524561,0.0805627,-1.1192722,-1.7524561,-0.99683195,-1.3543234,-1.4797142,-1.4804758,-1.4699557,-1.451514,-1.4374325,-1.4199207,-1.4039713,-1.386716,-1.3716351,-1.360668,-1.3417828,-1.334831,-1.3264071,-1.3116622,-1.3003424,-1.286525,-1.2681072,-1.2539568,-1.2379007,-1.2190827,-1.2081736,-1.1941189,-1.1799947,-1.1722944,-1.1557819,-1.1425548,-1.1318277,-1.1222688,-1.1224861,-1.1248788,-1.1445129,-1.1717621,-1.1953696,-1.2234224,-1.2541791,-1.2765613,-1.2965447,-1.3173685,-1.3301352,-1.3258506,-1.3451351,-1.3651651,-1.3775115,-1.376747,-1.4004966,-1.4170697,-1.4178524,-1.4479548,-1.4617672,-1.4867923,-1.4810028,-1.4945186,-1.4953883,-1.5277488,-1.406244,-1.0327141,0.99533844
744,SSI_ARCA04_20110509,0.556034,0.443966,0.0,-1.5125604,-1.4984931,-1.4788773,-1.4565837,-1.4319862,-1.4064767,-1.3830631,-1.3656883,-1.3517463,-1.3409477,-1.3271859,-1.3024125,-1.2569194,-1.1985302,-1.1563762,-1.1281523,-1.1163288,-1.1251047,-1.1420571,-1.1465453,-1.1430215,-1.1457015,-1.1539956,-1.1505793,-1.151203,-1.1641632,-1.1739265,-1.1858021,-1.178603,-1.1151962,-0.94150937,-0.73703057,-0.5392815,-0.3673072,-0.250027,-0.18843766,-0.16658732,-0.12867273,-0.105231695,-0.08564622,-0.063952245,-0.043293532,-0.027968064,-0.008809245,0.016416937,0.036414575,0.0562596,0.07567679,0.09491812,0.113109805,0.116547585,0.13549057,0.157291,0.15869449,0.14796536,0.15104297,0.14857385,0.17001551,0.18454576,0.20940955,0.23218834,0.26931167,0.29976767,0.32973734,0.35719776,0.38580692,0.41130033,0.42943513,0.4489299,0.46024007,0.4663217,0.46158397,0.4353384,0.408161,0.37281793,0.3119807,0.2971977,0.29727903,0.29459548,0.2967632,0.30721843,0.32895038,0.36067292,0.3974777,0.43270487,0.4620119,0.48637438,0.5061583,0.52095485,0.5246296,0.5137722,0.4839652,0.437713,0.36975995,0.29998153,0.22057457,0.06915438,-0.116827235,-0.18276083,-0.35107663,-0.47982928,-0.5870939,-0.636278,-0.6676548,-0.6856409,-0.68356293,-0.6756026,-0.66410625,-0.6304414,-0.5874602,-0.5436854,-0.49564663,-0.44887078,-0.4029485,-0.3600574,-0.3182029,-0.27773762,-0.24003595,-0.20207216,-0.16387898,-0.12567762,-0.08759568,-0.05386818,-0.026951151,-0.0005804428,0.01327855,0.015112081,0.012043691,0.003384962,-0.013012811,-0.032285452,-0.055187877,-0.0798349,-0.09829291,-0.10032405,-0.1150006,-0.13612968,-0.1478541,-0.15490566,-0.1557259,-0.1832846,-0.19188817,-0.21299657,-0.33913496,-0.31315398,-0.5273,-0.33648798,-0.56331384,-0.711677,-0.82122934,-0.888391,-1.0954932,-1.0230887,-1.0082341,-0.9806078,-0.9490667,-0.909315,-0.8695634,-0.8415104,-0.8153922,-0.7905148,-0.76066744,-0.74790543,-0.745155,-0.7509794,-0.75190246,-0.7543374,-0.75106156,-0.74800533,-0.73864377,-0.72997,-0.71689314,-0.7051276,-0.6881026,-0.6771865,-0.66194516,-0.6442498,-0.62755716,-0.61294705,-0.5947651,-0.58483917,-0.57280695,-0.5830745,-0.5985251,-0.6360523,-0.67353266,-0.72272384,-0.75352603,-0.76910824,-0.7972754,-0.82923305,-0.835781,-0.8339524,-0.8486681,-0.8707329,-0.8744379,-0.8825505,-0.89319193,-0.8991978,-0.9122505,-0.9300095,-0.94664496,-0.9922938,-0.98263943,-1.0537236,-1.0409125,-1.1010675,-1.1499864,-0.99974793,-1.0268058
750,SSC_ARCA03_20110510,0.524778,0.475222,0.0,-1.5530417,-1.5385647,-1.520695,-1.5003414,-1.477194,-1.4515998,-1.4269278,-1.408357,-1.3951588,-1.3851306,-1.3720975,-1.3490063,-1.3062192,-1.2518175,-1.2102276,-1.182746,-1.1697986,-1.1753418,-1.1891506,-1.1946322,-1.1893227,-1.1924195,-1.2003913,-1.1976626,-1.1990848,-1.2149162,-1.2265458,-1.2433354,-1.2381967,-1.1678575,-0.9929848,-0.8026879,-0.6298216,-0.48200184,-0.37888578,-0.32240283,-0.30411616,-0.2625157,-0.23895277,-0.21862629,-0.19689187,-0.17698726,-0.16264296,-0.14259669,-0.117347725,-0.096227415,-0.07752318,-0.058682688,-0.04106408,-0.024651699,-0.025758011,-0.010049128,0.009048457,0.0048184814,-0.016923057,-0.014226867,-0.015882537,0.0041405777,0.01668221,0.043329876,0.066624716,0.07485796,0.0990428,0.12758979,0.15274598,0.17431818,0.18993475,0.20768061,0.21881537,0.224179,0.22233495,0.20989756,0.17547193,0.14268598,0.107275456,0.043677766,0.029704485,0.027834494,0.022186074,0.018842012,0.02848108,0.045809407,0.07366762,0.10618457,0.13481617,0.15857646,0.17984974,0.19457489,0.202453,0.20158404,0.18531446,0.15483075,0.107012056,0.040892996,-0.02411169,-0.09859347,-0.22004135,-0.41662553,-0.4939303,-0.6217711,-0.7473321,-0.8236422,-0.85800475,-0.8733064,-0.8878207,-0.88316524,-0.8747338,-0.8673711,-0.83670664,-0.797266,-0.75883204,-0.71902347,-0.6795035,-0.6405505,-0.6036564,-0.5697674,-0.5365491,-0.5050287,-0.4733299,-0.44257858,-0.40995097,-0.37871984,-0.35129458,-0.32792506,-0.3067497,-0.29559276,-0.29306543,-0.2964124,-0.30549124,-0.322239,-0.33947492,-0.35803387,-0.38046315,-0.39566556,-0.3966182,-0.40640205,-0.4250988,-0.43600208,-0.44492197,-0.4518034,-0.5099289,-0.4980246,-0.5377744,-0.20874766,0.50724554,0.0830004,-0.19302802,-0.36578473,-0.876312,-1.0515695,-0.81773573,-1.1533163,-1.1719772,-1.1969436,-1.1477456,-1.118849,-1.0815359,-1.0517554,-1.025964,-0.99983746,-0.9722481,-0.94990087,-0.9417624,-0.93720996,-0.9357608,-0.93510467,-0.9407882,-0.94056696,-0.93396515,-0.9287499,-0.9225518,-0.9159185,-0.901533,-0.88779104,-0.8729749,-0.8639021,-0.85292447,-0.83808076,-0.82386017,-0.81250966,-0.79501194,-0.7992876,-0.8018881,-0.8109805,-0.84326875,-0.8797365,-0.9143509,-0.94031686,-0.9572092,-0.9703976,-0.99661875,-1.0130793,-1.0065905,-1.0135579,-1.0363172,-1.0440365,-1.0397428,-1.0543022,-1.0797913,-1.0833787,-1.0784501,-1.1153512,-1.1112282,-1.1394362,-1.15877,-1.2103797,-1.1845074,-1.2224071,-0.9750657,-0.17487876
765,SSC_SALE08_20110510,0.589119,0.410881,0.0,-1.3234595,-1.3020338,-1.2787889,-1.2548192,-1.2340411,-1.2184391,-1.2090217,-1.2013918,-1.1939229,-1.1873356,-1.1773148,-1.153006,-1.1005567,-1.0288279,-0.979898,-0.9484055,-0.9400269,-0.9621375,-0.9902254,-1.0032407,-1.0039945,-1.0127667,-1.0265197,-1.0249122,-1.0289583,-1.0480764,-1.0632762,-1.0788529,-1.0734466,-1.0046995,-0.7876177,-0.51316637,-0.23256603,0.004427936,0.15595086,0.23425722,0.2623368,0.29872856,0.31860268,0.33794323,0.35744548,0.37668577,0.39427012,0.41090584,0.42885923,0.44724527,0.46619222,0.48446536,0.5005523,0.5153402,0.52645963,0.5401159,0.55219054,0.56229705,0.55155575,0.5471485,0.52815366,0.52786124,0.5401388,0.55866295,0.5812975,0.6144079,0.64538205,0.67973393,0.71175116,0.7377198,0.7672232,0.7839453,0.7991336,0.8113529,0.8165943,0.8200992,0.8156641,0.7887618,0.7176003,0.6314652,0.5907917,0.5763027,0.5657603,0.56017417,0.5691534,0.595309,0.63249874,0.671988,0.7078504,0.73935163,0.7640761,0.7842693,0.79388124,0.7944092,0.779169,0.74520373,0.6893083,0.61802495,0.53878576,0.47914636,0.4167313,0.3677939,0.09612224,-0.13181767,-0.3543957,-0.4790677,-0.54417616,-0.57764506,-0.59642583,-0.5998307,-0.59414136,-0.5760499,-0.5421169,-0.49900925,-0.4532314,-0.4020406,-0.34992942,-0.30029693,-0.2512413,-0.20459306,-0.15939295,-0.117802545,-0.07539037,-0.034991693,0.006209698,0.045939002,0.08157658,0.11128025,0.13707109,0.15550621,0.15636161,0.14857069,0.12633167,0.09227977,0.05789517,0.030470502,0.005748452,-0.013593954,-0.014239021,-0.03101834,-0.050224487,-0.05154652,-0.05299173,-0.05356411,-0.08679776,-0.076784976,-0.16778268,-0.11250576,1.5913643,1.3011782,-0.5483807,0.66713595,-0.77429533,-0.76738757,-0.9780204,-1.1305653,-1.0250335,-0.95863634,-0.93675977,-0.9157312,-0.86779666,-0.836409,-0.8085093,-0.7910321,-0.76459485,-0.73592097,-0.7178618,-0.71250516,-0.7136269,-0.71450067,-0.7110589,-0.70684755,-0.6939074,-0.68211895,-0.66815186,-0.65371203,-0.6387303,-0.62167645,-0.60603464,-0.5847272,-0.5690926,-0.5595394,-0.5444286,-0.52751184,-0.51794887,-0.5053031,-0.507937,-0.53676397,-0.57746863,-0.63089204,-0.67994744,-0.71942794,-0.7491327,-0.77730894,-0.8053938,-0.8186428,-0.8148383,-0.8371735,-0.8444563,-0.85861975,-0.8597609,-0.86997455,-0.8889662,-0.8820024,-0.9181911,-0.98400784,-0.98835725,-0.9930602,-1.0690427,-1.1057804,-1.105894,-1.11565,-1.1267506,-0.58516544
770,SSC_BAPI01_20110511,0.72535,0.27465,0.0,-1.6478901,-1.6316465,-1.6097285,-1.5845203,-1.5616174,-1.5418307,-1.5274142,-1.5188302,-1.5106814,-1.5036447,-1.4886115,-1.4498326,-1.3649278,-1.248179,-1.1668121,-1.1212301,-1.116995,-1.156293,-1.2109014,-1.2376915,-1.2451637,-1.2664984,-1.2985293,-1.3053505,-1.3196394,-1.3569613,-1.3905841,-1.4267002,-1.4236064,-1.3146849,-0.9774527,-0.53107655,-0.038166072,0.40998614,0.71240115,0.8711382,0.93703216,0.9897801,1.0232654,1.053404,1.0843827,1.1128483,1.1348387,1.1560757,1.1804358,1.2048957,1.2284682,1.249707,1.2697104,1.286448,1.2902334,1.3058696,1.3198891,1.3194181,1.2586861,1.218932,1.1411244,1.1173106,1.1225381,1.1506356,1.1862935,1.2555851,1.3104538,1.3688487,1.4178076,1.4622784,1.4993886,1.5224403,1.5341138,1.5302917,1.5108519,1.4875717,1.4535412,1.3402731,1.1622082,0.9442658,0.83799464,0.7983413,0.76710325,0.742691,0.7402956,0.76333946,0.80395126,0.8526921,0.8938515,0.93156713,0.9566882,0.97014207,0.9669086,0.93942827,0.88414586,0.79567385,0.6715243,0.5269717,0.38202298,0.2918161,0.32868254,0.5121263,0.2998892,-0.60661906,-0.9198093,-1.0830973,-1.1279925,-1.166961,-1.1882998,-1.1940119,-1.1939008,-1.1775886,-1.1443182,-1.1025062,-1.0598927,-1.0086938,-0.9553105,-0.9000187,-0.84452266,-0.7910495,-0.73822254,-0.6888998,-0.63939565,-0.59432155,-0.5506825,-0.5100274,-0.47449547,-0.44450969,-0.41777566,-0.39854756,-0.39303178,-0.39682913,-0.40873024,-0.43538985,-0.4639082,-0.49327496,-0.52254796,-0.5467932,-0.5649429,-0.5977112,-0.631895,-0.65563816,-0.66780335,-0.6735615,-0.6928037,-0.67982507,-0.5887375,0.4898283,-1.7524561,-1.7524561,5.7636523,-1.7524561,-0.11853421,-0.83960813,-1.7524561,0.79120255,-1.2584612,-1.4421371,-1.5158404,-1.491639,-1.4710969,-1.4563506,-1.4411566,-1.4299023,-1.4185402,-1.3954827,-1.3784981,-1.3661522,-1.3569002,-1.3456445,-1.3329716,-1.3173507,-1.3011905,-1.2865821,-1.2699428,-1.2520936,-1.2392972,-1.2210691,-1.2084488,-1.2005069,-1.1879656,-1.175531,-1.1639493,-1.1553487,-1.1437997,-1.1439655,-1.1461555,-1.1583456,-1.1829044,-1.2126626,-1.2377532,-1.2632121,-1.2810471,-1.3031656,-1.3225299,-1.3369313,-1.3398641,-1.3450507,-1.3733275,-1.3860091,-1.3948634,-1.4034275,-1.4218986,-1.4327887,-1.4304172,-1.4848452,-1.4779648,-1.5016216,-1.4903537,-1.5292132,-1.5301653,-1.3360204,-0.99206406,-1.7524561
771,SSC_BAPI02_20110511,0.81817,0.18183,0.0,-1.6817942,-1.667664,-1.646332,-1.6167583,-1.5860441,-1.5596794,-1.5409428,-1.5303969,-1.5220634,-1.5159856,-1.5028844,-1.4701012,-1.3965094,-1.2927736,-1.2206842,-1.1816871,-1.1800187,-1.2205764,-1.2768124,-1.3012383,-1.3074884,-1.3306415,-1.361238,-1.3692272,-1.3816235,-1.4109908,-1.4400206,-1.4686328,-1.4657052,-1.3823142,-1.0941215,-0.6690339,-0.14685823,0.37443295,0.74579996,0.94481456,1.029735,1.0858097,1.1208146,1.152432,1.1834767,1.2121408,1.2359113,1.2559546,1.2787322,1.3023785,1.3255122,1.3462048,1.3653749,1.381374,1.3877028,1.401998,1.4149754,1.412064,1.3570513,1.3123392,1.2285813,1.1976699,1.2003855,1.2261481,1.262489,1.3331702,1.3941895,1.4540397,1.5082148,1.5576193,1.5963331,1.6213963,1.6353146,1.6332387,1.6141264,1.5910754,1.5588169,1.4379058,1.2394056,0.9993776,0.8773458,0.82496923,0.7868946,0.7563166,0.7519858,0.77686197,0.8249068,0.8818147,0.9298495,0.9730699,1.0030491,1.019575,1.0147485,0.98522776,0.9252887,0.8311261,0.69572455,0.53916746,0.38276574,0.28559235,0.38141719,0.4507833,0.34279102,-0.46046153,-1.014689,-1.1409063,-1.1957874,-1.2342322,-1.2564039,-1.2617215,-1.2629274,-1.246026,-1.2140508,-1.1724494,-1.1300966,-1.0801754,-1.0268418,-0.9711374,-0.9156996,-0.8615926,-0.809108,-0.7590848,-0.7092027,-0.6640655,-0.6204246,-0.5810979,-0.5472052,-0.5187186,-0.49265885,-0.4722119,-0.4684496,-0.47333795,-0.49039143,-0.521586,-0.5542493,-0.5861527,-0.6138433,-0.6348268,-0.651235,-0.6821625,-0.7153564,-0.7363043,-0.7467495,-0.75010204,-0.7622188,-0.7393681,-0.6830322,0.17748894,-1.7524561,-1.7524561,5.9516034,-1.7524561,0.3472268,-0.6554377,-1.7524561,0.9551333,-1.2051393,-1.4864372,-1.5310034,-1.5590047,-1.5334394,-1.5227494,-1.5119562,-1.5030142,-1.4920468,-1.4671874,-1.4536619,-1.4425654,-1.4285303,-1.4149414,-1.4017583,-1.3867458,-1.3695652,-1.3521689,-1.3387011,-1.31989,-1.3053417,-1.2916411,-1.2779866,-1.272847,-1.2580906,-1.2471092,-1.2372942,-1.2218603,-1.2142191,-1.2197555,-1.219632,-1.2322807,-1.2531644,-1.2816161,-1.3070422,-1.3341535,-1.3520195,-1.365791,-1.3839924,-1.395043,-1.3976765,-1.4112761,-1.4284389,-1.4326952,-1.4548434,-1.4613436,-1.479991,-1.4906223,-1.5013553,-1.5248895,-1.5160334,-1.5325058,-1.5499374,-1.5407174,-1.51531,-1.3202277,-0.94948494,-1.7524561
774,SSC_BAPI05_20110511,0.679758,0.320242,0.0,-1.6963812,-1.6782967,-1.6593488,-1.6372855,-1.616267,-1.597752,-1.5830319,-1.5741097,-1.5664974,-1.5605389,-1.54778,-1.5162879,-1.4451773,-1.3421953,-1.2716707,-1.2337242,-1.2323551,-1.2743111,-1.3330456,-1.3558193,-1.3626479,-1.386758,-1.4163198,-1.4245099,-1.4389102,-1.4700952,-1.4961151,-1.5228347,-1.5205059,-1.4384521,-1.148684,-0.71466005,-0.16214408,0.42840746,0.88223755,1.1339552,1.2405223,1.3058748,1.3453496,1.3772142,1.4073331,1.4340749,1.4544064,1.4732559,1.496635,1.5177186,1.5388917,1.5567334,1.5707707,1.5813134,1.5774933,1.5843143,1.5926207,1.5621198,1.5030258,1.4251534,1.3036444,1.2582345,1.2501154,1.2691798,1.3076938,1.4027851,1.4752914,1.5480771,1.6162106,1.6691673,1.7098607,1.73422,1.7418662,1.7326287,1.7044624,1.6658872,1.5998455,1.4440291,1.1996595,0.89591455,0.75489,0.6944452,0.6492583,0.61161286,0.6036542,0.6301309,0.6805382,0.73886335,0.79090154,0.8318158,0.86052686,0.87338215,0.86482424,0.8273048,0.7529798,0.64152145,0.4917345,0.31864592,0.15335843,0.06479551,0.020613842,0.058063444,-0.59732884,-0.80068874,-1.168554,-1.2805358,-1.3403503,-1.3688267,-1.3864675,-1.3901248,-1.3894279,-1.3761202,-1.3483136,-1.3138925,-1.2783769,-1.2351822,-1.1897781,-1.1421677,-1.0945146,-1.047604,-1.0021214,-0.9588418,-0.9147012,-0.8740068,-0.83657914,-0.80145746,-0.7725408,-0.7463945,-0.7207237,-0.7012911,-0.69490856,-0.69872576,-0.71540093,-0.7453643,-0.7739755,-0.8005377,-0.82580495,-0.8444781,-0.86263925,-0.8925316,-0.92286235,-0.9433889,-0.95375705,-0.958147,-0.96035177,-0.9689713,-1.0022885,0.748318,-1.7524561,-1.7524561,-1.7524561,-1.7524561,1.8944471,0.3103664,-1.7524561,-0.552378,-1.2797074,-1.5296693,-1.6245077,-1.6114436,-1.602367,-1.5947127,-1.5819999,-1.5743712,-1.5653725,-1.5499638,-1.536521,-1.5259908,-1.5195165,-1.5086964,-1.497852,-1.4852706,-1.4708269,-1.4593672,-1.4470158,-1.4314964,-1.4207445,-1.4097077,-1.400255,-1.3874664,-1.3815383,-1.3724592,-1.36068,-1.3564287,-1.3498601,-1.3497543,-1.353669,-1.3608361,-1.3752441,-1.4007224,-1.4208444,-1.4397478,-1.451995,-1.4701587,-1.4821076,-1.489976,-1.4978694,-1.5028287,-1.5201883,-1.529562,-1.5313566,-1.5385175,-1.568912,-1.5639633,-1.5863417,-1.5924433,-1.5987217,-1.6266007,-1.6180364,-1.6189675,-1.5988915,-1.4682295,-0.6329381,1.8080308
777,SSC_BAPI08_20110511,0.681135,0.318865,0.0,-1.6442358,-1.6273367,-1.6091753,-1.5901399,-1.5714337,-1.5541959,-1.5409676,-1.5322943,-1.5241652,-1.5169697,-1.5038592,-1.4731106,-1.4108714,-1.3283762,-1.272396,-1.2387638,-1.2318888,-1.256493,-1.2915825,-1.3080308,-1.3099637,-1.3225708,-1.3428507,-1.3451614,-1.3529519,-1.3780115,-1.401227,-1.4273076,-1.4231802,-1.336222,-1.0816401,-0.76418465,-0.43112785,-0.13946252,0.055543713,0.15963088,0.19610518,0.2473107,0.27643195,0.30338448,0.3303901,0.35588306,0.37883762,0.4009059,0.42393616,0.4455854,0.46781284,0.4886646,0.50880396,0.52738893,0.5404188,0.5587779,0.5784767,0.57510185,0.5661831,0.5431788,0.500564,0.49178967,0.50013185,0.51961493,0.54857326,0.5901915,0.63394475,0.67878807,0.7197086,0.7564884,0.78566855,0.8077469,0.82006925,0.82813543,0.82743824,0.8209932,0.8068683,0.748677,0.6299755,0.4767748,0.3999098,0.36708948,0.3499529,0.3366068,0.33719298,0.35853812,0.39434445,0.43695995,0.47488844,0.50728875,0.5330171,0.5507896,0.55461794,0.5412384,0.50478446,0.44569805,0.358547,0.25347647,0.14784499,0.09252822,0.124080025,0.17966896,-0.300463,-0.5909146,-0.8485452,-0.9719757,-1.040301,-1.0778382,-1.0968916,-1.1063529,-1.1077636,-1.0923064,-1.0635227,-1.0300325,-0.9948278,-0.95054305,-0.9056246,-0.859157,-0.8130407,-0.767617,-0.72455263,-0.68344355,-0.6418177,-0.60210544,-0.56515193,-0.5292485,-0.4988841,-0.4716436,-0.44836187,-0.4323537,-0.42700398,-0.43105116,-0.44606486,-0.47122723,-0.49516645,-0.52108026,-0.5479254,-0.5652862,-0.57546425,-0.59899116,-0.6248498,-0.6392546,-0.6441784,-0.64272815,-0.6769272,-0.7178485,-0.8303069,0.15076123,-1.7524561,-1.7524561,-1.7524561,-1.7524561,1.8106464,0.30759004,-1.7524561,-0.7131173,-1.1373404,-1.4058453,-1.4022357,-1.3955266,-1.3695107,-1.3497989,-1.3323878,-1.3200141,-1.3098226,-1.2836367,-1.26262,-1.2588662,-1.2543944,-1.2469057,-1.2355247,-1.2261174,-1.2153376,-1.2032561,-1.1909432,-1.1791952,-1.167332,-1.1549911,-1.1466712,-1.1323744,-1.1206751,-1.1137434,-1.1013149,-1.0869243,-1.0849856,-1.0784105,-1.080362,-1.0914581,-1.1212043,-1.1558354,-1.1856358,-1.2086949,-1.2237542,-1.2481923,-1.274342,-1.288367,-1.280422,-1.2878164,-1.3055519,-1.3161367,-1.3325318,-1.3301219,-1.3490887,-1.3539305,-1.3677481,-1.4024637,-1.418688,-1.4338609,-1.4552497,-1.4514545,-1.4531939,-1.4235492,-0.44851798,2.2321708
785,CHI_CECU05_20110519,0.654995,0.345005,0.0,-1.6086829,-1.597886,-1.587333,-1.5708331,-1.5488296,-1.5298411,-1.5167894,-1.5084152,-1.5020962,-1.4958404,-1.4848933,-1.4605811,-1.4119834,-1.3468465,-1.3000776,-1.2706608,-1.265004,-1.2869791,-1.3175879,-1.3285123,-1.3270451,-1.3368291,-1.3512121,-1.3512547,-1.3556001,-1.3744231,-1.3920435,-1.4114108,-1.4089985,-1.3406225,-1.1253543,-0.8288429,-0.47512498,-0.09058823,0.22247145,0.40131748,0.45654753,0.52848107,0.55807585,0.5766215,0.59829617,0.6159411,0.62543035,0.6414128,0.6665059,0.6846827,0.7005906,0.7146993,0.72734123,0.7327273,0.7110365,0.71410686,0.7199103,0.69986564,0.63549125,0.6030732,0.54245216,0.5233072,0.5199096,0.54475033,0.57662547,0.64618534,0.6978769,0.7422217,0.78994983,0.8287379,0.86024475,0.87983865,0.8924684,0.890859,0.8717199,0.830847,0.75159526,0.6710003,0.5395484,0.36771443,0.28460115,0.24849963,0.22446203,0.20065114,0.1970043,0.21832713,0.26164472,0.3132685,0.35521743,0.38756752,0.40958485,0.42738283,0.42979854,0.41259867,0.36705744,0.2908375,0.18690164,0.055912174,-0.07538289,-0.19907518,-0.27351114,-0.47029316,-0.67350376,-0.8955939,-1.068356,-1.1772496,-1.2222505,-1.2446798,-1.2580526,-1.2554733,-1.2528249,-1.2441427,-1.221473,-1.1898563,-1.1590763,-1.125679,-1.0919341,-1.0579962,-1.0260917,-0.99494934,-0.96559924,-0.93706197,-0.90881675,-0.8815443,-0.8547449,-0.8268411,-0.8023455,-0.7807448,-0.764444,-0.757689,-0.7595637,-0.75704104,-0.75488776,-0.76415104,-0.78218997,-0.8027232,-0.8240746,-0.8424084,-0.85265505,-0.870269,-0.889684,-0.9012417,-0.91158265,-0.92000663,-0.95568943,-0.9716765,-0.9963467,-1.0387869,-0.39322972,-0.9674225,-1.1126672,-1.0726813,-1.3517376,-1.4312558,-1.233471,-1.4971669,-1.5235744,-1.5019634,-1.473154,-1.4565444,-1.4331355,-1.4192475,-1.4033917,-1.3926315,-1.3851342,-1.3730869,-1.358751,-1.348623,-1.3481435,-1.3484621,-1.3425264,-1.3395972,-1.3330023,-1.3287657,-1.3233374,-1.3162248,-1.3114606,-1.3052931,-1.2964628,-1.2883885,-1.2809979,-1.2699792,-1.2632561,-1.2559325,-1.2465714,-1.2373368,-1.2382263,-1.247876,-1.2630275,-1.2822441,-1.30056,-1.3169508,-1.3273785,-1.3442731,-1.3605133,-1.3703201,-1.370645,-1.3779157,-1.391454,-1.4019402,-1.4065171,-1.4250935,-1.4342117,-1.4360384,-1.4617457,-1.4835784,-1.4850676,-1.4917003,-1.5392032,-1.5396802,-1.5186063,-1.4423705,-1.1184914,-0.9088498
787,CHI_CECU07_20110519,0.643001,0.356999,0.0,-1.6155063,-1.6064398,-1.5965735,-1.5819973,-1.5617508,-1.5440196,-1.5318217,-1.5242447,-1.5187919,-1.5133616,-1.5040292,-1.481444,-1.4372053,-1.3781871,-1.3361781,-1.3101164,-1.3061287,-1.3255867,-1.3499868,-1.3612307,-1.3597357,-1.365591,-1.3789507,-1.3786734,-1.3813918,-1.3994304,-1.4200432,-1.4433229,-1.4425337,-1.370685,-1.1561301,-0.8685017,-0.518541,-0.13010824,0.1937355,0.38523453,0.44757318,0.51868284,0.5481736,0.5670927,0.5876624,0.6044617,0.61674577,0.6299222,0.64702487,0.66283715,0.6763686,0.6880111,0.69878185,0.7022888,0.6916443,0.6929676,0.6933869,0.6832472,0.64120454,0.5962483,0.51484376,0.4698448,0.4589296,0.47453228,0.5044264,0.5747924,0.6302132,0.6758217,0.725841,0.7634923,0.79702896,0.8161383,0.8308038,0.829921,0.8158142,0.7922529,0.7551866,0.66245574,0.50267047,0.3114359,0.19826977,0.15175653,0.12542437,0.09978346,0.09651688,0.115127854,0.15408063,0.20028888,0.23995298,0.27017853,0.2911773,0.30690524,0.30849546,0.29116634,0.2471602,0.17395534,0.07374825,-0.045633532,-0.16708608,-0.24392341,-0.1991017,-0.41756788,-0.548478,-0.86503863,-1.0689933,-1.1894728,-1.2546142,-1.2836869,-1.2992578,-1.3036267,-1.3041954,-1.2934226,-1.2759162,-1.2524734,-1.2280046,-1.1979275,-1.1680179,-1.138011,-1.108724,-1.0793109,-1.0516729,-1.0255129,-0.99906,-0.9723551,-0.9483558,-0.9236964,-0.9009159,-0.88114846,-0.8668057,-0.86146873,-0.86324674,-0.86137617,-0.8592018,-0.8670859,-0.8817893,-0.90049803,-0.91971385,-0.93535066,-0.94604576,-0.96234804,-0.97836065,-0.9877268,-0.9922419,-0.9935062,-1.0115488,-1.0088614,-1.0074178,-1.1019856,-0.298053,-0.7540595,-1.1105269,-1.1975157,-1.2750701,-1.4214612,-1.2147486,-1.5118563,-1.5001793,-1.4997576,-1.4791552,-1.471266,-1.4601786,-1.450994,-1.4409984,-1.4329746,-1.4300722,-1.4179392,-1.4054774,-1.3973954,-1.3941339,-1.3944162,-1.3891463,-1.3846169,-1.3816154,-1.3756492,-1.3669747,-1.3640476,-1.357534,-1.3530233,-1.3458228,-1.3391029,-1.3328124,-1.324864,-1.3136986,-1.3111713,-1.3012804,-1.2924323,-1.2917581,-1.3021134,-1.31749,-1.3320397,-1.3454815,-1.3653665,-1.3764762,-1.3835238,-1.4018044,-1.4100716,-1.410319,-1.4135162,-1.4307861,-1.4392325,-1.4388081,-1.4458122,-1.4537431,-1.4641842,-1.4871347,-1.4982148,-1.5078051,-1.5341809,-1.5479013,-1.5461608,-1.530557,-1.4813373,-1.3092684,-0.94530547
793,CHC_ADFA01_20110521,0.334992,0.665008,0.0,-1.627672,-1.6124991,-1.5949813,-1.5730923,-1.555057,-1.5430064,-1.5326924,-1.5245763,-1.517542,-1.5113279,-1.498865,-1.4785964,-1.4400259,-1.3868371,-1.3475224,-1.3214966,-1.311282,-1.3218286,-1.3440892,-1.3440777,-1.3398018,-1.3447963,-1.3525056,-1.3478267,-1.3461379,-1.3565305,-1.3639932,-1.372391,-1.3628047,-1.3039424,-1.1296984,-0.8987855,-0.645065,-0.4127598,-0.25380075,-0.16662951,-0.12506561,-0.08992586,-0.064739645,-0.042039156,-0.019731432,0.0017621295,0.020624476,0.039792646,0.060202565,0.07945604,0.09809647,0.113983564,0.13023889,0.14403781,0.15132228,0.16399841,0.1730776,0.18297096,0.16234834,0.16098435,0.14259939,0.14053798,0.14811014,0.16228524,0.18268055,0.25150105,0.28135875,0.31398275,0.34051695,0.36601156,0.38728705,0.4060192,0.42291948,0.43228114,0.4417199,0.44440183,0.4407565,0.4061543,0.3570103,0.27895823,0.24035755,0.22523962,0.21555544,0.21118489,0.21565875,0.2380145,0.27290887,0.31016797,0.345444,0.37314233,0.39848644,0.4187607,0.4318483,0.43403658,0.42317003,0.39630535,0.3539404,0.29417455,0.22545628,0.16802259,0.111255005,0.28531423,-0.34300232,-0.22787482,-0.51350266,-0.65121174,-0.7293954,-0.7764119,-0.7868932,-0.789045,-0.7976548,-0.7816714,-0.7478984,-0.712211,-0.68301266,-0.6475054,-0.61278087,-0.5808531,-0.550953,-0.5229639,-0.4956999,-0.47296506,-0.4465468,-0.42261705,-0.39647445,-0.36900714,-0.3491751,-0.32978466,-0.31549037,-0.31149364,-0.32019278,-0.3267928,-0.3359248,-0.3549323,-0.38181475,-0.41016015,-0.43427792,-0.44801304,-0.44531766,-0.45769638,-0.46919224,-0.47005853,-0.46755397,-0.47080094,-0.52343506,-0.5568902,-0.534374,-1.7524561,0.7556059,-1.7524561,1.4221772,-1.7524561,-0.057744183,1.4719726,1.7396446,2.973839,-1.192165,-1.2986833,-1.2761992,-1.227218,-1.1877247,-1.1558237,-1.1338779,-1.115149,-1.0991025,-1.0609407,-1.036391,-1.0352101,-1.0370113,-1.0379167,-1.0282593,-1.0225208,-1.0180331,-1.0134627,-1.0102773,-1.0032413,-0.9981376,-0.98540044,-0.97979975,-0.97450733,-0.96989816,-0.9537975,-0.94678944,-0.9340401,-0.9209105,-0.9180006,-0.9152039,-0.928928,-0.95615387,-0.986696,-1.022723,-1.0495533,-1.0703338,-1.0993426,-1.115088,-1.1196326,-1.1190058,-1.140765,-1.1531163,-1.1581413,-1.1607695,-1.1931301,-1.174397,-1.2199827,-1.2544011,-1.2940077,-1.2790825,-1.3118851,-1.3764064,-1.3466073,-1.3304441,-1.2209823,-0.24301201,-1.7524561
795,CHC_ADFA03_20110521,0.439277,0.560723,0.0,-1.6002798,-1.5794922,-1.5548224,-1.5231142,-1.4953343,-1.4737767,-1.4545097,-1.438269,-1.4229345,-1.4094703,-1.389906,-1.3601538,-1.3102487,-1.2460405,-1.1968646,-1.1630778,-1.1471041,-1.1531429,-1.1744289,-1.1675705,-1.162232,-1.1647912,-1.1709551,-1.1638155,-1.1601918,-1.1706953,-1.1797345,-1.1922013,-1.1831782,-1.1122526,-0.9201915,-0.678304,-0.41671774,-0.18216403,-0.025675977,0.060276188,0.10070127,0.1380235,0.16447157,0.18829286,0.2108703,0.23180574,0.25505733,0.2730575,0.29003397,0.3072044,0.32506993,0.3398602,0.35391444,0.3659272,0.37691808,0.38789263,0.39900646,0.3853306,0.411284,0.3933091,0.36830458,0.3556566,0.35385603,0.3586884,0.37235188,0.3837981,0.41586512,0.44422373,0.4682333,0.4917623,0.5132968,0.528783,0.547809,0.5590434,0.569282,0.5743752,0.5876844,0.54844075,0.48393807,0.39412054,0.33601785,0.3114822,0.295589,0.28683153,0.2864258,0.304188,0.33854178,0.37506843,0.4103283,0.43754286,0.46148697,0.47941303,0.49026114,0.49028474,0.4762085,0.44676054,0.39841843,0.33435446,0.2588574,0.21509197,0.21526703,0.40486556,-0.15363072,-0.2911564,-0.47486624,-0.67996156,-0.7629076,-0.8107597,-0.83434993,-0.84728396,-0.8496084,-0.83541614,-0.80797374,-0.77476573,-0.7427097,-0.7042067,-0.6653241,-0.6281541,-0.5937965,-0.56179667,-0.5303632,-0.50229466,-0.4724324,-0.4435359,-0.41160116,-0.37822106,-0.3517073,-0.32603732,-0.305649,-0.29382712,-0.29653755,-0.29921973,-0.3090632,-0.33019295,-0.35552046,-0.38258168,-0.40249953,-0.41642758,-0.416504,-0.43141928,-0.44600654,-0.4515159,-0.44916353,-0.44811353,-0.5274449,-0.5280267,-0.6171326,-1.7524561,0.1329976,-1.7524561,0.9032298,-1.7524561,-0.38833869,1.2619,2.6647012,2.5919518,-1.3109113,-1.3468847,-1.3294023,-1.2636539,-1.2302879,-1.197122,-1.1695842,-1.1476921,-1.132482,-1.1099693,-1.0860935,-1.0790379,-1.0783563,-1.0778267,-1.0750966,-1.07409,-1.0686026,-1.0635241,-1.056821,-1.0464644,-1.0362897,-1.0245996,-1.0162175,-1.0025953,-0.9932069,-0.980346,-0.9684249,-0.9571787,-0.94970614,-0.94531745,-0.9397559,-0.9498993,-0.98682934,-1.0208749,-1.0602819,-1.0806586,-1.1047342,-1.1289818,-1.1452203,-1.1587294,-1.1608886,-1.175089,-1.199141,-1.2162241,-1.2026333,-1.2122585,-1.2350839,-1.2547952,-1.2893761,-1.3597072,-1.3382955,-1.365217,-1.3850324,-1.4282116,-1.3987054,-1.3207867,-0.24326526,-1.7524561
796,CHC_ADFA04_20110521,0.591587,0.408413,0.0,-1.5968446,-1.583529,-1.5737976,-1.5602882,-1.5477184,-1.5381124,-1.5298342,-1.523685,-1.5176752,-1.5123203,-1.5027921,-1.4833496,-1.4449944,-1.3932977,-1.3566123,-1.3307896,-1.3208293,-1.3322285,-1.3468826,-1.3589652,-1.3567133,-1.3591157,-1.3679771,-1.365409,-1.36708,-1.3812562,-1.3898519,-1.4013294,-1.3943996,-1.3350673,-1.1570975,-0.9304035,-0.70360047,-0.5140503,-0.3910712,-0.32566264,-0.29871035,-0.26610434,-0.24536464,-0.22704522,-0.20841894,-0.18981683,-0.17500345,-0.15864728,-0.14018132,-0.1237416,-0.1076916,-0.093920715,-0.079066664,-0.066362716,-0.062996686,-0.050721258,-0.041990425,-0.023762396,-0.05776896,-0.0503431,-0.05948154,-0.052285194,-0.04051858,-0.022907216,-0.0009840766,-0.0012091487,0.02533416,0.051636506,0.07264779,0.09330101,0.111772925,0.125523,0.14079227,0.15040796,0.15677647,0.15532613,0.14514904,0.121691525,0.083408944,0.022962257,-0.003659232,-0.013410133,-0.019510452,-0.022638788,-0.017575836,0.0011028063,0.034396056,0.06839958,0.10118753,0.12696798,0.14844693,0.1665178,0.17863055,0.18163267,0.17232853,0.14831524,0.10970942,0.0532972,-0.009998527,-0.06551805,-0.25088206,-0.015092097,-0.54282176,-0.5974923,-0.7887328,-0.8425996,-0.88117474,-0.9094441,-0.92243606,-0.92069066,-0.9175897,-0.9040408,-0.87202966,-0.8342011,-0.7994443,-0.7620402,-0.72441286,-0.68842095,-0.65429497,-0.6215505,-0.58955926,-0.56154644,-0.5315969,-0.50259626,-0.47308707,-0.44130692,-0.41739365,-0.392519,-0.374825,-0.3649216,-0.3702102,-0.3721364,-0.38014868,-0.39993444,-0.42540532,-0.45215362,-0.47233963,-0.4845254,-0.48492438,-0.4963174,-0.50922924,-0.51347584,-0.5149182,-0.5148676,-0.56079036,-0.5630612,-0.71023226,-1.7524561,0.59780675,-1.7524561,0.78160745,-1.7524561,-0.64437985,1.080738,1.8683224,1.995485,-1.2516485,-1.3806403,-1.2786814,-1.2198719,-1.180787,-1.1430888,-1.1161435,-1.0940049,-1.0756665,-1.0599142,-1.0392299,-1.0314192,-1.0304788,-1.0275117,-1.0279627,-1.0260906,-1.0198371,-1.0174682,-1.0111693,-1.0019871,-0.99699754,-0.98649216,-0.9803042,-0.97225434,-0.9580701,-0.9444255,-0.9363319,-0.92555386,-0.9142975,-0.9020232,-0.90270877,-0.9200264,-0.94985825,-0.98359627,-1.0291717,-1.0478649,-1.0681286,-1.0951968,-1.1157943,-1.125636,-1.1242028,-1.130889,-1.1558888,-1.1537907,-1.1655158,-1.1812283,-1.1956967,-1.2256304,-1.251816,-1.2842647,-1.2995591,-1.3286959,-1.4153098,-1.37402,-1.417205,-1.2386961,-0.28586873,-1.7524561
802,CHC_ADFA10_20110521,0.598036,0.401964,0.0,-1.6624067,-1.6472806,-1.6312126,-1.6114006,-1.5936352,-1.5813674,-1.5685177,-1.5575643,-1.5494401,-1.5417564,-1.5287412,-1.4979185,-1.440478,-1.3660249,-1.3149513,-1.2833202,-1.2747648,-1.2940252,-1.32399,-1.3322701,-1.3310522,-1.341322,-1.3598852,-1.3615701,-1.3672715,-1.3934349,-1.418024,-1.4474651,-1.4466357,-1.359893,-1.1131488,-0.7922815,-0.42768982,-0.07791688,0.16607606,0.29674897,0.35377538,0.39179128,0.4164111,0.43704084,0.45830137,0.47638145,0.4916679,0.5076048,0.526257,0.5415827,0.55738306,0.57042044,0.5819405,0.5900428,0.58774304,0.5939967,0.6000098,0.58826655,0.5648177,0.5324258,0.48497742,0.46606228,0.46124485,0.4757441,0.5001853,0.49816343,0.52970785,0.57721,0.609772,0.6403241,0.66546136,0.68291414,0.6967901,0.70083624,0.6960581,0.69132173,0.6634397,0.58757055,0.49246114,0.34771153,0.26860607,0.23623776,0.21579571,0.19524345,0.19338948,0.21158548,0.25066903,0.29505658,0.33463773,0.365736,0.38880834,0.4067337,0.41004434,0.39914855,0.36692587,0.31133237,0.22867087,0.12692708,0.01493083,-0.053030293,-0.08426155,-0.026364865,-0.33971527,-0.75361216,-0.94452304,-1.0981793,-1.1449534,-1.1766741,-1.1974636,-1.2023956,-1.1986657,-1.1875311,-1.1604968,-1.1268159,-1.0921433,-1.053745,-1.014954,-0.97675085,-0.9392388,-0.90352786,-0.8699645,-0.83823967,-0.8051692,-0.7743761,-0.7442462,-0.7131554,-0.6864818,-0.66282725,-0.64312375,-0.63311857,-0.63407344,-0.63709146,-0.6426161,-0.660527,-0.68415767,-0.7092442,-0.7304837,-0.74633735,-0.7544186,-0.77299553,-0.7920695,-0.8043189,-0.80770725,-0.8101593,-0.8149057,-0.86075664,-0.8712292,-1.7524561,-1.7524561,-1.7524561,-1.7524561,-1.7524561,-1.7524561,-0.36807647,-1.7524561,-0.26304296,-1.2500296,-1.4401662,-1.520106,-1.4840823,-1.4514029,-1.4317634,-1.415536,-1.4040107,-1.3893914,-1.3658593,-1.3456175,-1.3381655,-1.3315817,-1.3257246,-1.3137013,-1.310001,-1.29771,-1.2906321,-1.283347,-1.2723734,-1.2672331,-1.2534248,-1.247751,-1.2352884,-1.2209978,-1.2097547,-1.203193,-1.1894145,-1.1754338,-1.1684599,-1.1648479,-1.1767267,-1.204559,-1.22986,-1.2535731,-1.270455,-1.2919432,-1.3114204,-1.3275813,-1.3447622,-1.3461888,-1.3479561,-1.3725219,-1.3768417,-1.3889608,-1.4035939,-1.4102703,-1.4445912,-1.4469742,-1.4556528,-1.4722687,-1.5283794,-1.5391686,-1.5501122,-1.4877024,-1.3139092,-0.08458724,5.983126
803,CHC_ADFA11_20110521,0.357878,0.642122,0.0,-1.6328146,-1.6305943,-1.6237534,-1.6119499,-1.6040787,-1.593753,-1.5880897,-1.5835563,-1.5794219,-1.5754424,-1.5674428,-1.5519253,-1.5184486,-1.4692775,-1.4339585,-1.4117287,-1.4052105,-1.419457,-1.4444891,-1.4490873,-1.4474717,-1.4567647,-1.4663327,-1.4654802,-1.4677036,-1.479987,-1.4899882,-1.5007788,-1.4955931,-1.447868,-1.2886847,-1.0745398,-0.8433107,-0.6450858,-0.519181,-0.45320663,-0.41399595,-0.39585474,-0.37754738,-0.36065716,-0.3428983,-0.32737908,-0.31030574,-0.29648346,-0.28261185,-0.2709559,-0.25563428,-0.24358194,-0.23168129,-0.2210634,-0.2116057,-0.201633,-0.19144434,-0.18718351,-0.18340006,-0.19490807,-0.21155159,-0.22047946,-0.21808851,-0.21050535,-0.19374742,-0.16871756,-0.13991337,-0.120258,-0.09620801,-0.07145114,-0.05353793,-0.033612978,-0.021537619,-0.010330994,0.00085821864,0.0076815477,0.01129462,-0.012313287,-0.06214092,-0.12403059,-0.17003421,-0.18837571,-0.19433896,-0.20076601,-0.19766982,-0.17954147,-0.14868708,-0.114257604,-0.08316038,-0.056112237,-0.031526096,-0.010457903,0.000807852,0.0033510725,-0.0041087917,-0.023495138,-0.060048893,-0.11108883,-0.17211537,-0.21944244,-0.36665848,-0.11352138,-0.1386251,-0.6262328,-0.82700086,-0.9405429,-0.9860904,-1.0249907,-1.0365698,-1.0435364,-1.0447443,-1.0321956,-1.0058523,-0.9745086,-0.94803846,-0.91546714,-0.88189214,-0.8495744,-0.81863153,-0.7896423,-0.76282924,-0.7371194,-0.7095998,-0.6856174,-0.6591251,-0.6319634,-0.60819817,-0.5888766,-0.57326865,-0.5650421,-0.5692982,-0.5749336,-0.581488,-0.59825975,-0.6203274,-0.64506733,-0.66539407,-0.67607164,-0.675277,-0.68544555,-0.69588083,-0.6967473,-0.69446725,-0.69517577,-0.7358538,-0.71615213,-0.74766314,-0.28147748,4.8148513,0.86970687,1.0251018,-0.09926413,0.645437,1.0438209,-1.7524561,2.7016683,-1.2122855,-1.3432167,-1.3487775,-1.306647,-1.2810154,-1.2552663,-1.2366056,-1.2237917,-1.2023958,-1.1690807,-1.1577935,-1.1518795,-1.15269,-1.1513327,-1.149233,-1.1371533,-1.1379727,-1.1333454,-1.1258415,-1.1175342,-1.1125641,-1.1043952,-1.1000046,-1.0873423,-1.0754437,-1.061169,-1.0544181,-1.0386437,-1.0307659,-1.0285586,-1.0224689,-1.0404851,-1.0605726,-1.09434,-1.1240089,-1.1496781,-1.1705292,-1.1927466,-1.2066882,-1.2285717,-1.2240696,-1.2346487,-1.244667,-1.2536007,-1.2622421,-1.2460822,-1.2993503,-1.3059853,-1.3161063,-1.3683412,-1.3500727,-1.4303918,-1.4501096,-1.4269184,-1.4520547,-1.2032971,0.7662906,-0.20802943
808,SSC_ARCA04_20110606,0.411941,0.588059,0.0,-1.4787151,-1.4700643,-1.4559399,-1.441239,-1.4265672,-1.4123241,-1.4005986,-1.3911502,-1.3821748,-1.3748727,-1.365481,-1.349304,-1.3259871,-1.296795,-1.2740431,-1.2559268,-1.2441689,-1.2394748,-1.2378843,-1.235029,-1.2282182,-1.2229466,-1.221319,-1.215085,-1.2108493,-1.2159775,-1.218768,-1.2274191,-1.2212038,-1.1733798,-1.0809668,-0.9999825,-0.9381457,-0.8888757,-0.8505115,-0.8263897,-0.8190279,-0.790986,-0.77447194,-0.75980115,-0.7434765,-0.7278825,-0.71574557,-0.69966227,-0.68043613,-0.66510415,-0.64901674,-0.63391906,-0.6182091,-0.6037144,-0.5975318,-0.5838035,-0.5670807,-0.5570586,-0.56973726,-0.5591914,-0.54792845,-0.52316713,-0.50724113,-0.48633265,-0.4686694,-0.45080844,-0.4294551,-0.41109714,-0.39321372,-0.37521145,-0.35705307,-0.3428219,-0.3290065,-0.31887883,-0.30777082,-0.2991836,-0.31137234,-0.31886715,-0.3194318,-0.34277222,-0.33634108,-0.32531032,-0.31716472,-0.31145683,-0.29933038,-0.28148076,-0.2580118,-0.23154853,-0.20683408,-0.18433271,-0.1651594,-0.15020987,-0.13232027,-0.12014313,-0.11686287,-0.12149087,-0.13281026,-0.1568238,-0.18407388,-0.21236144,-0.27885607,1.2802355,0.81621826,-0.27572343,-0.40705097,-0.67253715,-0.67648876,-0.69171697,-0.6927901,-0.6884623,-0.68121386,-0.66889286,-0.6423824,-0.6090252,-0.57556415,-0.54084754,-0.5056773,-0.47509098,-0.4447039,-0.41507843,-0.38838145,-0.36180156,-0.33512807,-0.30598333,-0.27919042,-0.24898589,-0.22137612,-0.19610763,-0.17713638,-0.1662635,-0.16286732,-0.1633884,-0.16988394,-0.18014668,-0.19525607,-0.21062057,-0.23036814,-0.2382979,-0.2320723,-0.23271713,-0.24361256,-0.24744743,-0.24566895,-0.2524168,-0.24548267,-0.24789968,-0.015499237,-1.7524561,0.7148566,-1.7524561,-1.7524561,-1.7524561,-1.7524561,-1.7524561,-1.7524561,-0.60740274,-0.25757858,-0.9018488,-0.8839124,-0.8716988,-0.838558,-0.79273856,-0.7545054,-0.7274659,-0.7070021,-0.67819667,-0.65447664,-0.6475777,-0.6540825,-0.6639713,-0.66967356,-0.67334557,-0.66655284,-0.66164696,-0.6569186,-0.6448038,-0.6290176,-0.6187657,-0.6065596,-0.5883314,-0.5804648,-0.56686264,-0.5485237,-0.53345615,-0.5233889,-0.5091165,-0.5165485,-0.54204243,-0.58139265,-0.63360035,-0.6709789,-0.7058729,-0.72232676,-0.7468263,-0.77830905,-0.78964734,-0.7694119,-0.8033011,-0.8163001,-0.82397276,-0.832403,-0.81957424,-0.8660561,-0.8795,-0.8812358,-0.9170399,-0.9415248,-0.960322,-1.0762359,-1.0413604,-1.0843662,-1.0284383,2.1978023,-1.7524561
811,SSC_ARCA09_20110606,0.392306,0.607694,0.0,-1.5442085,-1.5329639,-1.5148646,-1.4946104,-1.4747319,-1.4559305,-1.4399458,-1.4273455,-1.4167665,-1.4064537,-1.3961432,-1.3779726,-1.3477494,-1.3115377,-1.2847784,-1.265476,-1.2537949,-1.2532276,-1.2546009,-1.2565331,-1.2491728,-1.243746,-1.2435731,-1.2367098,-1.2320343,-1.2383794,-1.2406714,-1.2477813,-1.2398509,-1.1915592,-1.0769807,-0.96041626,-0.86190444,-0.7816076,-0.72574174,-0.6921406,-0.679846,-0.652311,-0.6348966,-0.6186758,-0.60239226,-0.5851586,-0.5722014,-0.55610967,-0.53690857,-0.5206068,-0.50451696,-0.48962075,-0.47429106,-0.45983317,-0.45476776,-0.44037962,-0.42652637,-0.41334084,-0.43693027,-0.42290768,-0.4159766,-0.39490023,-0.3817396,-0.35936493,-0.34276345,-0.3068646,-0.2884525,-0.2702157,-0.2500603,-0.22868581,-0.21333557,-0.19964848,-0.18639179,-0.17426279,-0.16829592,-0.16626479,-0.17128894,-0.16579735,-0.18187153,-0.20984288,-0.20770667,-0.1998468,-0.19355693,-0.1879396,-0.17500088,-0.15921709,-0.13562648,-0.10927575,-0.08215188,-0.058052227,-0.0385156,-0.019328617,-0.0020916741,0.011504033,0.016150964,0.010080563,-0.0040167063,-0.03150296,-0.063969895,-0.09365638,0.24199218,0.72219473,0.3704805,-0.064760916,-0.53978705,-0.6314362,-0.69854593,-0.7274438,-0.7496017,-0.744114,-0.7359213,-0.7271878,-0.6971029,-0.6611234,-0.6223977,-0.5810856,-0.5386736,-0.49909958,-0.4624915,-0.42753908,-0.39458916,-0.3611843,-0.33200535,-0.29762062,-0.26203728,-0.22633354,-0.19308914,-0.16333055,-0.1379604,-0.11990345,-0.11635453,-0.11824673,-0.12083658,-0.13689779,-0.14841783,-0.16678423,-0.18485707,-0.19810161,-0.1985493,-0.20618364,-0.22493427,-0.22735818,-0.23257913,-0.22153282,-0.22971372,-0.15930706,-0.50980043,5.0711813,4.108174,-1.7524561,3.0880373,-1.7524561,3.5559945,-1.7524561,-1.7524561,3.7961662,-0.46415523,-1.0082309,-1.0428861,-1.0013939,-0.9653539,-0.9238514,-0.8922259,-0.85540015,-0.8219906,-0.7931708,-0.7783949,-0.7683783,-0.77785885,-0.78615314,-0.791836,-0.7960928,-0.79124105,-0.7875915,-0.77510804,-0.7671339,-0.7499224,-0.7368526,-0.71740454,-0.699672,-0.68125486,-0.66818607,-0.64916354,-0.6313552,-0.61706245,-0.6148931,-0.6194781,-0.64515954,-0.6857034,-0.7404379,-0.7803533,-0.8064235,-0.8258179,-0.84041214,-0.8724838,-0.8960229,-0.8772086,-0.8999813,-0.92321324,-0.9280684,-0.9301233,-0.9375417,-0.96887815,-0.97167116,-0.97581524,-1.0195705,-1.0455434,-1.085438,-1.0924274,-1.126482,-1.2255365,-1.123594,0.69073933,-1.7524561
814,SSC_ARCA12_20110606,0.451786,0.548213,0.0,-1.5530472,-1.5424739,-1.5249972,-1.5053662,-1.4864892,-1.4688195,-1.4541574,-1.4427403,-1.4335053,-1.4250532,-1.4159399,-1.3997297,-1.3731632,-1.3424445,-1.3181317,-1.300412,-1.2890487,-1.2861755,-1.2871488,-1.2854222,-1.2792093,-1.2744546,-1.2741553,-1.2679101,-1.2638077,-1.2711295,-1.2752395,-1.2858515,-1.280457,-1.2300981,-1.1285416,-1.0377446,-0.9682799,-0.9132216,-0.8736301,-0.8487209,-0.8419792,-0.81590414,-0.8004393,-0.78642446,-0.7719791,-0.7569762,-0.74516046,-0.73052907,-0.7130702,-0.6983385,-0.68334585,-0.6687111,-0.654263,-0.63998395,-0.6355617,-0.62050843,-0.6040681,-0.59892523,-0.6115438,-0.59877473,-0.58899367,-0.566113,-0.5532924,-0.5308273,-0.5147948,-0.5198193,-0.50190777,-0.48443648,-0.46546137,-0.44798616,-0.43217245,-0.41686088,-0.4057259,-0.39228913,-0.38567346,-0.38017964,-0.38616088,-0.39310175,-0.40406367,-0.43003416,-0.4255223,-0.4157355,-0.408341,-0.40318257,-0.39001468,-0.37564126,-0.35201746,-0.32528275,-0.29954588,-0.27791747,-0.25848776,-0.24288698,-0.22681057,-0.21444306,-0.21045569,-0.21680982,-0.23049293,-0.25713557,-0.28390747,-0.31215823,-0.08790232,0.20737502,0.21116549,-0.296621,-0.7314206,-0.7453305,-0.80834913,-0.81913686,-0.83189696,-0.82799774,-0.81464195,-0.80746585,-0.7828746,-0.752507,-0.71822345,-0.6842689,-0.65070224,-0.61902446,-0.58937615,-0.56172305,-0.53546005,-0.508569,-0.48464087,-0.45739454,-0.42842242,-0.39963,-0.3724953,-0.34848142,-0.32880643,-0.3157526,-0.31203914,-0.315415,-0.315018,-0.32677984,-0.33789554,-0.35254952,-0.36978915,-0.3805856,-0.375959,-0.37623432,-0.38848966,-0.3875708,-0.38759556,-0.37946936,-0.3874753,-0.42374066,-0.50485843,4.7140174,2.5566013,-1.7524561,0.97995645,-1.7524561,2.8329113,-1.7524561,5.656534,2.520708,-0.5291238,-1.0054071,-1.0187765,-0.9914177,-0.94534886,-0.91516036,-0.8764428,-0.8478046,-0.82841265,-0.80199546,-0.784564,-0.76780653,-0.77329624,-0.78058463,-0.7846872,-0.78769565,-0.7841364,-0.77773845,-0.77281314,-0.76389486,-0.7516538,-0.73761576,-0.72560376,-0.7122875,-0.69834816,-0.6801691,-0.66633093,-0.65246457,-0.63673884,-0.62660456,-0.63651484,-0.6636156,-0.69532514,-0.73935896,-0.7779186,-0.80995613,-0.825827,-0.84707093,-0.8709652,-0.8850839,-0.8724512,-0.87546164,-0.9101662,-0.93003196,-0.9174643,-0.9265813,-0.9369949,-0.9525409,-0.9673462,-1.0013577,-1.0471197,-1.0781953,-1.130696,-1.1783353,-1.2432665,-1.0094664,0.8173831,-1.7524561
822,SSC_SALE08_20110606,0.413881,0.586119,0.0,-1.2769713,-1.263209,-1.2435769,-1.2226808,-1.2016561,-1.1863701,-1.1745569,-1.1646119,-1.15525,-1.145984,-1.1355561,-1.114508,-1.0709633,-1.0102749,-0.96668434,-0.9360983,-0.9234805,-0.9323099,-0.9416718,-0.9535616,-0.946852,-0.9451255,-0.95155764,-0.94613296,-0.94574153,-0.96095705,-0.97188246,-0.98534954,-0.9778502,-0.90538853,-0.71028554,-0.4896024,-0.29367182,-0.13577932,-0.030064179,0.027494783,0.033667553,0.086775206,0.10963825,0.12963215,0.15126711,0.17388873,0.19070625,0.21256664,0.23941588,0.26245388,0.28509057,0.3074671,0.327933,0.34860784,0.35168523,0.3694622,0.3887027,0.40290654,0.36706844,0.37788942,0.37900147,0.4070997,0.4280078,0.4638181,0.49686068,0.49566987,0.5213028,0.5649086,0.5894085,0.61788046,0.64080745,0.6637421,0.6813181,0.68869543,0.6948766,0.6911911,0.6629673,0.63542724,0.58609974,0.5177627,0.49867293,0.49453822,0.4896081,0.48607567,0.49855492,0.523576,0.56034386,0.6022895,0.64090073,0.67205673,0.69962347,0.71793824,0.73352545,0.73633754,0.7241685,0.6927182,0.64164275,0.5721864,0.4971138,0.44031665,0.6086897,0.099070966,0.41764888,-0.3838815,-0.30600753,-0.46217784,-0.513645,-0.52841854,-0.55018175,-0.5465466,-0.53413486,-0.52008456,-0.4844788,-0.43604168,-0.3873033,-0.3372692,-0.2872091,-0.23882551,-0.1919611,-0.14704695,-0.10439194,-0.06606133,-0.026533844,0.011014624,0.04844892,0.08974929,0.12272515,0.15281877,0.17512253,0.19228093,0.19891168,0.19299273,0.17723079,0.14629707,0.1137433,0.08506367,0.061640408,0.044666518,0.042056687,0.027190128,0.0037738716,-0.008175865,-0.013817157,-0.023014376,-0.09597944,-0.106489226,-0.052876037,1.2400796,-1.7524561,4.9446406,-1.7524561,-1.7524561,-1.7524561,0.67348474,3.7188702,1.6194274,-0.77597815,-0.9932419,-0.8924265,-0.8486333,-0.8077492,-0.77121156,-0.73652196,-0.7011713,-0.67498916,-0.6536148,-0.62719035,-0.61500657,-0.6089181,-0.6018978,-0.60667026,-0.59730136,-0.5890674,-0.5732364,-0.56142086,-0.5412906,-0.52803665,-0.50744337,-0.4858034,-0.4771753,-0.45864776,-0.44313273,-0.42815527,-0.413656,-0.40367466,-0.40629384,-0.40238872,-0.4176553,-0.45920843,-0.51233715,-0.5704416,-0.6019998,-0.63039196,-0.65946543,-0.6976872,-0.6929336,-0.7027876,-0.7111207,-0.7368931,-0.74229205,-0.7433806,-0.7626328,-0.81227565,-0.7881705,-0.8349014,-0.85263973,-0.8810005,-0.89657164,-0.9462925,-1.0273873,-1.0288252,-1.089091,0.71532685,1.619089
823,SSC_SALE09_20110606,0.434955,0.565045,0.0,-1.3970983,-1.3714435,-1.3472446,-1.3229803,-1.3044752,-1.2919164,-1.2824513,-1.2765623,-1.2721623,-1.2682093,-1.2615172,-1.2442223,-1.2068949,-1.1563029,-1.1184322,-1.0940467,-1.0823773,-1.087949,-1.101303,-1.0991472,-1.0921744,-1.0897007,-1.0911552,-1.079534,-1.0741887,-1.0917974,-1.1062092,-1.1321676,-1.1292526,-1.0347047,-0.81417483,-0.60032195,-0.42362344,-0.28580981,-0.19586854,-0.14648333,-0.13018419,-0.09379124,-0.0717912,-0.05198767,-0.031317502,-0.011255238,0.0062993295,0.025927808,0.049986094,0.07017457,0.091203146,0.11157765,0.12919275,0.14633645,0.14915895,0.16528456,0.1864916,0.16968317,0.16848804,0.16042191,0.15243208,0.1720199,0.18074828,0.20641291,0.229347,0.24850033,0.2767061,0.31045195,0.33978072,0.37078318,0.39352432,0.41309693,0.4294711,0.44381636,0.44680986,0.4390632,0.41625005,0.3829464,0.3343701,0.24707815,0.22640471,0.22663446,0.22099902,0.21455535,0.22890715,0.24740863,0.28169507,0.321387,0.35740107,0.38767317,0.41036966,0.4280903,0.44211045,0.44588175,0.43205863,0.39851636,0.3490711,0.2787731,0.20637915,0.15111847,0.2906566,0.75745505,0.20729521,-0.11253777,-0.60346127,-0.69344604,-0.77032405,-0.7939286,-0.807907,-0.8064582,-0.79598147,-0.7867702,-0.75789773,-0.71701056,-0.6741672,-0.6285947,-0.58363926,-0.53968406,-0.497845,-0.45798585,-0.4190859,-0.3821215,-0.34817874,-0.3109201,-0.2752825,-0.23891059,-0.20434485,-0.17580757,-0.15261754,-0.13622923,-0.13137664,-0.1357278,-0.14968085,-0.17627874,-0.20193706,-0.22689483,-0.2490525,-0.2638536,-0.27198437,-0.2857244,-0.30711174,-0.31339505,-0.32028067,-0.3160354,-0.34237105,-0.32747656,-0.5732099,-1.7524561,3.7558131,-1.7524561,2.3158743,-1.7524561,2.9258742,-1.7524561,5.860805,2.7419186,-0.59193027,-1.0636898,-1.1130018,-1.0833664,-1.0505964,-1.017245,-0.99102134,-0.9621581,-0.9456408,-0.92394286,-0.9064891,-0.88989055,-0.8889432,-0.89006984,-0.8931229,-0.8886452,-0.8750102,-0.8659722,-0.85317004,-0.8421927,-0.82511556,-0.80755055,-0.792847,-0.77499926,-0.76067436,-0.7445463,-0.7315617,-0.70899683,-0.7014322,-0.6949985,-0.7029871,-0.72108585,-0.7576008,-0.81212264,-0.8538166,-0.8823766,-0.9021863,-0.93127453,-0.9578987,-0.9703096,-0.95333,-0.9700534,-0.99536663,-1.0105922,-1.0251592,-1.0134463,-1.041908,-1.0498564,-1.0555671,-1.1018707,-1.0970643,-1.1617879,-1.2203311,-1.265608,-1.3321596,-1.1203077,0.32769927,-1.7524561
854,CHI_ADFA08_20110609,0.527218,0.472782,0.0,-1.5962303,-1.5921589,-1.5782171,-1.5583228,-1.5392818,-1.5231663,-1.5091225,-1.4963849,-1.4848386,-1.4753311,-1.461315,-1.4333712,-1.3858945,-1.326557,-1.2814122,-1.2469288,-1.2302477,-1.2317325,-1.2359437,-1.2447972,-1.2364079,-1.2382969,-1.2514068,-1.2503605,-1.2515231,-1.2730998,-1.2972491,-1.3299652,-1.3302543,-1.2381295,-1.0132669,-0.7692326,-0.5388655,-0.34395167,-0.21529649,-0.14528435,-0.12647063,-0.085636176,-0.06703571,-0.0501823,-0.03393785,-0.017869856,-0.0059058624,0.0064373408,0.020651354,0.03407773,0.046570048,0.056743864,0.06786074,0.07409171,0.0754204,0.07861383,0.08034803,0.1042371,0.056363016,0.053061727,0.019108454,0.0022723395,0.004544796,0.01832,0.03707811,0.097714104,0.13196327,0.15525624,0.18384868,0.20555155,0.22491498,0.23935208,0.24552602,0.2510196,0.24692903,0.24626504,0.22916915,0.19776867,0.12358781,0.03351727,-0.032185886,-0.055363283,-0.071310446,-0.082179695,-0.084543414,-0.06821927,-0.038999047,-0.0059267804,0.023202637,0.047085516,0.065210246,0.08091083,0.0905097,0.090212874,0.076230824,0.045075294,-0.0037270107,-0.067941725,-0.13943867,-0.19119099,-0.21995872,-0.38339224,-0.41224423,-0.5726847,-0.75393856,-0.9069993,-0.971151,-1.0131443,-1.0317163,-1.0398954,-1.0397757,-1.0274594,-1.0056596,-0.97874385,-0.95114833,-0.91729623,-0.8852116,-0.8539462,-0.82326406,-0.7946185,-0.767617,-0.7414219,-0.71644753,-0.6900324,-0.6638515,-0.63762873,-0.61235124,-0.59291476,-0.57597727,-0.5683933,-0.57071775,-0.5732801,-0.5772884,-0.5910292,-0.61010706,-0.630013,-0.6488795,-0.65608585,-0.65772176,-0.66844577,-0.6800907,-0.6848959,-0.68138975,-0.6813355,-0.6590052,-0.64472765,-0.6479744,-0.8382257,3.0260236,0.80498666,-0.25244004,-0.7065487,-1.0395638,-1.0467368,-0.7704812,-1.3280127,-1.3364261,-1.3403118,-1.3248494,-1.2992238,-1.2842033,-1.2556905,-1.2303976,-1.2139165,-1.1926594,-1.1723874,-1.157385,-1.1520746,-1.1554797,-1.1520226,-1.1453763,-1.1425633,-1.1388925,-1.1325532,-1.1271642,-1.1179521,-1.1115369,-1.1027359,-1.0922027,-1.0882974,-1.0696272,-1.0589586,-1.0522317,-1.0376936,-1.0354527,-1.0209548,-1.0232775,-1.0315863,-1.0509683,-1.0869377,-1.1185998,-1.1383594,-1.1573701,-1.1722136,-1.1964909,-1.2087075,-1.206185,-1.219615,-1.2256987,-1.2363986,-1.241391,-1.2506906,-1.2623552,-1.2701654,-1.2912086,-1.3277222,-1.3495209,-1.3553141,-1.4000177,-1.4107912,-1.4287695,-1.342195,-1.2834641,-0.6311014
858,CHI_CECU02_20110609,0.438703,0.561297,0.0,-1.5443459,-1.5414338,-1.5329791,-1.5188341,-1.5001186,-1.4844759,-1.4732614,-1.4655972,-1.458858,-1.4529747,-1.443359,-1.4237897,-1.3837255,-1.3242813,-1.2758665,-1.242373,-1.2318134,-1.2487336,-1.2739083,-1.2836709,-1.2843162,-1.2942083,-1.3092177,-1.3108208,-1.3146183,-1.333665,-1.3519198,-1.3721998,-1.3711916,-1.3090677,-1.1108235,-0.8575132,-0.5919585,-0.34502715,-0.17229523,-0.07903745,-0.053267516,-0.012947953,0.0018151838,0.014404261,0.027183117,0.03916616,0.04888913,0.05797849,0.06941159,0.07971325,0.090214506,0.099846095,0.10874731,0.11324022,0.11171812,0.11548977,0.11988101,0.1228094,0.10036437,0.08552165,0.05153028,0.03448452,0.032508302,0.04400661,0.06388856,0.09317223,0.12939738,0.15177195,0.17901127,0.1994739,0.22029294,0.23770389,0.24631833,0.2547507,0.25536376,0.2550585,0.23680477,0.20912535,0.13560392,0.047916625,-0.016519774,-0.04082849,-0.05318443,-0.061335053,-0.061397575,-0.04402005,-0.014919379,0.020475946,0.05037629,0.07601522,0.09566777,0.11422126,0.12378308,0.12323232,0.108945504,0.07665771,0.024584856,-0.046102725,-0.12728922,-0.19380316,-0.26590124,-0.4357361,-0.45539683,-0.6257945,-0.82963616,-0.95605856,-1.0154151,-1.0523144,-1.068851,-1.0731647,-1.0751795,-1.063384,-1.0410552,-1.01563,-0.9912021,-0.9591554,-0.92916,-0.89939946,-0.87037474,-0.84287757,-0.81648505,-0.7909148,-0.7661676,-0.74026734,-0.7165509,-0.68994516,-0.6650931,-0.646575,-0.6297834,-0.623756,-0.62710094,-0.62535006,-0.6216257,-0.63036007,-0.64624846,-0.6657665,-0.68622166,-0.70163816,-0.7025529,-0.7111066,-0.72408175,-0.73171484,-0.7304758,-0.73331547,-0.73324734,-0.738951,-0.7828245,-0.8375884,3.1061165,0.38910517,-0.33503702,-0.76558644,-1.1907195,-1.1350504,-0.8562859,-1.2517368,-1.3366748,-1.2964456,-1.2770532,-1.262321,-1.2411728,-1.2237165,-1.2088805,-1.1985351,-1.1850144,-1.1640643,-1.1429263,-1.1471949,-1.1505934,-1.1564392,-1.1517948,-1.1487423,-1.1486207,-1.145693,-1.1410908,-1.1348364,-1.1262184,-1.1234865,-1.1118482,-1.1043191,-1.0914272,-1.0849228,-1.07871,-1.062894,-1.0581712,-1.0476813,-1.0434475,-1.0574896,-1.0793943,-1.1053714,-1.1286206,-1.1547524,-1.1743822,-1.1821572,-1.2062908,-1.2231864,-1.217553,-1.2251034,-1.2389134,-1.2485672,-1.2498741,-1.2556863,-1.2726935,-1.2788424,-1.2937669,-1.326368,-1.3381851,-1.3769422,-1.3909911,-1.4122868,-1.4137684,-1.2625467,-1.2668569,-0.6433216
865,CHI_CECU09_20110609,0.915743,0.0842574,0.0,-1.617041,-1.6126636,-1.6058401,-1.595617,-1.5766345,-1.5634304,-1.5516067,-1.545001,-1.5394566,-1.5354592,-1.5234627,-1.4970162,-1.4426464,-1.370008,-1.3171173,-1.2846185,-1.2773043,-1.3009588,-1.334488,-1.349236,-1.352689,-1.3661534,-1.3848286,-1.3872441,-1.3965293,-1.4239383,-1.4445717,-1.4683053,-1.4667088,-1.3887573,-1.1582597,-0.8692185,-0.5644648,-0.27843153,-0.07591519,0.032374498,0.075087935,0.1070768,0.12527819,0.1386196,0.15298705,0.1663224,0.17516483,0.18585236,0.19986503,0.21033509,0.2220234,0.23198196,0.23973726,0.24581303,0.23975548,0.24232335,0.24635363,0.23553988,0.20873503,0.18226992,0.13507734,0.112403266,0.107912116,0.11889121,0.14141127,0.21974394,0.25593776,0.2918647,0.3279344,0.35107008,0.3780516,0.39479038,0.40259638,0.40939787,0.40486112,0.39554578,0.36678097,0.30681878,0.20685394,0.080243796,0.0015385766,-0.030952781,-0.047518246,-0.06191094,-0.06371526,-0.046454005,-0.011992039,0.027881471,0.06318927,0.09219248,0.113829546,0.12804098,0.13147455,0.12205998,0.09325462,0.042534642,-0.035565007,-0.13000773,-0.23016386,-0.3095569,-0.3881497,-0.5933038,-0.64732766,-0.88292336,-1.0736731,-1.1861563,-1.2433795,-1.2664914,-1.2812543,-1.2796144,-1.2774236,-1.2690792,-1.2472948,-1.2196034,-1.1929768,-1.1627731,-1.1310114,-1.1009171,-1.0706156,-1.0424834,-1.0140935,-0.9886586,-0.96217525,-0.93602085,-0.910742,-0.88584757,-0.8615478,-0.84068185,-0.826413,-0.817952,-0.8172285,-0.8165629,-0.81562775,-0.8247293,-0.8404921,-0.8606906,-0.8817543,-0.90073633,-0.9041716,-0.91772693,-0.93164647,-0.94177747,-0.94640243,-0.9515829,-1.0276355,-1.0450016,-1.095272,-0.887609,-0.36539793,-0.05560904,-0.7056579,-0.390125,-1.2998968,-1.3657932,-0.7072213,-1.4400413,-1.5709631,-1.5618126,-1.526667,-1.5107304,-1.4881163,-1.4728376,-1.4590708,-1.448162,-1.439855,-1.4306467,-1.4191586,-1.4099803,-1.4067922,-1.4044428,-1.4036162,-1.401119,-1.394452,-1.3908632,-1.3847309,-1.3780464,-1.3739861,-1.3648756,-1.361154,-1.3533863,-1.3492428,-1.3396788,-1.332035,-1.3202672,-1.3228731,-1.3179381,-1.3122677,-1.3152015,-1.3330278,-1.3564786,-1.3722861,-1.3864852,-1.4031451,-1.4135154,-1.4270953,-1.4344349,-1.4402726,-1.4434468,-1.4577961,-1.4595687,-1.4712039,-1.4789793,-1.4914943,-1.5037134,-1.5099514,-1.5498122,-1.5283471,-1.5655042,-1.5644021,-1.5785507,-1.5431119,-1.520323,-1.0987706,-0.6598097
867,CHI_CECU11_20110609,0.929749,0.070251,0.0,-1.6240673,-1.6179888,-1.6115645,-1.6027904,-1.5836265,-1.5696802,-1.5580171,-1.5515844,-1.5465496,-1.5431788,-1.5335388,-1.5123391,-1.4679638,-1.4067435,-1.3616903,-1.3345714,-1.3286861,-1.3476481,-1.3758887,-1.3843322,-1.3845181,-1.3937992,-1.407435,-1.407864,-1.4117806,-1.4303398,-1.4479058,-1.4685156,-1.4666585,-1.4020392,-1.2094841,-0.94373465,-0.6244807,-0.27772933,0.0013163092,0.16567722,0.23498036,0.2839666,0.31025374,0.32857737,0.3476627,0.36434537,0.37568778,0.38785264,0.40392393,0.4163057,0.42941013,0.44062188,0.4493532,0.45368052,0.44409823,0.44447756,0.44705853,0.42437276,0.39219,0.3525806,0.28748944,0.25388008,0.24486062,0.2561673,0.28393131,0.36116865,0.4073596,0.45315418,0.49763685,0.52793443,0.5620458,0.5827489,0.59374845,0.5990212,0.59137106,0.5769211,0.53283083,0.443484,0.31695542,0.15549253,0.056375287,0.01870926,-0.0012198999,-0.019582553,-0.024409566,-0.0056675854,0.033953276,0.081896074,0.12414815,0.15666276,0.18150705,0.19682644,0.19854206,0.18569624,0.14889146,0.085873984,-0.008736558,-0.12183538,-0.2394735,-0.32373855,-0.4281888,-0.6210459,-0.7559039,-0.90817046,-1.1395309,-1.2605876,-1.3044055,-1.3244995,-1.3365422,-1.3359215,-1.3333519,-1.3249873,-1.3067565,-1.2804513,-1.2556673,-1.2260501,-1.1972094,-1.1680149,-1.140174,-1.113813,-1.0878831,-1.0644158,-1.040229,-1.0170529,-0.994827,-0.97052723,-0.95050085,-0.93132454,-0.91981083,-0.9140767,-0.91768295,-0.91854805,-0.9170829,-0.9251742,-0.9418974,-0.9629713,-0.98469627,-1.0037845,-1.0082618,-1.021895,-1.0348469,-1.0449747,-1.0524073,-1.0536329,-1.0730221,-1.0784236,-1.1508331,-0.8771106,-0.20020789,-0.4079619,-0.69112915,-0.2910801,-1.3707997,-1.3501649,-0.74600315,-1.4239799,-1.5131942,-1.5393809,-1.5270418,-1.5101848,-1.4867289,-1.478005,-1.4709712,-1.4571148,-1.4528395,-1.442498,-1.4328247,-1.4287302,-1.4239327,-1.424144,-1.4192692,-1.4184289,-1.413446,-1.409127,-1.4075513,-1.400507,-1.394375,-1.391509,-1.3867091,-1.379594,-1.3751674,-1.3658059,-1.3602593,-1.3570652,-1.3466694,-1.3428788,-1.3407658,-1.3428113,-1.358316,-1.3769299,-1.3952959,-1.4099327,-1.4179733,-1.4358217,-1.4495255,-1.4505248,-1.4585543,-1.4539953,-1.4719166,-1.4762247,-1.4812424,-1.494062,-1.487996,-1.5067884,-1.5305793,-1.5427177,-1.5566261,-1.5613706,-1.5768628,-1.5777233,-1.535554,-1.4549757,-0.9551677,-0.7782365
868,CHI_CECU12_20110609,0.825763,0.174237,0.0,-1.6081543,-1.6030898,-1.596451,-1.5877901,-1.5685598,-1.5557303,-1.5451226,-1.5395622,-1.5351233,-1.5323633,-1.5232335,-1.5024854,-1.4593803,-1.3990594,-1.3518597,-1.3219723,-1.3145063,-1.3310945,-1.3583108,-1.3661206,-1.36721,-1.3771354,-1.3920832,-1.3938473,-1.3980243,-1.4165423,-1.4364327,-1.4601914,-1.4601725,-1.396816,-1.2119485,-0.96755433,-0.6840636,-0.383765,-0.14820924,-0.013869276,0.03375286,0.07875757,0.09884531,0.11272113,0.12759621,0.14059407,0.150811,0.16070694,0.17439029,0.18483557,0.19565935,0.20590867,0.21262087,0.21692902,0.20996043,0.2112307,0.21469839,0.19203916,0.1784362,0.14441901,0.092079826,0.06434081,0.055603664,0.062968634,0.08390221,0.1442463,0.17997898,0.22042523,0.2557431,0.28113905,0.30741054,0.3267338,0.33829427,0.34381473,0.33852378,0.3289242,0.30359906,0.23978119,0.13621055,0.0051029185,-0.07863627,-0.115763225,-0.1338183,-0.15216085,-0.15537871,-0.13851735,-0.104010396,-0.062059116,-0.025386047,0.0042098756,0.025876157,0.04248159,0.047455493,0.040058266,0.0117166005,-0.038579755,-0.115417555,-0.21089414,-0.31295064,-0.39410362,-0.46028367,-0.5551003,-0.71328545,-0.90933394,-1.1058427,-1.2201452,-1.2699972,-1.2999477,-1.3134266,-1.3131214,-1.3149667,-1.306556,-1.2887348,-1.2662034,-1.2442352,-1.2174959,-1.1916847,-1.1654165,-1.1392095,-1.1165092,-1.0936143,-1.072562,-1.0489646,-1.0289907,-1.0088735,-0.98671573,-0.96781135,-0.95078903,-0.9385059,-0.9331286,-0.93514574,-0.93491507,-0.93497574,-0.9449682,-0.9608877,-0.98076415,-0.9999079,-1.0167937,-1.020259,-1.0320581,-1.0451269,-1.0545913,-1.0586313,-1.0619847,-1.0672673,-1.0955198,-1.1495726,-0.8080424,-0.6423223,-0.21058142,-0.7283369,-0.62237716,-1.3580654,-1.4769901,-0.77751976,-1.4485005,-1.5264157,-1.5271778,-1.5245827,-1.4968631,-1.4794154,-1.465703,-1.4523301,-1.4485989,-1.4452173,-1.4329327,-1.4142967,-1.4149616,-1.4103534,-1.4128565,-1.4064736,-1.4010473,-1.3985907,-1.392598,-1.3882655,-1.384123,-1.3774499,-1.3747511,-1.3664551,-1.3608017,-1.3569504,-1.3488617,-1.3396806,-1.3315927,-1.3319468,-1.3257325,-1.3233393,-1.3280227,-1.3402965,-1.3599879,-1.3800279,-1.3946149,-1.4048927,-1.4161049,-1.4317057,-1.4346409,-1.4381003,-1.440833,-1.4474397,-1.4634157,-1.4587251,-1.4777836,-1.489754,-1.4796168,-1.5223145,-1.5226445,-1.5451653,-1.5545996,-1.5669495,-1.5637234,-1.561287,-1.4697485,-1.0486342,-0.6068792
873,SSC_BAPI05_20110615,0.52858,0.47142,0.0,-1.681554,-1.6751472,-1.6640941,-1.6476984,-1.6311775,-1.6160432,-1.6012894,-1.5925391,-1.5838085,-1.5767539,-1.5639712,-1.5335617,-1.4632939,-1.3631558,-1.2961167,-1.2573088,-1.2526512,-1.2890304,-1.3366643,-1.3654163,-1.3725119,-1.3920649,-1.4215125,-1.4292034,-1.4428798,-1.4748135,-1.5039037,-1.533641,-1.5326502,-1.4447347,-1.1497226,-0.7305723,-0.22855996,0.27655372,0.6533423,0.858971,0.9301059,1.0055767,1.0406759,1.0672128,1.0963835,1.1231868,1.1324031,1.1507441,1.1755831,1.1985666,1.2173065,1.2301592,1.2448188,1.256406,1.239975,1.2436502,1.2394484,1.2720109,1.109977,1.0767491,0.97721326,0.9460077,0.9510362,0.9876425,1.0297736,1.145976,1.2049631,1.2668632,1.3222185,1.375319,1.4093789,1.4263463,1.4356357,1.4137682,1.3867629,1.3324971,1.2743168,1.1138706,0.9064551,0.638578,0.5222992,0.47139224,0.4350937,0.39596975,0.39269578,0.41405168,0.46496543,0.5196383,0.56726897,0.6095023,0.63577265,0.64695007,0.64312106,0.6110956,0.5502144,0.45225316,0.31905025,0.1675444,0.021295719,-0.043054786,0.117882475,0.014727027,0.50744283,2.8076694,-0.7754836,-1.3206621,-1.3409743,-1.3656671,-1.389983,-1.3878644,-1.3865937,-1.3732973,-1.3486049,-1.3146774,-1.2794231,-1.2387838,-1.1958748,-1.1523708,-1.1075721,-1.0631576,-1.0206409,-0.98010206,-0.9400018,-0.9019229,-0.86575395,-0.8330897,-0.8064734,-0.78497344,-0.76216793,-0.7432226,-0.7396397,-0.7442159,-0.76241904,-0.7933886,-0.82562083,-0.8512673,-0.8729876,-0.8915474,-0.905461,-0.93120426,-0.95852053,-0.9774223,-0.98690856,-0.98727745,-0.97836614,-1.0468961,0.07623994,5.4334617,-1.7524561,-1.7524561,-1.7524561,-1.7524561,1.7440884,3.0536025,3.8649065,4.3633323,3.2796996,-1.3055841,-1.6124002,-1.5968977,-1.5927973,-1.5825458,-1.5698042,-1.5645237,-1.5579606,-1.5434662,-1.5231864,-1.514516,-1.5019457,-1.495899,-1.4804691,-1.4712251,-1.4579704,-1.4474939,-1.4383498,-1.4208426,-1.4112293,-1.4012121,-1.3910773,-1.3823305,-1.367963,-1.3647895,-1.355415,-1.3444347,-1.3428113,-1.3405006,-1.3447759,-1.3508008,-1.3722545,-1.3956329,-1.4174664,-1.440923,-1.4527867,-1.4690431,-1.4822167,-1.4895092,-1.495374,-1.5003866,-1.5141872,-1.5149418,-1.527532,-1.538544,-1.5540183,-1.5669568,-1.5682658,-1.563814,-1.5735724,-1.5682613,-1.5413104,-1.6097623,-1.4773206,-1.3301046,0.72492903,1.314209
878,SSC_BAPI10_20110615,0.870311,0.129689,0.0,-1.6936088,-1.6854709,-1.677141,-1.6623114,-1.6449043,-1.6301935,-1.617011,-1.6089617,-1.6015968,-1.5955796,-1.5834227,-1.5517544,-1.4817289,-1.3812906,-1.3139509,-1.2751215,-1.2711593,-1.3057042,-1.3508046,-1.3780602,-1.3835502,-1.401923,-1.4321582,-1.4395729,-1.4524662,-1.4858353,-1.5165519,-1.5483696,-1.5472506,-1.4538445,-1.1495836,-0.7329032,-0.26299343,0.18455674,0.51034886,0.6846694,0.73448884,0.817331,0.85470796,0.88249207,0.91321075,0.94206345,0.95209473,0.9733686,1.0026917,1.027378,1.0494591,1.0660964,1.0829151,1.096536,1.0749466,1.0827199,1.0861917,1.1102947,0.94775385,0.9182673,0.8383887,0.8274165,0.8383017,0.881549,0.9282455,1.0412885,1.1022776,1.1647102,1.2255615,1.2699761,1.3050168,1.3240495,1.3260859,1.3181969,1.2908232,1.25162,1.1760358,1.0294183,0.8334817,0.5822048,0.4716234,0.42751396,0.38975397,0.35671487,0.35306606,0.37445608,0.4232794,0.47740865,0.5250309,0.5607358,0.5874282,0.59712386,0.5936022,0.5614215,0.49983826,0.40380707,0.27324843,0.12376765,-0.024663385,-0.08866132,-0.034472134,2.2402225,4.064298,0.49148956,-0.39732566,-1.270596,-1.3811852,-1.3851194,-1.405009,-1.4065912,-1.4014863,-1.390267,-1.3648895,-1.3289437,-1.295227,-1.2541691,-1.2105298,-1.165864,-1.1206075,-1.0746148,-1.0323179,-0.99105436,-0.94924927,-0.9127085,-0.87751245,-0.8453461,-0.81988746,-0.7955525,-0.77459383,-0.75924265,-0.7561565,-0.76169336,-0.77644587,-0.80529356,-0.83520675,-0.8598781,-0.8816734,-0.90171665,-0.9149293,-0.9388972,-0.9666362,-0.9865845,-0.99393755,-0.9948738,-1.0202768,-1.0618964,1.5937151,-1.7524561,-1.7524561,-1.7524561,-1.7524561,-1.7524561,-1.7524561,0.17987043,-1.7524561,1.2971103,-1.7524561,-1.276113,-1.5447366,-1.6112045,-1.6161823,-1.5941888,-1.5923349,-1.5880815,-1.5723859,-1.5698397,-1.5379107,-1.5287399,-1.5242431,-1.5183192,-1.5019506,-1.4861287,-1.4771105,-1.4652783,-1.4508398,-1.4368212,-1.4245964,-1.4158633,-1.4053547,-1.3986592,-1.390144,-1.3806177,-1.370885,-1.3672239,-1.3613671,-1.3556228,-1.3629936,-1.3744332,-1.39047,-1.4106771,-1.4305655,-1.4495226,-1.473569,-1.4844191,-1.4989357,-1.4992732,-1.5081023,-1.5223496,-1.53342,-1.5393883,-1.5438092,-1.5661367,-1.5731642,-1.5676086,-1.5774338,-1.5770361,-1.6049966,-1.6057947,-1.5537506,-1.5743358,-1.5326829,-1.1372457,0.34994495,0.72201174
889,SSC_BAPI09_20120113,0.55332,0.44668,0.0,-1.5915545,-1.5736101,-1.554457,-1.5349357,-1.516248,-1.5001432,-1.4877901,-1.4755718,-1.4659599,-1.4570034,-1.4450557,-1.4213742,-1.3848425,-1.3450626,-1.316652,-1.2971259,-1.2905958,-1.2998953,-1.3094338,-1.3109937,-1.3083194,-1.3120341,-1.3172947,-1.3140013,-1.3142146,-1.322953,-1.3310255,-1.3402611,-1.33323,-1.2693394,-1.1190528,-0.92362374,-0.70978993,-0.51980305,-0.39018366,-0.31176743,-0.27158377,-0.22543618,-0.19431126,-0.16198783,-0.1323731,-0.10275053,-0.07406331,-0.045592632,-0.018968103,0.008933117,0.034674883,0.06285073,0.09089627,0.11901005,0.1492223,0.17383356,0.20092133,0.23789787,0.24802355,0.24936697,0.24214831,0.2560357,0.26958862,0.2819739,0.32071996,0.3573347,0.39380363,0.43030363,0.46436805,0.5033104,0.5359615,0.5662948,0.576607,0.5903364,0.5956369,0.60556954,0.6105468,0.5930695,0.5118005,0.42094314,0.36049998,0.33397838,0.31592402,0.30548587,0.3136796,0.34205273,0.3841003,0.43437433,0.47967526,0.5198264,0.55817914,0.59058625,0.60657597,0.611209,0.59485936,0.5568855,0.49509048,0.41626033,0.3301052,0.26784998,0.21736093,0.12876973,0.010963439,-0.24593188,-0.491564,-0.68146485,-0.77703947,-0.8298197,-0.85689265,-0.8713628,-0.8721771,-0.8569459,-0.82917494,-0.7936288,-0.7549495,-0.7113741,-0.66033006,-0.61480594,-0.5697562,-0.5234403,-0.4807782,-0.44064865,-0.39724877,-0.36121526,-0.3247744,-0.2838217,-0.25847375,-0.23794182,-0.21344706,-0.20340763,-0.2105278,-0.22502495,-0.25883132,-0.29573122,-0.33659175,-0.36725074,-0.39411202,-0.41018468,-0.3972135,-0.4044763,-0.41917273,-0.42106387,-0.48010567,-0.46248356,-0.43684554,-0.3885204,-0.3843498,-0.38498107,-0.44889534,-0.2623876,-0.36405918,-0.6439711,-0.85698944,-0.96245056,-1.0178685,-1.1689303,-1.1850436,-1.2064918,-1.2029299,-1.176959,-1.1533091,-1.1404516,-1.1263906,-1.103352,-1.0816988,-1.0233405,-1.0374627,-1.0411255,-1.0440409,-1.0377873,-1.0399708,-1.029714,-1.0286359,-1.0187228,-1.0104197,-1.0078586,-0.9966946,-0.9805259,-0.9778127,-0.96294975,-0.9504226,-0.9413089,-0.9300516,-0.9123606,-0.9015328,-0.8960821,-0.90361863,-0.92417544,-0.97561103,-1.0098931,-1.0526923,-1.0936171,-1.1110542,-1.1233712,-1.1601915,-1.1657009,-1.152614,-1.1692826,-1.1745217,-1.1830401,-1.1966265,-1.1819489,-1.1898867,-1.2091646,-1.1948054,-1.21116,-1.2535138,-1.242655,-1.2348895,-1.246182,-1.2448707,-1.0834134,-0.3921372,0.026821552
890,SSC_BAPI11_20120113,0.591246,0.408754,0.0,-1.6359029,-1.6162105,-1.5942819,-1.5719743,-1.5512991,-1.5337505,-1.5212634,-1.5101932,-1.5013832,-1.4927529,-1.4773972,-1.4449455,-1.3893752,-1.3256558,-1.281509,-1.2538168,-1.2476931,-1.2674596,-1.2920285,-1.3017144,-1.3021717,-1.311443,-1.3228054,-1.3219606,-1.3256147,-1.3423841,-1.35868,-1.3742505,-1.3667159,-1.2805859,-1.0562545,-0.760783,-0.43671152,-0.14694574,0.047247365,0.1588069,0.21876605,0.270423,0.30909356,0.34743363,0.38277394,0.41720948,0.4502268,0.48181638,0.5126529,0.5438528,0.57289416,0.6035194,0.6324134,0.65989697,0.6865312,0.71005136,0.7336893,0.7587992,0.7607164,0.7475935,0.71657234,0.7201172,0.7252104,0.7410276,0.78143305,0.83052844,0.8776966,0.9250281,0.9713142,1.0154961,1.0497336,1.0862297,1.1059507,1.1277248,1.1329757,1.144629,1.139913,1.1029252,0.9864564,0.841331,0.7595048,0.72740364,0.70825547,0.6922036,0.7023657,0.73754567,0.79508394,0.86487824,0.9258204,0.98000646,1.0244364,1.0556699,1.0756072,1.0766294,1.0483204,0.99769855,0.9115584,0.8010999,0.68388337,0.6094266,0.5126225,0.38674295,0.18084434,-0.1707362,-0.43314752,-0.6277844,-0.7413622,-0.7977578,-0.82946527,-0.84423983,-0.8375655,-0.81395113,-0.778945,-0.7324875,-0.68307894,-0.6286566,-0.5625504,-0.5045139,-0.445571,-0.38839838,-0.33328134,-0.28490567,-0.22711581,-0.1804941,-0.1326005,-0.08607802,-0.0535294,-0.026787195,0.007516191,0.022575567,0.018483954,-0.0013223859,-0.049714394,-0.105049044,-0.16383399,-0.21023072,-0.24549353,-0.269707,-0.25147885,-0.26441208,-0.28517914,-0.29553375,-0.33247113,-0.3142951,-0.30579916,-0.2783973,-0.27152336,-0.26273236,-0.2190478,-0.30523917,-0.45605814,-0.5778851,-0.8703516,-0.9722879,-1.1170262,-1.2346866,-1.256411,-1.2597394,-1.2462147,-1.2202681,-1.2172194,-1.1887836,-1.1633571,-1.135655,-1.1067395,-1.0739809,-1.073693,-1.0645578,-1.06183,-1.0507448,-1.0441213,-1.0383087,-1.0299863,-1.0216316,-1.0021589,-0.99330264,-0.97735804,-0.96248716,-0.95801485,-0.9476508,-0.92960644,-0.9157801,-0.90149176,-0.8856456,-0.8756685,-0.8857462,-0.8840857,-0.90514624,-0.95697457,-1.0042344,-1.0569428,-1.1247091,-1.1372883,-1.1575797,-1.1837374,-1.2057884,-1.1828586,-1.2025911,-1.2263262,-1.2195941,-1.2154231,-1.2353681,-1.2198725,-1.2612969,-1.2551013,-1.2679394,-1.2674639,-1.2968832,-1.2779026,-1.349721,-1.1908549,-1.0885472,-0.19125795,0.0803603
897,SSC_ARCA08_20120126,0.556187,0.443813,0.0,-1.4059513,-1.3964679,-1.3820875,-1.3621017,-1.345897,-1.3317995,-1.3193225,-1.3108428,-1.3017703,-1.2934841,-1.2824572,-1.2639163,-1.2308786,-1.1868879,-1.158751,-1.1394701,-1.1327596,-1.142358,-1.1520278,-1.1603106,-1.1579903,-1.155178,-1.1597373,-1.1560733,-1.1560373,-1.1634058,-1.1649605,-1.1692073,-1.1609529,-1.1206298,-1.0004766,-0.8525056,-0.7153452,-0.59824336,-0.51654994,-0.47118926,-0.46674192,-0.42590362,-0.4087076,-0.39247552,-0.37496465,-0.35890824,-0.34549376,-0.32649353,-0.30652827,-0.28866413,-0.27181363,-0.2537429,-0.2384664,-0.22295816,-0.22014722,-0.20478132,-0.18829112,-0.18663299,-0.20187338,-0.19408327,-0.18014294,-0.15159397,-0.13158055,-0.11167535,-0.09264741,-0.06602394,-0.044568006,-0.020873738,-0.0038529856,0.0226756,0.040988352,0.05308907,0.07252777,0.08569168,0.093538,0.09691221,0.06857569,0.06736397,0.06920334,0.03986954,0.05591042,0.07090459,0.08006722,0.089413315,0.10111052,0.12202212,0.15084104,0.18297306,0.2151822,0.2416409,0.26450264,0.28518918,0.30392578,0.3167259,0.32059866,0.31239954,0.29161763,0.254653,0.20942381,0.15031728,0.48910236,0.6115434,1.4825652,0.5929641,-0.43067384,-0.5443102,-0.50131863,-0.5085581,-0.5260372,-0.50838435,-0.49397844,-0.4841614,-0.44045547,-0.39475825,-0.34213966,-0.2917677,-0.24188922,-0.19291689,-0.14832656,-0.10481264,-0.06525453,-0.029951526,0.0072671627,0.041606076,0.081979394,0.12427354,0.1607344,0.19619375,0.22243452,0.24115008,0.24914798,0.24900705,0.23813698,0.21856178,0.19619001,0.1770118,0.15505104,0.13806862,0.14574817,0.14534174,0.12181738,0.11315666,0.112687826,0.101449765,0.108773485,-0.17009778,0.216215,2.8183677,0.036043547,-1.7524561,-1.7524561,4.9299116,1.8653251,0.6913386,-1.7524561,1.3912075,0.7199141,-0.71662974,-0.7568233,-0.74876785,-0.6028861,-0.55299187,-0.49696037,-0.48783863,-0.47819993,-0.3964893,-0.38940665,-0.39185348,-0.3925434,-0.40883005,-0.43076605,-0.43154725,-0.4168693,-0.42023417,-0.4008193,-0.3850132,-0.36922997,-0.35750684,-0.3329589,-0.313107,-0.2889148,-0.26871628,-0.25561628,-0.22932282,-0.22199991,-0.19036151,-0.21933469,-0.24212107,-0.2932122,-0.35293716,-0.39654958,-0.44775733,-0.46899065,-0.4984821,-0.533597,-0.55345297,-0.5245989,-0.5685101,-0.62334055,-0.5510846,-0.59167886,-0.5876344,-0.5726049,-0.5954016,-0.6767664,-0.6919447,-0.7632901,-0.8207987,-0.97156733,-0.9064033,-0.8423335,-0.676065,1.666877,2.7797003
905,SSC_SALE06_20120126,0.717607,0.282393,0.0,-1.2815068,-1.2794803,-1.2708521,-1.2517245,-1.235945,-1.2283098,-1.2246727,-1.2245882,-1.2232939,-1.2219087,-1.2163088,-1.2002786,-1.1530298,-1.077315,-1.0289761,-1.0030402,-1.004168,-1.0384004,-1.0795014,-1.0989074,-1.1077822,-1.1200352,-1.1404538,-1.1453594,-1.1539001,-1.1734155,-1.1860514,-1.1975796,-1.1925553,-1.1467974,-0.9501849,-0.6548551,-0.33274096,-0.0487489,0.13791378,0.2287959,0.23048149,0.29177937,0.30909893,0.32357576,0.34038934,0.35449594,0.36723694,0.3842071,0.40454796,0.4227823,0.43880892,0.45640847,0.46884936,0.4814118,0.47580603,0.48653004,0.50184196,0.4848503,0.46560603,0.45206922,0.44087312,0.46427336,0.47394797,0.49806714,0.52341706,0.55095905,0.5858282,0.61398226,0.6453706,0.6753856,0.6934435,0.70942193,0.7276355,0.73687184,0.73390406,0.72215194,0.68017447,0.6424318,0.5862821,0.49394503,0.46157297,0.4546607,0.4422252,0.43323705,0.4397015,0.46276215,0.4975885,0.54189074,0.58351785,0.61451095,0.63572735,0.65422785,0.66453654,0.6608003,0.64196366,0.60243,0.5379699,0.4470772,0.3496577,0.26323566,0.6616298,0.56649184,1.4112192,0.8799924,-0.88208985,-0.8712845,-0.81727463,-0.8279353,-0.85535747,-0.8433274,-0.84126794,-0.82705164,-0.79064834,-0.74414366,-0.6937486,-0.6416707,-0.5914579,-0.5384622,-0.487331,-0.44002274,-0.39384043,-0.35567963,-0.3110227,-0.27477184,-0.23353644,-0.18902476,-0.15426153,-0.12198543,-0.098689765,-0.08039197,-0.07337127,-0.080846086,-0.10501083,-0.14378014,-0.18677755,-0.21367131,-0.23926245,-0.25891125,-0.26180342,-0.27877417,-0.29928446,-0.31396112,-0.32076633,-0.33276072,-0.40373003,-0.584483,-0.44437003,2.7863777,-0.31792164,-1.7524561,4.981203,3.6069348,1.4334894,0.33201468,-1.7524561,0.9726186,0.108259186,-1.0660734,-1.2513235,-1.1940117,-1.1213423,-1.093209,-1.0552982,-1.0429131,-1.0342407,-1.0037866,-0.9813613,-0.968553,-0.95592225,-0.955472,-0.9629972,-0.9517397,-0.94034535,-0.92618746,-0.9152139,-0.89861846,-0.8733093,-0.8630113,-0.8406784,-0.8307448,-0.8029944,-0.7916298,-0.7781931,-0.76303023,-0.76417756,-0.7464102,-0.75166106,-0.75883985,-0.7973709,-0.86531746,-0.8930606,-0.9392353,-0.9514363,-0.98772156,-1.0224987,-1.0255371,-1.0055487,-1.06158,-1.101263,-1.0441681,-1.0715784,-1.1043499,-1.104634,-1.1232742,-1.1463999,-1.222114,-1.2894111,-1.2097722,-1.2750434,-1.2529804,-1.3230968,-0.87953585,2.0235126,2.7675421
907,SSC_SALE09_20120126,0.674967,0.325033,0.0,-1.4154638,-1.4156072,-1.4027731,-1.3858707,-1.371319,-1.361315,-1.3557901,-1.3498788,-1.344937,-1.3423111,-1.335623,-1.3163489,-1.2686306,-1.1927216,-1.1427596,-1.1146668,-1.1136037,-1.1466895,-1.1810566,-1.2034116,-1.2077303,-1.2158954,-1.2323848,-1.2348653,-1.2397765,-1.2548293,-1.264891,-1.2744505,-1.2690108,-1.2221795,-1.0188651,-0.6957414,-0.32795566,-0.0033870654,0.2068987,0.3105424,0.32302558,0.38266432,0.40228906,0.41874713,0.43838003,0.4561252,0.4723928,0.48972663,0.50952244,0.52898145,0.5483622,0.56606203,0.5816577,0.5986874,0.6044463,0.6166357,0.62389386,0.64733034,0.6042495,0.60536945,0.584721,0.587995,0.60570204,0.63760597,0.6670813,0.74475545,0.7970923,0.8236384,0.859814,0.88884854,0.9052664,0.92940426,0.94555545,0.94782466,0.95172846,0.9439334,0.9104155,0.89491844,0.82734287,0.7258854,0.6752648,0.65689486,0.6430694,0.6351942,0.64434713,0.6669308,0.7007278,0.74453974,0.78180915,0.81340593,0.8348715,0.8513676,0.86285424,0.8640006,0.8411202,0.7944454,0.73428553,0.6357388,0.5472006,0.49426663,0.63166314,3.9402342,1.1806808,0.079349585,-0.5443399,-0.77268636,-0.7639345,-0.7968354,-0.8148285,-0.82365924,-0.81850016,-0.7975385,-0.7582143,-0.7089747,-0.6586032,-0.5984735,-0.5376199,-0.47914624,-0.4172194,-0.35936457,-0.30358818,-0.25590774,-0.2053087,-0.15853953,-0.10660655,-0.06586583,-0.021692924,0.014930363,0.042277787,0.06347137,0.07104552,0.06409201,0.04349044,0.002915536,-0.036245365,-0.06561399,-0.095253155,-0.12193237,-0.12920082,-0.15530765,-0.18026951,-0.19258723,-0.19480418,-0.20358035,-0.2731379,-0.5613208,-0.32257953,3.0332997,6.003995,2.519786,5.438699,0.7187357,-0.20198953,-1.7524561,-1.7524561,-0.54306895,-0.30452096,-1.1058793,-1.257641,-1.2396325,-1.1136929,-1.0760347,-1.0475091,-1.0369532,-1.0427855,-1.0030283,-0.96948487,-0.93622494,-0.93536514,-0.94441116,-0.93480235,-0.91619706,-0.90891564,-0.8991218,-0.8760353,-0.8486762,-0.8312294,-0.8061096,-0.7994584,-0.780476,-0.7527612,-0.73259735,-0.7113065,-0.69625664,-0.68386596,-0.69224995,-0.6980649,-0.7048803,-0.7479713,-0.7949064,-0.84531564,-0.87048995,-0.90349275,-0.948014,-0.9829174,-0.98642063,-0.9957255,-1.0124586,-1.0801716,-1.0569652,-1.0383804,-1.0823593,-1.081972,-1.1547322,-1.1839141,-1.2281333,-1.2804822,-1.2802411,-1.3959126,-1.2404258,-1.1688125,-0.15672703,3.2661622,3.2626193
943,CHC_CEME10_20120128,0.752289,0.247711,0.0,-1.5809209,-1.5827199,-1.5741761,-1.5605714,-1.547274,-1.5380915,-1.5299038,-1.5267751,-1.5232061,-1.5221541,-1.5149816,-1.4959409,-1.4472684,-1.3724096,-1.3213177,-1.2916124,-1.2917511,-1.3264419,-1.3673733,-1.3877847,-1.3932322,-1.406757,-1.4238656,-1.427237,-1.4309496,-1.4496629,-1.4635801,-1.4792743,-1.4755352,-1.4125903,-1.175926,-0.7861573,-0.30636898,0.18628159,0.54713356,0.7439828,0.80390173,0.88277113,0.9131836,0.9376471,0.96384215,0.987392,1.0061873,1.0244417,1.0451864,1.063558,1.0829786,1.101888,1.1178544,1.1302491,1.130407,1.1379879,1.145202,1.1417629,1.1076784,1.0734104,1.0117264,0.98203516,0.9739068,0.9869379,1.0282848,1.0367289,1.0883925,1.124241,1.1688608,1.2114773,1.238517,1.25495,1.2713605,1.2755642,1.2699759,1.2605642,1.2090412,1.1277696,1.0098585,0.8355979,0.73177534,0.68217885,0.65178317,0.63115907,0.6266527,0.65099835,0.6977584,0.74769473,0.7902352,0.83123195,0.8588172,0.8795495,0.88074523,0.8606568,0.8224128,0.75031215,0.64331925,0.5068739,0.3585213,0.22852057,0.09493343,-0.13875201,-0.25524363,-0.6002234,-0.89806765,-1.0621182,-1.145462,-1.186218,-1.2048324,-1.209523,-1.2052509,-1.1952616,-1.164689,-1.1277238,-1.0894122,-1.047184,-1.0011041,-0.9572844,-0.9123503,-0.8721157,-0.83143204,-0.796479,-0.7547132,-0.7191007,-0.68517,-0.6480649,-0.62011254,-0.5906519,-0.5715175,-0.5689313,-0.5723218,-0.57376206,-0.57172704,-0.5816104,-0.60300946,-0.631553,-0.6588798,-0.6822574,-0.69224375,-0.71138364,-0.7346833,-0.7466866,-0.7512527,-0.7572914,-0.8156851,-0.7799753,-0.8774051,-0.8188978,-0.820664,-0.86024046,-0.8915297,-1.0741576,-1.3050649,-1.3172953,-1.3973228,-1.5031881,-1.4545611,-1.4410218,-1.4413017,-1.4181157,-1.4118923,-1.3886815,-1.3862976,-1.3729502,-1.369709,-1.345021,-1.3380743,-1.3345813,-1.3268619,-1.3289919,-1.3184249,-1.3143388,-1.3138871,-1.3161122,-1.3061649,-1.2964994,-1.2898846,-1.2820452,-1.2777252,-1.2668864,-1.2585213,-1.2415385,-1.233607,-1.2275605,-1.2160796,-1.2026379,-1.2007234,-1.1904591,-1.2260109,-1.2441502,-1.2626932,-1.2920552,-1.305804,-1.3248008,-1.3189403,-1.32776,-1.3624972,-1.3599008,-1.3827654,-1.4006808,-1.3976133,-1.4164524,-1.4267629,-1.4501944,-1.4537293,-1.4285169,-1.476758,-1.5427072,-1.5038859,-1.5363759,-1.4892975,-1.3637714,-1.0544258,0.57373995
947,SSC_BAPI04_20120223,0.690698,0.309302,0.0,-1.6247835,-1.6163572,-1.5998409,-1.5801605,-1.5610908,-1.5426892,-1.527069,-1.5146883,-1.5044204,-1.4953038,-1.4805094,-1.4513292,-1.3920698,-1.3113781,-1.255824,-1.2222673,-1.2128878,-1.2334942,-1.265027,-1.2792323,-1.2780306,-1.289581,-1.3090034,-1.30977,-1.3149061,-1.3363507,-1.3587523,-1.3840019,-1.3791713,-1.2934797,-1.0412031,-0.7213951,-0.3884262,-0.09889942,0.09610868,0.20219627,0.23264807,0.2972496,0.3304567,0.36100036,0.39253616,0.42231578,0.44626153,0.47359434,0.5046365,0.533478,0.56108403,0.5869096,0.61313504,0.63634926,0.649026,0.66793436,0.68594664,0.7176423,0.65580595,0.66359466,0.63853526,0.6395816,0.6563063,0.6905853,0.733492,0.85418767,0.8989796,0.94642,0.9850541,1.0397863,1.0690641,1.0952518,1.1176237,1.1319976,1.1336927,1.1242299,1.1011884,1.0452385,0.9438783,0.79947644,0.7282815,0.6992406,0.67966497,0.6648231,0.67118984,0.7028729,0.7515284,0.8124598,0.8642,0.90838164,0.9393418,0.96855724,0.979238,0.97504294,0.94887286,0.8974597,0.80729485,0.6962609,0.5746017,0.49810034,0.6703606,2.6626632,0.35275966,-0.52467555,-0.66731536,-0.7783982,-0.8231474,-0.8736549,-0.9016332,-0.9033832,-0.9019324,-0.88670015,-0.84877825,-0.80524266,-0.761264,-0.70531034,-0.6512975,-0.593045,-0.53772026,-0.4846057,-0.43371478,-0.3877206,-0.34110954,-0.29753122,-0.24920921,-0.20689286,-0.17234021,-0.14259669,-0.115942955,-0.0963278,-0.09688417,-0.11279089,-0.14731,-0.2003299,-0.2466362,-0.28780767,-0.32367522,-0.34034002,-0.3363467,-0.3514202,-0.37642482,-0.38436615,-0.3810653,-0.38490206,-0.39601544,-0.4286689,-0.22570191,0.6925011,3.5286927,-1.7524561,-1.7524561,-1.7524561,0.19916947,0.36686698,-1.7524561,-1.7524561,-1.1762904,-1.3530185,-1.3425056,-1.359145,-1.3113087,-1.2927366,-1.2541236,-1.234346,-1.2257679,-1.1968322,-1.1774638,-1.1625241,-1.1556227,-1.1497923,-1.1560106,-1.1291221,-1.1202167,-1.1144443,-1.0961136,-1.0776373,-1.0626693,-1.0466743,-1.0354733,-1.017879,-0.99927896,-0.9950733,-0.9784672,-0.9685672,-0.9538814,-0.96011657,-0.9716781,-0.98763084,-1.035115,-1.0787033,-1.1129069,-1.1520687,-1.1820757,-1.1926636,-1.2256838,-1.2496673,-1.2208796,-1.266481,-1.2850707,-1.276333,-1.2800943,-1.2819682,-1.2807081,-1.3286089,-1.392224,-1.3990939,-1.404475,-1.4184753,-1.4198617,-1.428407,-1.3870277,-1.0539982,0.7769821,1.828729
954,SSC_BAPI12_20120223,0.715776,0.284224,0.0,-1.6442844,-1.6333371,-1.6193007,-1.6042709,-1.584945,-1.5716296,-1.5597395,-1.5534929,-1.5452843,-1.5393467,-1.5300844,-1.5072575,-1.4607881,-1.3930928,-1.3473115,-1.3215901,-1.3177608,-1.3392497,-1.3682436,-1.3819966,-1.3836958,-1.3915676,-1.4051898,-1.4052538,-1.4099113,-1.4239453,-1.4368736,-1.4504633,-1.445419,-1.3874943,-1.2007699,-0.9370399,-0.6390555,-0.37325418,-0.19706063,-0.10290549,-0.059625044,-0.024012476,0.00094633095,0.025732186,0.05050694,0.074643984,0.0980343,0.11924016,0.14070942,0.16162778,0.1853376,0.2071856,0.22885853,0.2508158,0.27063593,0.29150265,0.31041268,0.32097635,0.322112,0.3167584,0.28961396,0.29138812,0.30336392,0.32069144,0.3498178,0.41445673,0.45122877,0.49108523,0.52637035,0.567014,0.5924516,0.62001085,0.6389905,0.6584388,0.670266,0.6797269,0.6833561,0.6432257,0.56952834,0.44769892,0.38157704,0.36147317,0.34933332,0.3447842,0.35759273,0.38247874,0.42454198,0.4770471,0.5225493,0.5623494,0.59671855,0.6203238,0.63331836,0.6351954,0.61764234,0.5773493,0.51320374,0.42556006,0.33331463,0.29243544,0.23375098,0.94923425,0.13496867,-0.49133414,-0.6008351,-0.85531086,-0.8807165,-0.912809,-0.93891746,-0.94307303,-0.9419885,-0.924322,-0.8875945,-0.84848434,-0.80641437,-0.75790614,-0.7083477,-0.65446323,-0.6034824,-0.5539526,-0.50587803,-0.4611268,-0.41575775,-0.3745658,-0.3320412,-0.28945458,-0.25539345,-0.22634675,-0.20012376,-0.18630543,-0.18742226,-0.20127425,-0.2320986,-0.2729197,-0.3116063,-0.3428283,-0.37699088,-0.39480886,-0.39030427,-0.40449828,-0.42984134,-0.4305557,-0.43002024,-0.42939597,-0.47269127,-0.38739806,-0.36018398,2.721585,3.276975,-1.7524561,5.954177,5.770788,3.1631918,0.3968511,0.7934584,-0.32409638,-1.1862093,-1.2724706,-1.2695553,-1.280749,-1.2496234,-1.2473035,-1.2159784,-1.1956692,-1.1837811,-1.1645854,-1.1504718,-1.1496601,-1.1367314,-1.1412169,-1.1360856,-1.1196271,-1.1186249,-1.1062797,-1.089264,-1.087214,-1.0665399,-1.0534123,-1.0511699,-1.0341425,-1.020962,-1.0154393,-0.9927041,-0.99068815,-0.978632,-0.97158486,-0.9939331,-1.0167264,-1.0357535,-1.0832065,-1.1134872,-1.1637871,-1.1726617,-1.2099786,-1.2404228,-1.231098,-1.2303022,-1.2614701,-1.2633132,-1.2557905,-1.2500525,-1.2745169,-1.2676058,-1.3026078,-1.2900386,-1.3537627,-1.3588216,-1.3634919,-1.3389779,-1.3607804,-1.3134112,-1.0258498,1.212478,0.028002772
967,CHI_CECU04_20120225,0.655201,0.344799,0.0,-1.5031581,-1.4994413,-1.4838713,-1.4554434,-1.4257485,-1.4004358,-1.3829564,-1.3722799,-1.3659277,-1.3588338,-1.3492167,-1.3248324,-1.2814882,-1.2263058,-1.1876252,-1.1650248,-1.160751,-1.178902,-1.2026945,-1.2085174,-1.2049383,-1.2094522,-1.2215934,-1.2200046,-1.2163134,-1.2273526,-1.2459544,-1.2728869,-1.2743434,-1.1948069,-0.9951781,-0.72982275,-0.40246773,-0.041408464,0.25221273,0.42888075,0.49247563,0.57105356,0.6080603,0.6374447,0.6650094,0.6906977,0.71204126,0.73133504,0.751183,0.7726574,0.7924541,0.80962735,0.823759,0.83545387,0.84206533,0.84887075,0.85316026,0.855916,0.8300683,0.7982758,0.73011315,0.6933175,0.68548787,0.7015706,0.7289247,0.7760414,0.8251791,0.85938025,0.9047564,0.9440975,0.9754218,1.0015973,1.0098772,1.0195768,1.0192833,1.0137752,1.0013869,0.91767573,0.7862496,0.6175252,0.5036241,0.46182868,0.4386757,0.41863564,0.41654828,0.43407282,0.4788818,0.52792645,0.5703819,0.60940254,0.63564646,0.64977574,0.65755206,0.64872867,0.6170127,0.5562839,0.46475953,0.35267597,0.23173025,0.17701612,0.18289769,0.042167585,-0.16073462,-0.49847135,-0.7328741,-0.9074144,-0.990844,-1.0344807,-1.055102,-1.065932,-1.0653758,-1.0544465,-1.0329751,-1.0053877,-0.9755157,-0.9393339,-0.9022503,-0.8658257,-0.8277627,-0.79275453,-0.7583999,-0.72665256,-0.6923111,-0.66077626,-0.62839884,-0.5955773,-0.56854564,-0.5462537,-0.5255426,-0.51803976,-0.52049035,-0.5227109,-0.5249046,-0.5376435,-0.5584388,-0.5860552,-0.61241484,-0.63236433,-0.63503003,-0.6516955,-0.6695003,-0.67729986,-0.6783922,-0.6766181,-0.6750636,-0.6766652,-0.7037095,-0.61636,-0.60595334,-0.7991986,-0.9282741,-0.7971169,-1.1028448,-1.12437,-1.1521606,-1.2666618,-1.3515496,-1.3405839,-1.3298719,-1.3149323,-1.2898378,-1.2786232,-1.2576786,-1.2379317,-1.2262768,-1.2163235,-1.2069355,-1.2032787,-1.2060043,-1.2051088,-1.2027149,-1.20828,-1.2022781,-1.1919287,-1.1891332,-1.181532,-1.1726912,-1.1626741,-1.1617237,-1.1466192,-1.1440153,-1.1267401,-1.1108701,-1.1061035,-1.1029508,-1.0895567,-1.092914,-1.1047695,-1.1263703,-1.159677,-1.1778404,-1.1989212,-1.2116659,-1.2438259,-1.2588639,-1.2562517,-1.259734,-1.2657869,-1.2838724,-1.2797152,-1.297007,-1.3171722,-1.3235224,-1.3306818,-1.3342552,-1.3788044,-1.3629757,-1.4269125,-1.4113877,-1.4248992,-1.4136235,-1.4173335,-1.1290064,-0.9657846
968,CHI_CECU05_20120225,0.673024,0.326976,0.0,-1.5053947,-1.4999653,-1.49013,-1.4760727,-1.451285,-1.431226,-1.4169468,-1.4102442,-1.405139,-1.4019532,-1.3924062,-1.3739144,-1.3337197,-1.2766993,-1.2363664,-1.211223,-1.2067496,-1.2288144,-1.258754,-1.2663608,-1.2643701,-1.2703195,-1.2817956,-1.2790779,-1.2787298,-1.2936208,-1.3074173,-1.3265609,-1.323192,-1.2555372,-1.0489762,-0.7433417,-0.38600674,0.010124385,0.3293073,0.50746876,0.5654995,0.63966084,0.6710564,0.6911661,0.71637064,0.73624223,0.73623097,0.75731575,0.7930803,0.8138502,0.83305496,0.8492929,0.8627612,0.8688751,0.82624346,0.8312836,0.8425683,0.8010167,0.7077443,0.6808787,0.63660073,0.65042365,0.6545439,0.6934222,0.72790265,0.7896479,0.8341513,0.8916392,0.9429189,0.9807544,1.0121224,1.0378649,1.0581123,1.0620668,1.0396014,0.98927695,0.8479499,0.75391144,0.66650635,0.50593156,0.4637919,0.44500318,0.4311144,0.41287163,0.41826588,0.44255707,0.49710095,0.5593272,0.6115906,0.6545095,0.6816661,0.70142406,0.71107507,0.6965456,0.65366346,0.5718223,0.46013513,0.306873,0.15904109,-0.050766952,-0.42409638,-0.6661673,-0.7096673,-0.9035459,-1.006483,-1.0771493,-1.1069419,-1.115853,-1.1243349,-1.1130842,-1.0985336,-1.0976932,-1.0634805,-1.0170957,-0.97352636,-0.9324047,-0.8923513,-0.85376966,-0.8180694,-0.78635,-0.75494623,-0.7263569,-0.6982484,-0.66674775,-0.6365277,-0.6092359,-0.5818625,-0.56003547,-0.5449838,-0.54179937,-0.54991156,-0.5497252,-0.5487157,-0.5608182,-0.5849751,-0.61377424,-0.638791,-0.6603596,-0.66714287,-0.6810017,-0.70042723,-0.71631795,-0.72897035,-0.74807626,-0.7839137,-0.84058166,-0.92675596,-1.0658275,-1.0450119,-1.2435013,-1.1591119,-1.1893737,-1.3278733,-1.2954177,-1.3355091,-1.4272486,-1.3781718,-1.3598509,-1.3396975,-1.3049366,-1.2558018,-1.2310331,-1.2142895,-1.1965129,-1.2013283,-1.1868473,-1.1654682,-1.1655148,-1.1626271,-1.1659522,-1.1769445,-1.1720328,-1.1704153,-1.1618689,-1.1561865,-1.1555799,-1.1434326,-1.1344863,-1.1327846,-1.1217773,-1.1191633,-1.1020322,-1.0937202,-1.0827693,-1.0752776,-1.0729192,-1.0634478,-1.0676095,-1.0970479,-1.1189036,-1.1529055,-1.1791601,-1.1902864,-1.201948,-1.2267092,-1.2385577,-1.2267656,-1.2345973,-1.2614325,-1.2608832,-1.2670144,-1.2901002,-1.2912564,-1.3181136,-1.3155959,-1.3809984,-1.3726714,-1.3984773,-1.4018347,-1.3923063,-1.4345309,-1.436296,-0.9132828,-0.3072848
969,CHI_CECU07_20120225,0.675026,0.324974,0.0,-1.5627184,-1.5573694,-1.5462018,-1.5310106,-1.5090697,-1.4925104,-1.4806094,-1.4756095,-1.4708173,-1.4685128,-1.4600526,-1.4428772,-1.4057895,-1.3529752,-1.317676,-1.29745,-1.2955308,-1.3161824,-1.3406802,-1.3494473,-1.3449637,-1.3490292,-1.3597972,-1.3572117,-1.3564821,-1.3709236,-1.3870049,-1.4083517,-1.4059871,-1.3352267,-1.1338367,-0.83367795,-0.44932795,0.023183355,0.44616523,0.7064993,0.80263704,0.90494645,0.9493284,0.97816706,1.0113889,1.0369163,1.0402465,1.0632349,1.0999724,1.1222849,1.1427995,1.1595675,1.1739316,1.1789688,1.1341044,1.1358253,1.1425169,1.1006256,0.98282766,0.9346062,0.8534344,0.84505343,0.84219575,0.8829833,0.9286454,1.0423825,1.1029412,1.1787319,1.2425921,1.2898273,1.3308779,1.3562107,1.3718686,1.3707614,1.3376106,1.2669436,1.1102495,0.9893604,0.8295737,0.60511494,0.5155281,0.47698,0.4523892,0.42362344,0.42617893,0.45032755,0.50678724,0.5708573,0.624962,0.6690211,0.69390625,0.71402764,0.7161239,0.689136,0.62734896,0.52287763,0.38192856,0.20228238,0.031249372,-0.17236604,-0.49728593,-0.7603504,-0.7940835,-1.0278466,-1.1779808,-1.2479817,-1.2796181,-1.2958323,-1.306674,-1.3007475,-1.2903336,-1.2853302,-1.2579186,-1.2205555,-1.1819018,-1.1450453,-1.1065578,-1.0697887,-1.0327053,-0.99932224,-0.9666507,-0.93665165,-0.90495706,-0.8753186,-0.8454373,-0.8161373,-0.7907013,-0.7702075,-0.75428843,-0.7473738,-0.75582814,-0.755509,-0.75309736,-0.7662407,-0.7859068,-0.81271356,-0.8381071,-0.858417,-0.86844695,-0.8879497,-0.9075532,-0.9259936,-0.93827415,-0.95441246,-1.0175778,-1.0429242,-1.1310141,-1.1224278,-1.076158,-1.2738122,-1.2855313,-1.3544503,-1.4734266,-1.4881012,-1.4117268,-1.5234361,-1.5452923,-1.5377121,-1.5162175,-1.4898541,-1.4640602,-1.4369094,-1.4263617,-1.4192957,-1.4137362,-1.4117987,-1.3833215,-1.3803028,-1.377414,-1.3741393,-1.3731989,-1.362955,-1.3593205,-1.3531193,-1.3477292,-1.341964,-1.3390014,-1.3302414,-1.324593,-1.3160639,-1.3096558,-1.3007936,-1.2911232,-1.2829442,-1.2686993,-1.276633,-1.269665,-1.2696254,-1.286681,-1.3053964,-1.3331918,-1.3538015,-1.3630766,-1.3798124,-1.3952208,-1.3988774,-1.3964444,-1.4072148,-1.4303784,-1.4478786,-1.428246,-1.4475613,-1.4669625,-1.4711565,-1.4933128,-1.5043608,-1.5164983,-1.5297025,-1.5293031,-1.5382081,-1.483103,-1.4425551,-0.87937546,-0.5503466
975,CHC_ADFA02_20120226,0.526392,0.473608,0.0,-1.5915956,-1.5871842,-1.5811706,-1.5766578,-1.5723778,-1.5650024,-1.5612978,-1.5577011,-1.5539391,-1.5525271,-1.5477178,-1.5393382,-1.5217816,-1.4960366,-1.4775195,-1.4650897,-1.4606645,-1.4652274,-1.4723005,-1.472909,-1.4710696,-1.469775,-1.4704107,-1.4661198,-1.4637305,-1.4667451,-1.4652117,-1.4663867,-1.4590151,-1.427968,-1.3331759,-1.1993035,-1.0491143,-0.91034627,-0.8153433,-0.7604234,-0.7423111,-0.7054236,-0.6861241,-0.66661936,-0.64702606,-0.6306131,-0.6143886,-0.59766024,-0.58122516,-0.5651496,-0.5490831,-0.5353693,-0.5206517,-0.50837314,-0.49920407,-0.49057373,-0.47980988,-0.46712524,-0.47076085,-0.46848768,-0.47474006,-0.47279257,-0.46833402,-0.45630026,-0.43583682,-0.38788572,-0.36187705,-0.33429813,-0.30945057,-0.29408887,-0.26580963,-0.25676548,-0.23760736,-0.22737664,-0.21732295,-0.21024954,-0.2174702,-0.23322406,-0.26417205,-0.3120153,-0.3404265,-0.35613304,-0.35736462,-0.36484635,-0.35993296,-0.34317026,-0.31174195,-0.2738635,-0.24476597,-0.21471523,-0.19368361,-0.17372781,-0.15673405,-0.14686593,-0.14892606,-0.16132115,-0.18994923,-0.2336152,-0.283776,-0.3266923,-0.39478174,-0.47789502,-0.5255479,-0.68230367,-0.814275,-0.9276912,-0.9912099,-1.0262165,-1.044571,-1.0491004,-1.0449694,-1.035042,-1.0141069,-0.9885531,-0.958528,-0.928124,-0.89538956,-0.8671633,-0.83888584,-0.81143785,-0.78620523,-0.7629172,-0.73932016,-0.7125609,-0.6855413,-0.65856725,-0.6366292,-0.616246,-0.6003778,-0.5952832,-0.6033064,-0.611535,-0.62365794,-0.6450192,-0.67329633,-0.7030339,-0.72506434,-0.7337904,-0.7249208,-0.7304274,-0.7358947,-0.72943515,-0.72043854,-0.715142,-0.6977496,-0.69090307,-0.69421136,-0.6868084,-0.70602643,-0.7317514,-0.8372151,-0.91075736,-0.9860178,-1.1035566,-1.1892403,-1.2875266,-1.2561975,-1.2612462,-1.2424873,-1.2235475,-1.2010165,-1.1683081,-1.1433496,-1.1288044,-1.1321012,-1.1160622,-1.102727,-1.103733,-1.1079818,-1.1236173,-1.1309922,-1.1341912,-1.1277434,-1.1265776,-1.128135,-1.1244732,-1.1202509,-1.110622,-1.1086996,-1.0941224,-1.0833673,-1.074927,-1.0661626,-1.0503201,-1.0407394,-1.0371466,-1.0494516,-1.0606241,-1.0843031,-1.1247323,-1.1652164,-1.1915197,-1.2087235,-1.2319882,-1.2576946,-1.2590065,-1.2416049,-1.2514174,-1.2762376,-1.2853402,-1.2733084,-1.2674414,-1.2904531,-1.2928957,-1.2942107,-1.3228002,-1.3489474,-1.350429,-1.4238495,-1.4583954,-1.4010651,-1.4072363,-1.144638,-0.8198436
979,CHC_ADFA06_20120226,0.773373,0.226627,0.0,-1.608932,-1.6148536,-1.6146191,-1.6086458,-1.6046613,-1.5976741,-1.5959823,-1.593401,-1.5935351,-1.5900673,-1.5841203,-1.5761335,-1.5510089,-1.5154179,-1.4907225,-1.4756066,-1.4730608,-1.4871374,-1.5084709,-1.5116467,-1.5122559,-1.518071,-1.5257542,-1.524694,-1.5245911,-1.5327029,-1.5372221,-1.5409395,-1.5335977,-1.4994235,-1.3797747,-1.1982121,-0.9790301,-0.76091707,-0.604088,-0.51629823,-0.47315544,-0.4418197,-0.41892263,-0.39714453,-0.37668973,-0.35728797,-0.33977687,-0.32247612,-0.30428678,-0.28848347,-0.27046636,-0.2561161,-0.24438126,-0.23346947,-0.22962888,-0.21987027,-0.2104184,-0.2170038,-0.2124755,-0.2220975,-0.23978388,-0.2530996,-0.25716865,-0.24769448,-0.2298314,-0.20958193,-0.18601106,-0.15892716,-0.13464029,-0.1099131,-0.090572566,-0.07158857,-0.062025577,-0.053195648,-0.05383534,-0.061196927,-0.07502589,-0.10501013,-0.16263804,-0.241112,-0.29198375,-0.325611,-0.3394063,-0.34793836,-0.3546272,-0.34105602,-0.31151187,-0.271225,-0.24023636,-0.2165705,-0.19579631,-0.17568591,-0.16874269,-0.16805355,-0.1827786,-0.2162566,-0.26550287,-0.33275428,-0.40862754,-0.4871793,-0.58909744,-0.6473639,-0.73062664,-0.9013461,-1.0434059,-1.1509817,-1.20898,-1.2406049,-1.257319,-1.2618942,-1.2619345,-1.2553748,-1.2380297,-1.2134057,-1.1909964,-1.1638935,-1.1381236,-1.112196,-1.0883341,-1.0652457,-1.0432671,-1.0226344,-0.99995935,-0.9799816,-0.95931494,-0.93577605,-0.9198561,-0.90678185,-0.8948595,-0.88865924,-0.89668566,-0.90116185,-0.9103922,-0.92754066,-0.95029074,-0.9733579,-0.98806137,-0.996441,-0.99427366,-1.0070429,-1.0128864,-1.0142223,-1.0169339,-1.0148543,-1.085709,-1.0906368,-1.1113033,-1.1444483,-1.1680671,-1.2022145,-1.2136403,-1.3154827,-1.344219,-1.406441,-1.471601,-1.4937948,-1.5212351,-1.5097475,-1.5019048,-1.4952083,-1.4790938,-1.4655519,-1.448153,-1.4358393,-1.444486,-1.4063244,-1.4101647,-1.4028608,-1.4021308,-1.3994999,-1.4076884,-1.3979241,-1.3924154,-1.3918457,-1.3875532,-1.3815457,-1.3782786,-1.3687202,-1.366799,-1.3633982,-1.352615,-1.3430731,-1.342761,-1.3279777,-1.3267642,-1.3117952,-1.3196285,-1.3297129,-1.345848,-1.3750399,-1.3997289,-1.4146049,-1.4286679,-1.4419464,-1.4522235,-1.4570664,-1.4585276,-1.4799517,-1.4630945,-1.4636434,-1.4882343,-1.4979749,-1.5233603,-1.5023544,-1.52841,-1.5233761,-1.5475398,-1.5580206,-1.547183,-1.5745035,-1.5780847,-1.4097176,-1.2462931,-1.0565851
980,CHC_ADFA08_20120226,0.507584,0.492416,0.0,-1.5463724,-1.5312301,-1.5229117,-1.5133647,-1.5055561,-1.4975528,-1.4880693,-1.479783,-1.4763907,-1.4711038,-1.4594532,-1.4433696,-1.4177412,-1.3803127,-1.3502606,-1.3270978,-1.315492,-1.3188326,-1.3254819,-1.3275659,-1.3240682,-1.3218217,-1.32503,-1.3193706,-1.3144803,-1.3208027,-1.3244423,-1.3286229,-1.3195668,-1.269789,-1.1274259,-0.95259565,-0.79613936,-0.66060513,-0.56725574,-0.5148306,-0.4972886,-0.45640555,-0.432866,-0.41187552,-0.38983494,-0.37055448,-0.35621062,-0.3349849,-0.3097724,-0.28980538,-0.27266648,-0.2543855,-0.23732877,-0.22303587,-0.2262777,-0.21051201,-0.19404249,-0.19049509,-0.21579431,-0.20287019,-0.19152334,-0.16659643,-0.15624125,-0.12943232,-0.10606538,-0.10649098,-0.09056158,-0.061065342,-0.045032874,-0.01651428,0.004231845,0.01842751,0.036180157,0.048792254,0.059491355,0.050482396,0.022036493,0.0042247167,0.0024951913,-0.027503313,-0.028208561,-0.020663273,-0.019593071,-0.020803973,-0.006003908,0.013733952,0.051725317,0.09228585,0.12821896,0.16179956,0.18841463,0.2107324,0.23128244,0.24478723,0.24771014,0.24029326,0.2149882,0.16956584,0.11582282,0.010702257,-0.22605413,-0.33015183,-0.31914034,-0.40407515,-0.4961843,-0.5792643,-0.6121442,-0.62717366,-0.6419706,-0.63175774,-0.60827744,-0.5996547,-0.5629181,-0.5134239,-0.4640476,-0.41971168,-0.37576678,-0.33431202,-0.29737216,-0.26427126,-0.23470059,-0.20267293,-0.17346346,-0.14028123,-0.10589605,-0.07135193,-0.040618844,-0.011529976,0.0063832346,0.018349448,0.013709528,0.007198566,-0.005729404,-0.027002335,-0.054479472,-0.086934485,-0.105410494,-0.11669705,-0.10080399,-0.10166186,-0.10874439,-0.09784312,-0.09527185,-0.09523247,-0.16817825,-0.18391366,-0.18844724,-0.30831376,-0.35072687,-0.34469947,-0.3524197,-0.43531597,-0.5321569,-0.6405652,-0.7848581,-0.86549056,-0.86602676,-0.8496704,-0.79045206,-0.73068553,-0.69216454,-0.6414144,-0.60300106,-0.57303715,-0.535235,-0.53353995,-0.5234117,-0.528637,-0.5323082,-0.5569409,-0.57414067,-0.5884753,-0.5830338,-0.58952606,-0.5877124,-0.5823862,-0.57269627,-0.57024163,-0.56748366,-0.5417956,-0.5336243,-0.5152807,-0.5082542,-0.4821583,-0.46256757,-0.4512095,-0.4641917,-0.46886876,-0.5226366,-0.58801687,-0.6373679,-0.6873274,-0.7050162,-0.75354004,-0.7767006,-0.76880205,-0.7674674,-0.7785623,-0.8062115,-0.7920994,-0.7769745,-0.7996785,-0.7901025,-0.80245465,-0.8623244,-0.8315403,-0.86785734,-0.90980226,-0.89812744,-0.94070095,-1.0074247,-0.93592465,-0.7701411,-0.62899864
981,CHC_ADFA09_20120226,0.588589,0.411411,0.0,-1.5618031,-1.5588499,-1.5512409,-1.5458581,-1.5376788,-1.5302476,-1.5260266,-1.5215136,-1.5165645,-1.5151271,-1.5061336,-1.4939266,-1.4722916,-1.4422493,-1.419714,-1.4044362,-1.3980408,-1.4020991,-1.4127104,-1.412745,-1.4104128,-1.4131334,-1.4175531,-1.4147125,-1.4128541,-1.4186351,-1.4228745,-1.4286333,-1.4232799,-1.389394,-1.2858633,-1.1568373,-1.0322971,-0.9278758,-0.85976416,-0.82321316,-0.807554,-0.7852905,-0.77028286,-0.7559921,-0.742153,-0.72916,-0.715302,-0.70300645,-0.69089127,-0.6787522,-0.666033,-0.65360254,-0.64397,-0.6325713,-0.6236267,-0.6141266,-0.6044902,-0.59940773,-0.58853006,-0.5830283,-0.58496726,-0.5810098,-0.57567704,-0.56657237,-0.5581637,-0.5548745,-0.53821164,-0.5217647,-0.50931466,-0.49453458,-0.48178717,-0.4692196,-0.45503035,-0.44386813,-0.43177325,-0.42301497,-0.4183602,-0.41575855,-0.42589486,-0.44604054,-0.4579244,-0.46303526,-0.46296245,-0.45859772,-0.4505226,-0.4382308,-0.41146278,-0.38238934,-0.3565229,-0.3354063,-0.31524062,-0.29610646,-0.2815683,-0.26881444,-0.26480812,-0.26541382,-0.2752138,-0.29505226,-0.3218723,-0.34862164,-0.36736372,-0.39636403,-0.45743322,-0.55636114,-0.6652947,-0.75897706,-0.81711996,-0.85052073,-0.8687556,-0.8715191,-0.8652636,-0.85417634,-0.8308837,-0.8046725,-0.77806574,-0.74802566,-0.7169727,-0.688655,-0.6614342,-0.6372168,-0.61358905,-0.5911988,-0.5675112,-0.54331267,-0.51843464,-0.49290648,-0.4690491,-0.45187372,-0.43843672,-0.4312301,-0.43409806,-0.4393273,-0.45089048,-0.46866402,-0.49115896,-0.5163835,-0.533799,-0.5449075,-0.5288346,-0.5260229,-0.5309583,-0.52259344,-0.5112356,-0.50465333,-0.55876493,-0.54403967,-0.57594556,-0.5892366,-0.63929576,-0.5936757,-0.6464754,-0.7545533,-0.79478425,-0.8752978,-1.0039662,-1.0915415,-1.0913364,-1.0945714,-1.0753269,-1.0427685,-1.0278938,-0.99460024,-0.9686513,-0.9506146,-0.9282436,-0.9325151,-0.9191188,-0.9264576,-0.9322195,-0.946626,-0.9574265,-0.9712493,-0.9678085,-0.9725828,-0.96532893,-0.96388215,-0.95929986,-0.9560831,-0.94628185,-0.9357861,-0.9336032,-0.909011,-0.8984835,-0.88219005,-0.873336,-0.8644217,-0.85830975,-0.88208103,-0.9200765,-0.9590294,-1.0086876,-1.0285772,-1.055902,-1.0797931,-1.1063448,-1.1131227,-1.1075683,-1.1064066,-1.1197367,-1.1191751,-1.1187341,-1.1275642,-1.1290197,-1.1765268,-1.1881642,-1.1788433,-1.218889,-1.2347374,-1.2839626,-1.299499,-1.294556,-1.2548646,-1.2226827,-0.95845735
988,CHC_ARGL03_20120226,0.848343,0.151657,0.0,-1.5403246,-1.5340092,-1.5284079,-1.5125083,-1.4884304,-1.4595401,-1.4389997,-1.4320948,-1.4277084,-1.4244678,-1.4116457,-1.3862182,-1.3335329,-1.2652833,-1.2214195,-1.1965386,-1.1915275,-1.2130284,-1.2446193,-1.2540202,-1.2526702,-1.264371,-1.2826929,-1.2845393,-1.2952657,-1.3212103,-1.341463,-1.3661742,-1.366041,-1.2857947,-1.0468885,-0.69937867,-0.2595672,0.23382555,0.62467986,0.84929734,0.9417734,1.0115429,1.0506064,1.0827124,1.1142787,1.1425122,1.1650082,1.1782333,1.1920764,1.210182,1.2285676,1.2438266,1.2568911,1.2591442,1.2537887,1.2522922,1.243725,1.208743,1.1444128,1.0573436,0.9243849,0.866077,0.8491954,0.85746115,0.8952319,0.99359727,1.0542213,1.1274062,1.2007103,1.267236,1.3085932,1.3379133,1.3486612,1.3444186,1.3203757,1.275635,1.2046435,1.0761243,0.8724164,0.6291911,0.48768976,0.43060535,0.39869866,0.37166172,0.3579085,0.3742927,0.41664293,0.46908638,0.5175437,0.5572328,0.5806251,0.5966235,0.5968039,0.57530683,0.52444476,0.44362167,0.3285124,0.1919979,0.05733155,-0.04831453,-0.17871141,-0.34438863,-0.4736238,-0.73614734,-0.94923455,-1.0835901,-1.1491222,-1.180114,-1.1966841,-1.2009611,-1.1982824,-1.1906781,-1.1680809,-1.1410211,-1.1113396,-1.0769477,-1.0418139,-1.006845,-0.9716737,-0.9357903,-0.9027861,-0.8729808,-0.83931756,-0.8096747,-0.78026825,-0.750147,-0.72540265,-0.7017895,-0.6874337,-0.6820776,-0.68736583,-0.6808502,-0.6798832,-0.69484776,-0.7152384,-0.7395496,-0.7631181,-0.7789909,-0.7805674,-0.79708487,-0.8191391,-0.82875705,-0.8333462,-0.83478767,-0.9173445,-0.9306076,-0.9348824,-1.0134989,-0.9431807,-0.9669707,-1.0767924,-1.2303076,-1.2694571,-1.333908,-1.4154593,-1.423209,-1.4758868,-1.4505957,-1.4389164,-1.4318104,-1.4263358,-1.404571,-1.3941119,-1.3802533,-1.3753915,-1.3766545,-1.3573291,-1.3578604,-1.3516889,-1.3525984,-1.3503239,-1.3479549,-1.3448538,-1.3411366,-1.3328965,-1.3285273,-1.3287575,-1.3228716,-1.315589,-1.3082787,-1.3049517,-1.2959601,-1.290375,-1.2892648,-1.2832329,-1.2684819,-1.2682114,-1.2809516,-1.2889062,-1.3142616,-1.3331208,-1.3475646,-1.3563223,-1.3787498,-1.3950639,-1.3988129,-1.396862,-1.4140762,-1.4255252,-1.4264531,-1.4291393,-1.4468286,-1.4507796,-1.4708065,-1.4545698,-1.468471,-1.5148982,-1.4868817,-1.5444517,-1.4987524,-1.5008589,-1.417566,-1.2500205,-1.101635
991,CHC_ARGL06_20120226,0.524227,0.475773,0.0,-1.5795982,-1.5713172,-1.5643547,-1.5471652,-1.5174215,-1.4840977,-1.4651476,-1.4569902,-1.4521924,-1.4491467,-1.441792,-1.4235675,-1.3895115,-1.3463266,-1.3131844,-1.2872267,-1.2715802,-1.2692745,-1.2684433,-1.2601233,-1.2383987,-1.2237829,-1.2239046,-1.2130401,-1.2119343,-1.2339668,-1.2528751,-1.2862378,-1.2838833,-1.1657213,-0.87207043,-0.50126094,-0.12379336,0.22548853,0.46666878,0.60479105,0.6530805,0.73812807,0.7850723,0.8270009,0.8681241,0.90697956,0.933826,0.9661272,1.0040929,1.0351673,1.0652186,1.0939165,1.1194733,1.1366813,1.1249844,1.1381694,1.1505969,1.1340107,1.0744692,1.038101,0.96715677,0.9444271,0.93568313,0.96274906,1.0012718,1.0586594,1.1183953,1.1865602,1.2423373,1.3011094,1.3326392,1.3640306,1.3840926,1.3952515,1.3856853,1.3404363,1.2479448,1.1440823,1.0019842,0.79795027,0.687715,0.6315961,0.59891695,0.5703101,0.5624749,0.5807132,0.63761413,0.7071226,0.7629996,0.8089246,0.8411134,0.8624758,0.87317246,0.8574705,0.81655437,0.7377198,0.6236779,0.47686735,0.32340306,0.15017541,-0.11464067,-0.27866772,-0.3660597,-0.6054577,-0.80545956,-0.955122,-1.0270684,-1.0653901,-1.086519,-1.0889455,-1.0794488,-1.0703475,-1.0390732,-1.000553,-0.9605992,-0.9189764,-0.8786218,-0.8393971,-0.8022891,-0.7705761,-0.73941696,-0.7079565,-0.68084353,-0.64946383,-0.6201922,-0.59055716,-0.56839246,-0.54485476,-0.5358693,-0.54151297,-0.5571081,-0.55603,-0.55835176,-0.58013093,-0.61132735,-0.6474738,-0.6797094,-0.69449043,-0.6883896,-0.69894135,-0.71633,-0.7193619,-0.7192569,-0.7245533,-0.8069423,-0.8073585,-0.83784217,-0.87232506,-0.90375894,-0.9155566,-0.95344216,-1.0877767,-1.168746,-1.2358738,-1.3672037,-1.3805768,-1.38466,-1.372334,-1.367362,-1.3372139,-1.3164848,-1.2954489,-1.2765267,-1.2607219,-1.2514429,-1.2307292,-1.2288529,-1.2406436,-1.2450315,-1.2527311,-1.2564617,-1.2585733,-1.259989,-1.2564359,-1.2554727,-1.2548712,-1.2522683,-1.2516918,-1.2448953,-1.2361414,-1.2281117,-1.2127534,-1.2069802,-1.184109,-1.1790649,-1.1772479,-1.1771271,-1.1794207,-1.2051353,-1.2324971,-1.2647715,-1.2856543,-1.3050756,-1.3271582,-1.3398001,-1.3521786,-1.3412511,-1.3438939,-1.3666065,-1.3733824,-1.3586302,-1.379011,-1.3884411,-1.4004359,-1.405033,-1.40036,-1.4236941,-1.4658383,-1.4670764,-1.449765,-1.4858497,-1.4387816,-1.0582051,-0.834842
1008,SSC_ARCA09_20120228,0.530845,0.469155,0.0,-1.4075574,-1.4059764,-1.391072,-1.3733889,-1.3565423,-1.3392094,-1.3235263,-1.3103104,-1.2988842,-1.2878338,-1.276449,-1.2556417,-1.2208508,-1.1753807,-1.142034,-1.1197189,-1.1084521,-1.1124158,-1.12295,-1.1225021,-1.116923,-1.1138719,-1.114531,-1.1072135,-1.1034937,-1.1085042,-1.1106337,-1.1146641,-1.1044811,-1.0523845,-0.9152933,-0.76531285,-0.62324363,-0.502281,-0.42133322,-0.3730769,-0.3585892,-0.31861612,-0.29629296,-0.274852,-0.25220257,-0.2304795,-0.20799227,-0.18609871,-0.16504279,-0.14490947,-0.12224719,-0.101260565,-0.08263159,-0.06219047,-0.044607736,-0.025081042,-0.005549907,0.0014501137,0.024611967,0.03220856,0.03723014,0.048558068,0.061350945,0.0789179,0.09826837,0.10964713,0.13042855,0.15391247,0.18124108,0.20859925,0.22922899,0.25262314,0.2755389,0.29865518,0.3197727,0.33640417,0.36161295,0.3808462,0.35953283,0.33859134,0.32635143,0.3228356,0.3323828,0.34722868,0.36003533,0.38184208,0.41427442,0.44772136,0.48173153,0.51155066,0.54160255,0.5720745,0.59801805,0.6194824,0.63167554,0.63600826,0.62544644,0.6026151,0.5681192,0.5379259,0.73551625,0.756128,0.33918333,0.2379666,0.0676109,-0.0791085,-0.20195822,-0.26282325,-0.28896552,-0.30114418,-0.30761448,-0.2859926,-0.25923285,-0.21919084,-0.18135957,-0.12887302,-0.08007026,-0.03342647,0.009805709,0.053812318,0.09359456,0.1309446,0.17309372,0.2119335,0.2582621,0.30712354,0.35072348,0.38764137,0.41962707,0.4407967,0.45032802,0.4424346,0.43405482,0.4151102,0.3968312,0.3726216,0.34517896,0.33149254,0.34319046,0.33556768,0.3150506,0.31319442,0.3163931,0.32905394,0.29744545,0.29507202,0.234142,0.83533657,0.55997014,0.93545574,1.2562279,0.959455,-0.39661527,-0.4686458,0.4587162,-0.4038732,-0.63457775,-0.69050515,-0.70415205,-0.623795,-0.5826344,-0.5363322,-0.49803406,-0.47189614,-0.43520927,-0.3719367,-0.36025164,-0.37695116,-0.40455052,-0.4274776,-0.4389378,-0.44255382,-0.46099943,-0.4436199,-0.43239903,-0.42438492,-0.39997557,-0.38291907,-0.35648653,-0.32392973,-0.29782045,-0.2886091,-0.27142018,-0.24664098,-0.22508864,-0.22535403,-0.22500065,-0.26859966,-0.3246961,-0.38222972,-0.4399919,-0.4791778,-0.50797975,-0.5116384,-0.57144403,-0.58169204,-0.58636445,-0.61640686,-0.62081283,-0.6286227,-0.61823833,-0.6483581,-0.62935704,-0.67311275,-0.7123284,-0.7112841,-0.7613889,-0.8236013,-0.87599295,-0.9166554,-0.97353315,-0.8161263,-0.17581223,0.013011291
1009,SSC_ARCA11_20120228,0.489888,0.510112,0.0,-1.409465,-1.4079032,-1.3957108,-1.3790189,-1.3629725,-1.3457965,-1.3301433,-1.3168125,-1.3057331,-1.2953573,-1.2848872,-1.2663102,-1.2356371,-1.1949548,-1.1639497,-1.142567,-1.131371,-1.1340027,-1.1394788,-1.1428368,-1.1361288,-1.1320848,-1.1322012,-1.1254085,-1.1213769,-1.1244782,-1.1256837,-1.1288913,-1.1188563,-1.0727799,-0.9483634,-0.8058429,-0.6636167,-0.54782104,-0.4736501,-0.42841926,-0.42492107,-0.3765806,-0.3551707,-0.33423433,-0.31266257,-0.29159603,-0.26824838,-0.24799539,-0.22953539,-0.21035857,-0.18881078,-0.16833216,-0.14947565,-0.12902366,-0.10465266,-0.084995896,-0.06832713,-0.044778,-0.02565015,-0.014918326,-0.012658141,-0.0091710435,0.006137245,0.023314822,0.04751404,0.09786333,0.118965186,0.14399597,0.17118026,0.19859827,0.21830726,0.24147823,0.2593302,0.2809287,0.299871,0.31553325,0.3500852,0.38845307,0.34680143,0.3176428,0.29172423,0.27734393,0.28212184,0.2931548,0.30330643,0.32553223,0.3555977,0.38585973,0.4174397,0.44460985,0.47204924,0.49847403,0.52347386,0.5428018,0.55381113,0.5556891,0.5445872,0.5277774,0.49694318,0.50202495,0.7379245,0.6639616,0.35985023,0.24995524,0.13337727,-0.047591284,-0.19315143,-0.26535422,-0.28781503,-0.31116584,-0.3231746,-0.29872647,-0.2751944,-0.24864735,-0.2176727,-0.16987646,-0.122131616,-0.07734719,-0.032754876,0.011648589,0.053103097,0.09190582,0.1367107,0.17615557,0.22147603,0.2718688,0.3161311,0.35341382,0.38513076,0.40766415,0.41406152,0.4061195,0.39856192,0.3805681,0.36013582,0.33663064,0.30672878,0.29206148,0.30799016,0.30071262,0.28311774,0.28681657,0.29809868,0.31934497,0.25206736,0.2995716,0.27054268,1.2377079,0.6211128,1.6158079,0.23255318,1.2696878,-0.054470006,-0.2441243,0.06419777,-0.49544293,-0.6245395,-0.612073,-0.68592876,-0.6417319,-0.5950151,-0.546427,-0.5203474,-0.49493283,-0.46175563,-0.38985434,-0.3924297,-0.41178742,-0.43563676,-0.4574567,-0.4776821,-0.4852088,-0.48541927,-0.47775397,-0.47102076,-0.46021017,-0.44076842,-0.41873837,-0.39814636,-0.36864042,-0.33854434,-0.3312421,-0.31376445,-0.28935933,-0.2683476,-0.26710105,-0.26805076,-0.3008082,-0.35804126,-0.41515112,-0.4751126,-0.5075157,-0.53274435,-0.5573484,-0.61060995,-0.62673014,-0.63861585,-0.63965356,-0.6607162,-0.66018623,-0.6563768,-0.6792679,-0.65376204,-0.68798923,-0.72188246,-0.72955644,-0.8145754,-0.8811904,-0.871827,-0.88875955,-0.92428726,-0.732943,-0.357494,0.083848916
1012,SSI_BAPI02_20120302,0.600346,0.399654,0.0,-1.6257398,-1.6047456,-1.596316,-1.5804281,-1.5590796,-1.5362847,-1.5174582,-1.505217,-1.4942183,-1.485173,-1.4701083,-1.4430841,-1.389086,-1.317267,-1.2629037,-1.2281221,-1.2171602,-1.235318,-1.2696991,-1.2750499,-1.2806638,-1.2933006,-1.3135302,-1.3155634,-1.324859,-1.3514243,-1.3735218,-1.3986965,-1.398116,-1.3173287,-1.0740085,-0.765912,-0.44631705,-0.16710874,0.018822264,0.120192096,0.16676086,0.21360528,0.2452278,0.2758308,0.30638593,0.33471414,0.3611925,0.38844538,0.4159467,0.44359434,0.46929437,0.4967366,0.52040744,0.54589015,0.55962914,0.5849405,0.61040074,0.6140618,0.6149396,0.60441357,0.5806267,0.5809467,0.5908431,0.6143478,0.64807355,0.6918864,0.7434109,0.7950837,0.84005815,0.8833832,0.9271054,0.95627034,0.98267037,0.995503,1.0028521,1.0154592,0.98553693,0.93893117,0.8301718,0.6895892,0.5994145,0.5681307,0.5503729,0.53544474,0.53851277,0.5655175,0.6234154,0.6823095,0.7399186,0.78882796,0.83054435,0.85939217,0.87486017,0.87273264,0.849933,0.7931976,0.70357287,0.5843317,0.45538992,0.3761281,0.26247537,0.094192885,-0.12669617,-0.46890453,-0.711524,-0.89867646,-0.9746699,-1.015849,-1.0411702,-1.0472037,-1.046395,-1.0337517,-1.0025945,-0.96299314,-0.9202466,-0.8724456,-0.821886,-0.7741837,-0.7247343,-0.67630494,-0.6333214,-0.5889479,-0.5446651,-0.50326425,-0.4591797,-0.4175762,-0.3830801,-0.3537353,-0.32736167,-0.30855298,-0.30681923,-0.31826088,-0.34544224,-0.38685736,-0.42746475,-0.46979606,-0.5021669,-0.51570326,-0.5173417,-0.53169715,-0.55660045,-0.5641928,-0.5668113,-0.56211746,-0.5621284,-0.52549756,-0.50265485,0.040410247,1.1061368,1.6016241,0.5636687,0.6448134,-1.0729192,-1.07197,0.121410355,-1.1660422,-1.3179446,-1.4051688,-1.4033929,-1.3901398,-1.3626211,-1.3472095,-1.3239504,-1.3045177,-1.2913971,-1.2594492,-1.2535006,-1.2490605,-1.2397741,-1.2369598,-1.2341039,-1.221728,-1.2060592,-1.197041,-1.185594,-1.173008,-1.1578414,-1.1476015,-1.1320301,-1.1204317,-1.1069059,-1.0975605,-1.0770054,-1.0647929,-1.0586562,-1.0609889,-1.0684948,-1.0872929,-1.1160308,-1.1582551,-1.2013544,-1.225134,-1.2487018,-1.269465,-1.2967219,-1.2793901,-1.3012564,-1.3051912,-1.330837,-1.3262714,-1.3382456,-1.3410575,-1.3509029,-1.3595504,-1.3789705,-1.4038249,-1.3860631,-1.4137633,-1.4366826,-1.4311845,-1.4151013,-1.3103195,-0.58722246,-0.07232607
1025,Resid002,0.0769231,0.461538,0.461538,-1.2571265,-1.2167906,-1.1711887,-1.1217868,-1.0730113,-1.0301305,-0.9948586,-0.96294737,-0.92876434,-0.88902634,-0.8425457,-0.788775,-0.7249197,-0.6534725,-0.58299536,-0.5172265,-0.46169955,-0.42096654,-0.38914114,-0.3581345,-0.32315636,-0.28988123,-0.26961258,-0.23644215,-0.20662338,-0.18272929,-0.16476174,-0.14600644,-0.10884839,-0.025010927,0.10684647,0.23908354,0.35283536,0.44750538,0.51822686,0.5716949,0.6325985,0.6553039,0.6855134,0.71915984,0.7513543,0.78178763,0.8119379,0.84185076,0.8709353,0.8983004,0.9260142,0.9532561,0.98059636,1.0068697,1.0335729,1.0599,1.087058,1.1125977,1.1416197,1.1655918,1.189801,1.2101659,1.2336986,1.2611651,1.294329,1.3237581,1.3568878,1.377859,1.4034048,1.4291468,1.4539589,1.475912,1.4933184,1.5151546,1.53139,1.5551572,1.5673723,1.5770094,1.5787213,1.5830581,1.5967366,1.597689,1.6045517,1.6190617,1.6362499,1.6535323,1.6752369,1.6908092,1.716459,1.7409122,1.768818,1.7908123,1.7996933,1.8059213,1.8095411,1.8119087,1.809223,1.8018873,1.7817229,1.7094014,1.6557863,1.7064986,1.5671098,1.5540954,1.3859296,1.2525346,1.2119019,1.1839811,1.1694281,1.1597213,1.1538712,1.171935,1.2058836,1.2424417,1.2850945,1.3323959,1.3805919,1.4179401,1.4520277,1.4859457,1.518785,1.5483229,1.5832391,1.6108887,1.6494592,1.6916132,1.7219049,1.7469424,1.7698885,1.7827891,1.7867271,1.783793,1.7780212,1.7729993,1.769046,1.7602926,1.7449298,1.7419293,1.7423353,1.7326852,1.7183498,1.7150184,1.7687442,1.7600192,1.8066692,1.8436712,1.851289,-0.24605107,-1.1274555,-0.95263845,-0.9957269,-0.23142198,2.7783704,1.8452194,0.74721444,0.19251886,1.0277135,0.5471247,0.77997726,0.7971696,0.87202024,0.9088977,0.9743715,1.0281354,1.157366,1.2469137,1.2485884,1.2071067,1.1704401,1.1741946,1.1674415,1.1496599,1.1563087,1.1704606,1.1876732,1.2056395,1.2245528,1.2512176,1.2846276,1.301607,1.274949,1.2508432,1.2476898,1.2687528,1.2563213,1.2674639,1.2947696,1.2703036,1.2574354,1.1638751,1.0508974,1.1086006,1.096619,1.0527653,1.0501721,1.0645434,1.0328206,0.92919743,0.9043972,1.0603709,1.0789496,0.893637,1.0447589,0.85930777,0.84712374,1.1823022,0.7802324,0.9751652,0.62501055,0.92380553,0.7987316,0.21272182,-0.8941898,-1.4463873
1027,Resid004,0.106509,0.786982,0.106509,-1.304858,-1.2665627,-1.2208706,-1.172538,-1.1266024,-1.0856462,-1.0496057,-1.0164131,-0.9822998,-0.9452779,-0.90373635,-0.8556818,-0.7968898,-0.72949845,-0.66409117,-0.6052699,-0.559175,-0.52924347,-0.50679505,-0.47949108,-0.44583443,-0.42281255,-0.3908619,-0.35976562,-0.33051082,-0.30374384,-0.27998847,-0.2546288,-0.215192,-0.13656813,-0.005384901,0.13861774,0.27087316,0.3815226,0.46373606,0.52494955,0.5914891,0.61597145,0.64977926,0.68691593,0.7226652,0.757765,0.79284537,0.82544345,0.8562311,0.88690704,0.9182853,0.9485188,0.9787876,1.0079874,1.0399034,1.0701956,1.0982307,1.1332474,1.1716617,1.1936901,1.2118781,1.2280008,1.2527313,1.2781844,1.2839257,1.281308,1.3098438,1.3356215,1.3641207,1.3961997,1.4250855,1.4504012,1.4724898,1.4990995,1.5193398,1.5559543,1.5761973,1.5736663,1.5667663,1.5650641,1.5726457,1.5775293,1.5878847,1.6041368,1.6261442,1.6472032,1.667096,1.6927828,1.729336,1.7618642,1.7997471,1.8244847,1.8396204,1.8557204,1.8707395,1.8825524,1.885641,1.8752012,1.8544401,1.780476,1.6176232,1.6370726,1.4585034,1.6394007,1.4967492,1.2664683,1.1380991,1.075861,1.0491531,1.0262883,1.0118256,1.0312493,1.0637867,1.0986084,1.1425438,1.1968516,1.2521087,1.3008807,1.3419515,1.3819975,1.4204526,1.4570867,1.4986762,1.531815,1.5845637,1.6410869,1.6857333,1.7249767,1.7541529,1.7706949,1.7708404,1.761963,1.7502174,1.7394738,1.7340693,1.7199165,1.7008365,1.7010597,1.7023734,1.6938293,1.6729802,1.6633393,1.6404209,1.6198442,1.6740915,1.7226907,1.7092731,0.7511196,-1.6517953,-1.7070745,-1.0468531,-1.1780776,1.1971792,0.8729827,-0.8332681,-1.2139888,-0.15434204,0.32565564,0.52779627,0.5912381,0.69152695,0.7380351,0.8048906,0.8652213,0.98056483,1.0192508,1.0077937,0.94366163,0.8823911,0.8607288,0.8048539,0.7712686,0.77035385,0.7561673,0.76376176,0.78917783,0.79454356,0.84257764,0.8838474,0.9047901,0.9173385,0.95456654,0.9648406,0.9864328,0.9489839,0.9618878,0.9723152,0.92418975,0.865937,0.76732296,0.6713067,0.66029614,0.651179,0.6822408,0.6035586,0.5828487,0.5292224,0.48853278,0.4546556,0.50496656,0.57224745,0.40025243,0.48876837,0.41567418,0.3209443,0.3013614,0.7327437,0.6498933,0.6435983,0.34597126,-1.4607921,-1.6704551,-1.6766027,-1.5701361
1030,Resid007,0.0236686,0.360947,0.615385,-1.3168192,-1.2819312,-1.2419108,-1.1972804,-1.1522237,-1.1135522,-1.0817847,-1.0526599,-1.0209445,-0.98328507,-0.9393174,-0.89040655,-0.8344724,-0.7728829,-0.71155185,-0.6527204,-0.59986913,-0.5566525,-0.51935244,-0.48144394,-0.44617775,-0.42021453,-0.38984534,-0.35625398,-0.3234935,-0.2946686,-0.269899,-0.2455689,-0.20767173,-0.1346888,-0.031588033,0.07302828,0.16739284,0.24789898,0.311162,0.36222318,0.42409182,0.44702277,0.47792938,0.51287305,0.5460416,0.5784412,0.6110395,0.64157385,0.67042416,0.698995,0.7272288,0.7551922,0.78374666,0.8123984,0.8427796,0.87149787,0.8999951,0.9339174,0.96817017,0.99254996,1.0161911,1.0357571,1.0602999,1.0869912,1.1057509,1.1193651,1.1459762,1.1684294,1.1967436,1.2214117,1.2488273,1.2711258,1.2925154,1.3131864,1.3311532,1.3563323,1.3723811,1.3825154,1.3897939,1.396964,1.409554,1.4185755,1.4314353,1.4458097,1.4628617,1.4795707,1.502351,1.5215383,1.5469533,1.5705417,1.6007808,1.6236176,1.6316394,1.638216,1.6477101,1.6546052,1.6609162,1.6546108,1.6430159,1.5940967,1.4649609,1.5928924,1.3707161,1.3758923,1.3600599,1.2185298,1.1574013,1.121821,1.1124825,1.1037344,1.1007993,1.1174341,1.1475872,1.1795299,1.2172588,1.2604359,1.305455,1.3391457,1.373256,1.4032739,1.4330982,1.4644845,1.4923611,1.5186746,1.5577178,1.5941608,1.6233481,1.6476582,1.6668562,1.6793389,1.6834584,1.6827589,1.6763506,1.6726391,1.6702622,1.6592089,1.6490601,1.6455295,1.6464343,1.6437839,1.6309768,1.625496,1.6417626,1.6441487,1.6683846,1.6626441,1.8035462,0.40531385,-1.4556282,-0.953488,0.64891917,-0.83963454,1.779259,1.3532808,-0.44655147,0.15321073,0.93970966,0.6496171,0.63169426,0.7192648,0.8101514,0.85185516,0.9053017,0.95413953,1.1006186,1.2180527,1.1961107,1.1359484,1.116288,1.1374155,1.1307021,1.0875841,1.0993907,1.127969,1.1025927,1.1258742,1.1670479,1.1946443,1.2328436,1.2266151,1.1870288,1.1903114,1.1762019,1.1816645,1.1546748,1.1610181,1.2071685,1.1740834,1.1829584,1.0646461,0.9845268,0.9993136,0.99747187,1.0245289,1.0199208,0.98767716,1.0141796,0.9065624,0.83056444,0.8277811,0.94914865,0.7850784,0.76242024,0.7087201,0.77014583,1.0760968,0.6833498,0.7970932,0.6780635,-0.21913101,0.08196046,1.3179497,-0.20174484,-1.2176956
1038,Resid015,0.0,0.284024,0.715976,-1.2786063,-1.2424386,-1.200798,-1.1529326,-1.103764,-1.0621072,-1.0290581,-0.9986332,-0.9647776,-0.9237969,-0.87610674,-0.8250832,-0.7710573,-0.7143005,-0.6564748,-0.5979313,-0.5405546,-0.48740286,-0.4411787,-0.39890176,-0.36315688,-0.3319241,-0.29771912,-0.26626468,-0.23310757,-0.20223494,-0.17771658,-0.15624534,-0.120093465,-0.05038599,0.026699902,0.09457303,0.15590528,0.20799403,0.25222746,0.29344392,0.3514244,0.3681508,0.39427036,0.42537916,0.45481893,0.48449972,0.5138227,0.53885424,0.56250226,0.58622175,0.6104557,0.63471884,0.65991616,0.6849709,0.71431625,0.7406048,0.7650678,0.8014065,0.8399712,0.8611593,0.87870395,0.890715,0.91207606,0.9342467,0.9354305,0.92771494,0.9500763,0.97050595,0.99136543,1.0146084,1.0399846,1.0600559,1.074504,1.0964713,1.1167517,1.1460648,1.165941,1.173789,1.1818725,1.1957402,1.2035818,1.2061627,1.2214676,1.2374414,1.2527099,1.268033,1.2832061,1.2976948,1.3178983,1.3400661,1.3671297,1.384313,1.3871671,1.3929008,1.4041761,1.4191849,1.428442,1.4357084,1.437396,1.3779439,1.1646515,1.1447616,1.0548145,1.2816684,1.2926944,1.2010052,1.164714,1.136081,1.1291192,1.1128817,1.1002742,1.1159145,1.1390061,1.1579884,1.1793104,1.2052999,1.2369633,1.2615068,1.2839575,1.3042659,1.3269718,1.3491576,1.370269,1.3872614,1.4184779,1.4461131,1.4618455,1.480023,1.496152,1.5105494,1.5133837,1.5179027,1.512191,1.5106183,1.5147811,1.511477,1.5067363,1.506894,1.5113969,1.5075618,1.5002905,1.5009187,1.5269198,1.5210787,1.5638328,1.4291476,1.1401407,-0.02115093,-1.6514089,-1.3316672,-0.20481637,-1.1483276,0.3081505,1.6169984,1.127047,-0.1027122,0.7510037,0.68373686,0.76556516,0.8457011,0.8828321,0.88473624,0.9496451,1.0008606,1.1009344,1.2161192,1.2428534,1.1626565,1.1670094,1.1615896,1.1949842,1.1728778,1.1754895,1.1842064,1.173747,1.2078205,1.243861,1.2715136,1.2633678,1.2704506,1.2200805,1.1847837,1.1830051,1.1950477,1.1386192,1.1385514,1.1979977,1.1986465,1.2022308,1.1543643,1.1011052,1.1217184,1.1166399,1.028424,1.011748,1.0298632,1.0749649,1.0210357,1.0127263,0.9131292,0.9774374,0.8674101,0.6729194,0.7448029,0.8496021,0.88308054,1.1439185,0.4711681,0.7777588,0.5460657,-0.38582337,-0.023629993,-0.17826197,-0.21080521
1041,Resid018,0.12426,0.201183,0.674556,-1.3294344,-1.2951834,-1.255902,-1.2124152,-1.1690893,-1.1331097,-1.106191,-1.0824028,-1.0550368,-1.0205069,-0.9772137,-0.92484564,-0.8604803,-0.7877528,-0.7173205,-0.65254074,-0.6000598,-0.5639816,-0.5377129,-0.5102014,-0.48275933,-0.46076337,-0.4458863,-0.42131582,-0.39978346,-0.38531715,-0.3782504,-0.3712492,-0.3402028,-0.24901195,-0.10387063,0.039494768,0.17136618,0.27296984,0.34142002,0.39316487,0.45454714,0.4709851,0.4943905,0.5248666,0.5523878,0.58312005,0.61451447,0.63418126,0.6516838,0.6727434,0.6950103,0.7176952,0.741248,0.7676609,0.804382,0.8311649,0.85238403,0.90414083,0.95088357,0.9640794,0.96482986,0.9578241,0.9677799,0.9815357,1.0036806,1.0335397,1.0606858,1.0829139,1.1039234,1.1249447,1.1507239,1.1735684,1.1912018,1.2123098,1.2380563,1.284154,1.3504617,1.3768246,1.3593416,1.3403246,1.308288,1.2920666,1.2924984,1.3003488,1.3110031,1.3215805,1.3335173,1.3446594,1.3634902,1.3853834,1.4115018,1.4310875,1.4305534,1.4347272,1.4414958,1.4516017,1.4610475,1.4761295,1.4825208,1.4896191,1.3390838,1.2669151,1.292671,1.5073388,1.3763894,1.1451154,1.0449618,0.9756326,0.9465834,0.898399,0.86839455,0.89387465,0.90831316,0.91118324,0.9287636,0.96270233,0.998342,1.0307026,1.0645179,1.0961076,1.1282053,1.1595256,1.1907096,1.2134552,1.2500011,1.2793053,1.3002398,1.3233037,1.3457016,1.358582,1.3681765,1.369893,1.368507,1.3674237,1.3657134,1.3617647,1.354431,1.349991,1.3463244,1.33554,1.3266258,1.3359264,1.4101336,1.4410365,1.5216773,1.5634325,1.8085787,0.23733625,-1.4468979,-0.8271397,0.7700654,-0.7040056,1.8747402,0.88070947,-0.7813699,-0.28456748,0.7541012,0.6916543,0.66781074,0.47289482,0.47418568,0.47136024,0.51369035,0.5911955,0.72399086,0.8534094,0.8331485,0.7629849,0.7648397,0.7882766,0.80958694,0.8134994,0.8207807,0.852467,0.86623615,0.891451,0.9209469,0.94349056,0.9625808,0.9724732,0.9593377,0.939988,0.9555757,0.9290142,0.90519464,0.9036596,0.94216955,0.9502635,0.951545,0.86516523,0.8348773,0.81107223,0.8207426,0.8023842,0.82317775,0.78088737,0.7453472,0.6777333,0.640696,0.66974056,0.6838628,0.6296798,0.45162237,0.6213515,0.86625975,0.8034677,0.83709764,1.0180504,0.6355815,0.74746424,-0.28373218,-0.31774026,0.8749036,-1.0804346
1047,Resid024,0.0,0.112426,0.887574,-1.3493237,-1.3198012,-1.28669,-1.2475201,-1.2059101,-1.1707393,-1.1445991,-1.120752,-1.0926741,-1.0564917,-1.0126581,-0.96493036,-0.9148979,-0.8626261,-0.8085796,-0.7522207,-0.69507146,-0.64068776,-0.5935382,-0.55301416,-0.51647234,-0.48473436,-0.46186957,-0.43024006,-0.400687,-0.374168,-0.35436332,-0.33805364,-0.30424714,-0.23332691,-0.1604821,-0.104271345,-0.05512442,-0.015882654,0.017982977,0.052214142,0.104966775,0.11728579,0.13952304,0.16637732,0.19131778,0.21722351,0.24288873,0.26236132,0.27992418,0.29905695,0.31912622,0.33897415,0.35981682,0.3823619,0.41011748,0.43312204,0.45375016,0.4888649,0.52485144,0.54384303,0.5561514,0.5625123,0.57837903,0.59379566,0.6180932,0.64436394,0.6643872,0.68499285,0.70310473,0.723964,0.74390006,0.75906986,0.77719575,0.79556423,0.8153231,0.8503395,0.88672984,0.90621436,0.91622156,0.91788447,0.91578007,0.9143988,0.9225619,0.9324162,0.94695896,0.95939636,0.97068316,0.982748,0.99847543,1.0148042,1.0362868,1.0540729,1.0527312,1.056201,1.06275,1.0730349,1.087608,1.1013037,1.1173997,1.1063532,1.0605414,1.0907105,0.8520772,1.0810574,1.0519295,0.9229688,0.87571114,0.8556248,0.8436775,0.81534815,0.8009919,0.8218051,0.8372051,0.85105956,0.8758553,0.9041378,0.929889,0.95246845,0.9750121,0.9986131,1.020614,1.0439625,1.0665891,1.079424,1.1040899,1.1254364,1.1356369,1.1488191,1.1617177,1.1713138,1.1786951,1.1842856,1.1839886,1.188587,1.1908438,1.1914169,1.1876762,1.1882745,1.1867462,1.1861916,1.1790758,1.1944884,1.2649708,1.2553062,1.3016379,1.2910684,1.391253,0.47667524,-1.6659726,-1.335,-0.84875935,-1.4740843,0.97068197,2.6870663,0.7744809,0.34936112,0.374005,0.29289657,0.28319812,0.45400608,0.4069279,0.4522964,0.483792,0.54801863,0.6813433,0.7952831,0.79410094,0.7594508,0.7952027,0.839536,0.8928578,0.90542907,0.9199947,0.9395989,0.9543057,0.97475827,1.0087081,1.0186055,1.035008,1.024196,1.0026474,0.9839423,0.9528006,0.9401451,0.9118947,0.8815843,0.93854153,0.95668006,0.9688183,0.91894674,0.8696644,0.9211313,0.8566434,0.8522936,0.7923062,0.8367017,0.8517626,0.7766853,0.84407413,0.8819912,0.78769726,0.64672244,0.51972616,0.5110998,0.3622309,0.3859829,0.7749123,0.8708026,0.6707822,-0.11336362,-0.28321752,-0.89912397,-1.0327895,-0.935668
1049,Resid026,0.0,0.16568,0.83432,-1.3174597,-1.2845935,-1.2479633,-1.205225,-1.1602705,-1.1222656,-1.093838,-1.0680137,-1.0380051,-0.999874,-0.95435816,-0.9053025,-0.8536844,-0.7995464,-0.7437232,-0.68648654,-0.6284244,-0.5731739,-0.5247236,-0.4818539,-0.44159743,-0.41480473,-0.38270894,-0.35183656,-0.32295993,-0.2950683,-0.2736307,-0.2551693,-0.22144763,-0.15415344,-0.08233278,-0.022783695,0.0291889,0.07199419,0.11016143,0.14748634,0.20391667,0.21363707,0.23708244,0.2649049,0.29051122,0.31590393,0.34106103,0.36228022,0.38171238,0.4013703,0.4216261,0.44188818,0.46273294,0.48347017,0.5091447,0.531429,0.5522964,0.5775744,0.6102939,0.6287681,0.645351,0.6560647,0.67268753,0.6885117,0.68469185,0.6729378,0.69595104,0.7106188,0.73005587,0.7493583,0.77037114,0.78859544,0.8028205,0.8232364,0.8386098,0.86664164,0.8879793,0.8885858,0.8849045,0.89252144,0.9051673,0.91486526,0.93054783,0.9437654,0.9611261,0.9749186,0.99086136,1.0008912,1.0191188,1.03711,1.0619811,1.0785106,1.0788997,1.0856926,1.0956178,1.1091743,1.1184291,1.124589,1.1262878,1.0877696,0.87329054,1.1686454,1.0606292,1.1748931,1.1454463,0.9700638,0.9257975,0.91074383,0.9000975,0.88423634,0.8717279,0.8941998,0.9134931,0.9282663,0.94921017,0.97284526,0.99800897,1.0158633,1.0338938,1.051208,1.0702113,1.0897986,1.1097084,1.1201282,1.1425157,1.1623546,1.1727102,1.1851593,1.1949157,1.20317,1.2103956,1.212506,1.2102152,1.2067727,1.2098941,1.2066106,1.2036661,1.2020656,1.2024118,1.2020116,1.1947796,1.1923373,1.2109084,1.2106326,1.2064065,1.2322636,1.273535,0.09237011,-1.0386897,-0.94871616,0.028006395,-1.38251,0.074211136,1.617251,0.55690795,-1.1744138,0.34922698,0.36205235,0.42483997,0.49085945,0.5647041,0.5439442,0.5942858,0.67103326,0.8157263,0.923777,0.8852336,0.84790736,0.849733,0.8946593,0.9245434,0.89453495,0.91863024,0.9200908,0.93668205,0.9794801,0.9902682,0.9848498,0.99619365,1.0016463,0.9741719,0.91577256,0.9170272,0.8894158,0.8599033,0.8642591,0.9250361,0.90663576,0.9131533,0.8546093,0.8400051,0.89207596,0.8709295,0.83781254,0.8106153,0.8509616,0.9096428,0.77544427,0.68774515,0.85856897,0.83088464,0.55057013,0.5144581,0.6765217,0.63436264,0.68375367,0.8293318,0.6948991,0.9120443,0.27527294,0.36686698,-0.93043035,-0.5839602,-0.93561924
1058,Resid037,0.0,0.804734,0.195266,-1.2840992,-1.2482489,-1.2081238,-1.1633123,-1.1177227,-1.0773659,-1.0426854,-1.0099287,-0.97536975,-0.9359494,-0.89383405,-0.8506613,-0.8060705,-0.76007926,-0.7134824,-0.6660008,-0.6183857,-0.5723796,-0.52904636,-0.48753327,-0.45011696,-0.41547692,-0.38013944,-0.34121272,-0.3003653,-0.26121387,-0.22307,-0.18625845,-0.14673272,-0.09916913,-0.049100764,-0.0015846194,0.045510598,0.08873518,0.12767416,0.16640934,0.20813952,0.24125597,0.27521825,0.30915505,0.3420408,0.37490717,0.407045,0.43631747,0.46431872,0.4922842,0.52049,0.54816705,0.57488984,0.60233694,0.63265413,0.6591159,0.6831893,0.71119964,0.73839474,0.76332027,0.78410167,0.80272704,0.82315016,0.84496063,0.87895656,0.91857135,0.93977654,0.96580356,0.9882037,1.0098041,1.0379657,1.0623809,1.0852616,1.110967,1.1351564,1.1549982,1.183183,1.2064378,1.2228487,1.2364509,1.2427543,1.2555629,1.2711523,1.2881656,1.3034084,1.322529,1.344452,1.3674484,1.3903992,1.4137883,1.4395984,1.4658687,1.4876012,1.5090171,1.5320343,1.5510601,1.5659143,1.5716456,1.5770094,1.5607731,1.4536248,1.4089844,1.5715656,1.5516406,1.488961,1.3906727,1.3059973,1.2602968,1.2304217,1.2178739,1.2173647,1.2248306,1.2387592,1.2604138,1.2864366,1.3193597,1.3511881,1.3789668,1.4013004,1.4207351,1.4421041,1.458895,1.4808208,1.5046774,1.5423605,1.5808614,1.6147797,1.6450506,1.6656362,1.682263,1.6833645,1.6787956,1.6713369,1.6640824,1.6566588,1.6498213,1.6363093,1.6368433,1.6501623,1.6542786,1.6449833,1.6426781,1.6346635,1.660212,1.6376175,1.7000653,1.7473977,1.3090029,-1.4390281,-0.14093986,1.731981,-0.053442806,2.4030666,1.8827807,1.6455667,1.3422972,1.1351526,0.763052,0.9281595,1.0556543,1.0920489,1.1303608,1.1849164,1.2443497,1.2648165,1.3490545,1.3020257,1.3004848,1.2607056,1.2007836,1.1523511,1.1359587,1.0905963,1.0944579,1.0828632,1.1061085,1.1282518,1.2000281,1.2085863,1.1924988,1.1745853,1.2087783,1.1833156,1.1557176,1.1723238,1.1998504,1.2119634,1.171063,1.1518563,1.0512012,0.95936805,0.9376106,0.9335568,0.8891601,0.88041055,0.85939217,0.7665951,0.7418716,0.75088614,0.81986266,0.9137121,0.9036378,0.71207815,0.7202058,0.8821501,0.9722472,1.0580415,0.54665184,0.20786864,0.31275898,-0.32049966,-0.23580772,0.34085304,0.083142035
1061,Resid040,0.0,0.43787,0.56213,-1.221764,-1.1800888,-1.133288,-1.0809007,-1.026975,-0.98001254,-0.9411165,-0.9044189,-0.8651495,-0.81943655,-0.76874983,-0.71555895,-0.66062516,-0.6042959,-0.54713017,-0.48889843,-0.43116558,-0.37548807,-0.32356176,-0.27430627,-0.23268172,-0.19520652,-0.16640162,-0.118852645,-0.073071875,-0.034470614,0.0006421448,0.032592677,0.074664555,0.14122652,0.21151887,0.26874444,0.3189009,0.366626,0.40982348,0.45108294,0.495765,0.53151757,0.56533027,0.60020846,0.63421726,0.66648906,0.69813985,0.7284932,0.7578818,0.78627974,0.8145916,0.8416505,0.86847824,0.8961492,0.9238368,0.95062834,0.9755118,1.0009874,1.0201256,1.0464116,1.0711317,1.0978183,1.1216751,1.1490879,1.2070441,1.2745813,1.2983371,1.325937,1.3469306,1.3700643,1.3950335,1.4194509,1.4415963,1.4661747,1.4861467,1.505718,1.5350379,1.5735868,1.6007787,1.6182352,1.6314026,1.6417793,1.6532093,1.6676897,1.6837319,1.7030919,1.7260801,1.7487602,1.7680547,1.7889692,1.8136312,1.8389945,1.8549433,1.8700521,1.8864663,1.8944496,1.9027163,1.912993,1.9249103,1.9002819,1.778168,1.6088921,1.8723538,1.8563812,1.7518255,1.6820924,1.6305209,1.5930064,1.5651232,1.5648824,1.571604,1.580089,1.6070446,1.643233,1.6817678,1.7193518,1.7542536,1.7839264,1.8094754,1.8311273,1.8529625,1.8745606,1.8946668,1.9175599,1.9519924,1.9849912,2.009324,2.0382671,2.0598307,2.0732627,2.0795493,2.0813441,2.0733104,2.0720706,2.0691066,2.063506,2.0497751,2.049307,2.056474,2.057087,2.0542653,2.0660048,2.1395676,2.1218412,2.1021194,2.0875816,1.9882299,1.2923447,0.6163522,0.026334599,1.1773039,1.4379748,2.6285098,1.9275053,0.30156687,-0.6023823,0.96479225,1.0357885,1.253706,1.3400306,1.3985817,1.5073197,1.5975429,1.641112,1.6434036,1.7386421,1.7941991,1.8068248,1.7932191,1.7802774,1.747547,1.708847,1.6826326,1.7140788,1.7131479,1.7444001,1.7675046,1.810214,1.8222964,1.8215066,1.792144,1.819119,1.7749964,1.7466801,1.7887387,1.7891704,1.8219666,1.7969853,1.726753,1.6296864,1.6021047,1.5813484,1.5122292,1.542035,1.5244449,1.4854997,1.408215,1.4617298,1.429361,1.3649309,1.4414074,1.2787708,1.1551852,1.0996985,1.1417725,1.6714396,1.8996367,1.1167406,1.1839154,0.3263262,0.4428261,0.43042585,-0.8942889,-1.1851987
1063,Resid042,0.0,0.668639,0.331361,-1.2140498,-1.17448,-1.1291136,-1.0777798,-1.0250225,-0.9781352,-0.93818414,-0.9008073,-0.86142075,-0.81720674,-0.769095,-0.71910214,-0.6674966,-0.61491555,-0.56196505,-0.508303,-0.45486733,-0.40397674,-0.35642272,-0.312985,-0.27272654,-0.23049317,-0.20066002,-0.15637073,-0.113289535,-0.07362591,-0.038332596,-0.0051092287,0.037267655,0.100468375,0.16853175,0.22538756,0.27510136,0.32119697,0.36370987,0.40477607,0.45147932,0.48438892,0.51929307,0.55492574,0.5890804,0.6228788,0.65553856,0.6864585,0.7164109,0.74615633,0.7753627,0.80393445,0.8313339,0.8590923,0.88771266,0.9148842,0.9409463,0.9651545,0.9888546,1.0170697,1.0392299,1.0628612,1.0859097,1.1111388,1.1625123,1.2226856,1.2430236,1.2706314,1.2955159,1.3171438,1.3413529,1.3654289,1.3878342,1.4138068,1.4368174,1.4572756,1.4788479,1.5061996,1.523758,1.5360655,1.5412922,1.5513045,1.5638101,1.5772523,1.5937097,1.611232,1.631652,1.6552273,1.6770658,1.6989616,1.7242695,1.7463801,1.7659676,1.7816364,1.7985322,1.8097111,1.8215533,1.8231441,1.8254799,1.7810163,1.7407721,1.5819839,1.6629425,1.6789917,1.576036,1.5097494,1.4327639,1.3915851,1.3572015,1.3432807,1.3360035,1.3435208,1.3635681,1.4002464,1.4345938,1.4676532,1.5041523,1.5363997,1.5607127,1.5816817,1.6034565,1.622678,1.6429626,1.6683335,1.7069685,1.7448672,1.7776564,1.8049002,1.8228601,1.8347672,1.8335208,1.8314013,1.8210869,1.8160331,1.8122427,1.8052533,1.791806,1.7919619,1.8040204,1.8061894,1.796968,1.7964605,1.823314,1.82943,1.7955911,1.8231993,1.9972148,2.1012986,-0.029571148,0.25812328,0.07814698,-0.54271615,1.8863488,2.3012981,1.243706,-0.14341588,0.9996457,0.86153865,0.85559094,1.0374527,1.08148,1.1745659,1.21755,1.2854353,1.3131026,1.4445589,1.4136502,1.3871546,1.3741373,1.3430288,1.2953333,1.2618384,1.231119,1.2381334,1.2543225,1.3073341,1.3122277,1.3690377,1.3871069,1.4005673,1.3711034,1.3796026,1.3773245,1.3553413,1.3637316,1.368556,1.3577133,1.3730738,1.3365558,1.2575566,1.1769873,1.1437601,1.0992203,1.1233355,1.1446246,1.1005784,1.1133152,1.1329633,1.1069816,1.0277352,1.1880891,0.95488346,0.9124638,0.9863318,1.1242508,0.9589291,1.0429715,0.9920694,0.48568326,1.2705586,0.7453173,2.0288222,0.9428018,-1.0633402
1064,Resid043,0.0,0.491124,0.508876,-1.3384001,-1.3087881,-1.2755421,-1.2373734,-1.1977184,-1.1625454,-1.1339887,-1.107267,-1.0779978,-1.0434548,-1.0036466,-0.96128243,-0.9168507,-0.8710578,-0.82437485,-0.777014,-0.7298487,-0.685546,-0.6459569,-0.61065644,-0.5753747,-0.54685855,-0.52459747,-0.4907261,-0.45815623,-0.42987382,-0.40662596,-0.38647068,-0.3531649,-0.29121938,-0.22324283,-0.17040373,-0.12620395,-0.08696511,-0.051303804,-0.016514516,0.022407172,0.04845675,0.07743904,0.10659265,0.13471404,0.16177118,0.18841125,0.21384041,0.23783267,0.26205912,0.28601655,0.3092429,0.3316197,0.3550966,0.38023362,0.403388,0.42464012,0.44537994,0.46754032,0.49008024,0.5117171,0.534013,0.55314296,0.5749156,0.6152955,0.6581303,0.67869085,0.70418173,0.7231198,0.74522567,0.7699196,0.79339534,0.8125288,0.83470106,0.8543856,0.8722206,0.8916646,0.921581,0.943998,0.9591037,0.97332674,0.9876839,1.0027745,1.0182989,1.0361248,1.054872,1.0753498,1.0977893,1.1182206,1.1391684,1.1622269,1.1835735,1.20121,1.2197963,1.2361884,1.2474091,1.261561,1.2733396,1.2814767,1.2493043,1.1210269,1.0547147,1.2396501,1.1564875,1.1131021,1.0482395,1.0053061,0.979952,0.9555811,0.9559674,0.96543217,0.9761746,0.9986108,1.0357369,1.0714495,1.1065764,1.1426891,1.1731117,1.1975344,1.2185221,1.2436471,1.2661428,1.287066,1.3089192,1.3424573,1.3735363,1.4011153,1.428637,1.448418,1.4626259,1.4653536,1.4660553,1.4621594,1.4605935,1.4570862,1.4539605,1.4441898,1.4448048,1.453425,1.4517827,1.4475657,1.4560941,1.5206959,1.5144539,1.5388211,1.5003669,1.435775,0.1351006,-0.6694353,2.5935242,1.1972799,0.30424598,1.5121161,0.37048495,-0.15559758,0.27574107,0.7012511,0.57435536,0.6715474,0.70363975,0.77332276,0.86028755,0.9287772,0.96498835,0.9898446,1.0919175,1.1118131,1.1162833,1.0941715,1.0658218,1.0455134,1.0058925,0.9905699,1.0223342,1.0257602,1.0576175,1.0865831,1.1332214,1.1289583,1.1272992,1.1455361,1.1361525,1.1238875,1.1186681,1.1479235,1.1572473,1.1746854,1.139116,1.0693923,1.0101738,0.9591582,0.98323995,0.8797529,0.8934285,0.9194205,0.84366864,0.84587073,0.79967093,0.8277381,0.84336644,0.89846724,0.7192073,0.60610896,0.78065103,0.71943474,0.7703454,1.1670467,0.87769073,0.643832,0.2749095,0.147224,0.0029479063,-0.11794324,-1.2290521
1065,Resid044,0.0,0.384615,0.615385,-1.3415076,-1.3093903,-1.2734418,-1.2322541,-1.1907727,-1.1534159,-1.1224719,-1.0942159,-1.0640566,-1.0289093,-0.98927855,-0.9472912,-0.90301347,-0.8571857,-0.8103598,-0.76285046,-0.7153413,-0.67104095,-0.63156825,-0.5980432,-0.5621063,-0.52828455,-0.50258785,-0.4698558,-0.43793958,-0.40846965,-0.383374,-0.3606575,-0.32610685,-0.26512995,-0.19773877,-0.14369003,-0.0983656,-0.05838773,-0.022249062,0.013235545,0.053470854,0.078458756,0.10822494,0.13730353,0.16492265,0.19230922,0.218688,0.24366374,0.26747066,0.2916071,0.31494707,0.33788455,0.3598647,0.3821436,0.40656707,0.4285229,0.44828767,0.46716636,0.4901389,0.51125896,0.53192586,0.5509107,0.56968635,0.5873855,0.6238859,0.6641675,0.6822826,0.70367455,0.7235786,0.74091053,0.7644169,0.7829784,0.8040705,0.82359636,0.8393112,0.8539974,0.87199783,0.8900337,0.9040737,0.9140206,0.92324555,0.9357252,0.947468,0.9621346,0.97730047,0.99480885,1.010096,1.02953,1.0489769,1.0674021,1.0899078,1.1084247,1.1232743,1.1392246,1.1559665,1.164021,1.1714652,1.1744316,1.1705661,1.1374931,1.1892582,1.0609492,0.9802953,1.091448,1.0012918,0.899953,0.829706,0.8051173,0.781187,0.769393,0.76006293,0.7728546,0.79514426,0.8283642,0.8612388,0.89386016,0.92627525,0.9559235,0.9820583,1.001798,1.0227084,1.0405523,1.0601232,1.0805314,1.1092829,1.139942,1.1629176,1.1872144,1.2039906,1.2160021,1.2161659,1.2163302,1.2083452,1.2040889,1.2011427,1.1947237,1.1803358,1.1787776,1.1872658,1.1862103,1.1744516,1.1733842,1.1816192,1.1589478,1.1440324,1.1155249,0.9193952,0.90768003,-1.1097634,0.41236633,-0.29080814,0.5689055,2.113196,0.8930999,-0.13347392,-0.31344518,0.0075123347,0.056498107,0.1927513,0.35541308,0.37415972,0.438219,0.5103554,0.57326293,0.5497809,0.67938524,0.6753793,0.673768,0.6798952,0.688924,0.65050215,0.6226652,0.61423564,0.6321112,0.63267773,0.6672627,0.68293685,0.7213603,0.7426817,0.7468316,0.7317632,0.7298691,0.728532,0.6965017,0.6994928,0.70398,0.7179824,0.7119548,0.6652594,0.6073575,0.6206082,0.6047438,0.55553764,0.5153558,0.47450703,0.48828736,0.4870309,0.42787597,0.46668676,0.32005152,0.48689207,0.37738225,0.15409523,0.18872327,0.20595634,0.34560454,0.06327972,0.25597772,-0.14212108,-0.6159915,-0.84535134,-0.35005888,-0.05834286,-0.948419
1067,Resid046,0.0,0.147929,0.852071,-1.3079677,-1.2767987,-1.2420136,-1.2014018,-1.1587088,-1.1211207,-1.0925858,-1.0662977,-1.0363135,-0.99899524,-0.9527691,-0.9004254,-0.8438008,-0.7861064,-0.72758883,-0.66806465,-0.6098119,-0.5571754,-0.5121802,-0.4732523,-0.4382453,-0.4113874,-0.39529312,-0.36317608,-0.33280513,-0.31402284,-0.30739233,-0.30789915,-0.27584705,-0.17451404,-0.0633018,0.008389718,0.059548736,0.1016448,0.13811255,0.17308624,0.21360342,0.23872642,0.26624668,0.29444283,0.3211654,0.34751427,0.37306452,0.39663398,0.41836664,0.44082358,0.4629372,0.48453617,0.506206,0.5292346,0.5537829,0.5764738,0.5974027,0.620447,0.6420525,0.66431355,0.6826199,0.701363,0.7210439,0.7423304,0.79032725,0.85019225,0.8679505,0.89277107,0.91094834,0.92865497,0.9516203,0.971873,0.9893975,1.0107298,1.0281675,1.0400985,1.0652972,1.0982049,1.112784,1.1221751,1.129365,1.1400596,1.1511841,1.1637247,1.1783795,1.1948088,1.2123839,1.22739,1.2404945,1.2568703,1.2770396,1.2921653,1.3030524,1.313553,1.3251879,1.3316973,1.3391672,1.3428485,1.3438926,1.3013493,1.1877615,1.1236552,1.1908278,1.2217932,1.1309466,1.047418,1.0020348,0.98140174,0.95360196,0.94318765,0.95021045,0.96907,0.9966602,1.0361155,1.075341,1.115031,1.1501633,1.1844964,1.2137685,1.2389653,1.2615817,1.2852339,1.3075423,1.3279849,1.351207,1.3752193,1.3938878,1.4129881,1.4272498,1.4397513,1.4448408,1.4472812,1.4483742,1.4463099,1.4468335,1.4411601,1.4328907,1.4238971,1.4325439,1.4304817,1.419905,1.414683,1.4337493,1.4150494,1.3520291,1.4134927,1.1248802,0.22394177,-1.5546675,-1.6125433,-0.18966445,-0.31408173,1.1225259,0.51100004,-0.11441688,0.7257996,0.43064088,0.266547,0.29693195,0.30758655,0.38767573,0.46576333,0.54406154,0.5982368,0.6644634,0.7567549,0.8020705,0.8652814,0.89241135,0.9322159,0.93448323,0.9499017,0.9720922,1.0167074,1.0316641,1.0813365,1.1074716,1.156742,1.1470059,1.1302929,1.1192356,1.1083152,1.0817275,1.0469594,1.042591,1.0573896,1.0700831,1.0855353,1.0717719,1.0498492,1.016638,1.0025403,0.9571627,0.9442305,0.9632081,0.89220405,0.84271884,0.8621316,0.8032627,0.68807447,0.76237416,0.6202689,0.53035456,0.59834033,0.5287947,0.8161498,0.96766883,0.44446096,0.08644262,-0.10989534,-0.7551167,-0.56838274,-0.36777976,-1.4143941
1072,Resid051,0.0,0.0414201,0.95858,-1.3571153,-1.32781,-1.2956167,-1.2569882,-1.2163751,-1.1814929,-1.1563222,-1.1340818,-1.1071965,-1.0720192,-1.0294379,-0.9825021,-0.932631,-0.8808064,-0.82690835,-0.7713242,-0.715275,-0.6635691,-0.6194976,-0.5836777,-0.54762375,-0.52225757,-0.4950414,-0.47055846,-0.44635502,-0.4224269,-0.40755218,-0.39574537,-0.36721778,-0.30115727,-0.22778237,-0.17306276,-0.12849218,-0.09246137,-0.060244165,-0.02925995,0.0068987035,0.023060068,0.04642023,0.0691074,0.08942547,0.11012965,0.13029942,0.14728734,0.16329233,0.18023807,0.1970556,0.21342906,0.22983244,0.24676333,0.26742953,0.28563255,0.3013439,0.3206919,0.3446589,0.36111933,0.37540194,0.384266,0.39748192,0.4120396,0.41696665,0.42420027,0.43800935,0.45597422,0.470362,0.48559773,0.50334334,0.5166563,0.5319018,0.5503836,0.5662516,0.57995456,0.5948147,0.6082781,0.6150702,0.6196229,0.6208646,0.63471717,0.64848536,0.66268736,0.6754036,0.68743736,0.70083696,0.7124867,0.7213905,0.7325581,0.7487738,0.7619177,0.7689396,0.778883,0.78971845,0.79632264,0.80488217,0.8079273,0.8081727,0.78489846,0.72033924,0.76175505,0.9105223,0.80120015,0.73175293,0.6414081,0.59505475,0.5815193,0.5715376,0.55821115,0.56094754,0.5793766,0.59629506,0.61924165,0.64390844,0.6697763,0.69272405,0.7143121,0.73585445,0.75567156,0.7713962,0.78674763,0.8011403,0.81286764,0.83045715,0.84609723,0.8558952,0.86861706,0.88071954,0.8903614,0.89674497,0.9020378,0.9019013,0.9018602,0.9041359,0.9034546,0.89648134,0.8911121,0.8936061,0.89040464,0.88315094,0.8803035,0.8770459,0.8822946,0.9182977,0.9380701,0.8576474,1.5185583,0.42472264,-0.12121707,-1.4480261,0.58938444,2.8133812,0.5997071,0.5193726,1.0005794,0.40247017,0.07909039,0.08433622,0.09212996,0.12422387,0.13618027,0.20076871,0.24955371,0.2787715,0.41516396,0.44750538,0.4551688,0.5006549,0.54497,0.55471843,0.5635666,0.5801114,0.6199393,0.6419436,0.67962056,0.70421886,0.7558116,0.75619346,0.7075146,0.6945384,0.6915529,0.6774865,0.6563164,0.64747685,0.62417036,0.65256286,0.6497727,0.6233998,0.6106321,0.61927414,0.6246457,0.5456433,0.56270117,0.5815132,0.5388131,0.5062651,0.59697473,0.5143305,0.51058096,0.4686694,0.38056317,0.25117293,0.46517834,0.7165632,0.83958346,0.97597945,0.5297579,0.47451288,0.66887903,0.2764455,0.9007881,0.025457682,-1.1104866
1073,Resid052,0.0,0.0591716,0.940828,-1.2650764,-1.2281394,-1.1871333,-1.1383411,-1.0872916,-1.0448436,-1.0142481,-0.9870211,-0.9544007,-0.9118431,-0.8610781,-0.8071285,-0.75072664,-0.6922564,-0.63126117,-0.5677564,-0.5034589,-0.44249234,-0.38956243,-0.34426883,-0.30396459,-0.27449405,-0.237618,-0.20779397,-0.17697288,-0.14488131,-0.11798765,-0.09280132,-0.058853302,-0.0025297818,0.0590335,0.1109313,0.15897566,0.19863485,0.23308933,0.26762328,0.30824026,0.32779956,0.35366064,0.37960026,0.40309164,0.42723325,0.45069402,0.4694886,0.4862956,0.5049691,0.52375364,0.5421827,0.5596939,0.5794037,0.6053428,0.62653255,0.6436198,0.6693998,0.7010012,0.71671003,0.72797275,0.73466766,0.74858797,0.7621271,0.7641953,0.7665451,0.78121316,0.79682213,0.8141606,0.8287632,0.848624,0.8688061,0.88541335,0.902903,0.9201887,0.94143754,0.97345555,0.9845635,0.98662794,0.99016505,0.9848419,0.9953415,1.0083672,1.0244018,1.039135,1.0511178,1.0617405,1.0723164,1.0822564,1.0965674,1.1131353,1.1231751,1.1322771,1.1445504,1.1586483,1.1707827,1.18101,1.191866,1.207615,1.2218304,1.1614912,1.2762241,1.3021694,1.2886571,1.1789922,1.1461076,1.102504,1.0804664,1.0833164,1.0679797,1.0646583,1.076589,1.0811771,1.0868343,1.1003786,1.116487,1.1304859,1.1453925,1.1578428,1.1680987,1.1809435,1.1931978,1.203632,1.210531,1.2274735,1.2410979,1.2500784,1.262649,1.271916,1.2829633,1.2888144,1.2939305,1.2943428,1.2949862,1.2955405,1.2966678,1.2914947,1.2880833,1.2914449,1.2888806,1.2853193,1.2981427,1.3413368,1.3343974,1.3314685,1.3931432,1.5131341,1.2795268,-1.4190248,-0.14310585,-0.9990461,-0.026073532,1.7190437,2.178241,2.7000668,2.1817005,1.1776875,1.0318967,0.96631795,0.88510925,0.81731766,0.8320385,0.88408464,0.9261093,1.0208443,1.1150446,1.0848643,1.1135976,1.1371679,1.1620839,1.1669163,1.1588836,1.1711982,1.1717131,1.1755688,1.2112924,1.2353078,1.2726032,1.2494578,1.1981646,1.1744635,1.1315082,1.0869919,1.0761108,1.0705843,1.0536349,1.0875278,1.1310707,1.0928377,1.1012118,1.0397776,1.0811493,1.0359257,1.0342152,1.0248622,0.9860526,0.9960193,1.0429757,1.056675,0.93262607,0.9283782,0.98026353,0.90939134,0.9179071,0.7665171,0.99889916,1.6073731,1.1877344,0.82327497,0.9105153,1.410375,2.2718883,1.4387944,-1.006435
1076,Resid057,0.0473373,0.597633,0.35503,-1.2560321,-1.220008,-1.1790782,-1.1344362,-1.089584,-1.0494717,-1.0145394,-0.9819003,-0.94850457,-0.91087,-0.87015927,-0.82675076,-0.7797031,-0.7304885,-0.6821045,-0.6340303,-0.58784586,-0.54562455,-0.5065666,-0.46824813,-0.43358552,-0.401292,-0.3660222,-0.33067745,-0.2939366,-0.25901222,-0.22457936,-0.19104165,-0.15276922,-0.09947927,-0.03188275,0.03448966,0.0932406,0.14569138,0.19007638,0.22857246,0.2647997,0.29901558,0.3308463,0.36102912,0.39143816,0.4207169,0.44857863,0.47610986,0.5038239,0.5309246,0.5563449,0.58107686,0.60550714,0.63035506,0.6533318,0.676094,0.69945496,0.71798474,0.73272145,0.754693,0.7760802,0.8025088,0.821914,0.84752667,0.8858618,0.9324405,0.9529749,0.97723174,1.0027231,1.0296082,1.053027,1.0721456,1.0963231,1.1119038,1.1363474,1.1538619,1.1702898,1.1794044,1.1907626,1.1935991,1.202804,1.2215216,1.2344877,1.2472928,1.2602727,1.2807202,1.3038678,1.3245324,1.3469785,1.3701825,1.391961,1.418491,1.4370118,1.4544985,1.4715607,1.4791132,1.4780273,1.4740349,1.4678519,1.4355602,1.3548737,1.2955135,1.1425468,1.2924025,1.2385904,1.1369292,1.0780077,1.0270175,1.0015737,0.9971608,0.9986225,1.0075032,1.0265741,1.0592624,1.0903153,1.1252097,1.161304,1.191193,1.211651,1.2327472,1.2527977,1.2764789,1.3028649,1.3310246,1.3675871,1.4086224,1.4437795,1.4726342,1.4988691,1.5083103,1.5050969,1.497183,1.4910574,1.4863286,1.476843,1.4682765,1.450753,1.4502544,1.4606531,1.4607183,1.4509088,1.4514005,1.4622854,1.4587046,1.5177786,1.5166585,1.6040225,0.38757032,-1.5991001,-0.3419514,1.0036212,1.4867607,1.0586984,1.5414976,3.269551,0.50486743,0.38408017,0.6338461,0.74891824,0.81934917,0.91405845,0.93819565,1.0106086,1.0476491,1.1184309,1.1455925,1.1266474,1.0860037,1.0272545,0.9656278,0.91459787,0.90093136,0.864645,0.83941215,0.8643561,0.88723797,0.916025,0.95129025,0.97114754,0.9682153,0.99258405,0.97770524,0.9778775,0.98804384,0.9630917,0.9710452,0.9778618,0.9594031,0.90972906,0.84891236,0.77580464,0.7251412,0.7191206,0.73250854,0.68581766,0.66162205,0.6217852,0.6071546,0.60972786,0.6321673,0.72216576,0.63238937,0.57510394,0.6434125,0.59928036,0.47930202,0.68233335,0.911083,0.4877087,0.0012084476,-0.093848616,0.41891167,2.0055897,0.06907468
1081,Resid062,0.171598,0.0532544,0.775148,-1.2956278,-1.2623216,-1.2249112,-1.182179,-1.138752,-1.1021234,-1.0751708,-1.0521508,-1.026042,-0.99154824,-0.9475209,-0.89331734,-0.82561076,-0.7513893,-0.6823808,-0.61916935,-0.56547093,-0.52597433,-0.4940813,-0.46331397,-0.4292984,-0.4077026,-0.3848405,-0.36137876,-0.34000346,-0.32198134,-0.30385205,-0.28217816,-0.24732614,-0.17120795,-0.03173983,0.11786845,0.24611078,0.34577587,0.4147664,0.46144047,0.4994323,0.5243391,0.5500504,0.5741824,0.5978381,0.6203156,0.6405756,0.6605388,0.6809308,0.7009891,0.7196993,0.7372881,0.7557924,0.7734824,0.78963965,0.8071684,0.82412994,0.8326191,0.8418454,0.85163474,0.8605007,0.8786277,0.8958461,0.9188986,0.94063616,0.96750456,0.98923934,1.0153213,1.0364627,1.0590476,1.0775763,1.0926014,1.1057327,1.1146481,1.1281742,1.1335871,1.1285528,1.1177977,1.1050448,1.0826204,1.0843778,1.0987852,1.1113344,1.1226647,1.13548,1.149682,1.1645775,1.1784552,1.1921227,1.2069393,1.2218423,1.2359253,1.2399757,1.2431473,1.2394416,1.2306187,1.210462,1.1797297,1.1472226,1.0922952,0.9293234,0.9072911,0.8774334,0.86246157,0.776955,0.7153091,0.6820328,0.6730507,0.67620194,0.6780916,0.6774091,0.6959524,0.7173878,0.74551713,0.7717524,0.8008617,0.82909787,0.85797626,0.8811977,0.90492076,0.9293108,0.95497954,0.9789561,0.99902236,1.0226054,1.0467336,1.0666935,1.0827744,1.0989857,1.1103578,1.1160773,1.1184189,1.117842,1.1186106,1.1136612,1.1084157,1.0955547,1.0839914,1.0818017,1.0681449,1.052267,1.0369092,1.0071399,0.997463,1.0303792,1.0945653,1.2655479,0.7506468,-0.6697492,-0.46807763,0.6229786,1.4950805,1.2243934,1.5260789,1.7525647,0.57825965,0.4946878,0.5436815,0.4739206,0.5156431,0.511826,0.5477017,0.5786841,0.6077228,0.66674966,0.7039342,0.7073685,0.6939102,0.7078595,0.71854097,0.73491096,0.7316641,0.7615529,0.7637805,0.78143215,0.78791434,0.79689366,0.82356596,0.83634645,0.81901824,0.80447644,0.7602768,0.7509392,0.73176575,0.69527394,0.68577254,0.71953547,0.72815365,0.74207354,0.7348273,0.70616645,0.6581345,0.6616272,0.67766786,0.6546074,0.6673706,0.72068185,0.6221433,0.59210306,0.59813,0.7049006,0.7546633,0.6036329,0.7227748,0.6114001,0.14641416,0.5095037,0.3632955,0.4219818,1.1207209,1.5578713,2.283806,1.3731332,1.0054309
1082,Resid063,0.207101,0.12426,0.668639,-1.3680795,-1.3411568,-1.3106369,-1.2761216,-1.2417105,-1.2132792,-1.1920911,-1.1738642,-1.1533295,-1.1263571,-1.0902319,-1.0402156,-0.96812046,-0.88580036,-0.8150773,-0.7573582,-0.71817195,-0.7022659,-0.69358695,-0.6777417,-0.65996313,-0.64746857,-0.6459155,-0.6288231,-0.61348623,-0.61016905,-0.60496676,-0.59579,-0.56668,-0.47572294,-0.2802833,-0.058611166,0.13529342,0.284528,0.38080227,0.43794158,0.47999406,0.49993128,0.52324015,0.5450055,0.56709856,0.58748126,0.6049897,0.6248839,0.6450254,0.6649444,0.68282837,0.6997473,0.716158,0.73144466,0.74466217,0.75926316,0.7750663,0.775146,0.7760636,0.77891916,0.78086513,0.79616326,0.8137301,0.83665216,0.8683359,0.90836555,0.93470246,0.96056986,0.9825252,1.0045767,1.0220909,1.0361296,1.0492382,1.0565466,1.0649273,1.063489,1.055554,1.0433716,1.0136614,0.9809149,0.97229064,0.9779911,0.9868633,0.9922901,1.0006645,1.016776,1.0341899,1.0493268,1.0632434,1.0798866,1.0932969,1.1073133,1.111065,1.1066962,1.0959324,1.0742855,1.0387934,0.99331117,0.95319694,0.90392506,0.7994066,0.7453215,0.71053654,0.5927014,0.45236817,0.3285477,0.26366454,0.24202748,0.23092858,0.22855026,0.23563828,0.24786438,0.27327555,0.31118232,0.34772906,0.38596702,0.42531815,0.46554598,0.5024475,0.53751856,0.5710887,0.6063747,0.63981485,0.667275,0.7009674,0.7320925,0.7589705,0.77985805,0.8019263,0.8137698,0.82314223,0.83003414,0.8294847,0.82297325,0.8142181,0.8055389,0.7904551,0.77623796,0.7643091,0.74808455,0.7260457,0.7097592,0.6670044,0.67576516,0.639519,0.5990784,0.6434174,-0.75641793,-1.6763865,-1.6913122,-1.7384382,-1.0902545,-1.0291231,-1.0018244,-1.4549732,-0.88379174,-0.42552277,-0.25060123,-0.049354,0.059042264,0.10607788,0.12517208,0.15251961,0.15995517,0.20434882,0.24979492,0.27309817,0.27064645,0.28307542,0.284341,0.28716436,0.30766016,0.32573792,0.31386986,0.3333997,0.37050644,0.37911084,0.3915417,0.40778285,0.40281352,0.40282893,0.3808032,0.35664314,0.36314592,0.3287314,0.34579876,0.3686631,0.3896016,0.3559901,0.3209401,0.307914,0.24510205,0.23103447,0.2285533,0.16944033,0.19150184,0.1974985,0.15100394,0.1394659,0.06677967,0.1477681,0.20754762,0.08681529,0.017477674,-0.046136964,-0.07620593,-0.016255086,-0.2630362,-1.1252133,-0.96691895,-0.41252762,0.47744253,-0.5691297,-1.5421873
1094,Resid075,0.0,0.112426,0.887574,-1.2079623,-1.1718267,-1.129844,-1.0764803,-1.0146348,-0.96311706,-0.92800426,-0.89851344,-0.8640007,-0.816502,-0.75680196,-0.69132316,-0.62146306,-0.5437153,-0.45379,-0.3481563,-0.23070668,-0.11210481,-0.006369913,0.08196222,0.1415092,0.19131638,0.21987131,0.26238024,0.30567634,0.34177294,0.37872472,0.41394863,0.45636663,0.51358145,0.56965685,0.62047803,0.67045057,0.7141312,0.7525505,0.78946114,0.8317003,0.85844046,0.88176566,0.90493804,0.9257861,0.9463681,0.9645606,0.9769889,0.9884671,1.0020462,1.015559,1.0291507,1.0444988,1.0640224,1.0865954,1.106231,1.1248051,1.1576554,1.1823874,1.2038283,1.2174255,1.2339873,1.2518783,1.2742343,1.3262823,1.389532,1.408897,1.4317403,1.454854,1.4792366,1.4966223,1.5171239,1.5362014,1.5561008,1.5842826,1.6173077,1.6625466,1.7002451,1.7158455,1.7226503,1.7221304,1.7285159,1.7411458,1.7512919,1.7620739,1.7773387,1.7887188,1.7995113,1.8099447,1.8239516,1.8424537,1.8628832,1.8675251,1.8733574,1.8788724,1.8870021,1.8926444,1.9089171,1.9328341,1.9462695,1.838078,1.9895138,2.0310173,2.0380135,1.940198,1.8857069,1.8597696,1.8582771,1.8647233,1.8557525,1.8579487,1.8707173,1.876137,1.8815385,1.8923934,1.9063494,1.918184,1.9314075,1.9434593,1.9529464,1.9630753,1.9797143,1.9907666,2.0017743,2.0185673,2.033281,2.045375,2.0573735,2.075394,2.082692,2.084385,2.0852342,2.0870323,2.0894737,2.087974,2.0908337,2.0900261,2.0887897,2.0917978,2.1004486,2.102769,2.1184583,2.1577,2.1680987,2.2315323,2.3088408,2.5336561,2.277843,-0.4964026,-0.7030164,-0.10366753,2.3065858,1.3214473,1.7535073,0.3648455,0.9036738,1.7993882,1.7448884,1.6521728,1.8237723,1.8408366,1.829085,1.8685642,1.91965,2.0221324,2.0952754,2.1003633,2.0780957,2.091781,2.1013372,2.1186767,2.1267233,2.1409068,2.1351483,2.1400995,2.1558719,2.1815846,2.1928523,2.1861808,2.146076,2.1106832,2.0414393,2.016693,1.9821887,1.9204904,1.8810091,1.9332772,1.979224,1.9943895,1.9709473,1.9722154,1.9735208,1.9532878,1.9597876,1.9703305,1.9044131,1.8579705,1.7834438,1.7895375,1.8308349,1.9122182,2.0555177,1.9211993,2.0859473,1.8782188,1.4615351,1.3091158,1.7934867,1.5703096,2.2784123,1.9707738,2.162562,1.4692161,-0.520692
1102,Resid086,0.035503,0.207101,0.757396,-1.4304899,-1.4160367,-1.4009789,-1.385013,-1.3692023,-1.3539178,-1.3407346,-1.3286326,-1.3161649,-1.3022364,-1.2850305,-1.2637008,-1.2396617,-1.2160103,-1.1943383,-1.174877,-1.1579137,-1.1447474,-1.1332265,-1.1218376,-1.1091627,-1.0981925,-1.0873829,-1.074454,-1.0605745,-1.0510287,-1.0443567,-1.0396119,-1.0201831,-0.9722298,-0.9138936,-0.8676696,-0.8348636,-0.8036336,-0.7747083,-0.75023615,-0.7268837,-0.70497346,-0.68357456,-0.66275465,-0.6415556,-0.6220241,-0.60363865,-0.580767,-0.5580519,-0.5375099,-0.5176137,-0.49763522,-0.47753778,-0.45877314,-0.4443635,-0.42666334,-0.406602,-0.40314597,-0.39826885,-0.3795903,-0.35656214,-0.3267088,-0.30527598,-0.28339198,-0.2563268,-0.22888553,-0.21154763,-0.1915064,-0.17555538,-0.15806614,-0.14469749,-0.12802112,-0.11237557,-0.10106424,-0.093664445,-0.09627614,-0.10670974,-0.097379185,-0.08270229,-0.067841925,-0.045921825,-0.026824007,-0.015808098,-0.0039607305,0.008682335,0.020802686,0.03464976,0.050272867,0.06580038,0.08007061,0.09239663,0.10318688,0.11154061,0.11517262,0.11536941,0.11660169,0.1104385,0.09872845,0.07144214,0.002793885,-0.060350977,-0.07683861,-0.11703735,-0.23494624,-0.30894727,-0.3305356,-0.35195073,-0.35369745,-0.3638132,-0.35240006,-0.3452154,-0.32959837,-0.29043922,-0.23958136,-0.19518912,-0.15306418,-0.113646545,-0.07832203,-0.044463765,-0.013239051,0.013805354,0.03515132,0.05572987,0.07759061,0.10173479,0.12298084,0.13823046,0.15255632,0.1673039,0.17703015,0.18263194,0.18595871,0.1875383,0.18623099,0.18735436,0.18117552,0.1744403,0.16717419,0.15720733,0.14598025,0.13002339,0.114085466,0.09179071,0.087717794,0.065890715,0.027112067,-0.010502077,-0.7725822,-1.5901481,-1.1721839,-0.89073825,-1.6085991,-1.255616,-0.9987884,-1.1153213,-1.3705899,-0.89510936,-0.9040926,-0.89981973,-0.84529895,-0.74616796,-0.6877105,-0.64366245,-0.5832326,-0.53333414,-0.47969562,-0.44826847,-0.4296152,-0.41127697,-0.40725046,-0.39000964,-0.3460908,-0.32823613,-0.2965829,-0.259055,-0.2312828,-0.19639546,-0.17595164,-0.14413294,-0.13657117,-0.1381559,-0.14315201,-0.161989,-0.1582253,-0.17153119,-0.16257201,-0.14586304,-0.16170433,-0.18544814,-0.20519805,-0.19375372,-0.25192258,-0.2558423,-0.25895965,-0.29490644,-0.29881328,-0.31542128,-0.39858437,-0.43472713,-0.36450884,-0.4221287,-0.58289325,-0.45947617,-0.63576007,-0.6319276,-0.607268,-0.9404067,-0.7830335,-0.949318,-1.3598181,-0.87279207,-0.9014604,-0.7587356,-1.1219877
1104,Resid088,0.0,0.0118343,0.988166,-1.0731108,-1.0441601,-1.0139956,-0.9820197,-0.9498243,-0.9225898,-0.90118384,-0.8813617,-0.85949135,-0.83366555,-0.8028248,-0.76820326,-0.7311725,-0.69496554,-0.6604065,-0.6268898,-0.5950463,-0.5661463,-0.5390754,-0.5129581,-0.4913421,-0.47187218,-0.4525113,-0.4272184,-0.40071377,-0.3795125,-0.36177668,-0.34707546,-0.31990847,-0.26577187,-0.20330292,-0.15462099,-0.120102115,-0.08229013,-0.04452266,-0.011465703,0.020247485,0.050952643,0.0798571,0.10755359,0.13596828,0.16119576,0.18475938,0.21543719,0.24677642,0.2745601,0.30161944,0.32758358,0.3530635,0.37606874,0.39185488,0.4134763,0.43984804,0.44259378,0.444751,0.47205272,0.5054915,0.5483405,0.57851064,0.60938805,0.647385,0.6846528,0.7072257,0.72883356,0.7517953,0.7718006,0.7912556,0.8123904,0.8301767,0.8428791,0.8551805,0.8528227,0.8326333,0.8393355,0.87181926,0.901841,0.94152987,0.96801406,0.98211646,1.0000309,1.0160602,1.0332043,1.0512966,1.0680624,1.0851715,1.1005331,1.1164676,1.128055,1.1415246,1.1474351,1.150195,1.1487427,1.1483577,1.1415362,1.1250246,1.0223244,0.88621664,0.82577884,0.8264515,0.76780766,0.8150653,0.8775669,0.95219964,1.0056993,1.0304133,1.0707086,1.0905988,1.1019845,1.1381258,1.1815165,1.2151294,1.2417318,1.2629316,1.2816546,1.2954448,1.309723,1.3223088,1.3341289,1.345114,1.356617,1.3710611,1.3819076,1.3892907,1.3982114,1.4058703,1.4167668,1.419319,1.4257466,1.430195,1.429717,1.4341449,1.4344122,1.4351989,1.4341989,1.430148,1.4288683,1.4252398,1.4202343,1.4184248,1.4028469,1.3621272,1.2779602,1.0928627,0.056162603,-1.206378,-1.173319,-0.4612953,2.190284,1.6947173,1.2264723,2.4194975,1.0339838,0.9289934,0.87839097,0.9307963,1.0276133,1.1124009,1.196691,1.2514478,1.3075545,1.3713791,1.3827811,1.456201,1.4648663,1.4508055,1.4821398,1.5158347,1.5398245,1.5278474,1.5513076,1.5696492,1.5960345,1.5989436,1.6134475,1.6041003,1.5708026,1.5481563,1.5299166,1.467194,1.4377074,1.4151847,1.4245948,1.457263,1.4875016,1.4694225,1.4482795,1.4655998,1.4365746,1.4381765,1.4409858,1.3864089,1.4025282,1.4811904,1.5213234,1.4256743,1.4013895,1.3464972,1.3804042,1.3107187,1.198658,1.380878,1.5083057,1.1683882,1.095484,1.3744465,0.9428665,1.3411673,0.10575172,-0.72216374,-1.6849883
1123,OPE3_002,0.0448718,0.384615,0.570513,-1.4972222,-1.4793227,-1.4594808,-1.4353229,-1.4099882,-1.3892099,-1.3748868,-1.3623346,-1.3464254,-1.3247458,-1.2979404,-1.2681781,-1.2357175,-1.2010487,-1.1670748,-1.1334958,-1.1013752,-1.0725151,-1.0469917,-1.0231473,-1.002119,-0.9830691,-0.9630353,-0.9420958,-0.9214402,-0.899713,-0.87797236,-0.8548782,-0.8270472,-0.7883583,-0.7408375,-0.6934001,-0.6438624,-0.6022323,-0.5698038,-0.53978795,-0.50882524,-0.48334023,-0.46039188,-0.43606365,-0.4131145,-0.39037836,-0.3653168,-0.3478922,-0.33244824,-0.31559026,-0.29791102,-0.28048065,-0.26300475,-0.24480161,-0.22005127,-0.20114347,-0.18547642,-0.16222213,-0.12603275,-0.11552133,-0.10996768,-0.11085569,-0.10402454,-0.096753046,-0.08920484,-0.081983835,-0.065709464,-0.05057717,-0.0354402,-0.02064107,-0.008433658,0.007425858,0.025607144,0.04206709,0.062021136,0.08699619,0.12848774,0.14125784,0.12796035,0.121971756,0.10589172,0.105857015,0.1126419,0.119999155,0.12816276,0.13834077,0.14606602,0.15666182,0.16889226,0.1799208,0.19275586,0.20172334,0.20888883,0.21947493,0.23080075,0.23931655,0.24407275,0.2477501,0.25103387,0.28202134,0.24690239,0.1068654,0.19453084,0.2339174,0.2463625,0.08105796,-0.092850514,-0.14741775,-0.1670301,-0.20474684,-0.21886714,-0.19212762,-0.1712789,-0.15736346,-0.13933478,-0.109486915,-0.07868967,-0.049239594,-0.019053295,0.005432931,0.028046945,0.0499792,0.07018906,0.08867827,0.1051617,0.122051805,0.13823386,0.14725462,0.15626754,0.16263956,0.16388354,0.16378807,0.16135141,0.16029815,0.16116513,0.15656215,0.14868066,0.14128482,0.13746257,0.12715168,0.11768977,0.111256056,0.12696388,0.13901295,0.20713103,0.4055616,0.3825201,-0.9793289,-1.3807305,-0.19935517,-0.18895838,-1.7246559,-1.7524529,-1.7524561,-1.7511069,-1.1969602,0.87792236,-0.07221739,-0.6032231,-0.6867128,-0.75061715,-0.7147964,-0.6682385,-0.6432843,-0.5908423,-0.560448,-0.5054949,-0.49250835,-0.47246993,-0.44999486,-0.4287481,-0.4007271,-0.38203737,-0.3530781,-0.3280689,-0.31358495,-0.2895317,-0.26200652,-0.24647982,-0.2603492,-0.25789738,-0.23960952,-0.2433384,-0.24308506,-0.23391038,-0.24117346,-0.21774973,-0.2105632,-0.21709006,-0.2363773,-0.24865611,-0.26335183,-0.28308675,-0.30948165,-0.31851587,-0.34073162,-0.3606333,-0.410451,-0.39616734,-0.38699454,-0.42282775,-0.42725477,-0.537756,-0.44721463,-0.38364372,-0.41667005,-0.4333817,-0.45280254,-0.5677281,-0.5299436,-0.5069194,-0.4804974,-0.16950192,-0.44236296
1133,OPE3_012,0.0512821,0.423077,0.525641,-1.4910533,-1.471779,-1.4512553,-1.4276034,-1.4022871,-1.3817112,-1.3673455,-1.35434,-1.337904,-1.315966,-1.2891207,-1.2591356,-1.2261068,-1.1909091,-1.1561804,-1.1215603,-1.0880387,-1.057453,-1.030179,-1.0044588,-0.98173517,-0.96155,-0.9411813,-0.91957253,-0.8971494,-0.8744562,-0.85137683,-0.82725894,-0.79846936,-0.75892764,-0.71109325,-0.66217923,-0.6107969,-0.5663474,-0.5310525,-0.49835205,-0.46457127,-0.43787333,-0.41349602,-0.38711247,-0.36209968,-0.33645722,-0.31014764,-0.28963396,-0.27070862,-0.25019434,-0.229313,-0.20853825,-0.18730703,-0.16531272,-0.13930558,-0.11687421,-0.09708353,-0.07025006,-0.040068783,-0.02517745,-0.015772104,-0.009742955,0.0029120303,0.01755071,0.035089854,0.055003587,0.075367235,0.09381975,0.11251791,0.12897225,0.14361887,0.15937859,0.17526042,0.19159345,0.2109694,0.23328169,0.2751979,0.3016164,0.30098373,0.29422852,0.2785333,0.2721343,0.27650252,0.28413418,0.29371575,0.3033457,0.31420922,0.32383987,0.33396345,0.34618276,0.35755208,0.36780208,0.37223083,0.38083428,0.38731253,0.38867652,0.39249688,0.39924344,0.40297106,0.40195367,0.19763476,0.2593155,0.38680583,0.52767617,0.4233958,0.11176673,0.04648883,-0.0066136825,-0.032743894,-0.054419056,-0.06964099,-0.04584937,-0.027778285,-0.014794455,0.004007825,0.035204027,0.066435285,0.09802811,0.12741731,0.1545337,0.1792104,0.20042783,0.22109881,0.24000275,0.25673944,0.2771158,0.29204115,0.30711022,0.3145619,0.3205395,0.32343343,0.32213864,0.32374802,0.32437205,0.32412595,0.31969064,0.31267813,0.30608863,0.29990417,0.2908751,0.28341246,0.2835209,0.28762898,0.30928123,0.36160243,0.42988387,1.1763355,-0.6341793,2.1342273,0.09808946,-1.5464327,-1.7491735,-1.11343,-0.8885823,-1.6682888,-0.9822851,1.7659659,0.08592972,-0.421207,-0.48138493,-0.5320251,-0.58346623,-0.5604277,-0.5264234,-0.47881332,-0.4007597,-0.36971238,-0.3612453,-0.3503908,-0.32782853,-0.2892898,-0.28352836,-0.2836547,-0.25948283,-0.23123278,-0.20975137,-0.19353835,-0.17735034,-0.15854818,-0.1467139,-0.15002161,-0.15171736,-0.15001029,-0.15158625,-0.1411183,-0.14124802,-0.12139446,-0.11857662,-0.1382252,-0.17291726,-0.21182668,-0.21489577,-0.21790901,-0.23690376,-0.2694318,-0.26669857,-0.28138903,-0.3390334,-0.3382655,-0.3669373,-0.36013734,-0.3682937,-0.36189246,-0.2911086,-0.42353347,-0.43041793,-0.43210316,-0.49826312,-0.36806944,-0.6237486,-0.45019984,-0.35733506,1.0204539,-0.6533893
1144,OPE3_023,0.0641026,0.128205,0.807692,-1.4465337,-1.4259539,-1.4034381,-1.377247,-1.3498373,-1.3278073,-1.3126284,-1.2989298,-1.2821913,-1.2597028,-1.2321173,-1.2014354,-1.167458,-1.1311401,-1.0954998,-1.0597813,-1.0248858,-0.9920947,-0.96240187,-0.93486565,-0.9098162,-0.88717085,-0.8651164,-0.8399679,-0.8142889,-0.7880018,-0.760634,-0.7323593,-0.70007795,-0.65876776,-0.6109202,-0.5604265,-0.50650674,-0.4583825,-0.4194913,-0.3846348,-0.3476648,-0.3215367,-0.2988985,-0.27446985,-0.25119245,-0.22873946,-0.20499751,-0.1863093,-0.16910893,-0.15142545,-0.13342857,-0.11577304,-0.09785212,-0.08041675,-0.05989826,-0.0420949,-0.025417248,-0.005225972,0.023917703,0.034852978,0.04275095,0.047469515,0.058761917,0.06967686,0.07549625,0.077577986,0.09380479,0.10988249,0.123191535,0.13675149,0.1504866,0.16310665,0.17863323,0.1936101,0.20796283,0.23117049,0.2690015,0.27796724,0.2619163,0.25952092,0.24750774,0.2489867,0.25524992,0.26298746,0.270258,0.27905333,0.2894555,0.29642013,0.3071745,0.3196093,0.33276236,0.3387021,0.3409159,0.34578428,0.3524385,0.35747424,0.36004585,0.36350515,0.37201604,0.4149057,0.395916,0.077214085,0.29761535,0.39622706,0.242727,0.15039791,0.043907277,0.0140351,-0.014041527,-0.059382327,-0.06002739,-0.030039756,-0.017415738,0.0016571893,0.02347831,0.05649717,0.08846792,0.12004742,0.1485888,0.17443223,0.1986886,0.22192992,0.24187042,0.2577568,0.2746449,0.2880901,0.29915372,0.31148523,0.32078844,0.32611465,0.33243677,0.33345348,0.33550832,0.3370338,0.33850297,0.33598208,0.33273336,0.32861826,0.3202913,0.30880937,0.29975647,0.29728115,0.28506857,0.33066753,0.3618511,0.40385288,0.3158186,-0.55014104,-0.2693453,0.2151226,-0.2513662,-1.6483889,-1.7213265,-1.661022,-1.750766,-1.4140828,1.2675494,-0.32732558,-0.81151736,-0.7939453,-0.68268466,-0.6169594,-0.56101954,-0.52391726,-0.45471787,-0.36514643,-0.35027087,-0.31922007,-0.3096657,-0.28484282,-0.23786715,-0.20567039,-0.17845584,-0.14182344,-0.121843204,-0.10226977,-0.07793745,-0.059587296,-0.03170045,-0.0366109,-0.03735483,-0.026021179,-0.016674029,-0.027277073,-0.046181254,-0.045925565,-0.027919218,-0.0029646172,-0.019264812,-0.03320876,-0.027682694,-0.066428155,-0.08227961,-0.08769816,-0.10507347,-0.14203975,-0.16729818,-0.23519807,-0.25130987,-0.24290065,-0.26122043,-0.2915854,-0.30691472,-0.39700103,-0.40437558,-0.3016364,-0.52166,-0.6922054,-0.683309,-0.63120717,-1.0282218,-1.2299585,-0.69431883,-0.79581225
1149,OPE3_028,0.0769231,0.634615,0.288462,-1.3518919,-1.3214153,-1.2862695,-1.2468641,-1.2067014,-1.1710929,-1.1416183,-1.1150091,-1.087664,-1.0564948,-1.0209548,-0.98213017,-0.93888307,-0.8938142,-0.8514999,-0.8108925,-0.7720776,-0.7368853,-0.7058956,-0.67563283,-0.6471783,-0.6204868,-0.59010094,-0.5600671,-0.5319924,-0.50266945,-0.4758854,-0.4498779,-0.41413876,-0.35483286,-0.2849966,-0.21681379,-0.14350295,-0.08125638,-0.033578154,0.008133912,0.054516517,0.08401743,0.1091631,0.1384789,0.16680281,0.19418575,0.22615393,0.24853633,0.268076,0.28889388,0.3113125,0.3329423,0.35420895,0.3748506,0.40451103,0.42722157,0.44563705,0.4751785,0.5282158,0.5349696,0.5372788,0.5305189,0.53752905,0.54717374,0.5375148,0.5244443,0.54380095,0.5619698,0.5789755,0.59823775,0.61935365,0.6397085,0.66046983,0.68121994,0.7027214,0.7468159,0.810735,0.8086659,0.7884267,0.77266043,0.7437979,0.74469656,0.7542337,0.76477796,0.7780888,0.7903927,0.80282617,0.8213157,0.8394505,0.8604691,0.8840755,0.89707315,0.90574247,0.9198311,0.9385785,0.9530871,0.964092,0.9754536,0.992739,1.0354009,0.96382415,0.79773617,0.80042654,0.8030407,0.8893536,0.86757326,0.69212157,0.564828,0.5245871,0.45619604,0.43038332,0.44931766,0.45969456,0.46159682,0.47471926,0.5056483,0.54241824,0.57751733,0.6109636,0.64193845,0.67168415,0.69908595,0.7254063,0.75149965,0.78495544,0.81073123,0.8326513,0.8559726,0.8737977,0.8836389,0.883885,0.88140666,0.8812473,0.87946916,0.8794631,0.8733078,0.86438906,0.85985,0.8563491,0.84530187,0.83687514,0.8372383,0.85650456,0.8949811,0.9748623,1.1301659,0.94651395,0.06922765,1.8887011,1.057441,-0.33271644,-1.200254,-1.7333515,-1.5902331,-1.0077754,-0.93238866,3.5711176,1.20876,-0.011506487,-0.10493838,-0.06727609,-0.07353067,-0.016631259,0.037662406,0.11890453,0.14057304,0.16290729,0.1590889,0.16525804,0.16728789,0.1718113,0.1658969,0.16141592,0.16626607,0.19495305,0.21106616,0.23919572,0.26536998,0.28226373,0.28861505,0.31636295,0.32324764,0.34455398,0.37330383,0.36252773,0.36917168,0.38599154,0.36336327,0.33947945,0.30294135,0.22954147,0.17952031,0.18259431,0.18696137,0.15489292,0.16519985,0.1465344,0.06578262,0.0799964,0.05925869,0.055053487,0.002507812,-0.0010919383,0.13012554,-0.002493672,-0.061885346,-0.19029222,-0.15588962,-0.32650545,-0.09317959,-0.4409984,-1.0318506,0.4249456,-0.16688742
1150,OPE3_029,0.0448718,0.833333,0.121795,-1.3328063,-1.3011186,-1.2643722,-1.2218165,-1.1787488,-1.1415318,-1.1104457,-1.0813987,-1.0509422,-1.0162216,-0.9776892,-0.9372546,-0.8941118,-0.8490692,-0.8049868,-0.7605485,-0.7162212,-0.6732615,-0.6341618,-0.5963009,-0.5620584,-0.52880347,-0.49423695,-0.45765713,-0.42134246,-0.38515776,-0.34962767,-0.315158,-0.275098,-0.22090483,-0.1638708,-0.108864516,-0.047241874,0.004321827,0.04417255,0.0838987,0.1301655,0.16163982,0.18910259,0.22086345,0.25130075,0.2826573,0.31642815,0.33965147,0.36054766,0.38353375,0.40751714,0.4310644,0.45532823,0.48076463,0.51365834,0.5396351,0.5607891,0.60182536,0.6499789,0.6610735,0.6650832,0.6600246,0.66863203,0.679809,0.6935054,0.7076167,0.72960436,0.7503904,0.77170706,0.79102165,0.81107366,0.8285498,0.84582305,0.8654866,0.8940364,0.94128144,1.0168421,1.0385888,1.0278646,1.0133721,0.97777796,0.9712256,0.97548956,0.9849599,0.99435216,1.0073664,1.0216497,1.0368791,1.0553308,1.075359,1.0983,1.1129689,1.1219121,1.1368552,1.1514485,1.1640041,1.1734588,1.1957597,1.2278776,1.2720165,1.1540215,1.1081933,1.1274676,1.391735,1.1528587,1.0680889,0.9234699,0.83577967,0.80286145,0.7317246,0.70986557,0.72771937,0.73202896,0.7273305,0.7376999,0.76551116,0.79941875,0.83177394,0.8632062,0.8943099,0.9232037,0.9517388,0.9749345,0.99904877,1.0322963,1.0644848,1.089417,1.1133176,1.1322201,1.141064,1.1439263,1.141529,1.1425351,1.1434672,1.1424443,1.1385202,1.1325632,1.1275703,1.1296751,1.1214459,1.1208651,1.1246299,1.1112286,1.1522478,1.2422799,1.4466026,1.3799254,-1.0313783,0.6934776,0.070134714,-1.2639354,-1.7451777,-1.2480359,-1.2809575,-0.72447795,-1.1298084,0.30331603,-1.0385362,-0.27173194,0.06742509,0.16252854,0.20374419,0.23975992,0.29228118,0.34959787,0.39474294,0.42799798,0.42019898,0.40805772,0.4120985,0.41284943,0.40497053,0.39023566,0.3898893,0.4064212,0.4308961,0.45079383,0.47662663,0.50034523,0.51689863,0.52946013,0.5562507,0.57115245,0.5803117,0.59829247,0.5899587,0.61348915,0.59912586,0.5652232,0.4905741,0.40986508,0.4049766,0.40225774,0.38393387,0.35021046,0.32701567,0.271166,0.24670911,0.24277397,0.24681498,0.22469272,0.24642257,0.2303506,0.23563337,0.24153478,0.10096666,0.027576234,-0.2185169,-0.19576465,-0.5314307,-0.30394134,0.07428067,1.9454241,1.1148118
1153,OPE3_037,0.0576923,0.166667,0.775641,-1.3823075,-1.3548741,-1.3232894,-1.2865567,-1.248471,-1.2174661,-1.1954864,-1.1751902,-1.1511463,-1.1196916,-1.0816053,-1.0397887,-0.99413925,-0.9456597,-0.8972228,-0.84752685,-0.7978252,-0.74964976,-0.7065689,-0.66704273,-0.63260424,-0.60187083,-0.5719493,-0.5380132,-0.50420856,-0.47085083,-0.436857,-0.4030013,-0.36426672,-0.31292236,-0.25745612,-0.20102836,-0.14069784,-0.08885087,-0.04977481,-0.012937085,0.03389403,0.05732828,0.07764284,0.10393748,0.12838782,0.1529298,0.17917009,0.1970632,0.21302496,0.23062849,0.24918583,0.2673732,0.2863454,0.306374,0.33146778,0.35324883,0.3704389,0.400032,0.43663347,0.44637677,0.45276713,0.4552663,0.4642091,0.47562864,0.48598617,0.49380806,0.50951236,0.52604383,0.54271203,0.55996567,0.5745645,0.5863136,0.5988083,0.6149567,0.63504535,0.671407,0.72759503,0.74352115,0.7351706,0.7232434,0.7020044,0.700341,0.70429486,0.71091235,0.71921945,0.7294887,0.737257,0.7471866,0.7587256,0.7723437,0.7895029,0.79942876,0.8017022,0.80569553,0.80874765,0.8160619,0.82113785,0.8344945,0.85621727,0.9148924,0.86172044,0.6523268,0.5975936,0.5752818,0.7525916,0.59730405,0.5284921,0.47861698,0.45038387,0.39482334,0.38370132,0.41163668,0.43342426,0.445975,0.4669247,0.5018015,0.53899896,0.57131094,0.6025791,0.6322659,0.6567053,0.68258977,0.7056254,0.7251753,0.74676144,0.7627946,0.77563214,0.790059,0.80253565,0.80921745,0.81439805,0.81855404,0.82170063,0.823386,0.82677,0.8245761,0.8215331,0.8162826,0.80812997,0.8003803,0.7975707,0.7911226,0.74892104,0.7666209,0.79170597,1.1070412,1.5387425,1.1164464,-0.2068814,-0.44199392,-0.64928585,-1.6785315,-1.2665433,-1.1587461,-1.1827043,-1.4724289,0.03510551,-0.678985,-0.4314166,-0.32001132,-0.21961328,-0.19712514,-0.16803649,-0.10030594,0.0071850102,0.086061776,0.06831965,0.10557456,0.13522016,0.1671168,0.19134969,0.2061411,0.21834068,0.25840724,0.2804594,0.3012726,0.3291203,0.3593599,0.37618935,0.3719422,0.37268892,0.36247328,0.36390832,0.36683774,0.37463254,0.35094106,0.39942575,0.43097883,0.40206257,0.39570212,0.3462106,0.3209415,0.31122416,0.27989894,0.24220112,0.21611685,0.20746863,0.17438923,0.14926098,0.14665605,0.11886959,0.009849648,0.05498828,0.06753096,0.07955946,-0.10500219,-0.19375934,-0.44248486,-0.30271804,-0.80742913,-0.6741261,-1.0161659,-0.39003184,-0.70571
1162,OPE3_046,0.935897,0.0128205,0.0512821,-1.5764023,-1.556415,-1.5380377,-1.5242047,-1.5132931,-1.5015428,-1.4929589,-1.487953,-1.4822227,-1.472767,-1.4511666,-1.404973,-1.3232027,-1.231516,-1.1730937,-1.1408212,-1.1393343,-1.1729412,-1.2117654,-1.2302265,-1.2368178,-1.2532877,-1.271811,-1.2758229,-1.285474,-1.3071816,-1.33158,-1.3527304,-1.3350972,-1.2106141,-0.9030936,-0.5002959,-0.061476104,0.33196864,0.5944522,0.73878086,0.8465399,0.85561895,0.8640212,0.88756937,0.9109091,0.9337173,0.96170014,0.9779897,0.992151,1.008621,1.0265337,1.0435112,1.0605112,1.0771322,1.1010429,1.1177973,1.1275343,1.139701,1.1676085,1.1467594,1.1137294,1.0906891,1.0935683,1.106904,1.1272099,1.1496465,1.1774868,1.2060605,1.2294419,1.2515529,1.2683742,1.2827684,1.2901111,1.2971795,1.3023252,1.3288338,1.3619857,1.3197201,1.2358407,1.1301467,1.0520762,1.0311583,1.0261147,1.0214503,1.0272176,1.0395783,1.0570278,1.0784214,1.098463,1.1210266,1.1423091,1.1490891,1.1366231,1.1197753,1.0967085,1.0558417,0.99612117,0.92869073,0.87162805,0.9019934,0.8421174,0.7136852,0.8769716,0.8109063,0.66235757,-0.059783857,-0.4774278,-0.61690354,-0.6704211,-0.718654,-0.73046255,-0.69071233,-0.64415044,-0.59435904,-0.53436613,-0.45768481,-0.37926766,-0.29811364,-0.22118412,-0.1465781,-0.07798956,-0.0132283,0.045148563,0.09598178,0.14776038,0.19192253,0.22534363,0.25894713,0.28943026,0.30855647,0.31834745,0.32318687,0.31859732,0.3072472,0.2914571,0.26972,0.24549915,0.21397807,0.18288435,0.14228784,0.10018207,0.0680074,0.02250218,0.02591998,0.06595277,-0.023415089,0.19111082,0.31432772,0.489251,0.055787716,-0.5441484,-0.92932886,-1.5033144,-0.477666,-1.278546,-1.2677515,0.0953699,-1.326459,-1.2725406,-1.3268327,-1.3938158,-1.3412985,-1.315623,-1.2808164,-1.2257433,-1.1692924,-1.1498108,-1.1217743,-1.0848391,-1.0561271,-1.0238454,-0.96684253,-0.9374166,-0.9093052,-0.8744452,-0.836388,-0.80143666,-0.76424825,-0.7471652,-0.7265695,-0.7084056,-0.6882508,-0.6686279,-0.65939856,-0.6455258,-0.6540923,-0.6437917,-0.6540264,-0.675662,-0.70097226,-0.75623167,-0.776313,-0.783986,-0.81885695,-0.8899351,-0.89004844,-0.923622,-0.98971856,-1.0500693,-1.0032092,-0.99954563,-1.122913,-1.1232532,-1.2053766,-1.3158128,-1.4056783,-1.2692668,-1.2320215,-1.2832272,-1.474967,-1.5280594,-1.4276597,-1.1898389,-0.417859
1177,SF_018,0.294872,0.698718,0.00641026,-1.5046141,-1.4834354,-1.4599935,-1.4371209,-1.4159981,-1.3959742,-1.376553,-1.3584447,-1.3406377,-1.3218988,-1.2984339,-1.2631829,-1.2053449,-1.1386844,-1.0900517,-1.0564365,-1.0393718,-1.0424914,-1.0506475,-1.048055,-1.0377113,-1.0305899,-1.0242134,-1.0104375,-1.0042874,-1.004171,-1.0008931,-0.99563175,-0.972737,-0.89078534,-0.71088773,-0.5052359,-0.32011977,-0.17669347,-0.08618296,-0.028903762,0.017264053,0.046114646,0.06834127,0.09545918,0.12227804,0.14767098,0.17583701,0.19972327,0.22188972,0.24353893,0.26603025,0.2880429,0.30991673,0.3310534,0.3541255,0.3736009,0.39279512,0.39871594,0.41712603,0.42787528,0.43338475,0.4463443,0.45706943,0.4776737,0.49409765,0.50888276,0.5341925,0.5600244,0.58322126,0.60295004,0.62320393,0.6403613,0.65915,0.6739339,0.6896364,0.7011345,0.7160778,0.7460816,0.7453524,0.7277264,0.7151446,0.716412,0.7268156,0.7423,0.76120627,0.78621846,0.8114123,0.8354782,0.8648343,0.8907702,0.9161367,0.9427373,0.95823264,0.97396874,0.9819667,0.9876776,0.98456097,0.9729876,0.95233285,0.86764246,0.67492515,0.61289686,0.6396802,0.89207995,0.7144988,0.436073,0.3873455,0.30047747,0.25139964,0.2492812,0.24528553,0.2830406,0.33616415,0.37801585,0.4192725,0.4782727,0.53754896,0.5968607,0.6562771,0.7100511,0.7609721,0.8118545,0.8582923,0.90466034,0.95950645,1.0086823,1.0524815,1.0907043,1.1242063,1.1469828,1.1578765,1.1600035,1.1588756,1.1513602,1.140565,1.1284121,1.1095879,1.1000395,1.1044117,1.0975541,1.0825197,1.0746936,1.0470779,1.093428,1.1088161,1.4490085,0.49941757,-1.0379434,-1.4360267,-1.5724776,-1.7517549,-1.7524242,-1.7443017,-1.744299,-1.7305154,-0.89830613,-0.43588755,-1.0870043,0.80062073,-0.30944577,0.04354256,0.066611744,0.13914418,0.21643564,0.26218042,0.31780475,0.3464006,0.292675,0.25984952,0.23333193,0.21371911,0.1874489,0.1880852,0.20524912,0.20847304,0.23313163,0.25570616,0.27782258,0.30491653,0.32216293,0.3392427,0.37496674,0.4121796,0.43595544,0.46194834,0.47919053,0.48935243,0.45699793,0.3722762,0.28303617,0.20129433,0.13531247,0.101563,0.0804684,0.047650766,0.010424832,-0.014076702,-0.02556788,-0.03956874,-0.017763747,-0.03795327,-0.12883598,0.009976091,-0.11645468,-0.25402382,-0.52940565,-0.31907457,0.003547514,-0.35012585,-0.81009007,-1.0256678,-0.17318171,-0.1007264,1.4810342
1208,SF_055,0.211538,0.621795,0.166667,-1.4439585,-1.4230772,-1.3990163,-1.3735763,-1.3488803,-1.3265611,-1.3082558,-1.2922087,-1.2742879,-1.2512252,-1.219689,-1.1744004,-1.1091555,-1.0370413,-0.9808657,-0.9389584,-0.9135373,-0.9094091,-0.9106746,-0.900746,-0.8861603,-0.87654173,-0.8689156,-0.8505394,-0.8361662,-0.8328565,-0.83239686,-0.8318912,-0.80529594,-0.71355635,-0.54252344,-0.34752315,-0.138971,0.053944603,0.19258443,0.28135547,0.34199172,0.3775094,0.40715066,0.43813884,0.46829078,0.4974515,0.5277954,0.55184555,0.5742527,0.59704906,0.6204362,0.6438498,0.66840553,0.693371,0.7220054,0.74557066,0.7655485,0.7888871,0.8130425,0.82185304,0.8196044,0.8249442,0.84107995,0.86118454,0.88335913,0.90916365,0.93574417,0.9619458,0.991325,1.0164665,1.0413672,1.0640098,1.0850885,1.1106756,1.1373222,1.1654191,1.2122123,1.2357275,1.2231791,1.1958543,1.1694393,1.1676415,1.177009,1.1908219,1.2090118,1.2314565,1.2516578,1.2759689,1.3014965,1.3280913,1.352216,1.3764338,1.3915702,1.4025209,1.4130867,1.4158998,1.4148538,1.4092752,1.3896745,1.2963855,1.0440241,1.0495114,0.8214363,1.0683665,1.025388,0.8739246,0.7857048,0.71401197,0.6643727,0.61936015,0.60821176,0.6459598,0.6786502,0.70570344,0.7433445,0.79618543,0.85078305,0.9019649,0.9527849,0.99824965,1.04441,1.0873245,1.1282603,1.1705796,1.2135209,1.2566036,1.2939417,1.3254718,1.3489035,1.3648306,1.3691813,1.3638788,1.3552518,1.3494525,1.3397683,1.3265166,1.307454,1.299717,1.296152,1.2871137,1.2736521,1.2705868,1.272397,1.2926532,1.5222515,2.1456854,0.18011267,-1.0373223,-0.70504755,-1.7354305,-1.4509193,-0.15504718,-0.4979933,-1.6930679,-1.2331657,1.9821672,-0.6254204,-0.35644856,0.31725273,0.42909458,0.2609389,0.22538616,0.2536452,0.29577598,0.34071442,0.4049934,0.40325946,0.3936641,0.3605411,0.33254173,0.31935316,0.3191477,0.32763618,0.33622468,0.32602072,0.34798077,0.37492397,0.40801144,0.43724743,0.4346314,0.45727137,0.47357285,0.49607235,0.5068678,0.5041186,0.51646763,0.5356941,0.51336336,0.46100155,0.37825683,0.3404585,0.30520025,0.27152804,0.2534143,0.23027815,0.20636348,0.17210497,0.1571142,0.13877304,0.046344157,0.12448844,0.11277173,0.112833194,0.0071798684,0.13519129,0.14128284,0.30134645,0.0018806254,-0.08352417,0.22737722,0.28954384,1.3443953,-1.1471946,0.47286958
1211,SF_058,0.121795,0.698718,0.179487,-1.4673387,-1.447171,-1.4247532,-1.4010926,-1.3768046,-1.3542155,-1.3350205,-1.3182758,-1.3001189,-1.2783636,-1.2502759,-1.2131315,-1.1637887,-1.110411,-1.0663673,-1.0310354,-1.0049142,-0.9919883,-0.9837055,-0.9691443,-0.9527179,-0.9392642,-0.9252828,-0.9061351,-0.8912305,-0.88138276,-0.87606233,-0.87126744,-0.84657395,-0.77165437,-0.64232254,-0.5051302,-0.36649978,-0.24769226,-0.16576111,-0.10891757,-0.06215272,-0.033295937,-0.00846556,0.019420937,0.04686652,0.07334147,0.1025313,0.12372582,0.14221247,0.16098143,0.18130535,0.20176645,0.2231941,0.24541104,0.274141,0.29596856,0.31455886,0.33422264,0.37086847,0.3787724,0.38043487,0.37950045,0.3894971,0.4030519,0.42101818,0.44281137,0.46620482,0.48894835,0.5127884,0.53396857,0.5534942,0.5745813,0.5943718,0.61722374,0.6415703,0.66837776,0.71052957,0.7371014,0.7224553,0.70325947,0.6740536,0.66946054,0.6807777,0.6944113,0.70954883,0.7287959,0.7499805,0.77249163,0.7940051,0.81922066,0.843419,0.8668366,0.88188976,0.8962476,0.91121644,0.9221454,0.92320836,0.9185232,0.9090826,0.89460015,0.77737033,0.59219587,1.1059563,1.2765326,1.0200328,0.7413149,0.44779894,0.3722402,0.3536576,0.28366065,0.2797947,0.29636168,0.32406285,0.34459674,0.3686771,0.40999714,0.45527238,0.50014395,0.5401631,0.57879955,0.6150375,0.6502479,0.68432957,0.7179118,0.756943,0.7928283,0.82557386,0.85319227,0.87552744,0.8875229,0.889405,0.8823946,0.8746615,0.8701547,0.8651886,0.8519288,0.83585423,0.82555467,0.82476354,0.8183376,0.8104683,0.80080426,0.779557,0.75609106,0.96665007,1.2537401,0.74711156,-0.25511694,-0.7432301,-1.5028672,-1.6016055,-1.3585756,-0.8474881,-1.7436612,-1.663672,-0.55018324,-1.320068,-0.029670712,1.1816902,0.13981088,-0.08921337,-0.044437822,-0.027417304,0.048836075,0.08647826,0.14219435,0.1373685,0.104352325,0.085154474,0.07372079,0.05795348,0.031869665,0.028388176,0.04071163,0.051236495,0.05878716,0.08203105,0.11759126,0.13321215,0.14517766,0.15672131,0.16060024,0.18041383,0.20478296,0.21659362,0.20093487,0.21201272,0.19273786,0.15417786,0.082861684,0.03199307,-0.020518016,-0.022733329,-0.008130991,-0.016210211,-0.09287938,-0.14109108,-0.15667386,-0.21860363,-0.25510806,-0.21801078,-0.26103508,-0.19618195,-0.06366325,-0.16065925,-0.2735635,-0.30672354,-0.4315913,-0.24829303,-0.085440546,0.64645976,0.6981817,0.06623066,1.9848512
1215,SF_062,0.147436,0.179487,0.673077,-1.3917582,-1.3581126,-1.3186566,-1.2708981,-1.2209253,-1.1822726,-1.1602492,-1.143904,-1.1198753,-1.0820312,-1.0298514,-0.9657408,-0.8871679,-0.80016714,-0.7211368,-0.65051275,-0.5926217,-0.5529637,-0.52418065,-0.4944446,-0.46909186,-0.45227224,-0.4348213,-0.41561866,-0.39986107,-0.38759333,-0.37981012,-0.37145337,-0.34528846,-0.27397928,-0.14588302,0.000588623,0.15708861,0.29043666,0.3776856,0.43414247,0.48149806,0.5036376,0.5195399,0.5394542,0.55675626,0.5723954,0.5918808,0.59955335,0.604038,0.609866,0.61849004,0.62744266,0.637225,0.64715296,0.66824126,0.68136156,0.6910593,0.70273966,0.7424828,0.74066186,0.73657364,0.72805196,0.73232645,0.7385182,0.7319689,0.72543806,0.7394563,0.75484794,0.77098817,0.78305674,0.79900366,0.81552154,0.8334871,0.8522536,0.8720207,0.89699835,0.9430262,0.95616025,0.940383,0.911377,0.8860663,0.8811073,0.89054954,0.8987272,0.9089725,0.9228643,0.93226105,0.94414777,0.9556566,0.9698317,0.984248,0.99624574,0.9993007,1.0054431,1.0135183,1.0211247,1.0201108,1.019851,1.0090891,0.978362,0.9111372,1.1161318,1.1136079,1.4931598,1.2473943,0.85102147,0.7023587,0.6368118,0.6315213,0.5745409,0.5585809,0.57921016,0.5957753,0.5994856,0.6126718,0.6401921,0.66905993,0.69718647,0.7254338,0.75103015,0.7766949,0.8014687,0.8226252,0.84159344,0.86408806,0.88318294,0.8989223,0.91268116,0.924118,0.93229306,0.93804395,0.9402363,0.939357,0.9378077,0.93294346,0.9274445,0.91819626,0.9096101,0.90346724,0.8952805,0.88855594,0.8872585,0.8929578,0.8633247,0.95198554,0.5130621,-0.7478439,-1.2687435,-1.0073739,-0.75698656,-0.6128471,-0.51496166,-1.2617017,-1.7455286,-1.3219131,1.0613753,-0.34385937,0.6099359,-0.3059795,0.0043709083,0.15857892,0.23715371,0.2596219,0.28619838,0.3447066,0.40841672,0.38266945,0.3796645,0.3845481,0.39284864,0.40334943,0.41780522,0.4150347,0.41820186,0.42210662,0.4271512,0.4610429,0.47361353,0.4775337,0.45813146,0.4378301,0.43962765,0.42697194,0.4091868,0.37186202,0.37948292,0.43508482,0.45332664,0.43583858,0.41721463,0.3905624,0.36816365,0.36386764,0.34031922,0.32609808,0.25877583,0.24149132,0.2268434,0.19957264,0.12830801,0.102224775,0.065991566,0.12608172,0.17352809,0.109073,-0.002705422,-0.13205594,-0.20209272,-0.49272582,-0.6845385,-0.0448972,-0.5182372,-0.92519504,-1.1520262
1222,SF_069,0.0769231,0.134615,0.788462,-1.3232341,-1.284791,-1.2383702,-1.1796944,-1.116498,-1.0690211,-1.0443085,-1.0256767,-0.9964551,-0.94760305,-0.8814461,-0.80372965,-0.71390945,-0.6155168,-0.5211536,-0.4326753,-0.35421267,-0.29178253,-0.24364388,-0.19861557,-0.16417919,-0.1379743,-0.114799365,-0.08585949,-0.061376538,-0.0421268,-0.02656189,-0.010644295,0.02057481,0.09104363,0.20138806,0.321157,0.45354727,0.56043124,0.6255084,0.67351043,0.72098637,0.742526,0.7580312,0.7791548,0.7970217,0.81522334,0.8364416,0.8400955,0.8394713,0.84261507,0.84908557,0.8566794,0.8658302,0.8787607,0.906413,0.92303073,0.93278617,0.96733063,1.0184683,1.0150106,1.0035189,0.98290366,0.98311025,0.9839234,0.97439855,0.967401,0.9825809,0.99879235,1.0134441,1.0296972,1.0466397,1.061575,1.078453,1.09958,1.1302338,1.1729486,1.2593536,1.2901812,1.2714694,1.2530462,1.2159722,1.2004908,1.2018903,1.2095649,1.218505,1.2277993,1.2339524,1.2401782,1.2497488,1.2622014,1.279411,1.2934738,1.2954754,1.3009262,1.3100997,1.3207284,1.3338618,1.3500121,1.3631241,1.3428605,1.240509,1.0405786,1.1409332,1.1309669,1.078388,1.0483755,1.1875346,1.1577668,1.1400465,1.0798948,1.0565928,1.0719573,1.0683429,1.0570765,1.0523361,1.0640441,1.0838336,1.10267,1.1219109,1.1391394,1.1572134,1.1775963,1.1952183,1.210387,1.2294849,1.2430937,1.2539479,1.2651119,1.274711,1.282129,1.2853974,1.2853059,1.285274,1.2851464,1.2881233,1.2831203,1.279037,1.2770667,1.2782482,1.2717115,1.2715937,1.2706369,1.2227194,1.2444909,1.3344386,1.063768,-0.33829007,-0.6045603,0.45459738,-1.1432571,-0.76551676,0.27934012,-1.5034069,-1.751465,-1.4845682,-0.5848575,-1.4628738,-1.3178034,0.110384285,0.3952202,0.5384053,0.6185529,0.6539878,0.68270147,0.7122607,0.8280795,0.82410073,0.7803652,0.76587415,0.78461796,0.79625046,0.7940336,0.7868285,0.7947044,0.79536766,0.8062319,0.8229683,0.83852357,0.835394,0.8093289,0.77739835,0.76327074,0.7574303,0.7250954,0.6875364,0.6669948,0.72732276,0.7498882,0.75788254,0.76167136,0.7464581,0.7092223,0.71326244,0.67730117,0.63358295,0.6104389,0.5694311,0.5439288,0.5462571,0.4864952,0.42125425,0.39920768,0.39688358,0.365876,0.35561875,0.10324765,0.20111519,-0.03393645,-0.1946407,-0.38951218,-0.10043927,0.32869563,-0.26260835,-1.0180212
1228,SF_075,0.160256,0.782051,0.0576923,-1.4237953,-1.3956254,-1.362412,-1.3295584,-1.2993017,-1.2729905,-1.2495719,-1.2280135,-1.2059356,-1.1811625,-1.1514716,-1.1131332,-1.0601438,-0.99984807,-0.9514328,-0.91362196,-0.88804764,-0.8777569,-0.8718578,-0.8559875,-0.8365378,-0.82000375,-0.8038947,-0.7800452,-0.75895053,-0.7442486,-0.73220426,-0.72039914,-0.6920962,-0.6196617,-0.48724964,-0.3278789,-0.14778002,0.013615456,0.124000676,0.19772825,0.2582551,0.28885016,0.31378245,0.34508803,0.37510815,0.40612578,0.44195572,0.4628276,0.479966,0.49973285,0.52228636,0.5449887,0.56927216,0.5959438,0.6354237,0.66290003,0.68474954,0.72128344,0.7774762,0.782711,0.7711763,0.7585398,0.76685554,0.7760066,0.76563084,0.7572863,0.78533363,0.81046504,0.8371624,0.860435,0.88645476,0.9148073,0.9402369,0.9710447,1.0079285,1.0617772,1.1539654,1.179472,1.1603957,1.1289277,1.0817257,1.0678539,1.077816,1.0920557,1.1079719,1.1291827,1.1522976,1.176372,1.2005172,1.2309436,1.2629031,1.2893755,1.3085822,1.3280545,1.3494766,1.3691663,1.3860642,1.403701,1.417256,1.4243879,1.1972721,0.9999063,1.1697987,1.1190454,1.0055034,1.0616719,1.0076704,0.87994033,0.83440495,0.7474042,0.7220152,0.75855917,0.7753769,0.76760083,0.7821139,0.8246553,0.8723622,0.91794616,0.9631328,1.0055577,1.0470613,1.0880803,1.1234837,1.1654534,1.2117627,1.2561289,1.2928846,1.3278363,1.3553846,1.3695141,1.37483,1.3704716,1.3632852,1.3541865,1.3469583,1.3342838,1.3159039,1.3091836,1.3137318,1.3074077,1.303697,1.3047369,1.2756735,1.342934,1.4273388,1.0002162,-0.4165089,-0.6543411,-0.16719511,-1.445874,-1.3808931,-0.64536875,-0.45110387,-1.5965375,-1.5720298,1.1380701,-0.439258,-0.16129123,0.5367339,0.21228805,0.33455217,0.35697103,0.3796491,0.4251515,0.4817813,0.54171664,0.5215368,0.46773523,0.43232787,0.40697488,0.36970735,0.34970424,0.33607346,0.3342313,0.3460991,0.3529964,0.3809198,0.4099469,0.43349156,0.4452652,0.4586078,0.49410418,0.52393126,0.5383945,0.5275841,0.54625547,0.55501926,0.52776,0.49143136,0.40964606,0.3515742,0.30758116,0.2649294,0.24767368,0.21574359,0.18020593,0.12504038,0.05634444,0.05679914,0.04008269,0.09835929,0.0808607,0.124950394,0.010103,-0.0012721362,-0.12728818,-0.15185504,-0.34525445,-0.12173908,-0.31443125,-0.59810734,0.3560904,-0.1933779,-0.418948
1230,SF_079,0.185897,0.717949,0.0961538,-1.4950747,-1.475395,-1.4531299,-1.4300302,-1.4093953,-1.3898576,-1.3739693,-1.360752,-1.3467014,-1.330057,-1.3059598,-1.2708364,-1.2177428,-1.1567342,-1.1110148,-1.0791756,-1.0631291,-1.0671296,-1.0740205,-1.0712352,-1.0622816,-1.0560759,-1.0514429,-1.0382844,-1.030582,-1.0278553,-1.0274234,-1.0266789,-1.0069959,-0.939409,-0.80114526,-0.6203122,-0.40730432,-0.1904085,-0.021935994,0.08133772,0.13544054,0.17031094,0.19627544,0.21780874,0.23915319,0.25835326,0.2756095,0.2952936,0.31623277,0.33535993,0.35233942,0.3698822,0.3869407,0.40289274,0.41350082,0.42763898,0.4408189,0.4452028,0.44310796,0.44264287,0.4411966,0.45420122,0.46892884,0.49174783,0.55125475,0.62063324,0.64774334,0.67138547,0.6948131,0.71770567,0.7350727,0.7476316,0.7567813,0.76484203,0.772185,0.78419703,0.80141497,0.8051717,0.77149856,0.73497266,0.7143233,0.7172588,0.72675854,0.7360015,0.74879014,0.768772,0.79010177,0.8128511,0.8372201,0.85969293,0.8765032,0.8919292,0.9050668,0.9092852,0.9039501,0.89190185,0.8737498,0.8433033,0.8181065,0.8138867,0.8728474,1.0525358,0.9949138,0.779919,0.7456354,0.44414544,0.15123591,0.0047674137,-0.07375468,-0.08263007,-0.0874863,-0.06742135,-0.030858358,0.005928767,0.055500474,0.109859,0.16860117,0.22451462,0.27525634,0.32511154,0.37167504,0.41537455,0.45765793,0.49754432,0.53765154,0.5769071,0.61260194,0.6427464,0.6660088,0.6825253,0.6870639,0.68414843,0.67846227,0.6675144,0.6546624,0.63915783,0.61987203,0.60331506,0.5942874,0.57129854,0.5418426,0.5261268,0.5387839,0.56464756,0.6293648,1.4310094,0.1503223,-1.5317417,-0.6074427,-1.0791892,-1.6141987,-1.0632545,-0.7715922,-0.7959311,-1.0425514,-1.5426482,-1.2333667,0.4759846,-0.63959235,-0.3723624,-0.4468366,-0.46140364,-0.4264108,-0.3586634,-0.28885952,-0.27437204,-0.26579583,-0.25283816,-0.27371377,-0.28554678,-0.27914262,-0.27203277,-0.26523829,-0.2507202,-0.2298661,-0.20689262,-0.18675897,-0.1729508,-0.14385049,-0.11909069,-0.12006296,-0.10708065,-0.08671818,-0.07038304,-0.07382819,-0.07353919,-0.04249339,-0.050584417,-0.11163749,-0.1510362,-0.22103044,-0.24350002,-0.25093594,-0.28107664,-0.34349057,-0.4002343,-0.42500684,-0.43281108,-0.38196373,-0.3479436,-0.4335902,-0.556844,-0.6571889,-0.5647061,-0.58622587,-0.60429823,-0.6188853,-0.6195288,-0.1481299,-0.19475357,-0.35626754,-0.3046981,0.8779434,-0.36935946
1235,SF_084,0.115385,0.801282,0.0833333,-1.4446056,-1.422059,-1.396463,-1.3695564,-1.3438848,-1.3201212,-1.3000494,-1.2818736,-1.2625467,-1.2401376,-1.2113146,-1.1742553,-1.1252422,-1.071217,-1.0267344,-0.9905173,-0.96401787,-0.95073235,-0.9415234,-0.92629427,-0.9088255,-0.8939957,-0.8783943,-0.8573021,-0.84170985,-0.8322665,-0.8251703,-0.8190781,-0.7926863,-0.71570504,-0.58432174,-0.44092992,-0.2890223,-0.15053955,-0.04934021,0.019502854,0.071740486,0.10439218,0.13304749,0.16342883,0.1924893,0.22113854,0.2521632,0.27502868,0.29551935,0.31661046,0.3386287,0.36162627,0.3848129,0.40910944,0.44038793,0.46447626,0.4846722,0.50484806,0.54257905,0.54906523,0.5516037,0.5524032,0.5626626,0.5758044,0.59592694,0.62240064,0.6486186,0.67344385,0.69907683,0.7245826,0.7478978,0.7732522,0.79640305,0.8193045,0.8440267,0.8723255,0.9168213,0.93003225,0.911822,0.889061,0.8712499,0.87717634,0.8910425,0.9043596,0.92059654,0.9399953,0.961673,0.986207,1.0117575,1.0377902,1.0604656,1.0796306,1.098692,1.1155223,1.1292496,1.1345538,1.1353399,1.128099,1.1178695,1.044643,0.86268103,0.6794184,0.765276,0.6438493,0.5060318,0.6509827,0.60408217,0.48016864,0.43509045,0.40648454,0.40729976,0.4342682,0.4604869,0.48448336,0.5196175,0.5650505,0.6147047,0.6615648,0.7040097,0.74400944,0.7809549,0.81629705,0.8525007,0.88876253,0.9264388,0.9640836,0.99898964,1.0270327,1.049571,1.0614386,1.0636998,1.0555322,1.0482414,1.0382924,1.026318,1.013663,0.9956409,0.9873254,0.9863795,0.97711253,0.9634044,0.9582925,0.9585262,0.97449976,0.9151897,1.0824203,-0.49052852,-1.6174743,-0.791356,-1.2960513,-1.749858,-1.6454048,-0.54813313,-1.5937263,-1.7521392,-1.67859,-0.6123422,-0.6262931,-0.3598922,-0.20636968,-0.0052955034,0.01748118,0.082254365,0.13684578,0.1803776,0.21565805,0.21923956,0.20391609,0.18535103,0.15649904,0.13350546,0.1411966,0.1336672,0.1395539,0.150987,0.15068737,0.1781603,0.19476223,0.21188955,0.23367853,0.2497678,0.2607433,0.28651577,0.2942449,0.29450807,0.31042227,0.31798077,0.30143481,0.26061144,0.20249285,0.13646986,0.08170314,0.07458626,0.06530946,0.03245139,0.0012806669,-0.046201706,-0.05052178,-0.07274864,-0.078287326,-0.02826372,-0.10230214,-0.14408502,-0.069788575,-0.08581076,-0.032663375,-0.120539986,-0.49763498,-0.9496852,-1.0716152,-0.82851195,0.3083819,0.75758994,1.1351837
1237,SF_086,0.224359,0.634615,0.141026,-1.4823581,-1.4588174,-1.4324123,-1.4058762,-1.3824022,-1.3604903,-1.3427632,-1.3278103,-1.3121333,-1.2941115,-1.2687552,-1.231134,-1.1731795,-1.1060101,-1.05662,-1.0228904,-1.0072504,-1.0143383,-1.0244821,-1.0225267,-1.0137123,-1.0084257,-1.0021594,-0.98893434,-0.9815689,-0.9783282,-0.9777917,-0.9758139,-0.955152,-0.88628024,-0.7372839,-0.5364888,-0.2990089,-0.06415816,0.11048361,0.21608108,0.27588785,0.30850413,0.33281565,0.35557806,0.3779163,0.39839223,0.41923863,0.43725142,0.45503795,0.47290534,0.49000335,0.5079554,0.52504635,0.5415259,0.5585222,0.57443154,0.5879092,0.5952415,0.60621977,0.6037346,0.59289634,0.5941572,0.6049523,0.62288374,0.66298205,0.7130042,0.7408486,0.76635206,0.7912187,0.8150373,0.8337963,0.8501245,0.8623781,0.87579834,0.8861224,0.90057963,0.9296473,0.9282254,0.8778922,0.8226876,0.7934989,0.79783714,0.80672085,0.81808174,0.83205557,0.8496537,0.8706083,0.89640284,0.92150104,0.9459822,0.96540344,0.9822934,0.99260116,1.0001372,0.99828005,0.98639053,0.96361893,0.934146,0.90055555,0.91007054,0.8108537,0.6271412,0.8398871,0.6042399,0.5287938,0.55101377,0.1835521,0.036962766,-0.022323268,-0.059239756,-0.08123547,-0.061773513,-0.028200965,0.014197769,0.056695953,0.10985596,0.1700695,0.22769064,0.2801453,0.3326752,0.38077304,0.42638695,0.46921468,0.5110851,0.5537032,0.5976757,0.63392746,0.6621206,0.6853161,0.70216143,0.7078308,0.7058624,0.70002246,0.6882544,0.67387646,0.6600258,0.63859576,0.61910474,0.60977066,0.5866525,0.556347,0.53485394,0.51769024,0.5309258,0.5189479,0.32175204,-0.1340706,-1.1970875,-1.4627472,-1.682244,-1.7523038,-1.7524561,-1.7524015,-1.7101216,-1.6204159,-1.0946454,0.44602782,-0.15133116,-0.89654267,-0.51025456,-0.5032118,-0.46592742,-0.4063102,-0.32720286,-0.26999635,-0.2679082,-0.26891246,-0.25867414,-0.27701637,-0.2744777,-0.27310297,-0.27714407,-0.28305158,-0.2703751,-0.25312075,-0.2220532,-0.20188858,-0.17112522,-0.16276379,-0.13633652,-0.118592866,-0.11120569,-0.09593678,-0.075088985,-0.07095905,-0.06783386,-0.06889109,-0.07042009,-0.11305313,-0.15471096,-0.219996,-0.27404648,-0.26317465,-0.32056162,-0.35119513,-0.37520328,-0.42632863,-0.4197472,-0.434133,-0.4773348,-0.46833098,-0.5059475,-0.66438776,-0.67966473,-0.5501402,-0.33086047,-0.69461894,-0.7978615,-1.1771348,-0.745086,-1.0177394,-1.4587446,-1.2148466,1.0285821
1246,SF_095,0.358974,0.608974,0.0320513,-1.4455403,-1.4225763,-1.3956912,-1.3682575,-1.3439207,-1.3219541,-1.301673,-1.282224,-1.2623628,-1.2390808,-1.2094359,-1.169335,-1.1092439,-1.0395957,-0.98577255,-0.946915,-0.9250563,-0.92364603,-0.9254202,-0.9149102,-0.899119,-0.88795716,-0.8784832,-0.8593945,-0.8409341,-0.83106387,-0.8219585,-0.8125342,-0.7844703,-0.70903605,-0.560626,-0.3658857,-0.13484305,0.09342886,0.2633191,0.3694512,0.43582875,0.4707867,0.49858344,0.5265758,0.5540659,0.58050966,0.60840434,0.6303186,0.6514316,0.6721726,0.6932177,0.71506417,0.73735726,0.7611104,0.7874453,0.80960727,0.828708,0.84897083,0.86922634,0.87282777,0.8676649,0.8675882,0.8785868,0.8963537,0.91102386,0.9270243,0.95458126,0.98212725,1.0073631,1.0320077,1.0549601,1.078243,1.0985317,1.1221954,1.145874,1.169198,1.2044626,1.2281375,1.2101357,1.1819078,1.1533271,1.1479691,1.1567729,1.1685771,1.1836296,1.2030517,1.2278258,1.2531822,1.2778901,1.306163,1.3294088,1.3497133,1.3663669,1.3801469,1.3882507,1.3900459,1.3849337,1.3758463,1.3629868,1.272717,0.9271131,1.0415204,0.9435207,0.9425188,0.95572066,0.9392369,0.6583771,0.58897734,0.54869056,0.5105587,0.5107997,0.545408,0.5726464,0.60127515,0.6443682,0.699717,0.7590184,0.8177405,0.872501,0.9253567,0.97753394,1.022844,1.0669268,1.1155891,1.1664919,1.2147601,1.2584323,1.2968476,1.3269205,1.3464965,1.3539754,1.3506593,1.3420904,1.332047,1.3188722,1.3002424,1.2766947,1.262062,1.2631314,1.2555486,1.2390772,1.2329093,1.1919072,1.2159956,1.2848994,1.1884185,0.58316445,-1.4209367,-0.8313621,-0.9935535,-1.607571,-1.2306341,-0.64602315,-0.820037,-0.9234259,-1.5919722,0.6859696,1.3839285,-0.22134422,0.016977046,0.09081867,0.12567644,0.16384497,0.19167012,0.2043445,0.27564546,0.30577755,0.29028568,0.25028035,0.22751021,0.2104066,0.19932221,0.20402418,0.20531654,0.22744757,0.25437278,0.27218175,0.30837837,0.33210817,0.34677103,0.37058637,0.38987902,0.40968534,0.44880325,0.47541246,0.47008646,0.47562373,0.44966635,0.3931235,0.3081185,0.22731715,0.17686234,0.15277122,0.12546435,0.10393876,0.039280098,0.04273611,-0.018132556,0.0038782274,-0.0036436897,-0.06483372,-0.0024309184,-0.025500452,-0.15063116,-0.021944642,-0.1133981,-0.25003764,-0.15094867,-0.62474775,-0.73109525,-1.175844,-0.6012368,-1.4538852,-1.4188712
1247,SF_096,0.173077,0.794872,0.0320513,-1.4919404,-1.4709336,-1.4489433,-1.4265485,-1.4057862,-1.3849049,-1.3661915,-1.3486958,-1.330686,-1.3103708,-1.2835927,-1.2474699,-1.1970468,-1.1402174,-1.0955911,-1.0620112,-1.0402786,-1.0341705,-1.0315484,-1.0213836,-1.0073776,-0.99673,-0.98425305,-0.967371,-0.9544165,-0.94510883,-0.93919516,-0.9337515,-0.9101816,-0.8393703,-0.70784587,-0.55150723,-0.37829328,-0.21467035,-0.09355027,-0.016270978,0.037687883,0.06758799,0.09177821,0.11746213,0.14274943,0.16627577,0.1926986,0.21287818,0.23121233,0.24885863,0.26732972,0.2867065,0.30676407,0.3263374,0.35155833,0.37138033,0.387848,0.3961004,0.42623854,0.42514005,0.42595714,0.42749968,0.43656242,0.45193648,0.45525786,0.46420467,0.48809877,0.51085323,0.5317022,0.55406195,0.5766486,0.59830743,0.6209102,0.6399053,0.6559761,0.67689,0.7056478,0.69291127,0.6643309,0.6373136,0.61886185,0.6271573,0.6391658,0.6529176,0.66725636,0.6881775,0.7101493,0.73418546,0.75881463,0.7838469,0.8063492,0.8240446,0.8370691,0.850673,0.86300147,0.87254006,0.8658552,0.84352165,0.82212436,0.834608,0.8567214,0.7481977,0.59407336,0.788436,0.73602533,0.41063097,0.22483107,0.16899066,0.12252847,0.08769162,0.08365575,0.11563222,0.14176944,0.17338774,0.20923987,0.25452703,0.30461386,0.35296696,0.3970273,0.44207305,0.48314437,0.5210095,0.5587604,0.59686977,0.6354471,0.67579764,0.7075987,0.738844,0.76197803,0.7772981,0.7840257,0.7811068,0.7735612,0.7632672,0.7508462,0.73544943,0.713157,0.6962441,0.69242984,0.6834447,0.666906,0.6603179,0.6778826,0.6912217,0.6806983,0.54374135,1.2381363,-0.602717,0.355662,-0.5601785,-1.5168347,-0.016607536,0.52206993,-0.9153314,-1.290293,-1.6448509,-0.018221369,-0.27008995,-0.5426786,-0.5186878,-0.3138349,-0.23796122,-0.20295866,-0.13981321,-0.07591402,-0.03649977,-0.03915681,-0.07476973,-0.079975486,-0.08611097,-0.11616358,-0.119912215,-0.11553021,-0.10318466,-0.092953585,-0.07551307,-0.045528475,-0.016627869,-0.00706815,0.0007227781,0.010404849,0.03783349,0.066440195,0.08620434,0.08296955,0.08115133,0.10182173,0.08065771,0.01469863,-0.026217503,-0.075614974,-0.11024569,-0.12294286,-0.179586,-0.24486506,-0.29372707,-0.2772538,-0.27502823,-0.33708254,-0.33985808,-0.31532723,-0.30231896,-0.35623506,-0.41875237,-0.35079288,-0.35133782,-0.3744202,-0.7528083,-0.82248235,-0.74529034,-0.9830018,-1.4911131,-1.1023326,-1.2591776
1253,SF_102,0.237179,0.628205,0.134615,-1.4633023,-1.4420375,-1.4162937,-1.3885161,-1.3624598,-1.3397593,-1.3217708,-1.3052808,-1.2877052,-1.2657715,-1.2354326,-1.1935288,-1.1337599,-1.0657779,-1.0114915,-0.97048074,-0.945347,-0.9409249,-0.9416391,-0.93292797,-0.92005295,-0.912,-0.9037829,-0.88834846,-0.87576264,-0.8710179,-0.8700591,-0.8703177,-0.84648365,-0.7617415,-0.60326695,-0.41676787,-0.2129296,-0.018129636,0.1250406,0.21456401,0.27543676,0.30841765,0.33406183,0.3613035,0.38785523,0.41188583,0.43846208,0.46021342,0.4808308,0.500126,0.5197905,0.54041713,0.56132734,0.58165205,0.60574996,0.6259347,0.6441174,0.6517446,0.67334825,0.6796736,0.6820382,0.69242936,0.7071495,0.7249774,0.75258106,0.7847958,0.8104751,0.8362422,0.86025363,0.8832194,0.9067982,0.9263652,0.9416949,0.95970744,0.9748483,0.9957185,1.0104283,1.0194677,1.0012637,0.98211765,0.9788612,0.98705614,0.99913245,1.0110925,1.028105,1.0482624,1.0699838,1.0952971,1.1199547,1.1432601,1.1659948,1.1849117,1.1991483,1.209543,1.2110449,1.2074527,1.1945001,1.1780839,1.1576142,1.0708407,0.9015998,0.8806022,0.5602518,0.53687626,0.5983137,0.58217865,0.5083438,0.39785117,0.40051043,0.3827863,0.3796575,0.4009108,0.43124342,0.4772953,0.5278797,0.58154666,0.6371899,0.69167256,0.74103,0.7863171,0.83122706,0.8719569,0.9103594,0.9501205,0.9931378,1.0326437,1.0663865,1.0952884,1.1206466,1.1345477,1.1392579,1.1349301,1.1277453,1.1206372,1.1078522,1.0939416,1.0773773,1.0623497,1.055521,1.0442876,1.0225245,1.0044584,0.96244335,0.9721974,0.9320691,0.84640646,0.5838598,-1.0332245,-0.45157176,-0.7804875,-1.139238,-0.089064024,1.2900225,-0.5453817,-1.4150907,-1.2703059,1.6357608,0.31267345,-0.3580922,-0.31688157,-0.033659607,-0.019163027,0.05061655,0.093836814,0.11875004,0.17639011,0.18550646,0.17986213,0.15895462,0.13723049,0.14292355,0.1455224,0.14764528,0.1605223,0.1684676,0.19286314,0.22098078,0.23504557,0.25335562,0.26236764,0.26441967,0.29238215,0.30607626,0.31920803,0.32661998,0.34344265,0.36882904,0.3345968,0.3044977,0.24850477,0.1851422,0.14406446,0.112321705,0.055312097,0.02817666,0.0069086365,-0.028206225,-0.02498849,-0.098349705,-0.091547176,-0.09660604,-0.09945251,-0.10849664,-0.035616424,-0.070062615,-0.27424586,-0.23141392,-0.19852628,-0.42201698,-1.1194818,-1.0890757,-0.8287885,-0.99480605,-0.8629687
1264,SF_118,0.967949,0.0320513,0.0,-1.6345763,-1.6105018,-1.5857779,-1.5647684,-1.5478451,-1.5321314,-1.5186327,-1.5080489,-1.49767,-1.4846411,-1.4601525,-1.408883,-1.3157426,-1.212914,-1.1482273,-1.1134094,-1.1116539,-1.1520705,-1.1968848,-1.2189074,-1.2273527,-1.2407404,-1.2562578,-1.2595739,-1.2766005,-1.3044978,-1.3244913,-1.3399918,-1.3234799,-1.205698,-0.88662606,-0.44512707,0.0644378,0.56172585,0.93343663,1.1633698,1.2985145,1.3573968,1.4023346,1.4468285,1.4879092,1.5299203,1.573252,1.6002704,1.6239995,1.6504257,1.6772493,1.7037302,1.7325604,1.7635785,1.803161,1.8302908,1.84428,1.8706913,1.8945488,1.852514,1.7874283,1.7447706,1.7431449,1.7544997,1.7859604,1.8309758,1.8760409,1.919912,1.9578117,1.9921625,2.0193524,2.0453353,2.066107,2.0793333,2.0976973,2.122741,2.1660311,2.1165674,1.9727427,1.7916967,1.6632097,1.6222955,1.6096743,1.605961,1.6115493,1.635519,1.6690408,1.7071974,1.7478821,1.7833494,1.8104646,1.8273202,1.8276874,1.812702,1.7772285,1.7086678,1.6080778,1.4880637,1.3693095,1.2880249,1.1423463,1.007366,1.3366159,1.361254,0.85429704,0.30691952,-0.26369002,-0.4572944,-0.5674232,-0.6723525,-0.6919891,-0.6501406,-0.61335546,-0.57250136,-0.51761895,-0.44327775,-0.36260882,-0.27875826,-0.19536802,-0.11564087,-0.03863585,0.033326205,0.101883665,0.16887438,0.23556863,0.29789302,0.3533526,0.40163136,0.4411349,0.47122374,0.48671257,0.4850555,0.46828097,0.44018483,0.40740868,0.37348872,0.33259735,0.29078022,0.2535272,0.20613924,0.15363726,0.114242874,0.08652875,0.07054817,0.08824413,-0.25496036,-0.47355253,-0.6484356,-0.80370504,-0.9749918,-1.3890241,-1.710475,-1.5466038,-0.79358315,-0.9579999,-1.7109852,-0.11148872,-0.3032861,-1.5536577,-1.4717516,-1.398134,-1.319093,-1.2718291,-1.2150997,-1.183506,-1.1631361,-1.1337054,-1.0923487,-1.0819277,-1.0610173,-1.0510187,-1.0272868,-0.9965069,-0.9770485,-0.9479962,-0.9184147,-0.886795,-0.86423504,-0.828922,-0.8147791,-0.79600585,-0.7729407,-0.75071496,-0.7415715,-0.7306596,-0.72263414,-0.7344183,-0.7379262,-0.76970536,-0.8050662,-0.85358685,-0.89694184,-0.9337637,-0.9385769,-0.9813405,-1.0360389,-1.0445352,-1.0779479,-1.1208514,-1.1630613,-1.1901499,-1.1891913,-1.1450957,-1.28934,-1.3756161,-1.4421228,-1.388451,-1.3729141,-1.5365556,-1.3008199,-1.4488705,-1.5689497,-0.6418231,0.2597848
1267,SF_121,0.237179,0.621795,0.141026,-1.4864424,-1.4605108,-1.4330883,-1.4032742,-1.372313,-1.3406502,-1.3109255,-1.282621,-1.2534544,-1.220187,-1.1781142,-1.1232502,-1.0536637,-0.98292863,-0.9268032,-0.8816206,-0.84764045,-0.8303349,-0.81883454,-0.80038846,-0.7808381,-0.76542795,-0.7519056,-0.7289908,-0.7155024,-0.71580094,-0.71774656,-0.72285944,-0.6937965,-0.5729327,-0.36822757,-0.17310318,0.006931424,0.15155622,0.25032988,0.32084638,0.37699592,0.41373968,0.44652075,0.48121056,0.51388085,0.5472275,0.58379716,0.60494107,0.6224408,0.6427604,0.66485417,0.6872144,0.70962507,0.7342626,0.7706962,0.7945457,0.8087383,0.84082896,0.88444316,0.86576355,0.8359739,0.80756575,0.80736476,0.8109554,0.81120384,0.8197222,0.84763485,0.87196016,0.89468545,0.9172981,0.9381615,0.95794564,0.97586936,0.99137527,1.0154809,1.0551407,1.1218647,1.1131341,1.0557852,0.9809696,0.9128106,0.895165,0.89595664,0.8982317,0.9043659,0.9161341,0.9317146,0.9491108,0.9687283,0.98854494,1.0071684,1.0183758,1.0270337,1.0347894,1.0351369,1.0307052,1.0186164,1.004656,0.99350446,0.9912937,0.9031856,0.84083384,0.840677,0.8729937,0.71310586,0.70555645,0.5278124,0.43824285,0.4047737,0.32604524,0.28589734,0.30610615,0.31251803,0.30676618,0.3219645,0.35380158,0.3873831,0.42087328,0.45244482,0.48349705,0.51321214,0.5410624,0.5697146,0.6002667,0.6300295,0.6593178,0.6861572,0.7097639,0.72942203,0.74218804,0.75071204,0.75081676,0.7434742,0.7329671,0.72380036,0.7095313,0.6949858,0.6815595,0.6832145,0.6715329,0.6579309,0.6568785,0.6510923,0.66467446,0.7225238,0.67073643,1.1687816,-0.55349916,0.65553576,-1.3720465,-1.4386369,-1.5838978,-1.7515262,-1.5432034,-1.0479847,-1.7185953,-0.99191165,0.51443124,-0.49004424,-0.30837828,-0.19663104,-0.109565444,-0.10424248,-0.09582705,-0.034014978,0.009104199,0.017358476,0.0073896316,-0.002126849,-0.013238817,-0.019284327,-0.018377379,-0.021251312,-0.020089258,-0.007565155,-0.0037970098,0.030160706,0.044800203,0.06769889,0.075278535,0.08427148,0.08853944,0.1034878,0.104273215,0.11954586,0.123544805,0.13752346,0.13250187,0.09025179,0.038695913,0.003460804,-0.052139938,-0.07876248,-0.111989,-0.1675527,-0.13429685,-0.16483103,-0.20020825,-0.23204823,-0.23766358,-0.25900242,-0.2881469,-0.3602034,-0.41833344,-0.47760147,-0.7047349,-0.53092974,-0.7861389,-0.95983905,-0.44418025,-0.582531,-1.4809984,-0.66203785,-1.0163213
1270,SF_124,0.0,0.833333,0.166667,-1.4676037,-1.4444494,-1.4181317,-1.3866348,-1.3517057,-1.316074,-1.2816155,-1.2465023,-1.2095153,-1.1688008,-1.1228548,-1.073218,-1.0216621,-0.9702812,-0.9218339,-0.8756343,-0.8318986,-0.7926128,-0.75729775,-0.7209973,-0.6893555,-0.6608791,-0.6302675,-0.5967202,-0.566526,-0.53942573,-0.519183,-0.50290173,-0.46520966,-0.37858075,-0.27500063,-0.19687973,-0.12527713,-0.07601078,-0.042939797,-0.007097716,0.03430222,0.06710688,0.09911186,0.13436358,0.16716917,0.20288783,0.24005722,0.26186046,0.2794198,0.29995653,0.32268015,0.3460311,0.3704576,0.39873627,0.4386703,0.46670243,0.48695168,0.53249896,0.5846783,0.58767295,0.58004826,0.56054837,0.56281126,0.56465435,0.57410973,0.5936842,0.61361766,0.63328755,0.65328175,0.6708605,0.6908903,0.7093133,0.7287779,0.7506445,0.7799924,0.8210843,0.899325,0.91852975,0.8969032,0.86149,0.8143595,0.79891366,0.7993942,0.80440116,0.8112784,0.8215291,0.8325153,0.8456684,0.86009234,0.8789451,0.8947705,0.9089033,0.92197526,0.93524164,0.95064586,0.9638188,0.9738629,0.98836213,1.0035616,0.9698911,0.9494677,0.9537915,0.4881773,0.51932603,0.65082794,0.7899603,0.79543287,0.74705946,0.6739391,0.61041224,0.58654684,0.58796954,0.5870732,0.5730727,0.57216096,0.5865737,0.6092233,0.6314972,0.6503916,0.67081636,0.6898353,0.70879835,0.72836167,0.7487714,0.7750018,0.79982847,0.821911,0.8414539,0.85690254,0.8690174,0.87166315,0.869386,0.86310196,0.8531869,0.8477616,0.8421298,0.8334801,0.82627946,0.82940614,0.8273389,0.8224642,0.83171713,0.84721047,0.88394344,0.86282784,0.8583902,2.2553754,2.7946036,0.3490587,-1.6770917,-1.7141262,-1.5447387,-1.4252157,-1.6594155,-1.3496511,0.17833804,2.3189824,1.4176825,1.05783,0.22370104,0.15394203,0.18875001,0.21111126,0.2708229,0.31703794,0.3698172,0.34960514,0.321462,0.3027212,0.28095582,0.25174272,0.23634014,0.23558429,0.23204273,0.23510142,0.25042805,0.2609417,0.2880892,0.29756722,0.318239,0.3162594,0.31210715,0.32462353,0.33197215,0.33933502,0.35776407,0.3656806,0.3542718,0.30839568,0.25885692,0.22287391,0.16865598,0.16304775,0.13344587,0.087467365,0.06796919,0.03459612,0.013151055,0.02581317,0.073681526,0.07195177,0.055010483,0.03687617,-0.028747637,0.00482561,0.021639988,-0.17678532,-0.04898075,-0.11953195,-0.61197686,-0.4555291,-0.7502176,-0.0031275197,-1.0810165
1271,SF_125,0.00641026,0.884615,0.108974,-1.491156,-1.467471,-1.4402641,-1.4066713,-1.3692913,-1.3300271,-1.2892904,-1.2465421,-1.2014436,-1.154179,-1.1044844,-1.0540222,-1.0027088,-0.95263237,-0.90542376,-0.8603742,-0.8174342,-0.7776778,-0.7406504,-0.70230436,-0.66777366,-0.6352954,-0.5986809,-0.56052285,-0.5251472,-0.48996034,-0.46051282,-0.43408018,-0.3924526,-0.31445754,-0.22290967,-0.14991552,-0.080473304,-0.029889356,0.006731711,0.046012275,0.08984172,0.1267928,0.16251872,0.20086886,0.23768777,0.27626017,0.3165719,0.34317574,0.36606577,0.39103568,0.41766897,0.44483092,0.47279084,0.50323325,0.54455703,0.57396084,0.59687,0.63959396,0.6926243,0.7008052,0.6983721,0.6821501,0.6872274,0.69060844,0.6855933,0.6839556,0.70690036,0.72731876,0.7459806,0.768062,0.78797,0.8102114,0.8326177,0.85813636,0.88865083,0.9330737,1.0066601,1.0296588,1.0150583,0.97823745,0.9329103,0.9191014,0.92140734,0.92725617,0.93788385,0.94764817,0.96288365,0.9783562,0.99765134,1.0201539,1.039357,1.0546708,1.0703775,1.0873497,1.1085312,1.1253681,1.1336685,1.1502018,1.1681763,1.1696919,0.9419683,0.7237962,0.959732,1.129506,0.97147053,0.9191082,0.8751979,0.79228026,0.7483293,0.6792527,0.6546518,0.66299075,0.6709468,0.65789795,0.6598343,0.68035656,0.7075629,0.73473006,0.7599262,0.7829735,0.8035324,0.8252756,0.8483751,0.87452996,0.90504766,0.9349123,0.96276635,0.9885571,1.0058725,1.0170006,1.0189189,1.0152948,1.0071156,0.99569976,0.985701,0.9773229,0.9653235,0.9575051,0.96330136,0.96431077,0.9612348,0.9653172,0.9847306,0.9678792,1.0560803,0.9844621,2.4757202,-0.4088006,-1.4718741,-0.47532645,-0.860547,-0.7009212,-1.494864,-1.3710337,0.09388952,0.57081217,0.17358126,1.5619062,0.7218079,0.34270945,0.2797793,0.22885083,0.28632343,0.33064276,0.4051472,0.43883345,0.41287678,0.3862236,0.35389507,0.32037452,0.27931908,0.2459133,0.23811524,0.23593673,0.23827487,0.2521092,0.27932024,0.29522347,0.30582827,0.32820693,0.351222,0.34521097,0.38303685,0.39776284,0.40265927,0.40899822,0.40247697,0.38102546,0.3468311,0.28864357,0.23326299,0.16173261,0.1556857,0.12798372,0.10614706,0.08034593,0.029732881,0.039617002,0.0686118,0.04283661,0.064665206,0.10124561,0.07574329,-0.033898585,0.02103407,0.07329414,-0.062041473,-0.008586744,-0.109917894,0.02416112,0.44766292,1.2294105,1.8532476,1.2290497
1273,SF_134,0.0897436,0.826923,0.0833333,-1.5756345,-1.5584307,-1.5393761,-1.5181242,-1.4942517,-1.4693063,-1.4433576,-1.4171009,-1.3904502,-1.3619794,-1.3298614,-1.291849,-1.2473359,-1.203209,-1.1669306,-1.1358237,-1.1097001,-1.0908159,-1.0745693,-1.0547327,-1.0349686,-1.017885,-1.0009078,-0.9795596,-0.9618757,-0.95047987,-0.94217575,-0.93696856,-0.91199106,-0.8355919,-0.72003365,-0.6157173,-0.5230818,-0.45270777,-0.40435582,-0.36400938,-0.32630515,-0.29560864,-0.2663675,-0.23553006,-0.20578432,-0.17547123,-0.14414579,-0.12073129,-0.099230945,-0.07717377,-0.054692622,-0.03243912,-0.00969177,0.013574322,0.04213101,0.06443383,0.081885904,0.10995471,0.13879734,0.13721436,0.12667769,0.116202615,0.122041285,0.1311893,0.13074371,0.13323575,0.15276642,0.17440617,0.19515277,0.21205619,0.22849815,0.24727891,0.2669808,0.28246215,0.2992486,0.31650528,0.35521978,0.35526863,0.3268357,0.28189445,0.2347887,0.21926528,0.21877493,0.22020343,0.22646666,0.23978423,0.25516975,0.27221915,0.29209888,0.31152964,0.32898685,0.34130293,0.35189348,0.36133203,0.36739728,0.36423552,0.35403717,0.34001562,0.31293544,0.30841064,0.29894334,0.2735705,0.15653785,0.1151656,0.28716785,0.15820216,-0.08820324,-0.20973933,-0.24453528,-0.3086988,-0.34404132,-0.32686922,-0.31690633,-0.3108524,-0.29653054,-0.26765496,-0.23443368,-0.20482223,-0.17693362,-0.15043028,-0.124595374,-0.10023699,-0.07808761,-0.052578397,-0.023374071,0.0061800154,0.032282412,0.053110458,0.07100462,0.081464045,0.08365563,0.08105772,0.07143723,0.06428565,0.0530068,0.04255556,0.025237635,0.01662483,0.012217346,0.0028420312,-0.008299385,-0.01331501,-0.04623875,-0.0068652816,0.060917746,0.034917835,2.1182337,1.6232997,-0.52292603,-1.1511673,-1.1371852,-1.35608,-0.41752803,-1.2053776,-1.4839027,0.050042655,0.941553,1.0953443,-0.9287258,-0.7441367,-0.7200986,-0.6769967,-0.68861586,-0.6397708,-0.60238475,-0.55022705,-0.5618573,-0.5564377,-0.5700715,-0.58154106,-0.6002358,-0.6062913,-0.6139166,-0.6165894,-0.61596084,-0.5992408,-0.585339,-0.5530115,-0.53570336,-0.5268669,-0.5227797,-0.50717753,-0.4831757,-0.48078695,-0.47040725,-0.4692897,-0.46437237,-0.4842806,-0.5190076,-0.5694996,-0.6022193,-0.6439908,-0.66489834,-0.6277346,-0.6295169,-0.68420684,-0.7619834,-0.7397675,-0.71749216,-0.7091022,-0.7603839,-0.8102089,-0.82198733,-0.84217453,-0.86885875,-1.0303539,-1.1997772,-1.395994,-1.2341248,-1.2942152,-1.2907368,-0.5599713,-0.8168818,-0.6731948
1274,SF_135,0.025641,0.929487,0.0448718,-1.6093404,-1.5948961,-1.5780371,-1.5589172,-1.537433,-1.5139036,-1.4886127,-1.4625676,-1.4360234,-1.4091437,-1.3806783,-1.3489956,-1.3125803,-1.2760503,-1.2458794,-1.2197136,-1.1969626,-1.1795235,-1.1638552,-1.1448519,-1.1254696,-1.1076242,-1.0902307,-1.0688249,-1.0496577,-1.0339686,-1.018692,-1.0044255,-0.98029804,-0.9292675,-0.84979695,-0.7686485,-0.68775797,-0.62168765,-0.5741959,-0.5349756,-0.49759012,-0.46763626,-0.43850368,-0.4075758,-0.37736917,-0.34662077,-0.31492767,-0.29017758,-0.26708922,-0.24369635,-0.21959704,-0.19610038,-0.17279047,-0.14969043,-0.12147042,-0.10012656,-0.082343996,-0.05754225,-0.026933504,-0.022733912,-0.030236898,-0.039187077,-0.035006884,-0.027856229,-0.028023222,-0.024786672,-0.002956437,0.0189854,0.038885344,0.05846825,0.078721926,0.09706086,0.1157991,0.13446103,0.15177055,0.16971998,0.20504121,0.2185293,0.180377,0.1390909,0.09794712,0.079429634,0.075009406,0.07640121,0.08112761,0.09390646,0.11217948,0.13725913,0.1605251,0.18452355,0.20643921,0.2252679,0.2392275,0.2536368,0.26090315,0.26489857,0.2534704,0.23297785,0.20225072,0.15211505,-0.0026451224,-0.1261115,0.029908756,-0.0034505203,-0.13684158,-0.019127151,-0.23042761,-0.31763965,-0.40878692,-0.454454,-0.481565,-0.46081948,-0.45644704,-0.4443392,-0.43055767,-0.40113622,-0.37148806,-0.3403198,-0.311438,-0.28347275,-0.25904202,-0.23522413,-0.20904309,-0.18123524,-0.14612971,-0.10993788,-0.07850644,-0.049981654,-0.026895408,-0.012098148,-0.0064216815,-0.009267452,-0.016613612,-0.030779244,-0.04543534,-0.05669081,-0.07355847,-0.08472233,-0.08161152,-0.089693315,-0.102240086,-0.110726915,-0.12090938,-0.13176414,-0.13300285,-0.3158116,-1.3106478,-1.1882696,-1.1229905,-1.149676,-1.7231237,-1.6159245,-0.8371251,-1.1506789,-1.4968309,-1.5166972,0.15858218,-1.1614149,-1.1181118,-0.921638,-0.7791571,-0.80085105,-0.7611795,-0.7140698,-0.6803242,-0.66718286,-0.65495956,-0.65522516,-0.6705622,-0.7002422,-0.7211439,-0.7262994,-0.745594,-0.7529187,-0.7421317,-0.7251632,-0.7017238,-0.6879779,-0.6726888,-0.6617438,-0.6293018,-0.6174538,-0.61267066,-0.60493207,-0.59324974,-0.57114357,-0.57169807,-0.6123703,-0.6522838,-0.6890867,-0.73288643,-0.7796278,-0.78322536,-0.8061985,-0.8392212,-0.8642646,-0.90435565,-0.8750407,-0.87379783,-0.8528187,-0.88424563,-0.884483,-0.85295284,-0.908153,-1.1030015,-1.124107,-0.9521368,-1.3195441,-1.307151,-1.5427634,-1.6829907,-1.498972,-0.030505676,0.4763214
1275,SF_136,0.0,0.929487,0.0705128,-1.5979266,-1.5833489,-1.5642337,-1.5412245,-1.5141528,-1.4844487,-1.4520407,-1.4173841,-1.3821518,-1.3474386,-1.3131859,-1.2801058,-1.247304,-1.2151765,-1.1844571,-1.1545439,-1.1244128,-1.0950127,-1.0666529,-1.0380021,-1.01109,-0.98506415,-0.95843583,-0.9300184,-0.90188557,-0.8740345,-0.84838253,-0.8245929,-0.7955711,-0.7528861,-0.7044597,-0.66153723,-0.61705524,-0.5807242,-0.55120796,-0.52051055,-0.48722735,-0.45682895,-0.42769906,-0.39672664,-0.36651462,-0.33591476,-0.30370843,-0.27926219,-0.25712192,-0.23434685,-0.21080731,-0.18771371,-0.16502315,-0.14227101,-0.1139561,-0.09211009,-0.0742899,-0.04607234,-0.011662494,-0.0077432496,-0.011322666,-0.023329781,-0.020526547,-0.01505961,-0.009101161,0.0028201784,0.02189673,0.042208135,0.062209047,0.08045344,0.09888843,0.11721404,0.13299608,0.15277086,0.17277224,0.19756371,0.24349453,0.25542757,0.229164,0.18615164,0.136134,0.11716449,0.114347465,0.112952396,0.11619268,0.12744161,0.14320858,0.16658404,0.19047277,0.21386823,0.23574625,0.25435174,0.2692121,0.28595486,0.29890057,0.30505326,0.30255994,0.29526788,0.27973652,0.297003,0.1888372,0.047783636,0.16372846,0.10454211,0.47768164,0.12386278,-0.12651327,-0.20467275,-0.26783586,-0.31652492,-0.34811142,-0.33978423,-0.33046654,-0.331594,-0.32548234,-0.30266476,-0.2721751,-0.24520956,-0.22184578,-0.19988595,-0.17860016,-0.15741055,-0.13420662,-0.108854584,-0.07533825,-0.03956208,-0.0041839327,0.025245816,0.047596544,0.0625962,0.06699948,0.062403034,0.053636443,0.04249269,0.028171401,0.013716423,-0.0008528431,-0.005688503,-0.0025314179,-0.008786691,-0.016402798,-0.019093027,-0.025379268,-0.05309094,0.02742198,0.009362459,1.3605248,0.42119792,-1.1505536,-1.330935,-1.255454,-1.0183152,-1.3367271,-1.6029536,-1.1451014,-0.5330496,-1.3215002,0.2958337,-0.81037563,-0.7696467,-0.7139775,-0.6490566,-0.60268897,-0.56841373,-0.55991274,-0.52771145,-0.5042757,-0.5181271,-0.5530081,-0.578284,-0.624384,-0.6431633,-0.6533548,-0.6557394,-0.6646256,-0.6431812,-0.6286504,-0.6153899,-0.5973778,-0.58531564,-0.555001,-0.5459528,-0.5231894,-0.50621563,-0.5098935,-0.4934729,-0.50895077,-0.52100474,-0.5665759,-0.62064576,-0.6727178,-0.7274457,-0.7373363,-0.7212293,-0.76715726,-0.79718065,-0.80069673,-0.81827146,-0.83184135,-0.82324916,-0.8452346,-0.8375165,-0.89761096,-0.92137814,-0.9125192,-1.1396636,-1.0945135,-0.9224024,-0.8678063,-1.3582103,-1.170578,-0.31640583,0.09157815,-0.3513932
1277,SF_138,0.0192308,0.897436,0.0833333,-1.6146257,-1.6013181,-1.5847127,-1.56372,-1.5394912,-1.5127193,-1.4830992,-1.4512323,-1.4186441,-1.3860103,-1.3537445,-1.3221725,-1.2907413,-1.2600888,-1.2307568,-1.2024183,-1.174198,-1.1471132,-1.1210191,-1.0949986,-1.0694776,-1.0439297,-1.0185391,-0.991103,-0.9649245,-0.9400281,-0.91639805,-0.8943011,-0.8663059,-0.8237406,-0.7738308,-0.7293449,-0.6856347,-0.6474486,-0.61422104,-0.5825456,-0.5514488,-0.5208445,-0.49290895,-0.4648065,-0.43691975,-0.41018748,-0.3816655,-0.35744607,-0.33468086,-0.31211907,-0.28988567,-0.26856002,-0.24791054,-0.22904271,-0.2069895,-0.18833902,-0.17223305,-0.15201525,-0.1205068,-0.11396183,-0.11529718,-0.121331826,-0.11617457,-0.10792064,-0.09439248,-0.074748345,-0.056867853,-0.0408736,-0.022402732,-0.003998593,0.009406749,0.0247529,0.039957885,0.05506155,0.07015879,0.092076205,0.12528881,0.13424437,0.11211497,0.07426069,0.040983796,0.02782047,0.027570974,0.02769578,0.029351218,0.039344136,0.054762974,0.076083586,0.09880184,0.12118973,0.13925427,0.15700364,0.17174003,0.18523581,0.19556342,0.19813317,0.19549797,0.18749355,0.17015575,0.1202074,0.012349747,0.09655848,0.050334454,-0.35742715,-0.17872344,-0.11761218,-0.28041664,-0.33830526,-0.3815732,-0.42234734,-0.45241866,-0.44619048,-0.43977126,-0.43163607,-0.4165996,-0.39130494,-0.36491016,-0.33859262,-0.31522542,-0.29411083,-0.2754848,-0.255956,-0.23347813,-0.20741732,-0.17477019,-0.14065471,-0.10862402,-0.07935636,-0.05839381,-0.043861352,-0.04078537,-0.044224437,-0.05290642,-0.07029201,-0.083592065,-0.100555204,-0.1141488,-0.11787079,-0.11362083,-0.11882974,-0.13547093,-0.14230666,-0.15328272,-0.13327198,-0.12250989,0.16807413,-0.5504122,1.0446103,-0.16614968,-0.48309693,-1.6709502,-1.5969545,-0.16101521,-0.9523973,-0.5693188,-1.1422871,-0.68966806,-1.098798,-0.8350472,-0.8017226,-0.7963723,-0.76181453,-0.7129775,-0.6703812,-0.6391607,-0.5933381,-0.5960656,-0.64218056,-0.6568578,-0.6708744,-0.7156584,-0.7566,-0.76784647,-0.7713887,-0.759311,-0.7455693,-0.73621637,-0.71875215,-0.6955473,-0.6703681,-0.6592584,-0.65389717,-0.62824374,-0.59831053,-0.59910357,-0.5902202,-0.58548015,-0.61158967,-0.6696126,-0.70450705,-0.75698435,-0.803279,-0.8140877,-0.8285233,-0.86792064,-0.9073161,-0.9135129,-0.9011915,-0.9184972,-0.8758078,-0.8363826,-0.9292421,-0.89813375,-0.9329827,-0.9772389,-1.0176042,-0.99036163,-0.9725927,-1.0607736,-1.2174404,-0.95153224,-0.95483184,1.2560425,0.18467769
1286,COP_20160316_5-10-E,0.492675,0.507325,0.0,-1.5609968,-1.5442029,-1.5255023,-1.5091723,-1.4973749,-1.4871683,-1.4788114,-1.4721531,-1.4651127,-1.4555334,-1.4373386,-1.4005858,-1.3395267,-1.2752204,-1.2329222,-1.2084337,-1.2036761,-1.2205255,-1.2396616,-1.2468818,-1.245567,-1.2476056,-1.252431,-1.2474021,-1.2523897,-1.2703048,-1.2838777,-1.2978023,-1.2842414,-1.1856141,-0.95769745,-0.69733596,-0.45908678,-0.26131508,-0.12786277,-0.050111953,0.00022962957,0.02869014,0.054052584,0.08124294,0.108439036,0.13513847,0.16129707,0.18599364,0.21047065,0.236012,0.2606944,0.28510737,0.30836204,0.32999277,0.3510598,0.3711001,0.38859823,0.39594918,0.39581758,0.38807866,0.38045892,0.3902735,0.4081414,0.4336185,0.4742408,0.52287555,0.563877,0.6026329,0.63938385,0.6724283,0.7022895,0.7290689,0.75266546,0.77308697,0.7910581,0.81172407,0.8360945,0.818892,0.7517049,0.6733307,0.63272494,0.6320273,0.64222634,0.6552511,0.6761975,0.7063848,0.7439788,0.78600883,0.82841706,0.8695814,0.9063394,0.93521714,0.95377046,0.9621089,0.9560011,0.9298624,0.88082916,0.8125271,0.7464845,0.9553179,0.5742212,0.3610532,0.39300758,0.57073593,1.4020209,0.32218748,-1.093957,-0.85529256,-0.8008019,-0.7189599,-0.67553085,-0.66051096,-0.597351,-0.51632136,-0.4432191,-0.37050143,-0.29782605,-0.22822084,-0.16186817,-0.09698583,-0.034538627,0.024284525,0.08415065,0.14327857,0.20393817,0.2662878,0.3229431,0.37223294,0.41351366,0.44394326,0.4623134,0.47084463,0.46676576,0.44971848,0.42553785,0.39541793,0.35815367,0.32526487,0.30005306,0.26093072,0.21152963,0.16972852,0.13972744,0.108237915,0.1353944,0.24341553,0.29146805,0.5624052,1.3380075,1.2955925,1.0222865,0.7167958,-0.036042728,-0.3640337,-0.23081909,-0.39784673,-0.81684595,-0.8974222,-0.9156259,-0.9025766,-0.869268,-0.83454657,-0.7971743,-0.7582959,-0.7184351,-0.6749705,-0.6583341,-0.6558063,-0.65922034,-0.66538274,-0.6701949,-0.67083865,-0.6656876,-0.6533024,-0.6358611,-0.6125172,-0.581811,-0.54920524,-0.5193342,-0.4927269,-0.47125903,-0.4528487,-0.437636,-0.42244866,-0.41056144,-0.40201783,-0.40294254,-0.41852358,-0.45738918,-0.51267904,-0.5675657,-0.61409163,-0.6382376,-0.65227574,-0.6820101,-0.7173277,-0.73677427,-0.75133175,-0.76644546,-0.77887136,-0.7897152,-0.7931556,-0.8039563,-0.82101,-0.83954424,-0.8464167,-0.8791971,-0.9232044,-0.9334046,-0.95354444,-0.97035545,-0.98132217,-0.8869457,-0.5283711
1288,COP_20160316_5-30-E,0.54359,0.45641,0.0,-1.5900308,-1.5774835,-1.562231,-1.547316,-1.5356742,-1.5258994,-1.5183753,-1.5126357,-1.5064911,-1.4981707,-1.4828048,-1.4524051,-1.4019203,-1.3485688,-1.3131669,-1.2927178,-1.2895231,-1.3046683,-1.3223604,-1.330131,-1.330997,-1.3345978,-1.3402165,-1.3378346,-1.3423698,-1.3558546,-1.3662106,-1.3765703,-1.365939,-1.2917322,-1.1192768,-0.92200726,-0.7384772,-0.5792487,-0.46735087,-0.40166023,-0.35937262,-0.33799103,-0.3190775,-0.29852653,-0.27794152,-0.25773203,-0.23765855,-0.21815816,-0.19864209,-0.17852385,-0.15898757,-0.13952772,-0.12044977,-0.10299944,-0.08576892,-0.0686728,-0.053497266,-0.04542038,-0.042380974,-0.040396575,-0.03855171,-0.025092961,-0.00786046,0.011902759,0.041646276,0.07833933,0.10856945,0.13802432,0.16579185,0.19162232,0.21587822,0.23793504,0.25819924,0.27729625,0.29444447,0.3129046,0.33314076,0.3278054,0.29242656,0.24832505,0.22842312,0.23314565,0.2446886,0.257338,0.27588597,0.30165848,0.33238468,0.36529893,0.39835718,0.43039805,0.45997995,0.48536074,0.5023966,0.5124867,0.5131923,0.5010073,0.47301915,0.43137664,0.3940231,0.6326123,0.16749345,-0.058909394,-0.046656758,0.05503876,0.53856957,-0.5611823,-0.95167834,-0.7975761,-0.7677338,-0.71396625,-0.6798489,-0.6614947,-0.6072978,-0.53925943,-0.47458357,-0.41014412,-0.34663793,-0.2850216,-0.22554427,-0.16729794,-0.111785315,-0.05993332,-0.008512654,0.041958526,0.093308255,0.14321162,0.18850274,0.23032466,0.26714742,0.29486096,0.31293896,0.32151857,0.32146645,0.31246218,0.29901767,0.28159317,0.25871038,0.23830782,0.22281034,0.19799924,0.16843113,0.14778072,0.14231542,0.16085534,0.1748888,0.1493678,0.180144,0.40599865,1.0469562,1.0874453,0.74492395,0.5864085,-0.12703611,-0.42166477,-0.36509338,-0.52711684,-0.86158776,-0.9219831,-0.9257786,-0.9060897,-0.86508,-0.8305635,-0.79412854,-0.75675344,-0.71780723,-0.6615787,-0.6318798,-0.62102026,-0.61721814,-0.61332494,-0.6050916,-0.5948757,-0.58263075,-0.5664111,-0.54492444,-0.5197533,-0.49074996,-0.4604178,-0.4339652,-0.41358018,-0.39863974,-0.38517973,-0.37198776,-0.36244312,-0.35280663,-0.34574723,-0.34210214,-0.35060462,-0.382206,-0.43022695,-0.47908187,-0.5204917,-0.54560715,-0.564451,-0.593647,-0.6254772,-0.6398388,-0.65219945,-0.6673302,-0.6850297,-0.69518983,-0.70436984,-0.7161027,-0.73357874,-0.7458586,-0.7621505,-0.7990096,-0.82441217,-0.8445102,-0.89408726,-0.9038922,-0.898475,-0.80020237,-0.5635747
1296,COP_20160405_2-50-E,0.628894,0.371106,0.0,-1.6039267,-1.5899705,-1.572191,-1.5541664,-1.5396963,-1.5271952,-1.5177011,-1.5106289,-1.5036367,-1.4943622,-1.4756761,-1.4375361,-1.3739529,-1.3051286,-1.2577114,-1.228669,-1.2222482,-1.2418015,-1.2656608,-1.2769827,-1.2790267,-1.2847309,-1.2936032,-1.2925164,-1.3021568,-1.3236938,-1.3394874,-1.3556519,-1.3439032,-1.2450495,-1.0138137,-0.7498108,-0.50440097,-0.28618857,-0.12745634,-0.03122121,0.02928788,0.062997736,0.09226891,0.12252765,0.15234339,0.18106182,0.2089337,0.23529027,0.2608447,0.28679273,0.3121083,0.33583483,0.35834974,0.37875628,0.3979124,0.41671094,0.4324146,0.43537045,0.43001848,0.4186228,0.4054459,0.41084272,0.42662606,0.45194724,0.4944342,0.5476662,0.587453,0.6262502,0.66254807,0.6946567,0.72246045,0.7464675,0.7667646,0.78314763,0.7966101,0.8106913,0.82311696,0.7950624,0.7168446,0.6236106,0.5734885,0.5653064,0.5681781,0.5729834,0.58597636,0.61027664,0.6448711,0.68538505,0.7264512,0.7649423,0.79878604,0.82473594,0.8385427,0.83977187,0.82481426,0.7880368,0.72655034,0.64339286,0.557205,0.50204414,0.41892567,0.44518104,0.53646165,0.9809369,2.4744403,-0.92078894,-1.3181252,-1.0780685,-1.0174266,-0.9321002,-0.88788265,-0.876555,-0.8146693,-0.73362607,-0.66283983,-0.5953472,-0.5289802,-0.4658983,-0.4067615,-0.34994754,-0.29691255,-0.24840686,-0.19910006,-0.14781134,-0.09573742,-0.042541653,0.0074388296,0.051166844,0.08712672,0.11452708,0.12990174,0.13418034,0.12561977,0.10354716,0.077655114,0.04658033,0.01110706,-0.020590119,-0.04530387,-0.081807494,-0.12930705,-0.17455354,-0.2180359,-0.2807832,-0.2569791,-0.066765994,-0.020922702,0.2135644,0.6888735,0.68150645,0.43933386,0.23345673,-0.409561,-0.68661463,-0.6463502,-0.77105594,-1.0565894,-1.1134228,-1.12668,-1.1131554,-1.083652,-1.056247,-1.0237375,-0.9901941,-0.95225227,-0.9049584,-0.88315475,-0.87443453,-0.8701725,-0.86758834,-0.86460215,-0.86036104,-0.85238594,-0.83987683,-0.8242369,-0.80404586,-0.7794398,-0.75298274,-0.7287329,-0.7062612,-0.68985367,-0.67632467,-0.66490746,-0.654754,-0.6473767,-0.6431444,-0.6431983,-0.65666324,-0.68964577,-0.7347526,-0.7790028,-0.8145576,-0.8357431,-0.8509091,-0.87818843,-0.9099439,-0.92125446,-0.9287634,-0.9409864,-0.95340675,-0.961461,-0.9635134,-0.97654796,-0.98196363,-0.9949618,-1.0055358,-1.0264695,-1.0492833,-1.0665594,-1.0719765,-1.1108315,-1.0843505,-0.8900416,-0.52083737
1309,COP_20160418_5-30-E,0.274823,0.725177,0.0,-1.5654559,-1.5507689,-1.5343995,-1.5182965,-1.5040079,-1.4913201,-1.480687,-1.4713477,-1.4620731,-1.4513068,-1.4354125,-1.4101878,-1.3741534,-1.3376439,-1.3109227,-1.2914927,-1.2804159,-1.2782209,-1.2781961,-1.2738404,-1.2649996,-1.2573172,-1.250234,-1.2383356,-1.2325568,-1.2349558,-1.236201,-1.2393713,-1.2248294,-1.1580092,-1.026544,-0.8879572,-0.76525944,-0.6628325,-0.5889331,-0.53947127,-0.5025377,-0.47436142,-0.44836044,-0.42181024,-0.39551306,-0.36981592,-0.34426418,-0.32032168,-0.2967624,-0.27254143,-0.24846551,-0.22496219,-0.20154862,-0.17927024,-0.15665738,-0.13541238,-0.11561773,-0.10285734,-0.09462433,-0.08840552,-0.08616567,-0.075021446,-0.058268417,-0.036939394,0.0034118397,0.05325957,0.08591103,0.11750268,0.14744532,0.17462167,0.19964615,0.22288537,0.24381776,0.26302367,0.28126058,0.30324823,0.32884824,0.3234526,0.28362325,0.23690668,0.21117063,0.21233946,0.22261448,0.23428994,0.25187454,0.27556226,0.30504835,0.33803648,0.37083927,0.4024732,0.43165615,0.456322,0.4733237,0.48393646,0.48728704,0.47920993,0.45821723,0.42657253,0.399652,0.37821734,-0.20763971,-0.1413983,-0.16107504,-0.07602504,0.53229374,-0.46359056,-0.44965667,-0.43291765,-0.42793208,-0.4054986,-0.38436112,-0.3630981,-0.3249886,-0.27984145,-0.23388386,-0.18485625,-0.13592213,-0.08914746,-0.044808734,-0.0026919832,0.037834425,0.07717377,0.11675233,0.15740599,0.20153542,0.24635153,0.28646272,0.32186937,0.35381675,0.3782912,0.39233142,0.3977591,0.39378494,0.38121268,0.3659197,0.34805137,0.32704347,0.31571904,0.3140288,0.30358642,0.28904438,0.286789,0.30090216,0.33757907,0.3535267,0.29808047,0.33738884,0.5043864,0.8930618,0.8079603,0.6748868,0.54025847,0.13260004,-0.085606255,-0.08551744,-0.2604767,-0.48387322,-0.5166809,-0.5115087,-0.48831904,-0.45197704,-0.42016205,-0.38293788,-0.34462035,-0.3088449,-0.28189185,-0.28370506,-0.2967125,-0.31470284,-0.33446056,-0.35283864,-0.36400378,-0.36755058,-0.36348295,-0.353514,-0.33638874,-0.31382182,-0.2892939,-0.26722047,-0.24890397,-0.2372784,-0.2293047,-0.22057283,-0.21329737,-0.20886815,-0.20385368,-0.20148015,-0.21456413,-0.25380307,-0.31022817,-0.36881116,-0.41222155,-0.43683246,-0.45282626,-0.47835055,-0.50418496,-0.5141327,-0.5192198,-0.52894175,-0.534479,-0.5316223,-0.5301342,-0.5293003,-0.53151536,-0.5407934,-0.55010915,-0.57017374,-0.60719824,-0.6249704,-0.636523,-0.67337966,-0.6480426,-0.54442406,-0.23509955
1320,COP_20160501_5-20-E,0.0696146,0.930385,0.0,-1.5160793,-1.4911542,-1.4620593,-1.4336936,-1.410773,-1.3915381,-1.3744762,-1.3584822,-1.3435252,-1.3275613,-1.3073078,-1.2784877,-1.2412244,-1.2042731,-1.1738625,-1.1478529,-1.1271479,-1.1102074,-1.0951998,-1.0769215,-1.0524918,-1.0275899,-1.000646,-0.9677212,-0.94303745,-0.93276906,-0.92617047,-0.92735714,-0.901593,-0.791341,-0.6064801,-0.4424596,-0.31181523,-0.20509334,-0.12517698,-0.06566611,-0.016500726,0.027071867,0.068459645,0.10921124,0.14941232,0.18799289,0.2257863,0.26248473,0.29810968,0.3337856,0.36779204,0.40074205,0.43198663,0.46082953,0.48859683,0.515336,0.5396725,0.55545515,0.56251067,0.571637,0.57757413,0.59002763,0.61029977,0.63828284,0.6895859,0.7519472,0.79105157,0.82845,0.8625635,0.89319944,0.92132086,0.9472682,0.97217077,0.9949164,1.0158149,1.0406567,1.07958,1.0730909,1.0152797,0.9484181,0.9030608,0.89314127,0.89514893,0.9000435,0.9134536,0.93842655,0.9733922,1.0151103,1.0566401,1.0955509,1.129152,1.1569542,1.1784889,1.1948785,1.201615,1.1946249,1.1706413,1.1311778,1.0970207,0.94986665,0.46007273,0.5647518,0.5687304,0.58374876,0.65430874,0.990507,-0.6270761,-0.37692288,-0.2972713,-0.1961774,-0.14891636,-0.13920975,-0.08223952,-0.009034317,0.054618534,0.11675268,0.17795789,0.23362525,0.28313455,0.32921332,0.37296563,0.41459766,0.4571038,0.50451195,0.55853415,0.6167175,0.671335,0.7181072,0.7567789,0.78310555,0.7942276,0.79221785,0.7770562,0.7480488,0.715946,0.6834164,0.64823484,0.6277799,0.6260838,0.6109902,0.58694375,0.57245964,0.57078457,0.5754522,0.610537,0.6588831,0.7444974,1.2827687,4.2277336,4.9530706,3.0933871,2.4955177,1.4763578,0.69890034,1.3413761,1.0826342,-0.20815203,-0.41393903,-0.47655195,-0.45367596,-0.40682742,-0.35857996,-0.3051284,-0.25144532,-0.20187385,-0.16518675,-0.16343619,-0.18007481,-0.20802289,-0.24321325,-0.2795127,-0.30548763,-0.3192988,-0.32199314,-0.31630102,-0.2999668,-0.27500403,-0.24486332,-0.21430914,-0.18716727,-0.16345571,-0.14402577,-0.12600073,-0.10832673,-0.09485268,-0.0843721,-0.08522927,-0.11000133,-0.16799349,-0.24598154,-0.3202359,-0.37819362,-0.4064537,-0.42142087,-0.45752567,-0.50018334,-0.5127256,-0.51661944,-0.5274235,-0.53349763,-0.52517253,-0.52659976,-0.52722543,-0.5398658,-0.5507925,-0.5672315,-0.58471787,-0.6296284,-0.65322626,-0.66729844,-0.70928115,-0.7146026,-0.48062208,0.3089449
1321,COP_20160501_5-30-E,0.0744977,0.925502,0.0,-1.5380511,-1.5188472,-1.4968467,-1.4746549,-1.4553558,-1.4384632,-1.4238373,-1.4106314,-1.3979696,-1.3845264,-1.3672427,-1.3434541,-1.3136529,-1.2847127,-1.2612392,-1.2413555,-1.2255286,-1.2125542,-1.2020249,-1.1884905,-1.1715858,-1.1537275,-1.1352407,-1.112178,-1.0947106,-1.0865072,-1.0801958,-1.078697,-1.0583482,-0.98008937,-0.84714484,-0.7257684,-0.6273965,-0.5463708,-0.48495942,-0.4386681,-0.39962196,-0.36543998,-0.33380324,-0.30195227,-0.27058965,-0.24055539,-0.21084623,-0.18193756,-0.15365338,-0.12565891,-0.09822279,-0.07088472,-0.044218007,-0.018841194,0.006602113,0.031640504,0.054741938,0.069798626,0.08194632,0.09425353,0.10663974,0.123979054,0.14424688,0.16690822,0.2072251,0.2560892,0.28859425,0.31997696,0.34862375,0.37576374,0.40187746,0.4265307,0.4493111,0.47108185,0.49212015,0.516717,0.55363774,0.55601466,0.52068466,0.47953692,0.45231372,0.45137438,0.45935988,0.46865353,0.483889,0.50706583,0.53688633,0.57091826,0.6051645,0.6374073,0.6668868,0.69200164,0.7124262,0.72858673,0.7377986,0.73700273,0.72450763,0.7025555,0.6895464,0.5826519,0.019005733,0.112213604,0.11545156,0.11900339,0.13952608,0.15794039,-0.42133942,-0.23882726,-0.21550146,-0.17142135,-0.14638202,-0.12853916,-0.086151525,-0.036601435,0.009641988,0.058084715,0.10635203,0.15115808,0.19210577,0.23031648,0.26727948,0.30283433,0.33921817,0.37848002,0.42242095,0.46844715,0.5109329,0.547945,0.58061224,0.60428363,0.61537784,0.61700404,0.6080187,0.5891865,0.5702938,0.55010086,0.5271,0.51730484,0.5212138,0.51790035,0.5088909,0.5132014,0.5398873,0.60858124,0.66404104,0.54228926,0.62079686,1.0772747,2.7288303,2.5486956,2.5911884,2.7805464,1.5162972,0.6754045,1.010914,0.91079015,-0.037024934,-0.26039726,-0.29802752,-0.2854542,-0.23580036,-0.19343248,-0.15092471,-0.1097204,-0.07296424,-0.031879947,-0.02802778,-0.047447897,-0.07791945,-0.11132208,-0.13951498,-0.15801927,-0.1680857,-0.1709566,-0.1663598,-0.1520412,-0.12918293,-0.102591485,-0.08011419,-0.061452147,-0.048997343,-0.038882773,-0.027015189,-0.017239513,-0.008609649,-6.77787e-05,0.004706413,-0.010803458,-0.057287496,-0.124152355,-0.18987352,-0.23983261,-0.2668464,-0.2844947,-0.31124905,-0.3386717,-0.34342828,-0.34552696,-0.3554362,-0.35739782,-0.34823927,-0.33960766,-0.33985773,-0.34706146,-0.35539964,-0.364853,-0.3850985,-0.43089974,-0.47105172,-0.46664435,-0.52412605,-0.5198836,-0.3067775,0.04155559
1324,COP_20160526_2-0-W,0.0170874,0.982913,0.0,-1.4680957,-1.4311969,-1.3859034,-1.3383244,-1.2932241,-1.2512963,-1.2111415,-1.1720468,-1.1339139,-1.0963182,-1.057141,-1.0150908,-0.9699919,-0.92466253,-0.88006514,-0.8352905,-0.7918194,-0.7493344,-0.7089684,-0.6660572,-0.6215802,-0.5756195,-0.52947354,-0.48115447,-0.4356274,-0.3940995,-0.354201,-0.31746635,-0.27147487,-0.19864431,-0.10618305,-0.02033139,0.05569867,0.122736365,0.18161444,0.23618262,0.29058555,0.34156892,0.39097023,0.44124475,0.49081552,0.53919387,0.5869423,0.632767,0.67650884,0.71984166,0.76196027,0.80281794,0.84245634,0.87993425,0.9160687,0.95065945,0.9831925,1.0068438,1.0308323,1.0577891,1.0824084,1.1080005,1.1321012,1.161217,1.2094337,1.2636133,1.3027167,1.3403227,1.3769872,1.4118068,1.4456433,1.4781792,1.5098202,1.5406649,1.5710108,1.6052198,1.6654294,1.6896422,1.6574466,1.6234204,1.5913496,1.5834917,1.5895197,1.5981197,1.6124799,1.6381447,1.6758381,1.72301,1.7704024,1.8156188,1.8580543,1.8975971,1.9311537,1.9623524,1.9870951,2.0014598,2.0033824,1.9941598,2.0002654,2.1450765,1.1002113,1.1009148,1.1041855,1.1025258,1.0999465,1.2396859,1.2572138,0.6856127,0.6772614,0.7361031,0.76509935,0.77897227,0.8335558,0.89890736,0.9601377,1.0258887,1.0916725,1.148456,1.1949956,1.2363813,1.2764738,1.3148274,1.3551852,1.405909,1.4709152,1.542243,1.6092845,1.6663442,1.7127177,1.7412317,1.74708,1.7377298,1.712533,1.6718242,1.6319659,1.5938905,1.554093,1.5452918,1.5694926,1.5769973,1.5717354,1.5871139,1.6337706,1.7512923,1.8399444,1.5964667,1.6571592,2.0732186,4.2500987,2.840006,3.109439,4.210592,2.5783799,1.7625366,2.4479413,2.4392226,0.79846096,0.5043341,0.47801632,0.5193064,0.6170141,0.6913818,0.75699276,0.81523573,0.85471845,0.8982513,0.87362826,0.79960734,0.7061146,0.6104356,0.5271718,0.46535948,0.42495567,0.4058619,0.40592036,0.42158917,0.45264512,0.4942858,0.5368496,0.5783912,0.61052203,0.6368111,0.6602275,0.6802294,0.69889826,0.710556,0.7031994,0.6632373,0.57131696,0.4528113,0.34781858,0.27143174,0.24151866,0.2319448,0.19476023,0.14583324,0.1336651,0.13195919,0.12777326,0.13280466,0.15444383,0.17280625,0.18280314,0.18402596,0.18698403,0.17078282,0.13662341,0.07343694,0.017728923,-0.06517822,-0.14262637,-0.15414748,0.04164826,0.4722369
1326,COP_20160526_2-20-E,0.288364,0.711636,0.0,-1.5462021,-1.5342809,-1.5158405,-1.4911857,-1.4666669,-1.4466268,-1.4323168,-1.4210395,-1.4109876,-1.3993486,-1.3785422,-1.3361722,-1.2607963,-1.172885,-1.1092906,-1.069948,-1.0598252,-1.078705,-1.1027184,-1.1119525,-1.1071697,-1.1133941,-1.1238676,-1.1190223,-1.1218023,-1.143211,-1.1656832,-1.1863123,-1.170589,-1.0496565,-0.7491336,-0.39162222,-0.05254147,0.23272917,0.4198545,0.5234077,0.5792625,0.62042946,0.6563704,0.68940246,0.72310597,0.7542325,0.78255725,0.8127237,0.8437091,0.8741833,0.90357006,0.93094194,0.9563066,0.976406,0.99049765,1.0090344,1.0257059,1.0098789,0.9887896,0.9609022,0.9357701,0.938327,0.95770305,0.9895712,1.0298004,1.0818975,1.1330856,1.1850538,1.234109,1.2750124,1.3072016,1.3313596,1.3465208,1.3527954,1.3517245,1.3494391,1.3496629,1.2877601,1.153676,1.0088044,0.93115574,0.90667856,0.89489627,0.88698745,0.892079,0.91521376,0.9505267,0.9923165,1.0324618,1.0687968,1.0980699,1.1190573,1.126854,1.1166595,1.0855805,1.0295782,0.94732636,0.84009904,0.71770775,0.54593575,0.9666812,0.9709879,0.97666216,1.0109577,1.1697681,2.368373,-0.08263042,-1.9365187,-1.582275,-1.1615798,-1.0142181,-1.0286778,-0.9230028,-0.79031295,-0.6994475,-0.6272957,-0.55969036,-0.49677384,-0.43892765,-0.38414973,-0.3333705,-0.28731954,-0.23914863,-0.19029385,-0.14277911,-0.09431232,-0.047978092,-0.010534914,0.018418161,0.03985727,0.045826234,0.03990635,0.024080371,-0.0042360523,-0.03951954,-0.08049516,-0.124685474,-0.1650997,-0.19873312,-0.24166194,-0.30063817,-0.3745753,-0.4799,-0.73422706,-0.83029795,-0.09788916,0.009327986,0.7806847,2.9000478,3.1046777,2.5222332,1.9604867,1.085077,0.086155035,1.0515232,0.8532397,-0.7856664,-1.0592257,-1.1523881,-1.1566643,-1.1426492,-1.1201763,-1.0889157,-1.052802,-1.0131407,-0.98738265,-0.9741332,-0.9635126,-0.957603,-0.9558717,-0.95669985,-0.9532713,-0.9456213,-0.93355757,-0.91923136,-0.9007953,-0.8793722,-0.85833335,-0.8382419,-0.8195476,-0.8048066,-0.79116136,-0.7786391,-0.7667099,-0.7554228,-0.7489209,-0.7493084,-0.7640698,-0.79367834,-0.8355056,-0.876519,-0.91313326,-0.93883497,-0.9603612,-0.98693603,-1.014531,-1.0278449,-1.0374905,-1.0507538,-1.0636468,-1.0759286,-1.0860144,-1.0867885,-1.1015074,-1.1134658,-1.1252737,-1.1470132,-1.1670396,-1.1595182,-1.1333688,-1.1958159,-1.1055833,-0.8839166,-0.18185715
1332,COP_20160526_5-20-E,0.0149635,0.985036,0.0,-1.4783344,-1.4528673,-1.4232268,-1.3933327,-1.3665613,-1.3416059,-1.3174341,-1.2932869,-1.2695888,-1.2453389,-1.2197762,-1.1908929,-1.1586418,-1.1263851,-1.0962086,-1.0666143,-1.0387481,-1.0105307,-0.9829623,-0.9525042,-0.9185003,-0.88432544,-0.8488877,-0.81113005,-0.77713436,-0.74860084,-0.72053134,-0.6950663,-0.65881497,-0.5886722,-0.48565522,-0.38525674,-0.29728583,-0.2220989,-0.16039866,-0.107634336,-0.059866592,-0.013130605,0.03192412,0.076966345,0.121777184,0.16610493,0.2100448,0.25345775,0.29579514,0.3377962,0.37934923,0.4191919,0.45840025,0.49568623,0.5305588,0.56645936,0.6016872,0.6199678,0.6473582,0.6757509,0.70465124,0.73392326,0.7602408,0.79415447,0.83010334,0.869777,0.90660703,0.943797,0.9813043,1.0172702,1.0502754,1.0824946,1.1129453,1.142263,1.1716697,1.2056936,1.2669511,1.2972882,1.2721902,1.2473152,1.2225621,1.2194567,1.2303478,1.2440436,1.2637248,1.2930782,1.3315626,1.3753814,1.4197465,1.4629154,1.5033249,1.5420837,1.5747559,1.6037585,1.6296887,1.6492375,1.6570241,1.6579298,1.6768844,1.816481,0.693167,0.7068174,0.7127796,0.70479685,0.6890353,0.62851334,0.55028224,0.53684425,0.50206167,0.52233213,0.5379112,0.55791295,0.6059564,0.66297036,0.7196654,0.78330845,0.845756,0.90040386,0.94774145,0.990417,1.0317605,1.0725197,1.1150763,1.1650106,1.2261502,1.2929293,1.3552958,1.40911,1.4529095,1.4774767,1.4820445,1.4719989,1.4484698,1.4126613,1.3758411,1.3374181,1.2972963,1.2835662,1.2995564,1.3005899,1.2879595,1.2966527,1.3373984,1.4485487,1.5937136,1.4249495,1.5440727,2.214238,3.9472177,4.604529,4.4983163,4.0210385,2.83361,2.0254729,2.6344135,2.3672407,0.7104087,0.26395506,0.1381316,0.15032265,0.21578543,0.28161702,0.35555026,0.42733514,0.49209255,0.53217596,0.5204675,0.48447588,0.43018538,0.36458445,0.30018604,0.25092447,0.22044978,0.20694439,0.20700575,0.2209483,0.24657331,0.28069803,0.3149515,0.34912202,0.37902227,0.40352356,0.42839718,0.45237377,0.47032532,0.48498586,0.48372164,0.44675282,0.3635568,0.25960997,0.16205339,0.08868434,0.055625398,0.035076298,-0.006811526,-0.053409502,-0.06608786,-0.07312691,-0.08353655,-0.08896726,-0.07885935,-0.06677441,-0.067412585,-0.0744382,-0.084473655,-0.09989915,-0.14111094,-0.19406189,-0.2529527,-0.2907883,-0.35569447,-0.33965287,-0.14550194,0.5704436
1333,COP_20160526_5-30-E,0.0170205,0.98298,0.0,-1.5063899,-1.4770705,-1.4422072,-1.4059169,-1.3739729,-1.3458813,-1.3200238,-1.295149,-1.2712256,-1.2470936,-1.2220294,-1.194872,-1.16576,-1.1364601,-1.1076272,-1.0784287,-1.0505898,-1.0229154,-0.99575007,-0.9672028,-0.9349753,-0.9010427,-0.86320204,-0.8218191,-0.7808774,-0.742513,-0.7055299,-0.6724627,-0.6322063,-0.5669263,-0.48439196,-0.4079501,-0.34028333,-0.27856275,-0.22275846,-0.17271312,-0.12561415,-0.07935519,-0.03495792,0.008387498,0.050846882,0.0915515,0.131655,0.17108105,0.2105611,0.24869807,0.28559026,0.32161534,0.35701147,0.38927695,0.41971004,0.45067134,0.48143426,0.4974335,0.5154942,0.5411844,0.56838685,0.59493065,0.6227127,0.6512837,0.68864846,0.7324606,0.7663843,0.800158,0.83327585,0.8644739,0.89401186,0.9222363,0.9495053,0.9761517,1.0024695,1.0323029,1.0822432,1.1024033,1.0762155,1.0482869,1.0247152,1.0227685,1.0315372,1.0423453,1.0593339,1.0860922,1.120813,1.1613829,1.2016246,1.2395201,1.2751238,1.3094401,1.3371906,1.3614423,1.3819015,1.3958933,1.4001143,1.39523,1.4038465,1.5393806,0.55037194,0.55374384,0.55989933,0.55619395,0.5431631,0.55296296,0.5278561,0.40029004,0.37674558,0.40248585,0.4164195,0.43549547,0.4821651,0.53707707,0.5887438,0.6449256,0.7012163,0.75143564,0.7940107,0.83302927,0.8702089,0.9060573,0.94443107,0.98927575,1.0433924,1.1020947,1.1561269,1.2043933,1.2450334,1.2711604,1.2805433,1.2758905,1.2558104,1.2232715,1.1918483,1.160969,1.1295999,1.1208595,1.1350713,1.1346653,1.1238034,1.1309536,1.1687641,1.271845,1.4098064,1.2377055,1.3639756,2.2379544,4.3111606,4.1791005,5.179225,4.667525,2.6137373,2.0362744,2.3100991,1.844108,0.5067994,0.17318171,0.07462342,0.11199438,0.18288203,0.2510542,0.320034,0.38773602,0.4482367,0.49065006,0.48378873,0.44995922,0.39828098,0.33893466,0.2801467,0.23590705,0.20903023,0.19844085,0.1997505,0.21337134,0.23963371,0.2725987,0.30556253,0.3345328,0.35891348,0.37988725,0.39723277,0.41561902,0.43257257,0.44367075,0.44205996,0.40962246,0.3350577,0.2369831,0.14524229,0.07614645,0.042846076,0.02665047,-0.010155236,-0.05303298,-0.065706894,-0.0749553,-0.08240979,-0.08421364,-0.07346534,-0.06470459,-0.06699025,-0.07807849,-0.09275714,-0.12312913,-0.15195635,-0.21477763,-0.2349494,-0.26568505,-0.3559955,-0.2561923,0.12747644,1.1740985
1334,COP_20160526_5-40-W,0.00490173,0.995098,0.0,-1.5668993,-1.5366374,-1.4989506,-1.4589635,-1.422147,-1.3887442,-1.3570784,-1.3264753,-1.2969933,-1.2679652,-1.2397032,-1.2114985,-1.1828429,-1.1541114,-1.1243657,-1.0928258,-1.0602546,-1.0261829,-0.9923637,-0.9571559,-0.9185617,-0.8761736,-0.82809484,-0.7750557,-0.71866214,-0.6615539,-0.6055976,-0.55298555,-0.49842042,-0.4334252,-0.36581102,-0.3031745,-0.24277012,-0.18297528,-0.1242386,-0.06738605,-0.0119011225,0.044315238,0.098247804,0.15084232,0.20242578,0.25203115,0.30096644,0.34876865,0.39522722,0.44056767,0.4845495,0.52729166,0.569041,0.607587,0.64474213,0.68148637,0.71712863,0.73901063,0.76263547,0.79209864,0.82064515,0.84925056,0.87500954,0.9056754,0.9512884,1.0016543,1.0384532,1.0754062,1.111103,1.1438664,1.1754688,1.20596,1.2364789,1.2667506,1.2968705,1.3330125,1.3947303,1.4146718,1.3826731,1.345645,1.3097854,1.301031,1.3057997,1.3129109,1.3261242,1.3504318,1.3856868,1.4289446,1.4728352,1.5145892,1.5524416,1.5865175,1.6152464,1.6405891,1.661197,1.6756076,1.6768786,1.6646576,1.6642169,1.8019476,0.8000274,0.80854154,0.8157759,0.8142721,0.8198145,1.0584781,0.58396494,0.23783244,0.2655053,0.3354943,0.3635963,0.37306264,0.42607704,0.49216524,0.5516831,0.6145815,0.67602783,0.73024476,0.7756658,0.8168877,0.85508186,0.8908859,0.92874354,0.97532296,1.0344208,1.0994956,1.160859,1.2128191,1.2566235,1.2840589,1.2918638,1.282758,1.258185,1.2202864,1.1825416,1.1448412,1.1046003,1.0896313,1.1014477,1.094735,1.0725604,1.0648668,1.0796379,1.1266071,1.2223625,1.2072965,1.3589123,1.9517717,3.5276551,4.595526,4.5522685,5.1105833,2.9747243,2.0338275,2.1657436,2.2630274,0.4691628,0.058320187,-0.083591945,-0.061355036,0.006072037,0.073271,0.14644898,0.22090459,0.28717628,0.34610167,0.35525134,0.3285818,0.28071204,0.22231603,0.16252539,0.11565232,0.08619476,0.073839754,0.075114116,0.08651823,0.10928404,0.14169139,0.17687729,0.21270406,0.24302475,0.2668076,0.28730366,0.30517128,0.3216546,0.3312441,0.32707644,0.2877989,0.2068855,0.10346758,0.0156785,-0.045898803,-0.07140569,-0.08230847,-0.11932815,-0.16875425,-0.18372528,-0.18690446,-0.1928102,-0.19516948,-0.17894864,-0.17188282,-0.17793465,-0.18767433,-0.18962531,-0.19975892,-0.23017122,-0.2784951,-0.32855728,-0.33915004,-0.41127908,-0.33502498,0.12659812,1.0230424
1340,QUE_T3.01.E,0.0,0.98,0.02,-1.256207,-1.2302338,-1.2013583,-1.1686038,-1.1354241,-1.1058996,-1.079953,-1.0547677,-1.0280101,-0.998157,-0.9662712,-0.9343159,-0.90189695,-0.86854464,-0.83550686,-0.8022133,-0.76848924,-0.735797,-0.7057052,-0.6754267,-0.6452616,-0.61342436,-0.57990116,-0.5449886,-0.509606,-0.47301647,-0.43572205,-0.39800882,-0.35819504,-0.3133565,-0.2669317,-0.21910436,-0.16979863,-0.12049733,-0.072889455,-0.027257556,0.02267338,0.062350918,0.101541735,0.1432788,0.18479864,0.22600482,0.26659328,0.3059498,0.34457105,0.38229644,0.41993207,0.45650733,0.49385622,0.5307886,0.56612283,0.60052145,0.6335834,0.6573555,0.68284845,0.7159953,0.7497241,0.7837462,0.8140283,0.84620684,0.85936177,0.87139714,0.90020776,0.93357736,0.964724,0.9947411,1.0254322,1.0556185,1.0854671,1.1138418,1.1371231,1.156578,1.1684649,1.1916959,1.2179562,1.2370207,1.2654756,1.2893307,1.3085306,1.328774,1.349381,1.3737302,1.4004854,1.4308405,1.4636585,1.4968613,1.5279783,1.5568477,1.5821688,1.6066607,1.6305859,1.6506412,1.662603,1.6650919,1.6557595,1.6203332,1.6291509,1.8134058,1.7551038,1.409812,1.2730404,1.2843574,1.2410101,1.2038386,1.1810867,1.1895202,1.2029405,1.2104189,1.2322456,1.2666788,1.3066671,1.3472257,1.3900936,1.4269768,1.4559385,1.4810996,1.504655,1.5278199,1.5527533,1.5829481,1.6248204,1.6705245,1.7121654,1.744886,1.7656603,1.7721537,1.7611628,1.7420565,1.7291803,1.722471,1.7174739,1.7121481,1.6988847,1.7003115,1.714161,1.7187583,1.7128308,1.7068849,1.7038947,1.697092,1.6819063,1.6659284,1.4119531,1.2225635,1.3290894,4.7254987,1.3117253,-0.5904412,1.4244602,1.8385761,0.7937244,0.5424337,3.1873405,1.2875617,1.0331597,1.0847995,1.1589869,1.2454606,1.2949315,1.3483824,1.3742843,1.3952318,1.3402734,1.2574294,1.1739031,1.0856655,1.0047104,0.9415016,0.90256417,0.8793703,0.86939883,0.87858284,0.8951886,0.92037123,0.943269,0.9620862,0.9904598,1.0142697,1.0360535,1.0591626,1.0886216,1.0967109,1.1042899,1.0829756,1.0059164,0.91309905,0.8256767,0.7574633,0.7399913,0.7513218,0.72687334,0.67729855,0.66870356,0.6305509,0.6110935,0.63176554,0.6397139,0.6612308,0.6439858,0.68526304,0.697671,0.672472,0.6005273,0.57872427,0.39568296,0.17339978,0.3312502,0.11057009,0.25679973,-0.7994378
1343,QUE_T3.01.H,0.0,0.95,0.05,-1.276618,-1.251674,-1.2236233,-1.1918784,-1.1595174,-1.1306655,-1.1054002,-1.0811418,-1.0552981,-1.0261482,-0.9950704,-0.96379304,-0.9319484,-0.8995238,-0.86716145,-0.8347019,-0.80157214,-0.76932627,-0.7392317,-0.7091307,-0.6787361,-0.6467667,-0.6130303,-0.57804096,-0.54239464,-0.505469,-0.46735638,-0.42853683,-0.3876042,-0.34205657,-0.29476994,-0.24549085,-0.19575144,-0.14498076,-0.09512028,-0.047749862,0.0034271483,0.04531871,0.08677322,0.1302792,0.17375585,0.21607174,0.2575633,0.29976583,0.34118724,0.38151348,0.4206288,0.45937228,0.4988342,0.5368109,0.5718987,0.60680616,0.6415098,0.6609751,0.6819321,0.71619046,0.75848365,0.7980723,0.8338181,0.86805403,0.902168,0.9381606,0.9698116,1.0030713,1.0360931,1.070614,1.1036074,1.1345165,1.1639436,1.191821,1.2159086,1.2294185,1.2293148,1.2560749,1.2841984,1.30364,1.337603,1.3644375,1.3834959,1.4032183,1.4235249,1.4466285,1.4736598,1.5039293,1.5364282,1.5687841,1.5987648,1.6274029,1.6518996,1.6759391,1.6979108,1.7134839,1.7210677,1.7161996,1.7000753,1.648264,1.6371161,1.7129864,1.3147825,1.3631297,1.2968801,1.2950643,1.2463363,1.2223839,1.2022704,1.2123748,1.2289789,1.2371771,1.2626995,1.301989,1.3450158,1.3879179,1.4302363,1.4671913,1.49528,1.5193952,1.541834,1.565388,1.5884496,1.6172622,1.6569687,1.7010765,1.7399446,1.7697681,1.7882521,1.7928419,1.7808925,1.7612988,1.7488137,1.7428468,1.7359631,1.7296404,1.7145563,1.7152177,1.726746,1.7309798,1.7238562,1.714617,1.7088386,1.6981748,1.6708741,1.6478366,1.521922,3.2949438,4.4996796,2.0330114,0.7915889,2.2713857,5.35503,1.8494223,2.38676,3.597453,2.7015922,0.7636603,0.97877055,1.0499085,1.1338954,1.2074522,1.267371,1.3130277,1.3561581,1.3892972,1.3237915,1.2391763,1.1562517,1.0738956,0.9933799,0.934419,0.89775604,0.8710337,0.86211264,0.87118703,0.89172727,0.91142654,0.9321215,0.94804597,0.9815717,1.0064845,1.0297688,1.0446869,1.0689557,1.0838107,1.0896535,1.0682728,0.9901716,0.8956993,0.8123395,0.74956864,0.72938955,0.7311072,0.712788,0.67268866,0.63968843,0.62976277,0.60577613,0.57920855,0.59834296,0.59911025,0.577666,0.62424326,0.64060014,0.64825726,0.44698864,0.48357326,0.49582973,0.31349966,0.1716366,-0.14740606,-0.6968517,-0.59162736
1359,QUE_T3.03.D,0.0,0.59,0.41,-1.4031945,-1.3862039,-1.3664061,-1.342864,-1.3195575,-1.2996768,-1.2828209,-1.2666122,-1.2486426,-1.2272295,-1.2033863,-1.1785833,-1.1532233,-1.1277568,-1.1024681,-1.076801,-1.0516677,-1.0278177,-1.007107,-0.9860862,-0.9654125,-0.9444248,-0.9219777,-0.8974797,-0.8710293,-0.84365386,-0.81859744,-0.7952494,-0.7632918,-0.7153132,-0.6624926,-0.61545974,-0.5708479,-0.5316722,-0.4969669,-0.46178275,-0.42015657,-0.38920566,-0.35853463,-0.325202,-0.29252613,-0.2591014,-0.22521766,-0.19675434,-0.17070535,-0.14460388,-0.118942976,-0.09263222,-0.06419929,-0.033405084,-7.432286e-05,0.028318293,0.051749393,0.08758797,0.118762195,0.13733415,0.15016477,0.15974283,0.17660782,0.19086519,0.17425835,0.1540299,0.17471679,0.19538182,0.21576369,0.23346703,0.25170907,0.27225935,0.28864613,0.30965286,0.33233395,0.35700166,0.38481617,0.41473415,0.41796204,0.41315514,0.41025117,0.41300324,0.42220196,0.4350549,0.44805977,0.46351004,0.47967082,0.49559206,0.5121055,0.5298694,0.5480565,0.5650061,0.5753307,0.58443403,0.5935498,0.6041698,0.6125926,0.6169863,0.6135375,0.60377735,0.44690076,0.2936344,0.64414567,0.33630088,0.3301496,0.18886267,0.11710875,0.07689225,0.050422683,0.03815053,0.032427438,0.049479507,0.07620862,0.10667831,0.13843404,0.17649505,0.2160687,0.25350684,0.28721133,0.31971005,0.3502107,0.37826923,0.40366098,0.42761353,0.4550592,0.48159108,0.50386757,0.5239897,0.5386037,0.5471202,0.5495787,0.5467437,0.5446124,0.5436927,0.5422834,0.53731847,0.5270724,0.5191007,0.51299554,0.500836,0.48491806,0.47495133,0.47100216,0.47167552,0.4895413,0.52424306,0.52620584,1.6356343,1.1005712,3.8745646,0.4821209,4.340681,3.337126,3.1710906,5.5477805,4.332931,1.4740928,-0.13724089,-0.34298688,-0.4248277,-0.41946417,-0.41688848,-0.37657452,-0.32840466,-0.28537512,-0.23120637,-0.20056653,-0.19766806,-0.18858081,-0.17995772,-0.1718286,-0.17067648,-0.16987832,-0.15771486,-0.14025891,-0.12006717,-0.10006299,-0.079509795,-0.056451015,-0.04584096,-0.029518094,-0.015857061,-0.0021033601,0.005278325,0.009283345,0.018672682,0.021814693,0.01571204,-0.0049266936,-0.04876397,-0.08816794,-0.12234056,-0.13855265,-0.14237782,-0.162418,-0.20772396,-0.23390396,-0.2604717,-0.2882737,-0.294139,-0.28764978,-0.3225502,-0.33503678,-0.3427874,-0.37791747,-0.4202912,-0.38630658,-0.45403448,-0.64632756,-0.6120063,-0.2896836,-0.5721865,-0.3188662,2.5271862
1360,QUE_T3.03.E,0.0,0.58,0.42,-1.4048104,-1.3882383,-1.3683176,-1.3449174,-1.3220402,-1.302294,-1.2855628,-1.2695292,-1.2517763,-1.2306613,-1.2071706,-1.1826692,-1.1574947,-1.1323389,-1.1073666,-1.0819358,-1.0568804,-1.0331148,-1.0124722,-0.99160665,-0.97119725,-0.95023763,-0.9278497,-0.90352166,-0.87744266,-0.8505011,-0.82566833,-0.8025742,-0.77108866,-0.7239426,-0.6718953,-0.62520176,-0.58166647,-0.5426961,-0.50766766,-0.47244984,-0.43141437,-0.40113926,-0.3703066,-0.3374163,-0.30535254,-0.27278802,-0.24031477,-0.2124042,-0.18631501,-0.16067818,-0.13603431,-0.110466436,-0.08297691,-0.054343212,-0.023760526,0.003322559,0.023929037,0.053330973,0.07315531,0.09290719,0.10843518,0.12216294,0.13896248,0.15463933,0.13215655,0.10360524,0.12411227,0.14319164,0.16140354,0.17722625,0.19377068,0.21111384,0.23184267,0.25199187,0.2776232,0.29794562,0.3255715,0.34465495,0.3509053,0.35102287,0.34721136,0.3493352,0.3589773,0.37067333,0.38268512,0.39773083,0.4132949,0.4291778,0.44673738,0.46395716,0.4820924,0.4987823,0.50864226,0.5162407,0.52566665,0.53939646,0.54967177,0.5526145,0.54823995,0.55415004,0.6548215,0.4279012,1.349044,1.1136894,0.5078813,0.13483381,0.039984412,-0.0006982375,-0.023626838,-0.04231284,-0.042176817,-0.024726022,0.0016374401,0.033311013,0.06560102,0.10398889,0.14340724,0.18030736,0.21355924,0.24447756,0.2740784,0.3006558,0.32579026,0.3492534,0.37577215,0.40137708,0.4222618,0.4419141,0.4564842,0.46391556,0.46538192,0.4637293,0.46157297,0.45832077,0.45655176,0.45107454,0.44098252,0.43233022,0.4241173,0.4122815,0.39645025,0.38543412,0.38141018,0.38303825,0.39192474,0.43485063,0.34940204,-0.24678636,0.31222612,3.221962,1.3738288,3.2583213,1.8166659,0.04752304,0.9345246,-0.3275073,0.40625083,-0.57060146,-0.6558707,-0.6175984,-0.57736355,-0.53251487,-0.490577,-0.43960813,-0.39024806,-0.35720184,-0.329914,-0.30911377,-0.2992202,-0.2896786,-0.28362316,-0.27757204,-0.26955125,-0.2553877,-0.23723494,-0.21653871,-0.19704123,-0.17961532,-0.15633824,-0.13833377,-0.12792377,-0.116032355,-0.105067626,-0.093491256,-0.09743411,-0.09214036,-0.078022406,-0.087916344,-0.12246852,-0.15563709,-0.18396729,-0.21669751,-0.24500997,-0.25370118,-0.27992326,-0.3051534,-0.3456313,-0.36933398,-0.3844602,-0.399501,-0.44084018,-0.42092866,-0.4823613,-0.49305186,-0.5313389,-0.51189774,-0.5763333,-0.7081774,-0.71713763,-0.9003145,-1.0408399,-0.9474114,-1.1915487,-1.027288
1361,QUE_T3.03.F,0.0,0.47,0.53,-1.4083942,-1.3913522,-1.3715798,-1.3479799,-1.3246442,-1.3043717,-1.2874633,-1.2709523,-1.2529203,-1.2316784,-1.2079805,-1.183384,-1.1581807,-1.1329587,-1.1079047,-1.0822527,-1.0569061,-1.0327197,-1.0115663,-0.99008423,-0.9691379,-0.94776624,-0.9250137,-0.90023553,-0.873735,-0.8464681,-0.821252,-0.79776746,-0.7657456,-0.7181553,-0.6665796,-0.6206969,-0.5778749,-0.5392017,-0.5038824,-0.46849808,-0.42723897,-0.39687085,-0.36616594,-0.33332318,-0.30131468,-0.26913896,-0.23715885,-0.20893978,-0.18266454,-0.1568855,-0.13207042,-0.10646118,-0.07946808,-0.051300418,-0.021847764,0.0038250561,0.02568135,0.053640418,0.071726345,0.08910189,0.10706686,0.124335825,0.14096662,0.1575461,0.14133227,0.120991185,0.1403531,0.15930216,0.17877766,0.19928902,0.21553862,0.23434837,0.2531759,0.27271113,0.29828987,0.31783164,0.34170938,0.3667915,0.36596552,0.36879188,0.37075606,0.37478188,0.38550797,0.3979295,0.41029114,0.42502344,0.440584,0.457664,0.47507194,0.49379358,0.5124986,0.53004795,0.54128236,0.550318,0.55934846,0.5715998,0.57980454,0.5808703,0.5743448,0.5614772,0.7878433,0.38931996,0.6213767,0.8061127,0.3615335,0.14013095,0.083217405,0.046692047,0.022822259,0.011339378,0.011302099,0.026297905,0.056544386,0.08842959,0.12189696,0.16009985,0.19881703,0.2354735,0.26734912,0.29776353,0.32638392,0.35273278,0.37755707,0.40021268,0.42703086,0.45396867,0.4760388,0.49477473,0.5085761,0.51706713,0.51861995,0.5172595,0.51440275,0.5121102,0.5098475,0.504364,0.49446926,0.48688552,0.4804129,0.4680538,0.45356947,0.43973422,0.43476814,0.43052214,0.43322277,0.43487215,0.57993025,2.135832,2.2185557,-0.68881255,-0.5034713,1.3647355,1.2681711,1.2966064,3.143505,1.10473,-0.18324675,-0.699038,-0.6383764,-0.51169825,-0.47185385,-0.44743574,-0.39254516,-0.3503231,-0.2955528,-0.2589967,-0.23649673,-0.22057013,-0.21889798,-0.21230184,-0.21635827,-0.21353693,-0.2048629,-0.19569372,-0.18073449,-0.16168961,-0.13907419,-0.11140692,-0.095259346,-0.07960153,-0.06456716,-0.055712108,-0.0422058,-0.027453298,-0.017224556,-0.016270045,-0.013810846,-0.010979566,-0.04758965,-0.0760428,-0.12357694,-0.16374658,-0.1710973,-0.18732141,-0.21757409,-0.24822666,-0.2673801,-0.28627786,-0.31167653,-0.32714385,-0.3525298,-0.40327406,-0.36992356,-0.42213923,-0.42955267,-0.5007113,-0.5086677,-0.43971094,-0.6056843,-0.83814156,-0.7939345,-0.97249943,-1.5351661,-1.715475
1362,QUE_T3.03.G,0.0,0.54,0.46,-1.3895106,-1.3707091,-1.3491024,-1.3241799,-1.2990029,-1.2771173,-1.2586184,-1.240719,-1.2215275,-1.1992394,-1.1747017,-1.149457,-1.1240388,-1.0984616,-1.0728537,-1.0467012,-1.0204349,-0.99496114,-0.97195774,-0.94854647,-0.9254234,-0.9019969,-0.8771898,-0.85052,-0.82236904,-0.79330397,-0.7653852,-0.7388283,-0.70455754,-0.6576985,-0.60931116,-0.56616676,-0.5244686,-0.48540327,-0.44919074,-0.4128221,-0.37136525,-0.33793923,-0.30588612,-0.27097225,-0.23710872,-0.20341103,-0.16965957,-0.13926303,-0.11058844,-0.08271024,-0.055134002,-0.027426185,0.0006892393,0.029109785,0.05817037,0.084643334,0.1089801,0.13082646,0.15247533,0.1750731,0.19550171,0.21682993,0.23568058,0.25342387,0.26806664,0.28040984,0.30265948,0.3269259,0.34950486,0.36982867,0.3912937,0.4144378,0.43517295,0.45577252,0.47539446,0.49600878,0.5206945,0.54784477,0.55590343,0.5624581,0.564691,0.57114404,0.5815834,0.5958735,0.6101619,0.62660056,0.6443245,0.6631588,0.6831921,0.7028074,0.7232586,0.74313486,0.75617874,0.76990414,0.7837149,0.7959625,0.8006212,0.7974015,0.78902894,0.7685327,0.7652108,0.7999016,1.120095,1.2056451,0.6259069,0.4712471,0.3648343,0.30676594,0.27667525,0.26241016,0.2606694,0.27490833,0.30075538,0.33156338,0.36163703,0.39907423,0.43768847,0.47376636,0.50450563,0.5334205,0.56163704,0.5878748,0.6122539,0.63599586,0.66479295,0.69480044,0.71884036,0.7403358,0.75654334,0.7653693,0.76722014,0.7633476,0.760043,0.7568362,0.75551707,0.75081533,0.7409019,0.733115,0.7290378,0.717977,0.7046809,0.69244176,0.68861294,0.69312114,0.7066302,0.72137064,0.8274721,1.4055256,0.46782055,0.08654347,1.4776485,2.8856795,2.028671,-1.1724024,-1.066097,2.8621786,1.549012,-0.3397402,-0.3892269,-0.29868835,-0.23472409,-0.17196053,-0.13174322,-0.09037811,-0.042415913,0.030027952,0.037641253,0.051879108,0.039888587,0.031328954,0.021311611,0.017402533,0.017789923,0.0260636,0.031139173,0.046432853,0.07052082,0.09854919,0.11783982,0.13185716,0.14833252,0.16374154,0.17211969,0.18893827,0.20205685,0.21471313,0.21290717,0.2073353,0.1725959,0.12590548,0.07955479,0.035096046,0.019616442,0.008954853,-0.0072047594,-0.049597066,-0.09192908,-0.11087743,-0.10504671,-0.13374819,-0.15466376,-0.15899014,-0.17576292,-0.14576313,-0.17822246,-0.27869868,-0.2631736,-0.28911743,-0.3867897,-0.51666504,-0.48662433,-1.034044,-0.5485297,-1.2003632
1363,QUE_T3.03.H,0.0,0.58,0.42,-1.3694685,-1.3504335,-1.3282458,-1.3025889,-1.2767866,-1.2540337,-1.2345017,-1.2157542,-1.1955651,-1.1727556,-1.1480546,-1.1228237,-1.0974311,-1.071674,-1.0459728,-1.0195526,-0.9930056,-0.9671844,-0.9437666,-0.9199374,-0.8958993,-0.87133867,-0.845458,-0.81764215,-0.7883342,-0.758143,-0.72894317,-0.7005941,-0.6656106,-0.6193324,-0.5717359,-0.52843857,-0.48620903,-0.44639182,-0.4094292,-0.37227663,-0.3297899,-0.29543626,-0.2625324,-0.2269646,-0.19207971,-0.15736954,-0.12218969,-0.09123119,-0.061499592,-0.0328403,-0.004269708,0.02431304,0.05342598,0.08256077,0.11297939,0.1405471,0.16522369,0.18910563,0.2112667,0.232491,0.2545469,0.2759077,0.29544902,0.31617036,0.3218738,0.3265515,0.3503998,0.37431887,0.39894196,0.41864544,0.43874255,0.46021718,0.48470095,0.5083239,0.5318934,0.55536747,0.58389693,0.612669,0.61950344,0.6258833,0.628866,0.63621044,0.64834374,0.66238284,0.6789388,0.6966384,0.71476454,0.73431003,0.75481147,0.77593833,0.797782,0.81857276,0.833586,0.8482559,0.86217433,0.8747265,0.8826912,0.88450277,0.87904656,0.8464034,0.77438176,0.32042125,-0.032569654,0.2985049,0.4839631,0.4431811,0.41824228,0.38167286,0.35644352,0.34247482,0.34055528,0.3535884,0.3776036,0.40628308,0.43622375,0.47375304,0.5124771,0.5480556,0.57911855,0.6081732,0.63648665,0.6626273,0.6875729,0.7122649,0.74248886,0.7743156,0.8007818,0.82341635,0.8410758,0.8500387,0.8510184,0.8470302,0.84327275,0.83950984,0.83690083,0.8318109,0.8220227,0.81598926,0.81213707,0.8022311,0.7887756,0.78028363,0.77935743,0.7760748,0.78850895,0.79481167,0.89088774,1.4301106,-0.6131175,-0.28942126,1.2782047,3.2935069,3.5940685,2.693426,2.3457716,4.644022,0.63832885,-0.38059905,-0.15903713,-0.17115338,-0.14103931,-0.077841274,-0.02672491,0.025412925,0.09002426,0.13062137,0.1435699,0.14124404,0.13272507,0.115051545,0.09404751,0.08766965,0.08409561,0.089147925,0.0950414,0.107087314,0.13321227,0.15690899,0.17602281,0.1954053,0.20828442,0.2309592,0.24768536,0.25288397,0.261964,0.26564273,0.2817023,0.27066046,0.23719205,0.18791763,0.12930587,0.08821784,0.07204222,0.06312359,0.051129684,0.017737921,-0.035557058,-0.028213937,-0.06492335,-0.074753135,-0.08996794,-0.08642276,-0.10953471,-0.14955816,-0.08378944,-0.0888975,-0.22814313,-0.20188986,-0.38423806,-0.6183034,-0.6709566,-0.40496117,-1.2429621,-1.6486866
1365,QUE_T3.03.J,0.0,0.58,0.42,-1.385586,-1.366848,-1.3458699,-1.3215418,-1.2973219,-1.2761176,-1.2579914,-1.2404068,-1.2218128,-1.2005048,-1.1774807,-1.1541413,-1.1306934,-1.1069101,-1.0832624,-1.0591245,-1.0348275,-1.011309,-0.9895103,-0.9675872,-0.9451565,-0.9217822,-0.89700454,-0.87027746,-0.84246415,-0.8134998,-0.7846898,-0.75632423,-0.72297186,-0.6800669,-0.63507444,-0.59306073,-0.55211985,-0.5133829,-0.47731376,-0.44111094,-0.39990383,-0.3660688,-0.3339306,-0.2992424,-0.26516828,-0.23103166,-0.19659436,-0.16541545,-0.13606341,-0.107763,-0.079692096,-0.051580414,-0.022564232,0.0069162324,0.036717944,0.06435226,0.09004845,0.10958356,0.131757,0.15398714,0.1778318,0.20276245,0.22243662,0.24157546,0.26834664,0.301583,0.324703,0.34657753,0.37167785,0.39417943,0.41595137,0.43816945,0.45994934,0.47921813,0.5047155,0.5292825,0.5565029,0.58538854,0.5933173,0.60128826,0.6100212,0.6198353,0.6344489,0.65083027,0.66857356,0.68674695,0.7063062,0.7262944,0.7477176,0.77027833,0.79319924,0.8142429,0.8297256,0.8454407,0.8592271,0.8692605,0.876517,0.8768828,0.87430906,0.87411463,0.8977177,0.9215789,1.3001012,0.9991226,0.6614094,0.5336395,0.44228783,0.38652653,0.3544333,0.3453229,0.34586212,0.36114645,0.38707927,0.4185702,0.4523768,0.49216595,0.53287125,0.57105124,0.60487515,0.6364303,0.66709954,0.6961182,0.72199535,0.7483225,0.78045213,0.81282,0.8402309,0.8640027,0.8820344,0.8911502,0.8936912,0.8903836,0.887187,0.88396895,0.88312286,0.8775631,0.86786354,0.86236227,0.85896045,0.84794176,0.8338361,0.822173,0.82245064,0.8210189,0.829293,0.8541098,0.8655301,0.4365596,1.4260455,0.81537336,-0.6383016,0.67583174,0.13676165,0.62772197,-0.710882,1.084761,-1.3119009,-0.6805592,-0.33023104,-0.19460692,-0.1343021,-0.091195896,-0.046483453,0.012082606,0.06377345,0.12760732,0.14418307,0.14618534,0.1381386,0.12206302,0.11192741,0.10292757,0.101436794,0.104700804,0.112764016,0.13278818,0.14908919,0.17309944,0.19283848,0.2109673,0.2268822,0.24431302,0.26190415,0.27249634,0.28200918,0.29116517,0.30664653,0.2926301,0.24289013,0.1911412,0.146526,0.100729086,0.07904294,0.07933065,0.052363373,0.017306942,-0.026036723,-0.056985766,-0.055738755,-0.07575603,-0.08206283,-0.09823004,-0.14839493,-0.1632006,-0.16459462,-0.2062007,-0.3586911,-0.3927465,-0.48505795,-0.5666432,-0.741905,-0.9771101,-0.9197654,-1.5554407
1369,QUE_T3.04.D,0.0,0.5,0.5,-1.2307743,-1.2022783,-1.1701633,-1.132753,-1.094947,-1.0630074,-1.0373946,-1.0132357,-0.9863768,-0.9544677,-0.9193578,-0.8840685,-0.8490229,-0.813706,-0.7780442,-0.74159265,-0.7045628,-0.6683069,-0.63587034,-0.60375005,-0.57328874,-0.5430527,-0.51086843,-0.47703716,-0.44321793,-0.40652135,-0.36935866,-0.33200967,-0.2923335,-0.24596108,-0.20359765,-0.16253684,-0.11500843,-0.07355988,-0.03965884,-0.002021792,0.049425986,0.08361438,0.114092365,0.1533603,0.19122009,0.23025805,0.27261204,0.30463886,0.33379048,0.3648273,0.39676508,0.4283593,0.46151268,0.49814007,0.5408916,0.5765088,0.60619265,0.65559816,0.7167626,0.74120784,0.7528952,0.7569358,0.77170473,0.7887492,0.78964645,0.78904766,0.8144483,0.8397564,0.86361265,0.8868444,0.90998214,0.93353945,0.95834345,0.9811374,1.0112531,1.0463265,1.0977619,1.1389099,1.1441826,1.1557286,1.150188,1.1491059,1.1604658,1.1746849,1.1884961,1.2040427,1.2204299,1.2371969,1.2559162,1.2777516,1.3020622,1.3246261,1.3377804,1.35397,1.3729434,1.3964267,1.4175451,1.438424,1.4521216,1.4577321,1.3608202,0.77202374,0.79307187,1.1131217,1.286176,1.2859604,1.2993447,1.2594885,1.2344491,1.2115576,1.199817,1.2084532,1.2138579,1.2152892,1.2198462,1.2387205,1.2600167,1.2805392,1.2979171,1.3133241,1.3307325,1.3478836,1.3645368,1.3820298,1.4081087,1.4346792,1.4560633,1.475164,1.4889212,1.4928722,1.4894181,1.4817615,1.476134,1.4735551,1.4735843,1.4724106,1.4660686,1.466848,1.4766169,1.4787654,1.4769952,1.4822327,1.4945667,1.5053426,1.530259,1.5560334,1.5691969,2.16695,1.9896065,2.6216633,0.003043848,1.625379,3.0666819,5.325486,3.5270104,-0.3818802,1.0234091,1.0522251,0.9029002,0.9694629,1.0014294,1.0147554,1.04349,1.0839084,1.1513276,1.2120457,1.1842611,1.1315815,1.0872766,1.0590502,1.0286744,0.99586505,0.96941173,0.9600606,0.9492798,0.95446324,0.9702281,0.9880665,1.0007046,1.0055944,1.0107709,1.017402,1.0289738,1.0347053,1.0374075,1.0409421,1.0633113,1.0592229,1.01661,0.9554325,0.9013778,0.8662976,0.8402103,0.8510521,0.83190155,0.7895941,0.7638508,0.75613457,0.7585131,0.7347845,0.7606215,0.7999958,0.73391086,0.7535078,0.75754577,0.7619107,0.7263996,0.72187006,0.57923377,0.47523132,0.3072023,0.2572417,-0.16189353,2.311927
1370,QUE_T3.04.E,0.0,0.48,0.52,-1.2243679,-1.1952934,-1.1626614,-1.1248409,-1.0865141,-1.0542414,-1.0280532,-1.0033385,-0.976083,-0.94382983,-0.90859145,-0.87310004,-0.8378887,-0.8022238,-0.76636446,-0.72959524,-0.69212353,-0.65520555,-0.62194556,-0.58937114,-0.55834097,-0.5274068,-0.49479425,-0.46061543,-0.426311,-0.3898104,-0.35317215,-0.31623873,-0.27651584,-0.23054682,-0.18761835,-0.14609385,-0.09881563,-0.056924645,-0.022292182,0.015621706,0.06594214,0.10111496,0.13217197,0.17102717,0.20881146,0.24719664,0.28866202,0.32050914,0.3495855,0.3799445,0.41119516,0.44256806,0.4747211,0.50918543,0.5494163,0.5829649,0.61195874,0.65469253,0.70548725,0.7296256,0.74647003,0.7568233,0.77116907,0.7878531,0.794513,0.79810244,0.8213295,0.8452563,0.86997634,0.8942187,0.91857344,0.9414448,0.96498597,0.9898914,1.0200466,1.0549954,1.1059842,1.1505743,1.15822,1.1653067,1.1572208,1.1547993,1.1647415,1.1792572,1.193528,1.2091249,1.2251239,1.2421317,1.2616167,1.2832643,1.3077357,1.3308743,1.3442081,1.3607547,1.3809156,1.4046878,1.4264543,1.4494557,1.4642689,1.4682118,1.3346446,1.2320533,1.1633196,1.6541073,1.5892122,1.3892587,1.326486,1.2755616,1.2451792,1.2163085,1.203621,1.2102187,1.2175416,1.2150233,1.2187235,1.2369382,1.2595286,1.2803748,1.2968504,1.3140523,1.3314662,1.3496038,1.3662852,1.3834218,1.410469,1.438387,1.4595765,1.478886,1.4928302,1.4969265,1.4925747,1.4842116,1.4777616,1.4756687,1.47571,1.4733459,1.4687833,1.4703223,1.477823,1.4802065,1.4813663,1.4867678,1.4969046,1.5151876,1.540391,1.5964975,1.5905212,0.97000957,-0.08677953,1.1236659,-1.2261088,1.3722346,2.1531692,1.812945,4.509821,1.7385745,0.25065476,0.38425946,0.80133337,0.923889,0.96173424,1.0091852,1.0330131,1.0722355,1.1257788,1.1961806,1.1762031,1.1206372,1.0730656,1.0337654,1.0026419,0.9732503,0.94497985,0.9315678,0.92947674,0.9345695,0.95275706,0.969957,0.98126715,0.98330563,0.98995405,0.99574417,1.0091455,1.012076,1.0166799,1.0125947,1.0353674,1.0380255,0.99897933,0.9428041,0.8772754,0.8304032,0.8227645,0.8221269,0.80079323,0.78963476,0.7514814,0.71903086,0.70757675,0.720184,0.70848334,0.7271636,0.6832084,0.6874668,0.7217626,0.63853264,0.6148667,0.6282946,0.5325819,0.5129401,0.60545176,-0.029034527,-0.7014432,-1.3964299
1378,QUE_T3.51.C,0.0,0.02,0.98,-1.5169927,-1.5061463,-1.4924637,-1.4752566,-1.4579095,-1.4444033,-1.4350523,-1.4263349,-1.4152414,-1.3992599,-1.380437,-1.3606702,-1.340758,-1.3203176,-1.2995543,-1.2778769,-1.2563039,-1.2359407,-1.2180234,-1.2009963,-1.1854339,-1.169917,-1.153795,-1.1367586,-1.1185802,-1.0993458,-1.0799748,-1.0606116,-1.0368599,-1.0058267,-0.972346,-0.9407399,-0.9094007,-0.8801817,-0.85339624,-0.8268975,-0.79765695,-0.7750085,-0.7522758,-0.72880256,-0.70626646,-0.6839084,-0.66182846,-0.6427922,-0.6245464,-0.6069777,-0.5900932,-0.57258314,-0.554938,-0.5365574,-0.51723635,-0.50129795,-0.48690596,-0.46824905,-0.4546002,-0.44180858,-0.42890868,-0.41756952,-0.40739593,-0.3962177,-0.3967721,-0.39890537,-0.383656,-0.37071013,-0.360934,-0.35016862,-0.33689114,-0.32430872,-0.31357375,-0.3002918,-0.28867954,-0.27740166,-0.25949895,-0.24426955,-0.24482112,-0.24257542,-0.24113443,-0.23697667,-0.23024859,-0.2214204,-0.2133544,-0.20367712,-0.19493495,-0.18560918,-0.17746417,-0.16913323,-0.16010931,-0.15206584,-0.14705443,-0.14278251,-0.13836567,-0.13471496,-0.13405272,-0.13545574,-0.14024828,-0.14714885,-0.12644012,0.037983537,0.27156544,-0.19662404,-0.46311706,-0.4346375,-0.5235438,-0.53914547,-0.55590624,-0.55960554,-0.555625,-0.5366109,-0.5036368,-0.46807647,-0.43585506,-0.40151134,-0.36665976,-0.3350888,-0.30674726,-0.2803062,-0.2557141,-0.23453955,-0.21583311,-0.19951363,-0.18502067,-0.17272948,-0.16156164,-0.15241328,-0.14430916,-0.13869731,-0.13435014,-0.1317015,-0.12963729,-0.12819734,-0.128554,-0.13124645,-0.13745277,-0.14324258,-0.15152888,-0.16224645,-0.17371589,-0.18210034,-0.18907583,-0.1907461,-0.19174187,-0.1746475,-0.15860054,0.34533602,0.011979419,-0.70227504,-0.3937257,0.6960822,3.034967,2.1388786,0.34794992,1.9417771,-0.8894979,-1.3155407,-1.020337,-1.0764248,-1.0544903,-1.0310254,-0.98783547,-0.9496198,-0.9168121,-0.84956455,-0.8040962,-0.776095,-0.7483586,-0.71824265,-0.6889549,-0.64911854,-0.6224981,-0.59432983,-0.56711847,-0.5454443,-0.5224533,-0.49916795,-0.48150015,-0.47488856,-0.46658638,-0.4663334,-0.46804455,-0.4667112,-0.47450948,-0.47476155,-0.45931968,-0.45293248,-0.4592005,-0.4632837,-0.48080075,-0.49875626,-0.5090902,-0.53476685,-0.5480539,-0.58377236,-0.59995526,-0.6243875,-0.6564696,-0.7029843,-0.6974698,-0.69887245,-0.7492938,-0.79339504,-0.80793756,-0.8766785,-0.9613186,-0.9707098,-1.1080348,-1.0654459,-1.0513519,-1.1518818,-1.2055646,0.12093135
1379,QUE_T3.51.D,0.0,0.02,0.98,-1.5091224,-1.4967756,-1.4815993,-1.4633797,-1.4445113,-1.4296304,-1.4195327,-1.4102316,-1.3982017,-1.381538,-1.3617535,-1.3410224,-1.3198106,-1.2983238,-1.2761877,-1.2533656,-1.2303085,-1.2084358,-1.1888278,-1.170372,-1.153387,-1.1368165,-1.1199311,-1.1017253,-1.0825503,-1.0623527,-1.0420574,-1.0211649,-0.9958753,-0.96360624,-0.92918265,-0.896724,-0.8646812,-0.8342179,-0.80589914,-0.77784264,-0.74836373,-0.72294295,-0.69884914,-0.6741772,-0.65046287,-0.6269284,-0.60381573,-0.583135,-0.56369317,-0.54464674,-0.5259729,-0.50769496,-0.4891421,-0.47004005,-0.4509322,-0.4331293,-0.41779986,-0.40175056,-0.38682732,-0.37372664,-0.3584111,-0.34571686,-0.3323848,-0.31947646,-0.31067327,-0.3035488,-0.29062784,-0.27647388,-0.26180366,-0.24557698,-0.23399313,-0.22351617,-0.20964456,-0.1993111,-0.1845884,-0.17157337,-0.15918857,-0.14033253,-0.13535827,-0.1334461,-0.13007797,-0.12414885,-0.116478406,-0.10809173,-0.09980753,-0.08942991,-0.07905521,-0.070219204,-0.060884442,-0.051713865,-0.04292542,-0.035204493,-0.028962191,-0.024695054,-0.020704057,-0.01768475,-0.015908597,-0.017541362,-0.02340679,-0.06321112,-0.3467471,-0.9309247,-1.1482171,-1.031603,-0.5613126,-0.4787438,-0.43698743,-0.45073003,-0.4523649,-0.45883986,-0.45186907,-0.4304983,-0.39738995,-0.360413,-0.32579294,-0.28884724,-0.25188074,-0.21843265,-0.18818723,-0.1603158,-0.1351332,-0.11214127,-0.09246651,-0.0754058,-0.06006736,-0.046141755,-0.035284076,-0.02575509,-0.017444018,-0.010932238,-0.0060869954,-0.0026187121,-0.0006679708,0.00025884455,0.0009115067,-0.00095918553,-0.005747634,-0.0128532965,-0.021254817,-0.031498168,-0.04301844,-0.05437418,-0.05952478,-0.0638542,-0.06296875,-0.05393502,-0.18349904,0.08982606,2.3375475,1.2264374,1.0460919,1.9878961,3.1975822,1.7901471,3.9643297,1.2905524,0.385088,-0.80033207,-1.0158983,-0.9903163,-0.96024907,-0.9154518,-0.88411754,-0.8446782,-0.8089333,-0.7322364,-0.6836754,-0.6645773,-0.6329473,-0.59719884,-0.56163794,-0.5256336,-0.49405533,-0.46220684,-0.43460745,-0.40587643,-0.37674442,-0.3518036,-0.33746877,-0.33647254,-0.32436153,-0.323264,-0.32251692,-0.32340902,-0.32997185,-0.32588574,-0.3188502,-0.3063594,-0.30502778,-0.31403628,-0.331551,-0.34213358,-0.3704029,-0.39258945,-0.41690108,-0.42264473,-0.45444697,-0.49142715,-0.5177558,-0.5361143,-0.5686533,-0.5805459,-0.5962767,-0.64710563,-0.6276344,-0.68168,-0.73864555,-0.72352004,-0.7684087,-0.80588365,-0.8798843,-0.6970404,-1.1543254,-1.6282612
1383,QUE_T3.51.H,0.0,0.07,0.93,-1.5302798,-1.5182239,-1.5045327,-1.4875948,-1.4703729,-1.4568973,-1.4477401,-1.4392153,-1.428335,-1.4134969,-1.3958832,-1.3774059,-1.3588347,-1.3399322,-1.320375,-1.3000624,-1.2797077,-1.2600968,-1.2424188,-1.2254289,-1.2095388,-1.1934792,-1.176429,-1.1584493,-1.1397903,-1.1199224,-1.0991275,-1.0770718,-1.0521506,-1.0233206,-0.99323535,-0.9630744,-0.9323029,-0.9021589,-0.8733974,-0.8451862,-0.8150152,-0.7895169,-0.7646846,-0.73913145,-0.7144255,-0.6901262,-0.6662487,-0.6443037,-0.6235255,-0.6031684,-0.5831878,-0.5634815,-0.5442644,-0.52491254,-0.5060281,-0.4876708,-0.4716324,-0.45939997,-0.44859746,-0.43449795,-0.4149119,-0.39769086,-0.38368648,-0.36903414,-0.35532272,-0.3442616,-0.32798666,-0.30899423,-0.29276648,-0.28095454,-0.2666073,-0.25106832,-0.23684229,-0.22609632,-0.21152705,-0.19811739,-0.18349658,-0.16288847,-0.1611198,-0.15579882,-0.15306874,-0.14610296,-0.13735542,-0.12752762,-0.11802306,-0.10653644,-0.09600772,-0.08520379,-0.074494526,-0.064917274,-0.054550406,-0.044888318,-0.038580105,-0.033886433,-0.029952928,-0.027694963,-0.028723914,-0.03385593,-0.03978318,-0.04358825,0.07970577,0.29781193,0.57874554,0.1057592,-0.0866102,-0.42855015,-0.5029167,-0.5169642,-0.53257257,-0.53768474,-0.5285332,-0.50571793,-0.46851176,-0.42682716,-0.3871022,-0.3456125,-0.30535382,-0.26732776,-0.23351458,-0.20205323,-0.17300445,-0.14691724,-0.12417772,-0.10499564,-0.0862962,-0.070066355,-0.058019157,-0.046787057,-0.0372042,-0.030231172,-0.024820562,-0.021409657,-0.019639347,-0.018992646,-0.020248538,-0.023525989,-0.030307481,-0.038607452,-0.047401506,-0.060973607,-0.076875076,-0.08972685,-0.098445415,-0.10253212,-0.093754426,-0.092244014,-0.1768614,-0.74008363,0.063344344,1.8050549,-0.08997997,0.19268633,-0.0537401,-1.6655618,-1.7455857,-0.6973508,-0.5817326,-1.210386,-1.2662187,-1.1588888,-1.0861205,-1.0517169,-1.011674,-0.97069645,-0.9387108,-0.88426095,-0.81846553,-0.7854187,-0.75537133,-0.7216603,-0.6850708,-0.6438941,-0.6114422,-0.5809723,-0.551474,-0.52327067,-0.49085957,-0.46817064,-0.45280066,-0.45030817,-0.44443643,-0.44363955,-0.44321826,-0.4394721,-0.43542874,-0.43779293,-0.41870284,-0.41086912,-0.4141973,-0.43339783,-0.45124817,-0.47422317,-0.49794233,-0.5127238,-0.53308487,-0.5630584,-0.6027754,-0.61941344,-0.6438363,-0.6661009,-0.6927659,-0.77349156,-0.758879,-0.76538575,-0.8395564,-0.9278041,-0.9350979,-0.9981342,-1.040964,-1.2532041,-1.3514175,-1.5624498,-1.2982947,-1.664386
1392,QUE_T3.06.G,0.0,0.0,1.0,-1.2404385,-1.2081982,-1.172301,-1.1309737,-1.088598,-1.0547848,-1.0310154,-1.0096332,-0.983815,-0.9506432,-0.91183305,-0.8714479,-0.831673,-0.7921648,-0.7526095,-0.7126079,-0.67262256,-0.6352674,-0.60318744,-0.5728723,-0.54681706,-0.52260256,-0.49769938,-0.47145605,-0.44493926,-0.4171659,-0.3923133,-0.36837855,-0.33580282,-0.28781408,-0.23628825,-0.19158445,-0.14369366,-0.10496736,-0.0752672,-0.0427811,-0.0011244253,0.027589556,0.05344187,0.084637955,0.11392677,0.14503953,0.17827599,0.20004557,0.21867748,0.23932473,0.26132712,0.28326568,0.30643314,0.332053,0.36396977,0.38865477,0.4087133,0.44663244,0.4835985,0.49626797,0.5008774,0.5019373,0.509841,0.5177704,0.5226355,0.52665037,0.5438914,0.559904,0.5758404,0.5913332,0.6067575,0.62478524,0.6403358,0.6584916,0.6831105,0.7167119,0.77851903,0.8158322,0.810035,0.8073715,0.7820267,0.77147543,0.77527666,0.7844838,0.79347175,0.8029542,0.81143427,0.81803006,0.82650405,0.8374253,0.85127926,0.86300147,0.8688005,0.8772025,0.8902539,0.9054915,0.9233245,0.94673645,0.9707731,1.0130451,1.2372662,1.4421151,1.9918656,1.5069509,1.5483629,1.1439319,0.99458754,0.9533776,0.93441826,0.8857445,0.8658218,0.879722,0.880608,0.8670443,0.8584972,0.8644253,0.8754143,0.8861837,0.89834595,0.9114848,0.9237878,0.9375982,0.9501343,0.958375,0.96902865,0.9768288,0.9831778,0.9897138,0.9958737,1.0002971,1.0029229,1.0047207,1.0061938,1.0075928,1.0089141,1.0113032,1.0104709,1.0094402,1.0087066,1.0093417,1.0117706,1.0218042,1.0403214,1.0652503,1.1146288,1.2370833,1.257543,0.77468956,2.2099628,0.2628629,1.7924446,0.9558691,0.4577783,-0.78910106,0.37046298,1.1425141,0.48365295,0.41687387,0.49115136,0.44515815,0.50884324,0.47349268,0.4887873,0.53473216,0.5987538,0.6661976,0.68210995,0.6833309,0.69236463,0.7040389,0.7223962,0.7376324,0.74499804,0.7546467,0.7681517,0.78023547,0.7954046,0.80167013,0.79915816,0.79391813,0.78357744,0.7730563,0.7647142,0.75198466,0.74488986,0.7362735,0.75919396,0.77231055,0.77406013,0.7502803,0.7379998,0.7146832,0.7038248,0.68818873,0.67353314,0.6492751,0.6428425,0.63643575,0.61200523,0.60480833,0.58595973,0.55006254,0.5594099,0.55536634,0.5650977,0.48024765,0.33704832,0.38511276,0.2834648,0.041222308,0.24185312,0.40006566,0.48341432,1.9327806
1393,QUE_T3.06.H,0.0,0.01,0.99,-1.2350583,-1.2025894,-1.1668658,-1.1252983,-1.0824318,-1.048273,-1.0245092,-1.0032107,-0.9774742,-0.9444135,-0.90541583,-0.865304,-0.8259168,-0.7867331,-0.7474825,-0.7075887,-0.667866,-0.6303983,-0.59799844,-0.5674989,-0.54120535,-0.5166454,-0.49155244,-0.46500704,-0.438361,-0.41033065,-0.3845336,-0.35925692,-0.32663622,-0.28065467,-0.23231748,-0.18970184,-0.14249818,-0.104094766,-0.07477966,-0.042329203,-0.000923777,0.028164506,0.053791165,0.0850777,0.11449634,0.14543721,0.1788105,0.20079184,0.21940878,0.2399275,0.26207617,0.28424752,0.30721936,0.33293718,0.36465457,0.38979954,0.41052112,0.44674978,0.4852378,0.49862993,0.5044533,0.5045505,0.5125138,0.52090293,0.5261448,0.53240526,0.550109,0.5658489,0.5844934,0.5960922,0.6115427,0.630007,0.64674765,0.663679,0.6885896,0.72082627,0.7823385,0.8204764,0.8166981,0.81433076,0.7891136,0.7790718,0.7828957,0.7911226,0.8002307,0.8096956,0.81853,0.8251459,0.8329711,0.84434664,0.85796505,0.8698752,0.8747924,0.8845392,0.89747655,0.91328555,0.93189573,0.95591766,0.9807728,1.0228921,1.1907833,1.1384922,1.6187965,1.4077562,1.4557292,1.163743,1.0362836,0.9896614,0.97073454,0.9283899,0.903654,0.9174876,0.916779,0.9003496,0.8886181,0.8915529,0.9001484,0.90874624,0.9197942,0.9318817,0.9436967,0.9561341,0.96735126,0.97593904,0.98640686,0.99400955,0.99953604,1.0057353,1.01185,1.0170395,1.020343,1.0223492,1.0224633,1.0243031,1.02697,1.0295953,1.0291841,1.0291016,1.029727,1.0322797,1.0347247,1.0453568,1.0664105,1.0929754,1.1500506,1.2426358,1.3408194,2.033843,2.0507357,1.3156279,2.2567978,2.1779807,0.4835529,1.1225313,0.7593101,0.26746413,1.1270051,0.7380009,0.62459874,0.5337454,0.57490903,0.54681987,0.5643629,0.60214275,0.65566266,0.7243405,0.7449289,0.7478742,0.75368214,0.76039505,0.78201294,0.7915842,0.7972776,0.7987683,0.81146884,0.82197946,0.8375506,0.8467124,0.84350437,0.82954824,0.81967497,0.800007,0.7952055,0.7853586,0.7727754,0.7626334,0.7896759,0.80287945,0.80513364,0.78145015,0.761788,0.74681824,0.72752285,0.71965796,0.7163445,0.68531305,0.66562897,0.65192366,0.64536124,0.6331024,0.6096185,0.6082115,0.57741964,0.5445079,0.5738673,0.56717336,0.403801,0.34781927,0.25384036,0.17563567,0.26033497,0.0020339454,0.049171582,0.31084904
1425,QUE_T3.10.H,0.0,0.23,0.77,-1.2446413,-1.2124588,-1.1768938,-1.135063,-1.0919563,-1.0576028,-1.0332328,-1.0110047,-0.9840949,-0.94933254,-0.9092402,-0.86845934,-0.8286627,-0.78907585,-0.7494607,-0.7093077,-0.66907585,-0.63069814,-0.5962993,-0.56352246,-0.53377855,-0.5046808,-0.47467005,-0.44364515,-0.41223815,-0.37878665,-0.34544164,-0.31110916,-0.2734379,-0.22940123,-0.18521757,-0.14210834,-0.09515394,-0.052650496,-0.016320644,0.021425199,0.06730285,0.10104473,0.1325811,0.16842341,0.20265096,0.23754963,0.2729902,0.3010987,0.32676068,0.35328645,0.38042644,0.40690827,0.4340067,0.46235266,0.4937973,0.5199956,0.54362357,0.57335967,0.60065675,0.6226339,0.6408308,0.6554563,0.67204785,0.6893368,0.7060281,0.7238967,0.7466752,0.7682146,0.7874427,0.80777913,0.8272396,0.8469601,0.86857146,0.88907456,0.91098297,0.938456,0.9778595,1.002346,1.0109614,1.0214607,1.0225682,1.0296754,1.0410715,1.0546485,1.0693423,1.0852832,1.0995889,1.1142237,1.1301401,1.147299,1.1657033,1.1825798,1.193841,1.2056646,1.2213367,1.2384483,1.2541877,1.2697793,1.281666,1.2895803,1.2763132,1.1296973,1.0217471,1.1319854,1.3193917,1.2565562,1.2310925,1.2225544,1.2177204,1.2063422,1.2062356,1.2178898,1.2246231,1.2269489,1.2336689,1.2466551,1.2608382,1.2748384,1.2879558,1.3009496,1.313972,1.325928,1.3386906,1.3512442,1.3659248,1.3805683,1.3923485,1.4027219,1.4107523,1.4167842,1.4156669,1.4112709,1.4093708,1.4095879,1.4108725,1.4119127,1.408645,1.4100951,1.4146261,1.4172513,1.4203495,1.4277595,1.4379318,1.4479413,1.4795958,1.5241481,1.4660674,2.0967526,3.1505406,2.8290198,3.3793678,1.4869517,0.22185372,3.112036,2.3717399,-0.5680594,1.2617009,1.2836081,1.1216571,1.0642582,1.0611415,1.0806118,1.1045398,1.1280532,1.1638288,1.2118765,1.2103498,1.1807827,1.1558692,1.1406689,1.130162,1.1210055,1.108423,1.1032903,1.1038743,1.1115259,1.1227692,1.1233556,1.1191288,1.1025062,1.092589,1.0762223,1.0690979,1.0608573,1.0423949,1.0339141,1.0815593,1.1009618,1.0796926,1.0395598,1.0038893,0.9713698,0.9523088,0.9425251,0.93551207,0.91627413,0.90707636,0.87294626,0.8527367,0.85461164,0.85119796,0.8753131,0.84110034,0.79712456,0.79446226,0.71507937,0.69920045,0.685791,0.67577636,0.46414787,0.4828721,0.41814902,-0.3132248,-0.56946594
1426,QUE_T3.10.I,0.0,0.2,0.8,-1.2424675,-1.2099983,-1.1739405,-1.131666,-1.0879053,-1.0533578,-1.0288281,-1.0064574,-0.97937924,-0.9442536,-0.90373564,-0.8625471,-0.8223101,-0.78216195,-0.7420236,-0.7014242,-0.66097033,-0.6221592,-0.58768344,-0.5546448,-0.5246149,-0.49526158,-0.46491775,-0.4335196,-0.40181285,-0.36782697,-0.3338619,-0.29902995,-0.26059744,-0.21501182,-0.1693063,-0.12476295,-0.07630059,-0.032722857,0.0046712384,0.04353286,0.09035906,0.12501292,0.15736276,0.19390436,0.2288181,0.26468658,0.30128545,0.33013535,0.3562381,0.38309225,0.41090348,0.4385357,0.4662822,0.49538684,0.5281134,0.5553626,0.57935625,0.6111019,0.6391852,0.6595399,0.6788939,0.6940703,0.710602,0.72843903,0.74347043,0.7579994,0.78283423,0.8033845,0.8249893,0.8468526,0.8687332,0.8887628,0.9107441,0.93495136,0.9594286,0.9867196,1.0256196,1.0584655,1.0691729,1.0798033,1.0821226,1.0881722,1.1022149,1.1165875,1.1319824,1.1489937,1.1649065,1.180601,1.1983378,1.2172058,1.2366802,1.2550716,1.2681934,1.2820857,1.2987727,1.3166618,1.3331585,1.3494918,1.3610095,1.3406113,0.9319443,0.36995485,0.44926274,0.79845345,1.0671589,1.2651223,1.3053241,1.3008108,1.3024223,1.2865758,1.282273,1.293539,1.3018026,1.3061244,1.3121876,1.3271208,1.3423359,1.3579243,1.3730762,1.3869237,1.4015929,1.4148452,1.429143,1.4436775,1.4606022,1.4780446,1.4927633,1.5045356,1.5143135,1.5195327,1.5184437,1.5145013,1.5128938,1.5122006,1.5139743,1.5149151,1.5119117,1.5144049,1.5193478,1.5219359,1.5248765,1.5327963,1.5446625,1.5541168,1.5774051,1.5920902,1.538108,2.332911,1.4957145,4.330651,3.7145743,2.386645,1.8553967,2.0368285,0.9250957,0.54220414,1.2463651,1.4340553,1.1112089,1.1109402,1.1445329,1.1770705,1.1966926,1.2296553,1.2778076,1.3149703,1.302473,1.2753704,1.2443899,1.2187513,1.2086427,1.1978103,1.1741041,1.1707138,1.169834,1.1748248,1.1886419,1.195772,1.1918151,1.1788867,1.1700588,1.1584042,1.1581541,1.1533154,1.1429911,1.1343981,1.1733851,1.1798592,1.1561135,1.1145874,1.0542494,1.0211577,1.0074484,1.0037769,0.9855021,0.9625859,0.9587847,0.9327757,0.9074774,0.9043063,0.9032148,0.89331377,0.895865,0.9314876,0.8866588,0.8602936,0.8582497,0.84167266,0.7412279,0.7580784,0.5809018,0.5355366,0.7212395,-0.6790184
1431,QUE_T3.71.D,0.0,0.43,0.57,-1.3901608,-1.3702166,-1.3472148,-1.3208275,-1.2943784,-1.271202,-1.2509928,-1.2312515,-1.2099403,-1.1856588,-1.1593546,-1.1329042,-1.1062306,-1.0794318,-1.0523779,-1.0246289,-0.99631983,-0.9685841,-0.9426536,-0.916005,-0.89058024,-0.8644784,-0.83636725,-0.8068261,-0.77617395,-0.7434805,-0.71101,-0.6775601,-0.6408979,-0.59917194,-0.5572644,-0.5163339,-0.46908414,-0.42650697,-0.38989234,-0.35137954,-0.30738017,-0.27183163,-0.23739305,-0.19933097,-0.16279206,-0.12445082,-0.08478941,-0.05422612,-0.026752606,0.0021378337,0.032080013,0.06175493,0.09265956,0.12598905,0.16346249,0.19496883,0.2207501,0.25923625,0.2969081,0.31498307,0.32829246,0.3394285,0.35361156,0.36980388,0.39771795,0.42699134,0.45245206,0.47542298,0.5000012,0.525794,0.54749393,0.56948346,0.59303284,0.6184746,0.6492973,0.68274146,0.735675,0.7722135,0.76957417,0.7656878,0.7502453,0.74826103,0.7591565,0.77147335,0.785353,0.8007449,0.8169905,0.8337164,0.85243315,0.8733976,0.8942407,0.9144352,0.93008834,0.9450216,0.96007276,0.9759867,0.9910165,1.0057542,1.0111737,1.0261909,1.0594317,1.2098622,0.98223406,0.882177,0.8831238,0.7067101,0.6132197,0.5589247,0.5336655,0.5057357,0.49532887,0.5129453,0.53197,0.5498835,0.5709844,0.60410434,0.6393799,0.6717973,0.702146,0.7300636,0.7574345,0.7821055,0.80583435,0.83110434,0.85982895,0.8883965,0.9147881,0.93638337,0.9522104,0.96112984,0.9596712,0.95242286,0.948549,0.9474643,0.947202,0.94364834,0.93474126,0.93193734,0.93189245,0.9252109,0.91602945,0.9117982,0.9151268,0.9262642,0.95520806,1.0119889,1.0818564,1.0502946,-0.5510702,-0.47326842,0.8099296,-0.005987898,0.5163428,0.2599961,-0.89356875,0.87543255,-0.4897008,-0.024391687,-0.076322325,-0.04978673,0.001598292,0.06357385,0.10541657,0.15507032,0.19944292,0.25363025,0.26736292,0.2706259,0.25599527,0.24143335,0.22718814,0.22044884,0.21842389,0.22024433,0.23169799,0.2515415,0.27442664,0.29722926,0.31539488,0.32746205,0.34690592,0.3618761,0.37284762,0.37950817,0.39232558,0.3934652,0.4073262,0.40221053,0.3658337,0.30856046,0.2575411,0.22023919,0.20208676,0.19985615,0.1746878,0.13084982,0.09358381,0.08097545,0.09002274,0.07790297,0.05203441,-0.0010067475,-0.009374496,-0.021879667,-0.050416958,-0.10655724,-0.17339662,-0.15939833,-0.27352074,-0.4737374,-0.47889838,-0.7278562,-1.2786602,-1.730722
1432,QUE_T3.71.E,0.0,0.45,0.55,-1.3960354,-1.3760937,-1.3528767,-1.3261071,-1.2996576,-1.276259,-1.255787,-1.2355589,-1.2137519,-1.1891083,-1.1626335,-1.1359996,-1.1092556,-1.08249,-1.0555671,-1.0278103,-0.9997637,-0.9720955,-0.94668275,-0.9201472,-0.894518,-0.867956,-0.8390768,-0.80879277,-0.77754647,-0.74388564,-0.7103993,-0.67581385,-0.6385183,-0.5963487,-0.5542137,-0.51303804,-0.46529427,-0.42312878,-0.38703534,-0.34889287,-0.30337936,-0.2691066,-0.23454225,-0.19623268,-0.15953763,-0.12112522,-0.08108822,-0.050719857,-0.02352108,0.005677168,0.035480984,0.06520592,0.09646043,0.12990221,0.16916022,0.20032428,0.22558248,0.27077687,0.3110255,0.32899526,0.3386694,0.34496838,0.3588422,0.37271276,0.3777354,0.37574995,0.40346116,0.42655897,0.45061433,0.47236848,0.4943005,0.51709193,0.5397342,0.5653417,0.5940303,0.6279204,0.6791106,0.7129794,0.71270806,0.70894563,0.6939086,0.69278604,0.70146704,0.7138481,0.7265092,0.74224085,0.7578713,0.7738517,0.7924796,0.81380886,0.8342848,0.85344535,0.86809516,0.88208866,0.8993138,0.9185008,0.9339006,0.94714665,0.95289147,0.976636,0.943466,0.70207965,0.60353035,0.83099264,0.8131771,0.66405016,0.5765205,0.51595044,0.49551073,0.46682116,0.45633534,0.47111878,0.48971328,0.5052786,0.5243241,0.5561081,0.58854425,0.61896825,0.6471588,0.6737203,0.69846797,0.7208499,0.7438664,0.76795304,0.7951982,0.82271755,0.84751123,0.8680786,0.8827225,0.8898741,0.8877545,0.8807394,0.87669885,0.8760711,0.8738381,0.8702891,0.8612264,0.85963124,0.8599075,0.8526547,0.84316707,0.8405777,0.8444579,0.8545885,0.88711506,0.91148007,0.9043259,1.293814,1.8628966,-0.58233654,0.66394174,4.8820066,5.2566648,3.1557748,1.3271124,0.08080285,-0.34175834,0.066611275,-0.031007122,-0.074303694,-0.025039557,0.010207473,0.051791344,0.09899676,0.14794771,0.18872677,0.20485471,0.20387226,0.19826743,0.18464673,0.17170554,0.16121364,0.16474316,0.1672547,0.17804928,0.19769458,0.21571764,0.23493735,0.2506239,0.26524705,0.28050777,0.28781828,0.30512968,0.31380934,0.32251117,0.3254799,0.3378551,0.32554275,0.2860273,0.24564031,0.19143184,0.15366916,0.14173193,0.14011377,0.10969808,0.07459608,0.058168504,0.031957075,0.021239975,-0.011172735,-0.017243136,-0.037852302,-0.029685086,-0.04162559,-0.09745631,-0.15186182,-0.101085395,-0.22956823,-0.35246843,-0.2564302,-0.502477,-1.0280354,-1.3615966,-1.5116779
1435,QUE_T3.71.H,0.0,0.4,0.6,-1.4066055,-1.3869163,-1.3647856,-1.3392519,-1.3139855,-1.2918354,-1.2727545,-1.2542169,-1.2341611,-1.2112912,-1.1867487,-1.1620046,-1.1374756,-1.1125838,-1.0878186,-1.0619206,-1.035456,-1.009312,-0.984998,-0.95994985,-0.9360575,-0.9106296,-0.88320214,-0.8546263,-0.8251015,-0.79349864,-0.76171404,-0.72856694,-0.69315636,-0.6544249,-0.6160521,-0.5779164,-0.53390783,-0.4947987,-0.46076164,-0.42446497,-0.3820793,-0.34851727,-0.31443185,-0.2775886,-0.24219634,-0.20521055,-0.16689758,-0.13745347,-0.111082636,-0.0831023,-0.054608602,-0.02613769,0.0035947254,0.034982342,0.070685595,0.09986994,0.124056764,0.16123456,0.19276533,0.21207489,0.22394177,0.23503155,0.24754396,0.26332867,0.28589338,0.3110409,0.33557492,0.3594779,0.3812475,0.404472,0.42723277,0.45291787,0.47454116,0.49714184,0.5248516,0.5595137,0.6131703,0.64220256,0.64532083,0.64432585,0.6284502,0.6274728,0.63802546,0.651061,0.66414344,0.6799104,0.69616723,0.7126167,0.73170644,0.7520627,0.7732393,0.7925572,0.80818343,0.82319504,0.84241056,0.8605607,0.8734885,0.8858249,0.89308006,0.9190622,0.87371427,0.78487647,0.7065334,0.7085525,0.7238053,0.64600843,0.5577484,0.4998289,0.47763047,0.45100886,0.44194987,0.45933092,0.47747925,0.49034643,0.509802,0.5397828,0.5709276,0.60147643,0.62936896,0.65555257,0.6819143,0.70457786,0.7265912,0.74951726,0.7753732,0.8026027,0.826451,0.84624636,0.8606697,0.868374,0.867114,0.8604782,0.8570851,0.855608,0.8532451,0.84999543,0.84072846,0.83753586,0.8376597,0.8322248,0.82387143,0.82166696,0.8278811,0.8425533,0.87279314,0.94072825,1.0953614,1.3843422,4.9586473,3.330134,0.88334584,3.235822,2.5564778,2.3136413,3.1453702,0.08453325,-0.29648077,-0.0053445846,-0.10332759,-0.08225016,-0.041668713,-0.015120728,0.02765488,0.071918696,0.1128956,0.17227267,0.1878156,0.18746667,0.18244672,0.17463335,0.17024364,0.15741931,0.15900639,0.16507772,0.17619705,0.19469725,0.21430364,0.22575498,0.23851116,0.25453147,0.2696978,0.28004056,0.2900765,0.2975401,0.30497214,0.30548632,0.31560078,0.31067327,0.27559802,0.22225386,0.17204034,0.14183033,0.12851882,0.11767972,0.100572616,0.06135001,0.043419156,0.006159098,-0.018980024,-0.000539425,-0.036913566,-0.04644793,-0.07000196,-0.06736631,-0.061823178,-0.11753821,-0.22125563,-0.22498569,-0.23101553,-0.20664757,-0.515163,-0.6448204,-0.47630084,-1.0697802
1437,QUE_T3.71.J,0.0,0.36,0.64,-1.3936106,-1.3742528,-1.3519814,-1.326296,-1.3005962,-1.2786565,-1.2599736,-1.2418529,-1.222017,-1.1990982,-1.1742731,-1.1491685,-1.124002,-1.0987029,-1.0732318,-1.0469737,-1.0200714,-0.9933631,-0.96932614,-0.9443938,-0.9206175,-0.8956106,-0.86849606,-0.84043556,-0.8110224,-0.77949274,-0.7480717,-0.7150009,-0.6797176,-0.64056647,-0.60137534,-0.56218344,-0.5176974,-0.477506,-0.4420026,-0.40484384,-0.36227626,-0.32907975,-0.29470542,-0.25831062,-0.2233736,-0.18701792,-0.1495051,-0.120270975,-0.09354151,-0.06531063,-0.037242997,-0.008841499,0.02000395,0.050697185,0.085876904,0.113993384,0.1363905,0.1790711,0.20437454,0.22138722,0.23484129,0.24408491,0.2586099,0.2725349,0.24501254,0.20678511,0.22963004,0.25073025,0.27099094,0.28975865,0.3074262,0.32567692,0.3472275,0.37281817,0.40324333,0.43583763,0.48872116,0.5183089,0.51560545,0.5131776,0.49874493,0.49914247,0.5095269,0.52185374,0.53591734,0.5506926,0.5658529,0.5816703,0.59891576,0.61742145,0.63571495,0.65348816,0.6661081,0.67709196,0.6924233,0.71448153,0.7375835,0.75759625,0.7670654,0.78193206,0.8097024,0.86841744,0.89363956,0.8642867,0.58649755,0.46564904,0.39445522,0.3467187,0.31853747,0.28914467,0.282066,0.30187,0.32222185,0.33777097,0.35909134,0.39047965,0.42242727,0.4534157,0.4822511,0.5087977,0.53435117,0.55619276,0.578462,0.6002143,0.6241615,0.6472401,0.66779953,0.6846259,0.697017,0.70475453,0.7041125,0.6992631,0.695815,0.6933308,0.6916616,0.688297,0.67843467,0.67494804,0.6726597,0.66426545,0.65513164,0.6523495,0.6557024,0.66754824,0.71111405,0.7816287,0.85073143,2.485872,4.9205685,4.879789,2.434481,1.0957971,1.4372935,1.9937513,1.1102666,1.0446486,-0.10333798,-0.06293767,-0.32784268,-0.26224598,-0.254685,-0.22158507,-0.17928846,-0.13625284,-0.08445834,-0.04721371,-0.02168229,-0.009332661,-0.005360244,-0.0027180428,-0.0032852807,0.00033094705,0.010113868,0.02077277,0.032552708,0.055714913,0.079686835,0.09677397,0.11016318,0.12419618,0.13167953,0.1380449,0.14538333,0.1559859,0.15532309,0.15403178,0.16860805,0.15849665,0.14574689,0.09980321,0.05961745,0.025899295,0.012716921,0.00687428,-0.025917877,-0.055571996,-0.07471761,-0.11506043,-0.12547801,-0.14325029,-0.15113378,-0.1679159,-0.19952415,-0.20108457,-0.2351144,-0.31380698,-0.35085753,-0.33316424,-0.3664243,-0.4633233,-0.54214424,-0.45716104,-0.24650449,-0.8515079
1438,Plant2-1,1.0,0.0,0.0,-1.4337959,-1.466211,-1.471047,-1.4607213,-1.4650346,-1.4633355,-1.459545,-1.4581072,-1.4575844,-1.4539247,-1.4420305,-1.3962835,-1.2706755,-1.1173579,-1.0335757,-0.98769814,-0.99567103,-1.0699118,-1.1533018,-1.1909453,-1.2036235,-1.2385219,-1.289105,-1.3063581,-1.3247876,-1.3770697,-1.411576,-1.4514413,-1.451572,-1.3558955,-0.9071834,-0.17941514,0.6821955,1.5406693,2.1953735,2.5601726,2.7195024,2.766164,2.793351,2.807206,2.8223677,2.8356996,2.8396208,2.8461561,2.8588345,2.8747807,2.8865442,2.8964775,2.901967,2.9028823,2.8984382,2.894517,2.8794858,2.8777869,2.8136106,2.7529633,2.632191,2.5655313,2.564486,2.5894501,2.6388571,2.6827743,2.74316,2.8039384,2.8530836,2.8954322,2.916868,2.9202664,2.9198737,2.8939943,2.8648467,2.8196228,2.7510028,2.609187,2.36712,2.1227012,2.0206199,1.9906886,1.9759187,1.9529144,1.9591883,1.982977,2.0168297,2.0549955,2.0859728,2.1096306,2.1220477,2.1204789,2.0940764,2.0453234,1.9606261,1.8356717,1.6681073,1.4823748,1.3170323,1.2106379,0.9081853,0.54377824,0.17924078,-0.18503563,-0.54944247,-0.9196005,-0.9835155,-1.020113,-1.047692,-1.0539659,-1.0380197,-0.9980239,-0.9243059,-0.842615,-0.75543445,-0.6560982,-0.5579383,-0.4576873,-0.35795885,-0.2608446,-0.17222638,-0.087137006,-0.005446019,0.06604976,0.13270953,0.19283403,0.24629262,0.2902097,0.32850656,0.35386327,0.36797947,0.36562684,0.35726154,0.33373487,0.31007707,0.27779266,0.23884234,0.18773662,0.12878853,0.06278213,0.0021349124,-0.048578985,-0.07851053,-0.08622211,-0.08020967,-0.107527174,-0.23287372,-0.3621415,-0.49140927,-0.62028486,-0.7496833,-0.87855905,-1.0076959,-1.1367024,-1.2658395,-1.3951072,-1.5242442,-1.64018,-1.5349622,-1.5401903,-1.5204537,-1.4890845,-1.4730076,-1.4493499,-1.430267,-1.3939308,-1.3557649,-1.3285781,-1.2973394,-1.2659701,-1.2310717,-1.1931672,-1.1527791,-1.1172272,-1.073833,-1.036974,-1.0037748,-0.96691585,-0.9457416,-0.9278349,-0.9045694,-0.8886233,-0.8755528,-0.8562083,-0.84405273,-0.83751744,-0.83817106,-0.843922,-0.86914814,-0.89711916,-0.9343703,-0.97279763,-1.0015528,-1.031223,-1.0759243,-1.1042874,-1.1267687,-1.1462438,-1.1833643,-1.2237523,-1.2381299,-1.2692379,-1.3105408,-1.3358976,-1.369881,-1.379684,-1.4117068,-1.4403312,-1.4927442,-1.4889537,-1.5124807,-1.5498625,-1.6752092,-1.3302772
1440,Plant2-11,1.0,0.0,0.0,-1.3985709,-1.4421612,-1.4496766,-1.4414423,-1.4489578,-1.4484351,-1.4451021,-1.4435335,-1.4447099,-1.4416384,-1.4311165,-1.3920355,-1.2819815,-1.147747,-1.0743558,-1.0340985,-1.0397842,-1.1039606,-1.1765023,-1.2069566,-1.2166288,-1.2473446,-1.293941,-1.3093643,-1.3255719,-1.3732793,-1.4049101,-1.4409848,-1.4385014,-1.348772,-0.9283577,-0.22575018,0.6108303,1.4744668,2.1706698,2.578994,2.7773397,2.8175316,2.850012,2.864455,2.8819041,2.8953013,2.8930142,2.9040582,2.921377,2.9405906,2.9524195,2.9631374,2.9681695,2.9688885,2.9528773,2.9459498,2.927324,2.9077184,2.8117807,2.740938,2.6155913,2.551938,2.5523298,2.5810852,2.635263,2.6858454,2.7462316,2.8183813,2.871186,2.9185667,2.943728,2.9551644,2.946799,2.9271936,2.8809237,2.8345883,2.719568,2.561414,2.3122895,2.0555837,1.9692528,1.9427849,1.9238981,1.9033116,1.9108275,1.9322629,1.971867,2.0068307,2.0403564,2.06604,2.0796988,2.076562,2.0525122,1.9989885,1.908344,1.7822784,1.612296,1.4151268,1.248085,1.1273131,0.8115939,0.45417973,0.09650414,-0.26110613,-0.6185203,-0.9164636,-1.0122054,-1.0494565,-1.0726566,-1.0699118,-1.0586711,-1.0171069,-0.94567627,-0.8642467,-0.77713144,-0.68446124,-0.5857133,-0.48774946,-0.39115816,-0.2963312,-0.20771298,-0.12582591,-0.048578985,0.02134854,0.084021874,0.14519192,0.19335699,0.23792756,0.27393675,0.30001262,0.31151468,0.31275642,0.3010583,0.28190985,0.25609553,0.2243994,0.18237765,0.13584653,0.07964313,0.019257216,-0.042631753,-0.09229999,-0.12386523,-0.13157693,-0.14503965,-0.21124204,-0.30521932,-0.42461875,-0.5441489,-0.66341764,-0.7829479,-0.9025434,-1.0218775,-1.1414077,-1.2608073,-1.3802067,-1.4996716,-1.5897276,-1.5592079,-1.5550908,-1.5133303,-1.4988874,-1.4747069,-1.4551663,-1.4303977,-1.399355,-1.3600128,-1.333022,-1.3043323,-1.2725053,-1.2397636,-1.2025126,-1.1617324,-1.1257232,-1.0896484,-1.0529202,-1.0151463,-0.98724055,-0.96371365,-0.94208187,-0.9277043,-0.9116928,-0.89934117,-0.8850942,-0.87052065,-0.866142,-0.8618287,-0.8695403,-0.89104134,-0.9258744,-0.95711297,-0.9946254,-1.0264522,-1.0559918,-1.0892564,-1.1091889,-1.1458519,-1.1688559,-1.2047999,-1.2267585,-1.2612647,-1.2949214,-1.307273,-1.3432171,-1.3638686,-1.38916,-1.4077202,-1.4579765,-1.4857514,-1.5211072,-1.5301913,-1.5115004,-1.5057493,-1.3441973
1442,Plant4-3,1.0,0.0,0.0,-1.5605804,-1.5414973,-1.5208459,-1.4983646,-1.4811114,-1.4669951,-1.4599371,-1.4578458,-1.4552317,-1.451572,-1.4366715,-1.3948457,-1.2889743,-1.1538247,-1.0803683,-1.0380197,-1.0429864,-1.1020653,-1.1702938,-1.2029701,-1.211858,-1.2411361,-1.2832233,-1.2973394,-1.311717,-1.3564183,-1.3849121,-1.4168043,-1.4162815,-1.3365511,-0.96116483,-0.3648863,0.3058944,0.9327579,1.3755882,1.6077214,1.7039204,1.7339826,1.7554184,1.767182,1.7802526,1.793323,1.7988127,1.8050867,1.8168501,1.8307049,1.8382858,1.8458668,1.8510948,1.8539705,1.8440369,1.8419456,1.8320119,1.8273066,1.7439164,1.7083646,1.6330781,1.6032772,1.6006633,1.6155634,1.646933,1.6746426,1.7148999,1.7462692,1.7739786,1.8011656,1.8074393,1.8165885,1.8152815,1.8043023,1.7823439,1.7611696,1.7190825,1.67229,1.4778001,1.3018705,1.2278912,1.1993972,1.1889409,1.1761318,1.1792686,1.2022729,1.2302438,1.2537707,1.276252,1.2966422,1.3063143,1.3023936,1.2903684,1.2495883,1.1920779,1.1029365,0.9871314,0.84701526,0.72206056,0.64572865,0.3832722,0.09990242,-0.18320572,-0.46605232,-0.7496833,-1.0605011,-1.0892564,-1.1344805,-1.1572232,-1.1496423,-1.1402314,-1.0957917,-1.0348827,-0.9710985,-0.90365446,-0.828368,-0.746285,-0.6665546,-0.5852558,-0.503957,-0.43285316,-0.36436346,-0.29247552,-0.23653354,-0.18425126,-0.13458315,-0.091188885,-0.05772841,-0.027927514,-0.009105835,0.0003048873,-0.0007407745,-0.010935627,-0.025313359,-0.044919167,-0.07079895,-0.10582803,-0.15052927,-0.19706039,-0.25221825,-0.30972847,-0.34972444,-0.37664977,-0.37821838,-0.38579932,-0.32855025,-0.43363753,-0.5423844,-0.6516541,-0.76040125,-0.869671,-0.9786794,-1.0876878,-1.1966962,-1.305966,-1.4149745,-1.5242442,-1.6431862,-1.5754808,-1.5386218,-1.5009786,-1.4965346,-1.4790201,-1.4688251,-1.4549702,-1.4298749,-1.3851736,-1.370796,-1.3483146,-1.3294929,-1.2918499,-1.2625718,-1.2322482,-1.203493,-1.1744761,-1.1504264,-1.1206255,-1.0973599,-1.0688663,-1.0573641,-1.0406338,-1.0314844,-1.0171069,-1.0071731,-0.99253404,-0.98835164,-0.9927956,-0.9975011,-1.016584,-1.0390654,-1.0720032,-1.0976214,-1.1255924,-1.144414,-1.1744761,-1.2050614,-1.2275426,-1.2542067,-1.2714598,-1.3208663,-1.3226963,-1.3370739,-1.3741943,-1.3862191,-1.4144516,-1.4068706,-1.4531404,-1.4800657,-1.5375762,-1.5833231,-1.5702525,-1.5218915,-1.6413563,-1.3624307
1452,pr_a_060,0.28375,0.71625,0.0,-1.673079,-1.6498569,-1.622414,-1.5964103,-1.5725573,-1.5463703,-1.5221436,-1.5008514,-1.4789358,-1.4558619,-1.4259659,-1.3793714,-1.3088382,-1.2329497,-1.1823177,-1.1441185,-1.1228746,-1.1250354,-1.1312002,-1.1218252,-1.108631,-1.1047025,-1.0908216,-1.0694145,-1.0577804,-1.058587,-1.0500859,-1.0468491,-1.0188872,-0.9167354,-0.68748504,-0.44076398,-0.20922633,-0.020628799,0.11219783,0.20002817,0.2617941,0.31717372,0.3692226,0.41798076,0.46801734,0.5161652,0.5637564,0.6091613,0.6551955,0.6971823,0.7415935,0.78112036,0.8208784,0.85719824,0.8881588,0.92143744,0.9557529,0.954965,0.971321,0.9757224,0.9801703,1.006101,1.027549,1.061777,1.0997558,1.1505905,1.2024984,1.2544506,1.3014413,1.347058,1.3912743,1.4249005,1.4574708,1.4844252,1.5061319,1.5436516,1.5530733,1.4533598,1.4088577,1.314097,1.2599216,1.2657629,1.276581,1.2793373,1.2914655,1.3195025,1.3563294,1.4044718,1.4555774,1.5056667,1.5481771,1.5749651,1.6000811,1.6138114,1.6095502,1.5754662,1.5089056,1.4163337,1.3070791,1.2182902,1.5058463,3.4868393,-1.7524561,0.07727742,4.6111584,-0.07877206,-0.35142243,-0.4109576,-0.40045762,-0.41949257,-0.4457886,-0.4205492,-0.35883275,-0.28588802,-0.24017921,-0.16873357,-0.09784394,-0.031557765,0.027930202,0.08409128,0.1352843,0.18399055,0.23639856,0.29317656,0.3537034,0.4198082,0.48072234,0.528669,0.56519866,0.58565426,0.5852572,0.56923527,0.54752946,0.51614255,0.48346317,0.44855946,0.40746105,0.3818498,0.36656195,0.3316176,0.27910197,0.25406826,0.22887771,0.21188745,0.05435642,-0.28987083,2.444839,0.9268507,-1.7524561,-1.7524561,3.9109945,-1.7524561,4.859955,-1.7524561,-1.7524561,-1.7524561,-1.7524561,-0.7610375,-1.2589144,-1.0632564,-0.93660927,-0.9098633,-0.86576456,-0.84739023,-0.82892704,-0.7685092,-0.7346244,-0.7637689,-0.78511363,-0.80619,-0.82111055,-0.8348411,-0.8396914,-0.8335708,-0.8221382,-0.80635476,-0.77781135,-0.74930036,-0.72074157,-0.69558036,-0.65958613,-0.6409118,-0.62567145,-0.60779107,-0.59128916,-0.5878899,-0.5869407,-0.6279337,-0.6931181,-0.76049095,-0.8098999,-0.85331374,-0.8752712,-0.8766225,-0.90262914,-0.94746774,-0.95432025,-0.98670065,-0.98749983,-0.98773086,-1.022456,-1.0318782,-1.107877,-1.1015129,-1.118078,-1.0350227,-1.171166,-1.1573958,-1.2178473,-1.4871635,-1.4323784,-1.4074136,4.9604,0.68479234
1458,pr_b_080,0.42291,0.57709,0.0,-1.6518129,-1.6238577,-1.5926718,-1.5648701,-1.5369697,-1.5095866,-1.4837532,-1.4623536,-1.4401401,-1.4168041,-1.3853855,-1.3370485,-1.2640821,-1.1873406,-1.1346151,-1.0961716,-1.0724729,-1.0719852,-1.0770527,-1.0703349,-1.0537449,-1.0429196,-1.0346552,-1.0154252,-1.0039971,-1.0063792,-1.0032027,-1.0050039,-0.9805877,-0.87755567,-0.6435601,-0.38992795,-0.1506231,0.04972725,0.19247901,0.28391892,0.34604043,0.40055344,0.4487088,0.49428767,0.5405562,0.5844682,0.6263912,0.66691417,0.7130086,0.7493354,0.7880775,0.8241187,0.8587384,0.8914437,0.91262764,0.9412144,0.9718632,0.972921,0.9537595,0.95265585,0.9483253,0.97283614,0.9944814,1.0302606,1.0711011,1.1321584,1.183791,1.2310183,1.2816037,1.3232027,1.3602574,1.3915644,1.4168439,1.4342048,1.4418737,1.4388101,1.4208392,1.3813006,1.3016646,1.2140281,1.1893854,1.1900942,1.1974884,1.2099677,1.2249937,1.2524897,1.2918347,1.3412108,1.3887985,1.4351811,1.472301,1.5043579,1.5264534,1.5328112,1.521413,1.4823829,1.4121032,1.311772,1.201985,1.1045629,1.0000919,2.479908,5.9182878,3.3493073,2.9037335,-0.2747598,-0.34814999,-0.31737602,-0.35088965,-0.32660666,-0.31314054,-0.2895184,-0.23578389,-0.1640746,-0.093482494,-0.023952177,0.04723837,0.112743095,0.17115046,0.22263294,0.27283266,0.31737286,0.36144185,0.40843028,0.46399197,0.5195607,0.5705331,0.6110629,0.6426396,0.66170925,0.6582591,0.6435637,0.6234194,0.5914405,0.55828714,0.52337873,0.48132533,0.4528543,0.4313888,0.39172867,0.34999216,0.31098554,0.28549373,0.27060673,0.25561875,0.03161304,-0.853136,-0.75448626,4.2510204,-1.7524561,3.1049755,-1.7524561,-1.7524561,-1.7524561,-1.7524561,-1.7524561,5.29437,-1.236287,-1.0185217,-0.8302234,-0.7247904,-0.6442274,-0.59411365,-0.54303235,-0.5088621,-0.47867262,-0.4684019,-0.48605207,-0.50699395,-0.5294497,-0.56253207,-0.57986706,-0.5790025,-0.5798785,-0.5693313,-0.5453672,-0.5243841,-0.49169114,-0.46286112,-0.43631876,-0.41479224,-0.39319023,-0.37510464,-0.36270618,-0.34814346,-0.34357738,-0.34062365,-0.37849697,-0.43955356,-0.5175602,-0.56805307,-0.6073972,-0.61875063,-0.6240514,-0.65797627,-0.6943717,-0.72279036,-0.72733855,-0.74875253,-0.7497915,-0.7611806,-0.76029676,-0.7780561,-0.8105242,-0.80523646,-0.8760906,-0.8468698,-0.92026997,-0.9880541,-1.1018541,-1.1335573,-1.1989305,0.054835077,1.6576804
1461,sn_a_000,0.221441,0.778559,0.0,-1.5672234,-1.5459001,-1.5237011,-1.501518,-1.4771231,-1.4536195,-1.4331979,-1.4126546,-1.3909452,-1.3682964,-1.3436929,-1.3150823,-1.2822298,-1.249489,-1.2212479,-1.1942431,-1.1702237,-1.1501952,-1.1289885,-1.1010747,-1.0758739,-1.0709424,-1.0505648,-1.0107642,-0.9847964,-0.96041065,-0.93542147,-0.91208875,-0.8801451,-0.82686985,-0.75069577,-0.67794484,-0.6058631,-0.54631364,-0.4990565,-0.4559927,-0.419964,-0.38300097,-0.3487898,-0.31291407,-0.28186733,-0.2501441,-0.21539313,-0.18663463,-0.15708147,-0.13361087,-0.10592058,-0.07948233,-0.054395683,-0.026668934,0.0007164677,0.026606882,0.05381746,0.051050454,0.09787841,0.108766824,0.12604456,0.15084268,0.1687116,0.18861505,0.2135742,0.40817505,0.44617715,0.47873712,0.50674516,0.5390361,0.57209784,0.60158277,0.6369754,0.6637202,0.6889768,0.6901924,0.6867785,0.81579125,0.78626263,0.7984179,0.8110713,0.8042364,0.81981385,0.8463382,0.8675955,0.8986844,0.9354331,0.97630316,1.0109407,1.0493156,1.0831072,1.1318733,1.1600945,1.1894066,1.2112279,1.2325115,1.2501763,1.2370815,1.2128125,1.060378,1.1336325,3.9939756,3.3762782,-0.12697406,0.4825332,0.7597614,0.6819657,0.5787378,0.5797115,0.5894728,0.54562676,0.56350887,0.61621034,0.672748,0.6896072,0.73682255,0.78232706,0.823569,0.8576855,0.89502245,0.929243,0.9624429,1.0034282,1.0428333,1.0868433,1.1433735,1.1849672,1.2105732,1.2329961,1.2414434,1.220689,1.1943842,1.1630613,1.1293168,1.0932107,1.0687356,1.0310473,1.0115801,1.0291488,1.0178566,0.98377776,0.9705733,0.9707311,0.94597805,0.7232647,0.79626095,0.008736792,-1.7524561,4.9380536,3.038284,2.4798455,1.0464399,3.5960617,2.097097,5.555411,-0.1364757,-0.59106207,-0.7626519,-0.19601789,-0.17486322,-0.13557085,-0.016796498,0.061221465,0.14440335,0.13447773,0.12615977,0.10985678,0.096658625,0.065189905,0.013798576,-0.043794625,-0.09113244,-0.09121074,-0.091792,-0.08479092,-0.067415856,-0.0525209,-0.03627376,-0.015967026,0.0014385446,0.02052421,0.04627603,0.063414454,0.08006617,0.07602702,0.07929863,0.10055228,0.063517064,-0.0060982136,-0.08829544,-0.15975697,-0.18644169,-0.21652795,-0.20900545,-0.23374924,-0.261941,-0.27557993,-0.28208587,-0.2726901,-0.27424946,-0.26776713,-0.23904954,-0.23090312,-0.24203378,-0.24985042,-0.34420842,-0.32098114,-0.24874774,-0.42752284,-0.6437695,-0.5420304,-0.548394,-0.3875668,-1.550079
1468,sn_c_000,0.100219,0.899781,0.0,-1.5556668,-1.5297844,-1.5015249,-1.4731953,-1.4462082,-1.4219023,-1.4042013,-1.3867841,-1.3669995,-1.3444904,-1.3164883,-1.281326,-1.2348373,-1.1879236,-1.1503851,-1.1182982,-1.0925347,-1.076722,-1.0639049,-1.0421562,-1.0204421,-1.0128978,-0.9886693,-0.96095634,-0.93811136,-0.9195428,-0.89697766,-0.8759226,-0.8444557,-0.7758773,-0.65775853,-0.5358851,-0.42466316,-0.33341396,-0.26274613,-0.20759752,-0.16241121,-0.11695882,-0.074832015,-0.034019068,0.005558438,0.04540145,0.0835591,0.12207926,0.1603928,0.19272618,0.22766493,0.26152974,0.29589215,0.32954472,0.35904998,0.39064747,0.4238109,0.44420832,0.4572917,0.48524877,0.51457053,0.5454676,0.5764661,0.6067793,0.6400028,0.7102056,0.75123835,0.7863199,0.82541025,0.86620927,0.900808,0.9391487,0.97583014,1.0085891,1.047509,1.0846986,1.1168318,1.1069213,1.1213356,1.1070015,1.1214982,1.1587646,1.1891377,1.2167856,1.2513527,1.2828991,1.3263727,1.3729757,1.4226638,1.4702982,1.5178269,1.5568523,1.5944866,1.632136,1.6626542,1.6785289,1.6803769,1.6667191,1.6399873,1.6789671,2.0588853,-1.7524561,-1.7524561,0.8573536,0.77978253,0.5338823,0.56490767,0.5759035,0.5403725,0.54233456,0.5900613,0.6251333,0.6796715,0.738969,0.8221826,0.89531344,0.9705997,1.0329177,1.0874963,1.1345419,1.1775779,1.2212629,1.2624681,1.3126345,1.374655,1.4381542,1.4883919,1.5365729,1.5672176,1.581053,1.5738454,1.5475674,1.520476,1.4847963,1.453463,1.4178166,1.3763144,1.3610808,1.3646331,1.3479967,1.3252959,1.3125187,1.3073881,1.3214864,1.5655301,1.2802261,1.7441101,3.190266,-1.7524561,-1.7524561,-1.7524561,-1.7524561,1.6351947,-1.7524561,0.94507474,-1.7524561,0.9927238,0.45323315,0.25530508,0.3762784,0.5259656,0.6145984,0.6808724,0.709069,0.7667737,0.8096601,0.7862683,0.7087336,0.631375,0.5565824,0.4964692,0.45632714,0.43235546,0.42464036,0.4367482,0.44360578,0.48027897,0.5107205,0.5377193,0.54244655,0.5579431,0.5855636,0.59617543,0.61344635,0.5947651,0.6114415,0.6437173,0.5973966,0.4962453,0.37920082,0.28613225,0.22726877,0.21254748,0.20160542,0.14239827,0.11123268,0.06778735,0.052973617,0.029805802,0.077850856,0.0552428,0.030632703,0.023746269,0.08462498,0.020835057,-0.04856438,-0.07568626,-0.13639133,-0.22197899,-0.29876,-0.54564184,-0.5838288,-0.73687977,-1.7524561
1470,sa_b_080,0.173043,0.826957,0.0,-1.5784142,-1.5574818,-1.5348631,-1.514818,-1.497865,-1.4810163,-1.4643319,-1.4502618,-1.4353726,-1.4196991,-1.3989182,-1.3659576,-1.3150501,-1.2626147,-1.2283489,-1.2038777,-1.191027,-1.1946957,-1.199977,-1.196311,-1.1822116,-1.1777459,-1.1784414,-1.1565181,-1.1454607,-1.1434637,-1.13617,-1.1321826,-1.1102011,-1.0401521,-0.8887462,-0.73142666,-0.5888007,-0.4754987,-0.39421356,-0.33963218,-0.30500418,-0.2638682,-0.23013476,-0.19814742,-0.16521725,-0.13371967,-0.1019068,-0.07044802,-0.038389858,-0.0075005316,0.022661459,0.05162891,0.07976093,0.10776966,0.12898709,0.15514277,0.18492006,0.18885846,0.20701241,0.21735813,0.24003173,0.26587716,0.28648984,0.31738642,0.34759256,0.38863024,0.42069635,0.44947565,0.48270637,0.5128148,0.53573596,0.5663418,0.5889219,0.6108822,0.6281658,0.6390791,0.6394147,0.6806263,0.66816807,0.6628297,0.6541568,0.6573151,0.6683347,0.6903778,0.7044089,0.73150796,0.76437926,0.7993584,0.8336552,0.86624575,0.89638036,0.9282906,0.95127994,0.96948487,0.9808055,0.97976995,0.97008926,0.9379886,0.89217645,0.8166815,1.5993327,4.32872,-1.7524561,5.631538,-1.7524561,0.6099242,0.062653,-0.046434138,-0.03310172,-0.07062588,-0.07957769,-0.046180554,-0.0009387351,0.052847758,0.086687095,0.14313471,0.19990593,0.25267482,0.29825646,0.33983704,0.3804456,0.41868216,0.46230942,0.50547254,0.55516535,0.6118926,0.6585685,0.6983495,0.7268392,0.742508,0.733241,0.7218107,0.7021635,0.6763158,0.6516663,0.6265099,0.5905685,0.5728677,0.57111645,0.55163825,0.5173511,0.49424443,0.497739,0.49408737,0.39458472,0.97986996,-1.7524561,-1.7524561,4.021022,-1.7524561,-1.7524561,-1.7524561,5.3167515,-1.7524561,-1.7524561,5.733074,-1.7524561,3.5165968,-1.1004324,-0.62805444,-0.587821,-0.49831137,-0.4526837,-0.40618587,-0.38062406,-0.3371038,-0.33911952,-0.35854492,-0.39033416,-0.42643347,-0.45765513,-0.4699294,-0.47624415,-0.47207832,-0.46251592,-0.4481499,-0.42245975,-0.3998356,-0.3644323,-0.34364504,-0.32054922,-0.3028403,-0.28546578,-0.2708824,-0.26511768,-0.26426777,-0.26578742,-0.2909526,-0.36149177,-0.43023023,-0.48868588,-0.5262999,-0.5349328,-0.54410756,-0.57852316,-0.61327165,-0.633368,-0.6453089,-0.6750395,-0.67054826,-0.65305376,-0.63611025,-0.659789,-0.70003146,-0.7221912,-0.75486887,-0.8589221,-0.79568833,-0.89245427,-1.1094884,-1.3046693,-0.8979219,-1.7524561,5.180851
1473,sa_c_040,0.13354,0.86646,0.0,-1.5948619,-1.5680407,-1.5407492,-1.5132565,-1.4887948,-1.4659706,-1.4440873,-1.4244087,-1.4057189,-1.3874613,-1.3628482,-1.3290645,-1.2791564,-1.2274148,-1.1906748,-1.1636077,-1.1467048,-1.1440665,-1.145338,-1.138244,-1.1174594,-1.100635,-1.0892932,-1.0688729,-1.0503666,-1.0400846,-1.0243543,-1.0118539,-0.98315394,-0.9058809,-0.7567696,-0.6040956,-0.47230002,-0.36370286,-0.28123102,-0.22453004,-0.19202736,-0.1430861,-0.1066228,-0.07336788,-0.03823934,-0.0052671065,0.026073532,0.059888445,0.094980754,0.12911329,0.16029395,0.18925275,0.21973412,0.24651793,0.26656616,0.2936468,0.3199106,0.33566234,0.34079576,0.35890552,0.37323514,0.39864162,0.41993278,0.4479705,0.48000458,0.4992009,0.5360737,0.5652057,0.5978386,0.62494814,0.65750253,0.6812746,0.708732,0.730977,0.75705516,0.7836305,0.81158173,0.8193842,0.8008692,0.7603595,0.7397431,0.74804294,0.76247936,0.77142334,0.7874137,0.81117976,0.8384144,0.87900096,0.91796255,0.9536833,0.98921406,1.0157843,1.03935,1.0614909,1.0708189,1.0648824,1.0476038,1.0085757,0.96433765,0.9314063,1.5901068,4.0358377,-1.7524561,-1.7524561,-1.7524561,-0.15619977,-0.16618018,-0.12734625,-0.1276668,-0.13467921,-0.15042034,-0.12517534,-0.08124505,-0.03177968,0.0077399774,0.06497559,0.1218397,0.17736472,0.22327124,0.26520196,0.30549428,0.34298104,0.38386843,0.42819476,0.48440856,0.5451448,0.6007617,0.6451334,0.68014294,0.6981585,0.69714767,0.68482596,0.66617143,0.63995135,0.61530656,0.5942832,0.55760956,0.5507892,0.55174506,0.5361478,0.5092443,0.49465087,0.49031723,0.49140263,0.28086725,-0.45089,1.877482,-1.7524561,-1.7524561,5.2001066,-1.7524561,-1.7524561,-1.7524561,-1.7524561,-1.7524561,-1.7524561,0.7250788,-0.31442717,-0.63431215,-0.68481815,-0.590049,-0.5553403,-0.49915007,-0.45617616,-0.42195213,-0.4125547,-0.41398075,-0.4429508,-0.4761079,-0.51626384,-0.55739653,-0.5842716,-0.5944145,-0.5918831,-0.5783232,-0.5656052,-0.54172444,-0.51209813,-0.4824389,-0.45321926,-0.42069623,-0.40079874,-0.38823816,-0.36852533,-0.3521716,-0.35191593,-0.36298746,-0.41015756,-0.4762431,-0.5531493,-0.6058722,-0.6402914,-0.64978343,-0.6510855,-0.69371796,-0.72732943,-0.74692833,-0.7633789,-0.77675474,-0.7793439,-0.7821329,-0.7900312,-0.7985638,-0.8320383,-0.8199042,-0.90929544,-0.95906115,-0.9321434,-1.0233532,-1.0593414,-1.28876,-0.91508913,1.6770676,4.941201
1474,sa_c_060,0.451787,0.548213,0.0,-1.6267827,-1.5973973,-1.5661421,-1.5408858,-1.5217158,-1.5027446,-1.4855245,-1.4758383,-1.4648988,-1.4530461,-1.4296044,-1.380746,-1.290732,-1.1912769,-1.1351672,-1.1039945,-1.1016866,-1.1394577,-1.1826192,-1.2072626,-1.2082881,-1.214514,-1.2352152,-1.237747,-1.2484492,-1.278937,-1.2970748,-1.3190438,-1.3090235,-1.2105904,-0.92736053,-0.58079326,-0.23763074,0.07026408,0.2998614,0.42742795,0.46829617,0.53544545,0.57137984,0.5939574,0.622112,0.64598644,0.6687587,0.6969037,0.73946005,0.77212685,0.8009601,0.8265938,0.8464364,0.8634455,0.851606,0.86803275,0.8871375,0.8726452,0.8676074,0.85420966,0.83604,0.84960514,0.863777,0.9003431,0.9365853,0.95251024,0.9838911,1.0166717,1.0472873,1.0737203,1.1013925,1.1175247,1.1366243,1.144059,1.1453346,1.1435076,1.1746325,1.0733583,0.9835835,0.86451834,0.82603663,0.82702196,0.829484,0.82668823,0.83590496,0.85423607,0.8831794,0.9217525,0.9603801,0.9901464,1.0128957,1.0218524,1.0325683,1.0259386,1.0010017,0.95002323,0.87010443,0.7801198,0.6759467,0.6434562,0.84979844,1.952099,4.1821985,0.48517868,-1.7524561,-0.9463002,-0.7488161,-0.86773634,-0.85847086,-0.88221264,-0.8699286,-0.8523125,-0.8066553,-0.742363,-0.68931246,-0.6273922,-0.5615867,-0.5007005,-0.44266927,-0.38792208,-0.33707845,-0.2907287,-0.24627732,-0.19872926,-0.1469343,-0.09637489,-0.052085012,-0.012495472,0.017168697,0.03764955,0.039588608,0.03415591,0.016716098,-0.007699427,-0.03209018,-0.060508855,-0.08874243,-0.11269355,-0.13146101,-0.16619186,-0.20033142,-0.22903337,-0.24518128,-0.25316352,-0.3957739,-1.0580802,1.7711922,4.643937,-1.7524561,-1.7524561,-0.11006829,4.740424,-1.7524561,-1.2643827,-0.21555603,-1.7524561,-1.7524561,-1.737531,-1.5460125,-1.5668095,-1.3741385,-1.2846437,-1.2454517,-1.2137367,-1.1855762,-1.170236,-1.1364478,-1.1144037,-1.1020268,-1.10633,-1.0941032,-1.0919799,-1.0645622,-1.0541213,-1.0369837,-1.0183823,-1.0019848,-0.98338205,-0.95580727,-0.94193393,-0.92344147,-0.91499966,-0.89968115,-0.8913325,-0.8745692,-0.87237984,-0.8727354,-0.8956267,-0.9364211,-0.9762469,-1.021169,-1.0526823,-1.0576099,-1.0854627,-1.1050105,-1.1285851,-1.1492828,-1.1541018,-1.1641642,-1.1915253,-1.1997131,-1.2205929,-1.2737358,-1.2806934,-1.3294199,-1.3174266,-1.4056623,-1.4020667,-1.3961401,-1.4311984,-1.4708294,-1.5451798,-0.89300406,-1.5267775
1489,CHC_ARGL02_20110807,0.610848,0.389152,0.0,-1.5347836,-1.5317708,-1.5280334,-1.5224276,-1.5064898,-1.4799534,-1.4583611,-1.4477139,-1.4405724,-1.436721,-1.4281926,-1.4115278,-1.3822687,-1.3463405,-1.3169591,-1.2948368,-1.2804388,-1.2777649,-1.2803018,-1.2738248,-1.2607856,-1.2536328,-1.2501038,-1.2399275,-1.2366395,-1.2457644,-1.2491363,-1.2604164,-1.2504853,-1.173832,-0.99662966,-0.7947373,-0.6078816,-0.45122516,-0.34219855,-0.27463675,-0.24162231,-0.19666635,-0.16699949,-0.14041083,-0.11499043,-0.09160116,-0.07144074,-0.050207775,-0.02937377,-0.009816694,0.008377799,0.025751233,0.0405832,0.053064417,0.05587022,0.06500001,0.07648383,0.069803305,0.059092045,0.048242312,0.023520963,0.019238519,0.021355083,0.036711868,0.05714528,0.11374774,0.14838944,0.1794065,0.2129032,0.23413639,0.25864282,0.27438784,0.2917422,0.30274853,0.30768728,0.30044922,0.2796624,0.24171616,0.18078579,0.10644575,0.06130759,0.047135063,0.038831238,0.032333363,0.035851195,0.05263776,0.08966503,0.13175572,0.16853046,0.19979502,0.22136852,0.24237642,0.25495568,0.25879616,0.24696106,0.21995616,0.17393091,0.11065446,0.036430586,-0.04088014,-0.09716358,-0.21113206,-0.35120425,-0.5353682,-0.6601123,-0.7514387,-0.7858673,-0.8265148,-0.84100723,-0.8368268,-0.8312783,-0.8175538,-0.7864629,-0.74942297,-0.7169131,-0.680923,-0.6487013,-0.61896855,-0.5911965,-0.56721264,-0.5442028,-0.52423465,-0.5021992,-0.47977543,-0.457971,-0.43069416,-0.4104252,-0.39401445,-0.3856337,-0.3895912,-0.39967665,-0.4039689,-0.40967634,-0.42825052,-0.45637238,-0.48581836,-0.50836223,-0.52046895,-0.5117621,-0.5185354,-0.52615595,-0.5245168,-0.51801103,-0.5240417,-0.6688492,-0.74792504,-0.95412403,-1.0788066,-1.7524561,0.85855216,-0.30281937,-0.19477075,-1.1183026,-1.2037798,-1.1513735,-1.3754784,-1.3321779,-1.2155263,-1.1488975,-1.0913247,-1.0286814,-0.9965843,-0.9720897,-0.9615424,-0.96489346,-0.9390528,-0.93148124,-0.94453937,-0.96587425,-0.98616844,-0.99926555,-1.0046202,-1.0082829,-1.0131216,-1.0095003,-1.0096416,-1.0140235,-1.0035764,-0.9951192,-0.990798,-0.98067325,-0.9650253,-0.95516,-0.9440217,-0.9386181,-0.9220656,-0.9174457,-0.9335471,-0.96467674,-0.9989174,-1.0333614,-1.0512713,-1.0804175,-1.0973697,-1.1152707,-1.1260055,-1.1089276,-1.1267753,-1.1411284,-1.1412082,-1.1511525,-1.1653793,-1.158122,-1.1635998,-1.1979967,-1.2733289,-1.2453225,-1.2859766,-1.3283273,-1.3441063,-1.431322,-1.3849003,-1.0338185,0.5241526
1495,CHC_ARGL08_20110807,0.486967,0.513033,0.0,-1.6095958,-1.6056789,-1.6004418,-1.5944065,-1.5797865,-1.5582551,-1.5397683,-1.5305767,-1.5254166,-1.521841,-1.5145736,-1.4967842,-1.4655554,-1.4249951,-1.3930998,-1.3686723,-1.3554543,-1.3565416,-1.3640815,-1.3569882,-1.3475769,-1.34309,-1.3438396,-1.3367406,-1.3364621,-1.3503506,-1.3581004,-1.3731631,-1.3664783,-1.2889049,-1.0965139,-0.85662985,-0.62323326,-0.42287555,-0.28396332,-0.20056163,-0.16759688,-0.10888988,-0.07507777,-0.04512379,-0.014253394,0.012809124,0.037651654,0.06224574,0.08767912,0.11003943,0.13191184,0.15327534,0.17145301,0.18417695,0.18927473,0.19965585,0.21043138,0.20149405,0.19961798,0.18027371,0.14027013,0.11900258,0.1152765,0.12837158,0.1500374,0.17398642,0.21252738,0.24954319,0.283139,0.31436276,0.34316593,0.359936,0.37690103,0.385497,0.3844983,0.37223247,0.34233084,0.29628667,0.20817481,0.08605196,0.010171948,-0.022836281,-0.04111351,-0.05691565,-0.060888063,-0.048469137,-0.0076840017,0.041680165,0.08320315,0.11633514,0.13842796,0.15754868,0.16736865,0.16432643,0.14561005,0.10786221,0.044995125,-0.03823829,-0.13220657,-0.22368328,-0.3082933,-0.30746758,-0.49749804,-0.7277343,-0.8539735,-0.9653222,-1.0327849,-1.071726,-1.0869117,-1.0848598,-1.0885426,-1.0777537,-1.054963,-1.0286888,-1.0070107,-0.9806252,-0.9548143,-0.9335936,-0.9122225,-0.89333725,-0.8743731,-0.8576268,-0.8362556,-0.81897134,-0.79989916,-0.7767247,-0.75992376,-0.74625033,-0.7397543,-0.74206686,-0.75517374,-0.75656974,-0.75856024,-0.7757738,-0.7995043,-0.8225808,-0.8444813,-0.85535145,-0.84556276,-0.8519734,-0.85671574,-0.8569816,-0.8537728,-0.8605406,-0.9639222,-1.0495024,-1.127526,-1.2725506,-1.033195,-1.0404423,-1.1452246,-1.3268781,-1.3986951,-1.4562571,-1.323105,-1.4966868,-1.5259275,-1.4344517,-1.3635706,-1.3344884,-1.3007034,-1.2753357,-1.2594831,-1.2515416,-1.2510822,-1.2376771,-1.2287436,-1.2323462,-1.2375122,-1.2483255,-1.2538277,-1.2569615,-1.2573476,-1.2619922,-1.2621288,-1.2595522,-1.2598189,-1.2573938,-1.2506449,-1.242763,-1.2384529,-1.2300416,-1.226036,-1.2158384,-1.2048032,-1.2017926,-1.1990179,-1.2088176,-1.2261189,-1.2511154,-1.2737244,-1.2907028,-1.3072158,-1.3204776,-1.3403572,-1.3410716,-1.3436589,-1.3559772,-1.3687391,-1.3601091,-1.3611993,-1.371837,-1.3878831,-1.3879552,-1.4203892,-1.4651424,-1.4685271,-1.5073097,-1.5143746,-1.5552907,-1.5346805,-1.4205947,-1.1247635,-0.84393376
1496,CHC_ARGL09_20110807,0.602598,0.397402,0.0,-1.5917357,-1.589668,-1.5849496,-1.5758674,-1.555257,-1.5289869,-1.5128806,-1.5052686,-1.5011702,-1.4972062,-1.4901829,-1.472231,-1.4371635,-1.3940858,-1.3641753,-1.3422214,-1.330768,-1.3348149,-1.3365139,-1.3345271,-1.3165025,-1.3048183,-1.3037432,-1.2958876,-1.2985504,-1.3194448,-1.3357831,-1.3635232,-1.3620747,-1.2701735,-1.048774,-0.76888114,-0.47085026,-0.19268446,0.0077682575,0.124876305,0.16007695,0.22849253,0.26104525,0.28814784,0.31391683,0.33821154,0.35664663,0.3749284,0.39491636,0.41536918,0.4319301,0.4473598,0.4617859,0.47020823,0.4670072,0.46992284,0.47181225,0.48447376,0.4215742,0.401116,0.34339356,0.31000763,0.30625996,0.32311207,0.35570803,0.4370053,0.48243177,0.5184435,0.5576806,0.59299284,0.6180887,0.63295823,0.64526916,0.63993543,0.6322379,0.60025054,0.5625025,0.4808184,0.36792058,0.20689286,0.10361915,0.06055221,0.03186838,0.0062683616,-0.0067920107,0.0046075494,0.04369623,0.09249608,0.13225262,0.1632144,0.180205,0.19327554,0.19359724,0.1796804,0.14967325,0.09202046,0.012114509,-0.09245284,-0.19976838,-0.27272457,-0.34547845,-0.50417835,-0.6183921,-0.8909763,-1.0556545,-1.1864105,-1.2452031,-1.2737997,-1.2912904,-1.2947224,-1.2922384,-1.2821448,-1.2607707,-1.2345845,-1.2089682,-1.179183,-1.1505861,-1.1238117,-1.0985839,-1.0748239,-1.0514768,-1.0305055,-1.0088599,-0.9890632,-0.9689056,-0.94876164,-0.93161285,-0.9186877,-0.91108763,-0.91494536,-0.9260082,-0.92872894,-0.93184596,-0.9481421,-0.9739925,-1.0004506,-1.0231107,-1.0374469,-1.0356447,-1.0449803,-1.0577662,-1.0599337,-1.0612178,-1.05873,-1.0793892,-1.0845143,-1.0835594,-0.8750414,-0.25639832,-0.5990065,-0.9939941,-1.0084574,-1.3213681,-1.4185907,-1.2854313,-1.4094653,-1.5481006,-1.5327417,-1.5204493,-1.5152638,-1.4994512,-1.4851936,-1.4716588,-1.4623533,-1.451576,-1.4385746,-1.4305112,-1.431765,-1.4281507,-1.4300718,-1.4300965,-1.4296964,-1.4250335,-1.4224368,-1.4222974,-1.4156207,-1.4179808,-1.412944,-1.4096361,-1.4017751,-1.3960066,-1.3889421,-1.3798009,-1.3692255,-1.3691676,-1.360391,-1.3607817,-1.3652824,-1.3776865,-1.4028453,-1.423339,-1.436198,-1.4540923,-1.470171,-1.4869384,-1.4921955,-1.4827812,-1.4933538,-1.5052397,-1.5052675,-1.5076748,-1.5145489,-1.5218526,-1.5483676,-1.543078,-1.5653223,-1.5765785,-1.5872791,-1.6102521,-1.588787,-1.560712,-1.497216,-1.2937713,-0.30553436
1499,CHC_CEME03_20110807,0.482554,0.517446,0.0,-1.595704,-1.5875027,-1.5789015,-1.5648102,-1.5492562,-1.5320992,-1.5219275,-1.5146052,-1.5099937,-1.5005698,-1.4920684,-1.4732931,-1.4399878,-1.3960463,-1.3649756,-1.3449486,-1.3364439,-1.3449216,-1.357409,-1.3557421,-1.3507514,-1.3489773,-1.3494456,-1.3416162,-1.3373775,-1.341955,-1.3433816,-1.3482292,-1.3378901,-1.2860928,-1.1467874,-0.9555017,-0.7349908,-0.5123327,-0.34180835,-0.24125527,-0.19563891,-0.15358807,-0.12721583,-0.104173884,-0.08123021,-0.06080755,-0.04303422,-0.023254056,-0.0020532273,0.017341414,0.03592283,0.053065583,0.06783106,0.0811539,0.08519491,0.09469024,0.106313005,0.10154851,0.09262673,0.08803764,0.06692691,0.06533914,0.07295922,0.087822504,0.10716152,0.14320122,0.17349736,0.20839638,0.23262727,0.257047,0.28075904,0.30074114,0.31786576,0.32780516,0.33423197,0.32781124,0.31173623,0.2666073,0.21844049,0.14149553,0.100197025,0.08983495,0.0869831,0.08256323,0.08721577,0.104903325,0.14149775,0.18358353,0.21750046,0.24679442,0.26942948,0.28994983,0.30118427,0.30344924,0.29168308,0.26167956,0.21170095,0.14119683,0.062045563,-0.013136097,-0.11577409,-0.4089885,-0.33863854,-0.54867834,-0.7266724,-0.85215926,-0.9050669,-0.9325303,-0.9491355,-0.9485984,-0.9395699,-0.9302225,-0.9031178,-0.8695977,-0.834475,-0.8004838,-0.76713365,-0.7360828,-0.70815843,-0.6821702,-0.65615326,-0.6336815,-0.6096152,-0.5851028,-0.56057125,-0.5354152,-0.5130973,-0.49507552,-0.4849787,-0.48496926,-0.4948979,-0.50138223,-0.5046647,-0.51850766,-0.5426328,-0.5750385,-0.5986881,-0.6121934,-0.61153233,-0.6179482,-0.6240616,-0.62784946,-0.62571245,-0.6276698,-0.62935203,-0.66610634,-0.72999513,-0.6895762,0.18657058,-0.5571712,-0.6802662,-0.8355415,-1.1655812,-1.1470695,-1.251539,-1.2684988,-1.288603,-1.2433736,-1.1908733,-1.1783215,-1.1258763,-1.1003938,-1.074551,-1.0539492,-1.044928,-1.0358883,-1.0305133,-1.0323814,-1.039461,-1.0531679,-1.0562254,-1.0634822,-1.0639635,-1.0622762,-1.0633682,-1.0606191,-1.060601,-1.0550904,-1.0462934,-1.0402122,-1.0306743,-1.0229852,-1.0098039,-0.9997742,-0.9883984,-0.98507,-0.98417974,-0.9920181,-1.0192587,-1.0545543,-1.0810418,-1.1053821,-1.1224222,-1.1433749,-1.1605182,-1.1710933,-1.1674969,-1.1779743,-1.1911825,-1.2043266,-1.1958132,-1.21835,-1.2280678,-1.2379507,-1.2474478,-1.294844,-1.3122957,-1.3134235,-1.3986013,-1.4027478,-1.3979317,-1.4137728,-1.0869895,-0.18816268
1500,CHC_CEME04_20110807,0.754101,0.245899,0.0,-1.6142387,-1.603284,-1.5967778,-1.5879468,-1.5704781,-1.5591044,-1.5511553,-1.5452119,-1.5405827,-1.5371225,-1.5280391,-1.5102444,-1.4709566,-1.4137483,-1.374709,-1.3503072,-1.3447719,-1.364524,-1.3861912,-1.3977975,-1.3966719,-1.398177,-1.4047282,-1.4005356,-1.3993244,-1.4065145,-1.4107261,-1.4167356,-1.4072086,-1.3537141,-1.1705267,-0.8741761,-0.5085886,-0.13865034,0.1367952,0.29751018,0.37147287,0.4211965,0.45190352,0.47741404,0.50079304,0.5232046,0.5425101,0.55939287,0.5760977,0.59424394,0.6121287,0.6269042,0.64141095,0.651811,0.65754694,0.66574514,0.6706633,0.67970544,0.6498945,0.62819433,0.57782376,0.5506982,0.5480067,0.5643748,0.59076506,0.7069908,0.7396307,0.78527427,0.81526446,0.8439428,0.8693993,0.89134395,0.90149677,0.9087219,0.9004744,0.8862825,0.861935,0.80445445,0.7036568,0.56123316,0.4717725,0.4417975,0.42643252,0.41099837,0.4121097,0.43325385,0.47065324,0.5149506,0.5533577,0.5854192,0.60638547,0.6205785,0.62717134,0.61583567,0.58563864,0.53364325,0.4496215,0.34293127,0.22917032,0.14543615,0.0040338845,-0.22630328,-0.29032028,-0.5762925,-0.80024993,-0.98176974,-1.0470403,-1.0850304,-1.1007034,-1.0998993,-1.092655,-1.0772012,-1.0467608,-1.0093794,-0.9716613,-0.93029726,-0.8879552,-0.8475331,-0.80945534,-0.7723432,-0.7385003,-0.70674014,-0.67420894,-0.64270747,-0.61267775,-0.5810014,-0.556956,-0.53525496,-0.5210635,-0.52258503,-0.53781176,-0.5390883,-0.5374401,-0.54807776,-0.5722976,-0.6006134,-0.628848,-0.6511542,-0.65642405,-0.6718869,-0.68717986,-0.6930705,-0.6986901,-0.70099205,-0.77315664,-0.81857955,-0.87636644,-0.8019696,-0.9445177,0.6900064,-0.88550436,-0.8630318,-1.2967573,-1.3549298,-1.2517754,-1.396433,-1.4204818,-1.3812194,-1.3257744,-1.3120438,-1.2843254,-1.2602651,-1.2448908,-1.23396,-1.2384146,-1.2132496,-1.2123058,-1.21048,-1.2184895,-1.2257488,-1.2288231,-1.227844,-1.2274423,-1.2284642,-1.2230533,-1.2214667,-1.2189192,-1.2161114,-1.209428,-1.2023435,-1.1941818,-1.1870856,-1.1717961,-1.1654693,-1.1513511,-1.1466731,-1.1432894,-1.1478976,-1.1696384,-1.2033321,-1.2218033,-1.2430019,-1.2595613,-1.2784665,-1.2905217,-1.2981157,-1.3064919,-1.3144678,-1.3206302,-1.3334103,-1.3284914,-1.363396,-1.3875374,-1.3826437,-1.3759221,-1.4256814,-1.43335,-1.4764733,-1.4584486,-1.5156461,-1.4789785,-1.4562826,-1.1264068,-0.4622386
1505,SSI_BAPI01_20110830,0.649123,0.350877,0.0,-1.6708549,-1.6616492,-1.6496354,-1.633582,-1.6175107,-1.6023268,-1.5854933,-1.5754787,-1.5658902,-1.556332,-1.5411122,-1.5050622,-1.429807,-1.3297504,-1.2648431,-1.2253932,-1.2169685,-1.2490274,-1.2882864,-1.3192302,-1.3260024,-1.3409342,-1.367817,-1.3741213,-1.3939431,-1.4337815,-1.4616226,-1.496372,-1.4942843,-1.3815219,-1.0329763,-0.5644012,-0.033564482,0.46341538,0.80606383,0.99408644,1.0714121,1.1431526,1.1858721,1.2233267,1.2595237,1.2944101,1.3207774,1.3442532,1.3684392,1.3968279,1.4215864,1.4414995,1.4630826,1.48176,1.4867649,1.5013161,1.5095431,1.5402105,1.4496442,1.4085368,1.3038929,1.2655501,1.2689784,1.3032651,1.3506092,1.4599098,1.5385467,1.6063585,1.6594719,1.7122123,1.7462908,1.7777003,1.787921,1.7834337,1.7529452,1.7204437,1.6725847,1.5487825,1.318529,1.0305058,0.8822303,0.8189792,0.7712567,0.72987497,0.7277393,0.754757,0.8083772,0.872982,0.9277131,0.9714635,1.0042652,1.0211829,1.0106529,0.97933966,0.91121596,0.8057322,0.66201544,0.49434704,0.32660314,0.23201562,0.15737398,-0.24337311,-0.3246234,-0.7295495,-0.96792537,-1.1752042,-1.2469987,-1.2824175,-1.3023664,-1.3083923,-1.3058861,-1.2896762,-1.2602632,-1.2217119,-1.1775651,-1.126254,-1.0736053,-1.0200391,-0.9659593,-0.9136557,-0.8623,-0.8122496,-0.76381963,-0.7180531,-0.6774941,-0.6397724,-0.6085982,-0.5844809,-0.5584295,-0.5394021,-0.54113454,-0.55386865,-0.5772038,-0.6155045,-0.6561792,-0.6890145,-0.71821904,-0.73546475,-0.7477134,-0.7747069,-0.8058223,-0.8272165,-0.8328868,-0.83488196,-0.88343155,-0.9222787,-0.93210125,-0.85687155,-1.7524561,1.0987176,-0.023846302,-1.7524561,-1.1837662,-1.3334846,-0.57370937,-1.2296296,-1.5196993,-1.6146405,-1.5993272,-1.5950412,-1.5676965,-1.5568129,-1.5444419,-1.5343783,-1.5303695,-1.5014402,-1.4869148,-1.4768159,-1.4661201,-1.4592303,-1.4413276,-1.4283603,-1.4163144,-1.3992002,-1.3860412,-1.3790748,-1.3627958,-1.3535439,-1.3393711,-1.3262593,-1.3173821,-1.3104888,-1.3016382,-1.290183,-1.2840406,-1.2803783,-1.2883905,-1.3005843,-1.3254408,-1.352174,-1.3795078,-1.4021916,-1.4234803,-1.4397242,-1.4630162,-1.4587635,-1.4688733,-1.4772768,-1.4912121,-1.4874386,-1.501993,-1.5206884,-1.5360844,-1.5556484,-1.5692668,-1.5881737,-1.5771638,-1.599988,-1.6105038,-1.584899,-1.6154354,-1.5827386,-1.1186688,-0.6882634
1518,SSC_BAPI01_20110907,0.606119,0.393881,0.0,-1.6476995,-1.6397643,-1.6269696,-1.6105303,-1.5951155,-1.5797141,-1.5660511,-1.5561227,-1.547916,-1.5389559,-1.5245686,-1.4894308,-1.4203577,-1.3295567,-1.2680757,-1.2307782,-1.2217555,-1.2414632,-1.2748545,-1.2900804,-1.2913853,-1.304169,-1.3270535,-1.3291267,-1.3385173,-1.3696653,-1.4003723,-1.4359223,-1.433123,-1.3261509,-1.039493,-0.70553446,-0.37887853,-0.10890051,0.067424156,0.163071,0.20231745,0.2480163,0.2774465,0.30355698,0.33076662,0.3569119,0.37507263,0.3976081,0.42207202,0.44494593,0.46725097,0.48721108,0.50697255,0.52437115,0.5287127,0.54385936,0.55764323,0.56929207,0.5127048,0.4967015,0.45428163,0.45567343,0.4659697,0.49563155,0.53148156,0.6323508,0.6739246,0.72276664,0.76609683,0.8069714,0.8339284,0.8546789,0.8642893,0.87075114,0.86488247,0.8509121,0.82282716,0.7672061,0.6355018,0.46364653,0.40024868,0.36788622,0.34942913,0.33248213,0.33695272,0.36252517,0.40480527,0.45688573,0.50184613,0.5389293,0.5677836,0.58597916,0.5900197,0.5751825,0.54233223,0.47563308,0.38489982,0.27260175,0.15520178,0.08107513,0.3857492,1.8689842,-1.7524561,1.4838277,-0.3878336,-0.9877087,-1.1204505,-1.1390432,-1.1479596,-1.1487465,-1.1476709,-1.1286482,-1.1010565,-1.0592772,-1.0211247,-0.9758842,-0.9293563,-0.881623,-0.834518,-0.78952545,-0.7438408,-0.7023086,-0.6593591,-0.6199976,-0.5808323,-0.5449991,-0.5150276,-0.49079484,-0.4685654,-0.45230517,-0.45142406,-0.46151993,-0.48226032,-0.5147004,-0.547913,-0.5780251,-0.60528255,-0.62594384,-0.6340741,-0.6523013,-0.684404,-0.69623023,-0.7032305,-0.7101501,-0.7162616,-0.5346527,2.0741062,-1.7524561,-1.7524561,-1.7524561,-1.7524561,1.4819902,3.6166723,-1.7524561,-1.7524561,0.44355178,2.822429,0.28261945,-1.3206767,-1.3725349,-1.4042865,-1.3954486,-1.3736037,-1.3584398,-1.336531,-1.3356133,-1.3086371,-1.2967273,-1.2944834,-1.2867296,-1.2812893,-1.2695979,-1.2588658,-1.2446837,-1.2321066,-1.2205085,-1.2095811,-1.2030892,-1.1900929,-1.1793778,-1.1715308,-1.1550311,-1.1419963,-1.1378293,-1.1230597,-1.1293622,-1.1350087,-1.144479,-1.1819931,-1.2125598,-1.2483491,-1.2629727,-1.2840222,-1.3099192,-1.3233443,-1.3426244,-1.3317823,-1.3499637,-1.3671803,-1.3695766,-1.3754402,-1.379609,-1.3921255,-1.4067893,-1.4390996,-1.457524,-1.4757918,-1.4581126,-1.3683518,-1.4139516,-1.4435357,-0.5711902,-1.7524561,-1.7524561
1522,SSC_BAPI05_20110907,0.882805,0.117195,0.0,-1.6527938,-1.6406254,-1.625042,-1.6027236,-1.580048,-1.5572215,-1.5370991,-1.521761,-1.5094517,-1.4979722,-1.4794185,-1.4395262,-1.3652682,-1.2694983,-1.2040967,-1.1622831,-1.1501733,-1.1727383,-1.2067835,-1.2275392,-1.2292895,-1.2430228,-1.2673819,-1.2712768,-1.2840377,-1.3185886,-1.3494871,-1.3881695,-1.3877138,-1.2763427,-0.9726915,-0.5888109,-0.17370151,0.2115703,0.4878952,0.64485174,0.6945083,0.7816334,0.8247946,0.8613787,0.8995307,0.936314,0.962093,0.9872924,1.018602,1.0481039,1.0770882,1.1024183,1.1276858,1.1501896,1.1540954,1.1721671,1.1861624,1.2075901,1.1023439,1.0661838,0.97312367,0.9529882,0.96573436,1.0085497,1.0654522,1.1456828,1.2147849,1.292931,1.3579175,1.4172349,1.4554194,1.4810276,1.4891089,1.482623,1.4511005,1.4110755,1.344834,1.2486796,1.0016346,0.72854626,0.6173696,0.5566574,0.5190231,0.48614603,0.48158008,0.51330495,0.56816506,0.63108236,0.6848454,0.72922176,0.7595801,0.7789465,0.7727826,0.74030006,0.67949295,0.58176637,0.453372,0.3049759,0.15639995,0.05664056,0.46052077,1.755234,-1.7524561,1.8860327,0.00092424446,-1.1170887,-1.2035867,-1.2094045,-1.231366,-1.2349305,-1.230519,-1.2160244,-1.1862321,-1.1453755,-1.1056789,-1.060187,-1.0135175,-0.965297,-0.91836023,-0.8729654,-0.8272197,-0.7851905,-0.74170387,-0.7026029,-0.66547304,-0.63016856,-0.60409766,-0.58269215,-0.559854,-0.5392441,-0.53962976,-0.5517994,-0.5753039,-0.6121852,-0.6472205,-0.67576796,-0.6995635,-0.7168907,-0.7283275,-0.74916995,-0.7780266,-0.79300475,-0.7985412,-0.80362517,-0.88605255,-0.9121862,2.7617273,-1.7524561,-1.7524561,-1.7524561,-1.7524561,0.96584046,3.7076561,-1.7524561,-1.7524561,0.2420387,2.2579374,-0.24172702,-1.4905199,-1.5068208,-1.515957,-1.4848093,-1.4703743,-1.4537437,-1.4355787,-1.4235442,-1.4134423,-1.3982558,-1.3915195,-1.3817737,-1.3766577,-1.3645345,-1.3500885,-1.3363163,-1.3235035,-1.3134652,-1.3005173,-1.2901677,-1.2784295,-1.2695636,-1.2631241,-1.2483552,-1.2357013,-1.2316211,-1.2227874,-1.2228571,-1.2295078,-1.2448162,-1.2720829,-1.2972696,-1.3320326,-1.3495255,-1.3587284,-1.3876727,-1.403335,-1.4148593,-1.4145062,-1.4133936,-1.4294628,-1.4407811,-1.4478993,-1.4577696,-1.4632654,-1.4805759,-1.4929742,-1.5024822,-1.5594298,-1.5278332,-1.4712154,-1.4143586,-1.505338,-0.95450133,-1.7524561,-1.7524561
1526,SSC_BAPI09_20110907,0.812075,0.187925,0.0,-1.623301,-1.6146808,-1.603873,-1.5911919,-1.576413,-1.5634357,-1.5537494,-1.5430582,-1.5329831,-1.5242987,-1.5140293,-1.4932791,-1.4553758,-1.4053056,-1.3700941,-1.3481249,-1.3400637,-1.3471116,-1.3628588,-1.3635798,-1.3604668,-1.3628142,-1.3691721,-1.3653747,-1.3644645,-1.3739355,-1.3830196,-1.3942566,-1.3876532,-1.3324614,-1.1881614,-1.0184977,-0.84642,-0.70101833,-0.603054,-0.54616755,-0.5161175,-0.48659688,-0.46322548,-0.441372,-0.41968283,-0.39919648,-0.37711242,-0.35762078,-0.3389023,-0.31954283,-0.2993485,-0.28039396,-0.26179573,-0.24378388,-0.22788988,-0.21008722,-0.18963967,-0.19232138,-0.17466432,-0.18189958,-0.18994819,-0.17996462,-0.16952237,-0.15198755,-0.13295448,-0.11986127,-0.08471602,-0.05949159,-0.029617308,-0.00028817635,0.026565045,0.04315283,0.06356801,0.08114817,0.09458705,0.10720523,0.11357257,0.08830654,0.04956493,-0.027190011,-0.058031425,-0.06478885,-0.0644392,-0.063796125,-0.05113693,-0.0236952,0.014162477,0.05830488,0.10130766,0.13679601,0.166696,0.19032261,0.20860602,0.21721229,0.2158976,0.19897479,0.16265394,0.11242664,0.054213382,0.04464735,0.5204271,1.685665,1.1357481,1.4982241,-0.4874779,-0.596283,-0.76370335,-0.78320396,-0.79989535,-0.8076087,-0.80013436,-0.7839387,-0.75362384,-0.71664375,-0.6842359,-0.645133,-0.60392755,-0.56465423,-0.5267284,-0.49081588,-0.45724848,-0.42651784,-0.3930043,-0.36188558,-0.33132756,-0.29981664,-0.27566803,-0.25674212,-0.23847832,-0.22394457,-0.23168397,-0.24801163,-0.27590933,-0.3159315,-0.35108048,-0.38388643,-0.40912136,-0.41873765,-0.40827835,-0.41136754,-0.41939652,-0.41242525,-0.40240404,-0.404619,-0.38775778,-0.36556563,0.94274265,-1.7524561,3.0571163,-1.7524561,-1.7524561,1.3849323,-1.7524561,-1.7524561,1.8278035,-1.7524561,0.7986089,-0.8556135,-1.0108235,-1.1053503,-1.0356768,-0.9985715,-0.97112054,-0.9490147,-0.91185254,-0.89720404,-0.8804911,-0.8734664,-0.8735386,-0.87487495,-0.8806138,-0.87468004,-0.87073165,-0.87027335,-0.85893494,-0.8532906,-0.847304,-0.8393862,-0.8369189,-0.8237673,-0.81498796,-0.801016,-0.78897643,-0.7806804,-0.7827837,-0.7652828,-0.78200084,-0.80754024,-0.8545652,-0.89881545,-0.9584374,-0.9980449,-1.0208337,-1.0377046,-1.0754447,-1.079,-1.0453143,-1.0631964,-1.0805945,-1.0936,-1.0762717,-1.1167918,-1.110257,-1.1189177,-1.1660488,-1.2093726,-1.152722,-1.2404475,-1.2724794,-1.1244692,-1.2055621,-0.91096574,-1.7524561,-1.7524561
1533,CHI_ADFA04_20110908,0.250202,0.749798,0.0,-1.6041155,-1.5942193,-1.5873903,-1.580483,-1.5715076,-1.5609821,-1.5522064,-1.5418353,-1.5345457,-1.5278786,-1.5154924,-1.4957417,-1.4605504,-1.4176036,-1.3851858,-1.36089,-1.347021,-1.3465216,-1.353261,-1.3467509,-1.3367212,-1.3297056,-1.3246632,-1.3117356,-1.3019174,-1.3028969,-1.2987093,-1.296517,-1.2809005,-1.216429,-1.068303,-0.8999835,-0.7420888,-0.6168594,-0.5305564,-0.4756767,-0.4519582,-0.4058799,-0.37704885,-0.35110772,-0.32547766,-0.3024496,-0.27695093,-0.25573745,-0.23620142,-0.21563433,-0.19585416,-0.17729974,-0.16177386,-0.14702323,-0.13325574,-0.11984175,-0.10658821,-0.10688047,-0.07935449,-0.08046314,-0.086164966,-0.09076772,-0.09122231,-0.07980499,-0.06553546,-0.044793077,-0.022795381,-0.00029810943,0.023891993,0.047370303,0.07110652,0.08786235,0.109329976,0.12677948,0.13869405,0.14407872,0.16918594,0.1464422,0.11429617,0.0684177,0.025311723,0.0060081147,-0.008446044,-0.013517294,-0.008925988,0.011907082,0.048155837,0.09236029,0.13224478,0.16424592,0.19075346,0.21614815,0.23498736,0.24842134,0.25058955,0.24032365,0.2195184,0.17874308,0.12006997,0.07259473,0.15144661,0.019644957,-0.09465916,-0.20626123,-0.41138554,-0.55951166,-0.66740346,-0.7348164,-0.764374,-0.7750734,-0.78318495,-0.7627503,-0.7348162,-0.7091867,-0.68398345,-0.65178,-0.62077,-0.5930188,-0.5671043,-0.54375315,-0.52312213,-0.5023977,-0.47582334,-0.45125693,-0.42455238,-0.39785248,-0.37445807,-0.35735855,-0.3448209,-0.3447412,-0.36213684,-0.38071567,-0.39497223,-0.42147452,-0.45652708,-0.4919384,-0.5156292,-0.52436596,-0.50596887,-0.5094867,-0.50801504,-0.49499863,-0.4858907,-0.46699026,-0.5941259,-0.6232425,-0.7976665,-1.042537,-0.9414514,-0.9184404,-1.0513526,-1.0676656,-1.2329732,-1.2742279,-1.4180394,-1.3862197,-1.2556182,-1.2259538,-1.1164742,-1.0724988,-1.0332099,-0.9952277,-0.9667615,-0.9534751,-0.97223526,-0.93617743,-0.93755716,-0.9585179,-0.98302925,-1.009452,-1.0236338,-1.0316021,-1.0397907,-1.0446545,-1.0477676,-1.0503856,-1.045466,-1.0382581,-1.0312339,-1.028819,-1.0123475,-0.99289,-0.98228604,-0.96893847,-0.9560949,-0.94118154,-0.9438853,-0.9614625,-0.9979512,-1.0478667,-1.0841225,-1.1196162,-1.140565,-1.1634197,-1.1860137,-1.1924896,-1.1806873,-1.1932526,-1.2044964,-1.205887,-1.213687,-1.2154185,-1.225291,-1.2179724,-1.2806073,-1.2881775,-1.3583417,-1.3564038,-1.4242975,-1.4464496,-1.4581543,-1.3335611,-1.0382912,-0.096318915
1538,CHI_ADFA10_20110908,0.321646,0.678354,0.0,-1.6175272,-1.611858,-1.6087785,-1.597295,-1.5892954,-1.5816094,-1.5727862,-1.5658846,-1.5608582,-1.5534428,-1.5451764,-1.5315484,-1.5067191,-1.4758489,-1.4532726,-1.435381,-1.4240961,-1.4213511,-1.4230083,-1.4199375,-1.4111713,-1.404229,-1.3994544,-1.3882558,-1.3802592,-1.379549,-1.3748293,-1.3711957,-1.3579104,-1.3140547,-1.2056317,-1.0706025,-0.93013406,-0.8072946,-0.72101057,-0.6653874,-0.63838506,-0.6025423,-0.57686085,-0.555321,-0.5328263,-0.5120958,-0.49236298,-0.4733999,-0.45381394,-0.43737587,-0.41957858,-0.40379503,-0.38761216,-0.37354666,-0.36171332,-0.3509829,-0.33789438,-0.32744044,-0.3232148,-0.32372814,-0.32868302,-0.3273534,-0.32620034,-0.31253344,-0.29338467,-0.22455004,-0.2008207,-0.17967702,-0.16099441,-0.13264386,-0.11192858,-0.098874055,-0.08082213,-0.065643325,-0.054865927,-0.046765085,-0.04415257,-0.061410427,-0.08948133,-0.13659747,-0.17238614,-0.18559925,-0.18794708,-0.19341122,-0.18909593,-0.1681245,-0.13546953,-0.10098548,-0.06496577,-0.036598396,-0.015924139,0.003590051,0.020115083,0.029176628,0.027171314,0.017395055,-0.007352704,-0.04659073,-0.09421509,-0.13424613,-0.06878335,-0.23066297,-0.33647126,-0.43887472,-0.55942965,-0.66754204,-0.74661046,-0.78794515,-0.80636406,-0.80737907,-0.8057499,-0.79106927,-0.7672006,-0.742332,-0.71893704,-0.6905755,-0.66363394,-0.63969165,-0.61905366,-0.59734964,-0.57771355,-0.55846053,-0.53635824,-0.5176158,-0.49470788,-0.46879655,-0.45025206,-0.43231642,-0.42303857,-0.4201874,-0.4348477,-0.4481777,-0.4564822,-0.48002666,-0.50648785,-0.53003347,-0.5503237,-0.5523746,-0.54282945,-0.5447147,-0.54276943,-0.5332812,-0.52699566,-0.516014,-0.6095333,-0.64813536,-0.6712478,-1.0874425,-0.76527286,-0.79208815,-0.8301698,-0.6993499,-1.0703202,-1.1013345,-1.1116894,-1.187934,-1.1888297,-1.1093822,-1.035616,-1.00229,-0.97697943,-0.92863363,-0.89975405,-0.8928089,-0.9026587,-0.88039154,-0.8953724,-0.90554893,-0.93564934,-0.9583944,-0.9656438,-0.9799263,-0.9781402,-0.9832549,-0.98558474,-0.9777368,-0.9777187,-0.970722,-0.9727264,-0.96005464,-0.9515167,-0.9366265,-0.92686874,-0.91054195,-0.8932583,-0.88755846,-0.8882521,-0.91119117,-0.93407667,-0.98240584,-1.0247668,-1.0536555,-1.0760281,-1.0820129,-1.109394,-1.0980808,-1.105893,-1.1058373,-1.1161661,-1.1222138,-1.1208118,-1.1265659,-1.1439078,-1.1660092,-1.1959195,-1.2418295,-1.2040577,-1.2689887,-1.2623087,-1.2950447,-1.3806947,-1.3895699,-0.2569852,0.6470646
1542,CHI_CECU02_20110908,0.402854,0.597146,0.0,-1.5338316,-1.5308945,-1.5224946,-1.514476,-1.5017785,-1.4864749,-1.47739,-1.4696687,-1.4647973,-1.4573572,-1.4493512,-1.4362551,-1.4121035,-1.3776983,-1.3525631,-1.3330954,-1.3237623,-1.3296502,-1.3343505,-1.3386406,-1.3342589,-1.3314731,-1.3324755,-1.3295805,-1.332783,-1.3442744,-1.3465163,-1.3542382,-1.3505398,-1.3048457,-1.1600991,-0.971703,-0.7860748,-0.6211757,-0.5058099,-0.44077462,-0.42323303,-0.38699618,-0.37048098,-0.35607636,-0.34326595,-0.33104885,-0.3211991,-0.30915537,-0.29441002,-0.28170618,-0.270441,-0.2599028,-0.2488695,-0.24132,-0.24269241,-0.23565896,-0.22806856,-0.21708748,-0.24334823,-0.24183734,-0.2543348,-0.25759473,-0.2572487,-0.24277256,-0.22372057,-0.15968488,-0.1389433,-0.114600234,-0.094009295,-0.071109675,-0.05538724,-0.041162126,-0.024102224,-0.014548816,-0.014668831,-0.013999691,-0.030911297,-0.05324251,-0.09325824,-0.15089457,-0.18977313,-0.19986385,-0.20364848,-0.20718735,-0.20390768,-0.18910083,-0.15755452,-0.12391911,-0.09131544,-0.06718961,-0.046551116,-0.03143845,-0.018456025,-0.013558195,-0.018317195,-0.039711777,-0.07568357,-0.12845513,-0.18778324,-0.23606038,-0.30963543,-0.53235185,-0.5043077,-0.6392813,-0.78890127,-0.8982377,-0.95827305,-0.9893487,-1.0029575,-1.0000916,-0.99556553,-0.98365307,-0.96221584,-0.93457216,-0.9035861,-0.8741975,-0.84342474,-0.81472504,-0.7872381,-0.7644772,-0.73952705,-0.71816355,-0.69595313,-0.6739586,-0.6491473,-0.6237666,-0.60316736,-0.5861372,-0.57663643,-0.57570004,-0.5841081,-0.5903753,-0.58927894,-0.5999923,-0.6182376,-0.6418504,-0.66433066,-0.680491,-0.6733208,-0.6749484,-0.6810567,-0.6783501,-0.6751805,-0.67634475,-0.75105864,-0.77227503,-0.8769666,-0.8677431,0.12550372,-1.1002364,-1.2204177,-1.0772115,-1.3006318,-1.3644044,-1.2971555,-1.3498822,-1.3473239,-1.2959985,-1.2224029,-1.2138865,-1.1527193,-1.1174663,-1.1010935,-1.0915903,-1.0893816,-1.0919515,-1.067094,-1.0646132,-1.0817754,-1.0898496,-1.1018113,-1.1017808,-1.0998268,-1.0973971,-1.1002966,-1.0991184,-1.0985458,-1.0873388,-1.084335,-1.0757958,-1.0718213,-1.062283,-1.0523665,-1.0366688,-1.0208989,-1.0204366,-1.016814,-1.0256035,-1.0571611,-1.0943924,-1.1172252,-1.1414486,-1.157388,-1.1737521,-1.1900955,-1.193723,-1.2008346,-1.1914959,-1.209381,-1.2154481,-1.2314584,-1.2121717,-1.2336383,-1.2546753,-1.2918345,-1.3476334,-1.3520204,-1.3864769,-1.3875247,-1.4240829,-1.4365013,-1.1829251,-0.6818609,-0.15397978
1551,CHI_CECU11_20110908,0.475346,0.524654,0.0,-1.5762366,-1.5744406,-1.5683013,-1.5599306,-1.5460281,-1.5298787,-1.5181596,-1.5130081,-1.5074726,-1.5011492,-1.4947361,-1.4800104,-1.4513738,-1.4164169,-1.3897005,-1.3702615,-1.3625368,-1.3708876,-1.3862748,-1.3874897,-1.3836457,-1.3863503,-1.3910425,-1.388156,-1.3908067,-1.4026872,-1.4082252,-1.4153657,-1.4110934,-1.3627867,-1.215511,-1.0080023,-0.78115344,-0.5632298,-0.40325946,-0.3091418,-0.2657035,-0.22486076,-0.20140068,-0.18009235,-0.16160606,-0.14445558,-0.12669243,-0.109667346,-0.09403594,-0.07859467,-0.06277231,-0.048544977,-0.036042497,-0.026746528,-0.023305006,-0.017536689,-0.007980943,-0.021618603,-0.010251996,-0.027250312,-0.059182845,-0.07584788,-0.07935648,-0.07450785,-0.05437605,-0.045889337,-0.013608328,0.025296064,0.050617605,0.07429738,0.0951287,0.118058,0.14091836,0.15141389,0.15746675,0.15898547,0.14179212,0.10306313,0.03537534,-0.054746963,-0.11616802,-0.14125188,-0.15543994,-0.16455816,-0.16436617,-0.14352538,-0.10512804,-0.05749551,-0.017558541,0.016544081,0.042468384,0.063167885,0.07752143,0.07918259,0.06447344,0.033205137,-0.019406796,-0.099579886,-0.18480869,-0.2622975,-0.3037936,-0.40667993,-0.51574606,-0.77867424,-0.8940336,-1.0453331,-1.107537,-1.135491,-1.1491174,-1.1496029,-1.1476524,-1.137318,-1.1128699,-1.0869633,-1.0622468,-1.0335484,-1.0063014,-0.9830155,-0.9597278,-0.93578255,-0.9163357,-0.8964585,-0.874622,-0.8556111,-0.83550847,-0.81058615,-0.7942756,-0.77796894,-0.7683236,-0.7690013,-0.7803105,-0.78674376,-0.78902704,-0.80198383,-0.82433504,-0.8515178,-0.8723811,-0.8902181,-0.88159615,-0.88383955,-0.8952124,-0.8942808,-0.88966286,-0.8910684,-1.0249952,-1.0619212,-1.127589,-1.214801,-0.55618703,-0.5136422,-1.107044,-0.9509167,-1.4154738,-1.4796638,-1.4372324,-1.3451391,-1.4936922,-1.4423102,-1.4048395,-1.377814,-1.332604,-1.3124243,-1.2982352,-1.2922933,-1.3155391,-1.2745041,-1.2625699,-1.2660596,-1.2722318,-1.2816677,-1.2876779,-1.2843579,-1.2842492,-1.2791388,-1.285034,-1.2917395,-1.2829521,-1.2777655,-1.2705567,-1.2691215,-1.2594731,-1.2490108,-1.2437699,-1.2312247,-1.2334967,-1.2199055,-1.224964,-1.2439731,-1.2519674,-1.2644663,-1.2954196,-1.3173556,-1.3359104,-1.3470438,-1.3586413,-1.3676121,-1.3634745,-1.3631505,-1.4066314,-1.4070901,-1.3811525,-1.4090873,-1.4176316,-1.4173839,-1.4615605,-1.4913627,-1.485419,-1.4992194,-1.5363187,-1.5136582,-1.5151862,-1.4139619,-1.0924859,1.2410473
1554,CHC_ADFA03_20110909,0.352966,0.647034,0.0,-1.556578,-1.5463146,-1.5368148,-1.5255797,-1.5145869,-1.502732,-1.4930512,-1.4832888,-1.4741361,-1.4661487,-1.4518962,-1.4338602,-1.4049584,-1.3691185,-1.3415899,-1.3188044,-1.302698,-1.2968504,-1.2975227,-1.2868242,-1.2755833,-1.2673676,-1.2597574,-1.24655,-1.2370507,-1.2355525,-1.2292633,-1.2276306,-1.2133037,-1.1642673,-1.0465511,-0.9055844,-0.7783152,-0.67454654,-0.60359436,-0.55787134,-0.5321802,-0.50138456,-0.4794454,-0.4591936,-0.4392836,-0.42178127,-0.40404382,-0.38671127,-0.36875296,-0.35206562,-0.33661523,-0.32233098,-0.3086828,-0.2967215,-0.29418796,-0.28381923,-0.26886222,-0.27475992,-0.2674883,-0.26647642,-0.2622233,-0.24925596,-0.24227521,-0.23318048,-0.21879211,-0.17937377,-0.1654352,-0.13972498,-0.12443481,-0.11241402,-0.09628292,-0.08356179,-0.06937525,-0.058559984,-0.049800403,-0.05409699,-0.063621886,-0.06603025,-0.079955965,-0.098613694,-0.10815553,-0.12254658,-0.124863684,-0.12827693,-0.12552056,-0.10750567,-0.07613395,-0.044409193,-0.014129757,0.006664867,0.025837593,0.04509329,0.057615638,0.06687012,0.06862582,0.06027689,0.046890475,0.013277732,-0.031149456,-0.0867932,0.08335787,-0.14121857,-0.0144460965,-0.53877383,-0.4723797,-0.5334274,-0.6356058,-0.6607663,-0.67165065,-0.66852474,-0.6699386,-0.6517434,-0.6222819,-0.5908512,-0.56420875,-0.53668326,-0.5100474,-0.4861798,-0.46670288,-0.44859943,-0.43298742,-0.4180386,-0.39972514,-0.37704253,-0.35870278,-0.33544195,-0.31739867,-0.3036374,-0.2946616,-0.29186574,-0.30765772,-0.31874222,-0.33482447,-0.3608495,-0.39177528,-0.4215014,-0.44636378,-0.44848794,-0.4334413,-0.43310416,-0.4373774,-0.42896113,-0.42182124,-0.42854443,-0.6395134,-0.87227285,-0.9883909,0.36721522,-1.7524561,1.1841937,2.02053,-0.5921657,1.6043006,2.5674534,-1.7524561,0.056255274,-1.0767099,-1.0518677,-1.0371997,-0.9520963,-0.8802812,-0.84632,-0.8134662,-0.8058844,-0.8235237,-0.7907444,-0.7788747,-0.80160135,-0.82775384,-0.85458004,-0.86501884,-0.8721753,-0.882966,-0.8901192,-0.8860663,-0.8886577,-0.88486344,-0.88029945,-0.872931,-0.86870664,-0.8598414,-0.84012216,-0.8313717,-0.8306435,-0.8136427,-0.8077136,-0.8116556,-0.8273729,-0.86012006,-0.9107786,-0.9575213,-0.9688752,-0.9932451,-1.0157524,-1.0427934,-1.0502002,-1.034771,-1.0623193,-1.0720936,-1.0703542,-1.0708743,-1.0933015,-1.1035342,-1.0555335,-1.1096977,-1.1441032,-1.164587,-1.2328467,-1.3484048,-1.3297544,-1.2798969,-1.1871059,-0.6043495,0.36180788
1556,CHC_ADFA05_20110909,0.260922,0.739078,0.0,-1.6747757,-1.6564711,-1.6582327,-1.6446255,-1.6348538,-1.6272789,-1.6176059,-1.6072227,-1.6021935,-1.5937301,-1.5832357,-1.5635152,-1.5208436,-1.4722657,-1.4365832,-1.4098123,-1.397409,-1.4029466,-1.4153551,-1.4146734,-1.4081063,-1.4045795,-1.4035087,-1.3929116,-1.3888932,-1.3956734,-1.3953884,-1.397471,-1.3814415,-1.3127226,-1.1277181,-0.89678293,-0.66934407,-0.47487992,-0.3406955,-0.25892133,-0.21435845,-0.16142668,-0.12352447,-0.08850158,-0.054651488,-0.023398377,0.006017814,0.03504568,0.064746894,0.091609344,0.117087595,0.14128412,0.16292937,0.18062453,0.1890084,0.20329826,0.2221821,0.21854496,0.21981873,0.21365461,0.19864863,0.19895609,0.2037179,0.21505271,0.2388178,0.26115182,0.29555815,0.33126023,0.3663037,0.3929669,0.41309693,0.43103632,0.4534905,0.46873346,0.47637188,0.47716466,0.4482325,0.40733808,0.34444952,0.24907015,0.1883347,0.16803007,0.15302643,0.13576974,0.13308711,0.15209132,0.19721559,0.24907178,0.29271567,0.32661343,0.3536763,0.37211165,0.3878337,0.39155945,0.3809521,0.34473068,0.29226062,0.2095458,0.11397211,0.033792123,-0.11712219,0.37656236,0.091971025,-0.3730936,-0.8562997,-0.8628861,-0.9714274,-1.0006119,-1.0258119,-1.0357026,-1.0350624,-1.0201697,-0.98477143,-0.9523776,-0.9201667,-0.8845483,-0.84949225,-0.81939787,-0.79155207,-0.7653874,-0.7392122,-0.7182879,-0.6932878,-0.66426253,-0.63878435,-0.60992527,-0.5845772,-0.5669696,-0.55440027,-0.5528718,-0.570728,-0.58583087,-0.6003807,-0.6257712,-0.65985984,-0.6934678,-0.7227061,-0.7264461,-0.72132987,-0.7337053,-0.73702866,-0.7368637,-0.73178273,-0.73380965,-0.8894722,-1.0748888,-1.1215876,1.6098504,-1.7524561,-1.7524561,-1.7524561,-1.7524561,-1.7524561,-0.44025412,0.28625122,0.99514705,-1.3652451,-1.4820405,-1.4526983,-1.4343177,-1.3575261,-1.3226725,-1.2984451,-1.2762854,-1.2743621,-1.2661915,-1.2483861,-1.2489138,-1.2636992,-1.2769765,-1.2854958,-1.2805475,-1.2751402,-1.2830316,-1.2800453,-1.2850018,-1.2737093,-1.272671,-1.2659079,-1.2582928,-1.2426616,-1.2331803,-1.2245889,-1.2096254,-1.1980237,-1.1876669,-1.1940475,-1.2074904,-1.233275,-1.2661988,-1.3075,-1.3143727,-1.3385371,-1.3714073,-1.3769368,-1.3884451,-1.3935767,-1.3931266,-1.410608,-1.4133097,-1.4239165,-1.4444624,-1.4462779,-1.4585705,-1.5043261,-1.5483168,-1.5208699,-1.5251113,-1.5871601,-1.5942152,-1.5719513,-1.4449342,0.28196222,-1.7524561
1559,CHC_ADFA08_20110909,0.243748,0.756252,0.0,-1.6256944,-1.618584,-1.6141202,-1.6032083,-1.5909204,-1.5795217,-1.5693215,-1.5593528,-1.5501145,-1.5415182,-1.529703,-1.5131098,-1.4832065,-1.450027,-1.4226849,-1.3994505,-1.3839084,-1.3776551,-1.3705232,-1.3683311,-1.3505744,-1.3352642,-1.3218486,-1.302967,-1.286747,-1.2775601,-1.2651821,-1.2562934,-1.2344642,-1.1778833,-1.0468055,-0.8796544,-0.7157161,-0.5755105,-0.47388428,-0.4083391,-0.3824936,-0.32733223,-0.29385856,-0.26496285,-0.23588906,-0.20757894,-0.18441124,-0.16073334,-0.13400902,-0.110904075,-0.08990343,-0.06934708,-0.048922785,-0.03150518,-0.023878438,-0.008433658,0.0026648717,0.031893153,-0.0016833659,0.01467853,0.009833405,0.015315416,0.024477812,0.04336201,0.06897757,0.12981445,0.15343486,0.18243936,0.20191416,0.22776707,0.2450775,0.26246205,0.2794294,0.28982362,0.29215473,0.2962724,0.2831182,0.27089348,0.21923886,0.15985326,0.12891182,0.110027745,0.09549599,0.08655995,0.086590216,0.10256916,0.13763285,0.18051794,0.2142513,0.24330008,0.26572245,0.28486875,0.29823026,0.30408752,0.3016872,0.28512025,0.24956773,0.1999765,0.14304462,0.09208999,0.09743481,0.029760929,-0.1750447,-0.2653547,-0.5261825,-0.6252957,-0.7252573,-0.7670544,-0.798953,-0.797973,-0.7960682,-0.77998245,-0.7491766,-0.71689874,-0.68604785,-0.64926577,-0.6146449,-0.5814574,-0.5512297,-0.5255535,-0.49944293,-0.47641465,-0.45193556,-0.42658362,-0.39765802,-0.36726078,-0.34521237,-0.32343683,-0.313419,-0.31619444,-0.3303604,-0.34994766,-0.3636899,-0.38687664,-0.4230699,-0.4569909,-0.48427942,-0.49144435,-0.4816288,-0.48538375,-0.4923291,-0.47780877,-0.47304884,-0.46503484,-0.5321829,-0.45919618,-0.40122855,0.9758729,-1.7524561,1.9221507,3.3959002,0.34154555,-0.37669113,-0.74671423,0.8011927,-0.066968046,-1.1489475,-1.1712917,-1.1072001,-1.0601408,-1.0079169,-0.9762594,-0.94337374,-0.92949986,-0.9142999,-0.9085056,-0.8985756,-0.921965,-0.9440374,-0.9672698,-0.9899155,-0.9940287,-1.0048647,-1.0033655,-1.0080522,-1.0096878,-1.0077609,-0.99980646,-0.9993423,-0.98752546,-0.97458005,-0.95923954,-0.9418646,-0.9247951,-0.90369385,-0.89387417,-0.8974079,-0.92473435,-0.95678616,-1.0080731,-1.0501041,-1.0832851,-1.0997341,-1.1281654,-1.1494908,-1.1444465,-1.1471341,-1.1513436,-1.1616564,-1.1797299,-1.1570067,-1.1743151,-1.1627603,-1.2115932,-1.2210394,-1.2276347,-1.295986,-1.2998598,-1.3018011,-1.3526106,-1.3290093,-1.2461016,-0.89475805,-0.3491503
1561,CHC_ADFA10_20110909,0.214484,0.785516,0.0,-1.6024159,-1.606727,-1.5987368,-1.5771408,-1.5654234,-1.552763,-1.5338055,-1.5218287,-1.5110133,-1.4964676,-1.4813123,-1.4553506,-1.4083854,-1.3537301,-1.3123858,-1.2793013,-1.2608862,-1.2593993,-1.2633111,-1.2568561,-1.2401947,-1.2244734,-1.2143892,-1.1927142,-1.1721729,-1.1664683,-1.1578573,-1.1474726,-1.121598,-1.0396491,-0.8415844,-0.59786355,-0.35161465,-0.13463491,0.0190062,0.115397684,0.1672311,0.23359533,0.28073403,0.3229106,0.36417684,0.4017349,0.43851164,0.4754821,0.51007,0.542681,0.5745757,0.602907,0.6287344,0.6531668,0.66464615,0.6867881,0.70632,0.71228546,0.7196042,0.71997696,0.70213294,0.7109145,0.711015,0.727481,0.7519641,0.8297474,0.87339777,0.90759075,0.9385824,0.9695531,1.0006549,1.0224359,1.0482465,1.0622882,1.0739211,1.0729395,1.0690855,1.0386236,0.98064286,0.88538903,0.8268268,0.79054606,0.7703613,0.7577131,0.7551651,0.782497,0.8258667,0.88185,0.9284759,0.965316,0.99185205,1.0189126,1.035423,1.0422153,1.0358503,1.0101904,0.9594557,0.8855793,0.7933304,0.7027612,0.51783305,0.51887894,0.2422114,0.19420749,-0.22276582,-0.3483018,-0.44591692,-0.53073364,-0.56817144,-0.5761787,-0.5771841,-0.5540609,-0.5223096,-0.47957653,-0.4424469,-0.3982616,-0.3560538,-0.31841826,-0.28354028,-0.251116,-0.22430474,-0.19553654,-0.16591829,-0.13577406,-0.105848484,-0.07060788,-0.043800585,-0.02063733,-0.0080349315,-0.009041445,-0.030485343,-0.050568756,-0.07205332,-0.10614998,-0.14912741,-0.19275855,-0.22721688,-0.23866904,-0.22809276,-0.23939952,-0.24058565,-0.22964266,-0.22316886,-0.21835388,-0.3217058,-0.62018335,-0.30211353,0.46228698,-1.7524561,-1.7524561,-1.7524561,-1.7524561,-0.11943134,0.71980935,2.8487425,-1.7524561,-1.3732389,-1.2352754,-1.1053125,-1.0481036,-0.9578777,-0.91812843,-0.8818596,-0.8655533,-0.85906476,-0.84871274,-0.8357292,-0.8469674,-0.8664564,-0.8971175,-0.9135993,-0.911185,-0.9237188,-0.9259599,-0.93488497,-0.92645603,-0.9249028,-0.92197984,-0.9137546,-0.8959756,-0.8793834,-0.86576945,-0.8495745,-0.8238271,-0.813742,-0.802964,-0.79342276,-0.8148431,-0.85468835,-0.9147681,-0.9645142,-0.9955058,-1.0334969,-1.0552404,-1.087154,-1.0827358,-1.0906309,-1.0983475,-1.1105746,-1.1182046,-1.1277027,-1.1205037,-1.1612332,-1.1654165,-1.1998265,-1.2968136,-1.2986888,-1.3188492,-1.3406322,-1.3137203,-1.3821266,-1.4104568,1.0282418,1.1243073
1568,CHC_ARGL03_20110909,0.766636,0.233364,0.0,-1.4884225,-1.4786305,-1.477032,-1.4646206,-1.4330771,-1.3952373,-1.3728883,-1.3621358,-1.353857,-1.3524544,-1.3362101,-1.3014437,-1.238136,-1.1602211,-1.0946031,-1.0485287,-1.0321083,-1.0532281,-1.0958333,-1.103138,-1.1072881,-1.1269377,-1.1488514,-1.1544567,-1.168514,-1.2028818,-1.230999,-1.2689998,-1.2706637,-1.1728128,-0.8907279,-0.48643515,-0.03389286,0.39788508,0.7130684,0.8932303,0.95863444,1.0377733,1.0764046,1.1052746,1.1358119,1.1613355,1.1830406,1.2070184,1.2348368,1.2592306,1.2814298,1.3007381,1.3171586,1.3260918,1.3172737,1.3175073,1.3203081,1.2971437,1.2475423,1.2077403,1.1227919,1.0761201,1.0638419,1.0782177,1.1053804,1.1835192,1.2510998,1.3013093,1.3540564,1.4039781,1.4348247,1.4537158,1.4722731,1.4751838,1.4636164,1.4327759,1.3578036,1.2347648,1.0817508,0.8504806,0.7326551,0.68060035,0.6441812,0.6113013,0.60029495,0.6147192,0.6701862,0.73795867,0.7952903,0.83981085,0.8671729,0.88417554,0.8886291,0.8736626,0.8312855,0.7540904,0.64345783,0.49715587,0.34723756,0.21743175,0.3630868,-0.14139514,0.6008547,-0.7196523,-0.8568009,-0.9804268,-1.0273987,-1.0694089,-1.0741566,-1.0710292,-1.0742074,-1.0634712,-1.0282991,-0.9933439,-0.9664057,-0.9320308,-0.89917654,-0.8680646,-0.83865976,-0.81134063,-0.78340435,-0.76220846,-0.7333239,-0.70761484,-0.68095815,-0.65281934,-0.6298321,-0.6113006,-0.60377693,-0.60585994,-0.6212718,-0.6184217,-0.6168257,-0.6364422,-0.6660655,-0.6941597,-0.72176176,-0.7362497,-0.7323239,-0.7459867,-0.76144,-0.76912016,-0.7697573,-0.7826271,-1.0426806,-1.2069296,-1.3388723,-1.7524561,1.1683733,1.7337884,-1.7524561,0.93089867,2.6300378,-0.22327802,-1.7524561,-0.5459478,-1.1324784,-1.4972391,-1.4803041,-1.4739281,-1.4082016,-1.3716819,-1.3543062,-1.3403884,-1.3461069,-1.3412884,-1.3157153,-1.3115499,-1.3127657,-1.3285197,-1.3249849,-1.3191446,-1.3135083,-1.3101741,-1.3132932,-1.3050488,-1.3070053,-1.304406,-1.2995505,-1.289451,-1.2957029,-1.281408,-1.2751596,-1.2639723,-1.273876,-1.2633812,-1.2581581,-1.270572,-1.2679117,-1.296631,-1.3205516,-1.3403418,-1.3496147,-1.3753009,-1.3834078,-1.3847661,-1.3992542,-1.4060091,-1.4126052,-1.4177631,-1.4240754,-1.4458256,-1.4599541,-1.4723928,-1.4898268,-1.586944,-1.5472555,-1.5674872,-1.5272962,-1.5851809,-1.5713648,-1.3032752,-0.46834162,2.2219644
1576,CHC_CEME03_20110909,0.369896,0.630104,0.0,-1.6039242,-1.6030736,-1.5911088,-1.5751214,-1.5574312,-1.5442042,-1.5343984,-1.5235811,-1.5176806,-1.5137073,-1.5049406,-1.488583,-1.4580112,-1.4213036,-1.395524,-1.3759551,-1.3673323,-1.373048,-1.3839589,-1.3840044,-1.379291,-1.3763237,-1.3758402,-1.3694186,-1.3676226,-1.372067,-1.3715261,-1.3757942,-1.3665613,-1.3170608,-1.1792593,-0.9956222,-0.798914,-0.6186306,-0.4900036,-0.41291195,-0.37825847,-0.3408396,-0.3172374,-0.29648298,-0.27631485,-0.25895566,-0.24069177,-0.22322461,-0.20717788,-0.19082732,-0.1752319,-0.16226105,-0.14851378,-0.13641797,-0.12872918,-0.11829639,-0.10844254,-0.107276276,-0.094633214,-0.10357077,-0.11528854,-0.12692954,-0.12997957,-0.12337489,-0.10702959,-0.12258994,-0.10000432,-0.079246044,-0.054740302,-0.039978568,-0.020430254,-0.010326319,0.007542718,0.020282894,0.03285479,0.049631774,0.053512808,0.02075232,-0.019417547,-0.0822005,-0.1327183,-0.14892665,-0.15543444,-0.16222939,-0.1623321,-0.15160039,-0.122379944,-0.089319125,-0.059864372,-0.03538808,-0.015710987,-0.0035615372,0.0088059725,0.014660183,0.012699625,-0.0025866926,-0.034016963,-0.077668205,-0.12907612,-0.11899895,0.12217743,-0.24354711,0.1569541,-0.58032644,-0.8219609,-0.87781197,-0.9756894,-1.0119767,-1.0374194,-1.0448447,-1.0384969,-1.0302461,-1.0103346,-0.98624253,-0.9594948,-0.9320267,-0.9036413,-0.8792054,-0.856621,-0.8349487,-0.81520313,-0.7948515,-0.7765391,-0.7558916,-0.732191,-0.70897657,-0.6913712,-0.67662346,-0.6652071,-0.668191,-0.6809092,-0.6884152,-0.6917824,-0.70165485,-0.72564584,-0.75263834,-0.77604616,-0.7860941,-0.7810481,-0.78236014,-0.78660053,-0.78025097,-0.7733301,-0.76174724,-0.8117337,-0.874699,-0.80439234,2.072967,3.949969,3.7207286,0.14055468,5.014592,1.1499887,0.0034073992,-0.5186557,-1.7524561,-1.1868428,-1.2770387,-1.3578748,-1.3093983,-1.2674463,-1.2306266,-1.2084546,-1.1881797,-1.174615,-1.1914339,-1.1771189,-1.1750107,-1.1868008,-1.201569,-1.2155119,-1.217673,-1.2194088,-1.2214206,-1.2236894,-1.2193967,-1.2212456,-1.2173396,-1.2200961,-1.2058262,-1.1945179,-1.1875244,-1.1738992,-1.1645311,-1.1612276,-1.1530268,-1.1471078,-1.1548114,-1.1838993,-1.205639,-1.2349151,-1.2497107,-1.2710001,-1.2922971,-1.304213,-1.3020859,-1.2916048,-1.3009148,-1.3155339,-1.3380258,-1.325881,-1.3341765,-1.3493911,-1.360083,-1.4016603,-1.4353449,-1.4486731,-1.4578902,-1.4414394,-1.4475421,-1.5041877,-1.1719186,1.3044406,-1.7524561
1585,SSI_BAPI03_20110927,0.635722,0.364278,0.0,-1.6508793,-1.6346544,-1.6223594,-1.6026183,-1.5839568,-1.5679619,-1.552313,-1.5430591,-1.5350941,-1.5246754,-1.5114341,-1.4769942,-1.4102353,-1.3291888,-1.2750427,-1.2428471,-1.2332674,-1.2557921,-1.2900666,-1.3078474,-1.3142136,-1.3255346,-1.347136,-1.350311,-1.3650174,-1.3988369,-1.4237319,-1.4533472,-1.4513229,-1.3561792,-1.0734318,-0.7149993,-0.3546045,-0.056394104,0.1398082,0.25171492,0.3009433,0.35581905,0.3916875,0.42351827,0.45439872,0.48502907,0.511955,0.5358351,0.56019896,0.58490425,0.61089855,0.63470083,0.6576692,0.6759617,0.6887249,0.7048242,0.718917,0.71512514,0.69093376,0.6644711,0.59806037,0.57984096,0.58864564,0.6151252,0.6523523,0.74086004,0.7889109,0.85010576,0.8941032,0.9433216,0.980465,1.0091273,1.0284566,1.0401686,1.0338902,1.0263402,1.0089484,0.8976219,0.7444832,0.54900634,0.43776864,0.40656427,0.39136335,0.37185618,0.3760393,0.40554452,0.45851335,0.51751214,0.56987566,0.61376023,0.6447634,0.66396487,0.66761255,0.6485104,0.60497195,0.53249145,0.42586294,0.2980828,0.16512728,0.08470947,0.18700963,-0.20733097,0.4034268,0.017246759,-0.96803117,-1.1103412,-1.1506736,-1.1814325,-1.1958126,-1.2000787,-1.1972617,-1.1747111,-1.1417071,-1.1064787,-1.0616786,-1.0139755,-0.968057,-0.9184422,-0.87173617,-0.82666403,-0.78216916,-0.7419536,-0.70279586,-0.6632782,-0.6251828,-0.59347045,-0.56403404,-0.5408674,-0.5198041,-0.5081076,-0.5144296,-0.53270626,-0.558412,-0.60031796,-0.6405279,-0.6785617,-0.70732677,-0.7229354,-0.72396845,-0.74389607,-0.7718708,-0.7800376,-0.7855152,-0.7843303,-0.6704833,-0.8186247,-0.5068409,-1.7524561,-1.7524561,-1.7524561,-1.7524561,3.0981934,-1.7524561,2.8842099,-1.7524561,-1.7524561,-0.0074223527,-1.2564607,-1.4009688,-1.4181292,-1.4326131,-1.4047015,-1.3835034,-1.3689371,-1.3520929,-1.3278008,-1.3271981,-1.3217881,-1.3157074,-1.3052961,-1.3053286,-1.2919394,-1.278753,-1.2659576,-1.2556143,-1.247022,-1.2368203,-1.2256628,-1.2165495,-1.2101997,-1.1928791,-1.1822048,-1.1747204,-1.1683621,-1.1614041,-1.164563,-1.1641451,-1.1827165,-1.2122921,-1.241029,-1.2757995,-1.3039924,-1.3117489,-1.342422,-1.3713998,-1.372271,-1.3607296,-1.3830686,-1.3956916,-1.4004238,-1.3894488,-1.4167248,-1.4245857,-1.454842,-1.4670416,-1.5062001,-1.4724808,-1.5069586,-1.4680339,-1.4210293,-1.4428321,-0.8943348,-1.7524561,-1.7524561
1587,SSI_BAPI05_20110927,0.781907,0.218093,0.0,-1.6108419,-1.6130362,-1.6025465,-1.5777093,-1.5554179,-1.5365498,-1.516051,-1.5000507,-1.4894875,-1.4759885,-1.4550577,-1.4117295,-1.33438,-1.2409557,-1.1774601,-1.1380161,-1.1240551,-1.1407942,-1.1697884,-1.1889031,-1.1902705,-1.1972637,-1.2155755,-1.2160934,-1.229583,-1.267359,-1.2976799,-1.3386285,-1.3352754,-1.2024283,-0.86361367,-0.4808302,-0.13064006,0.13738008,0.30389565,0.39752468,0.4413312,0.49108687,0.52577835,0.5583755,0.58957213,0.6208043,0.6480542,0.6715266,0.69613075,0.72313917,0.74922484,0.7733398,0.79783064,0.81939614,0.8355609,0.8607323,0.87701416,0.89071316,0.85487086,0.8365846,0.77794784,0.7746248,0.787604,0.82340235,0.8626226,0.9334684,1.0019937,1.0671427,1.105413,1.1505587,1.1913033,1.2147965,1.2419195,1.2560235,1.2539223,1.2582707,1.2311647,1.1596836,1.0138429,0.8190582,0.72645074,0.6965566,0.68920636,0.6762889,0.6855877,0.72024995,0.7772883,0.836123,0.892266,0.9359407,0.97137684,0.9945452,1.0028616,0.9863122,0.94841105,0.8733106,0.774188,0.64984846,0.5104746,0.41371796,0.6889107,2.445752,0.8069796,0.6402456,-0.42822984,-0.8377143,-0.89639986,-0.92255116,-0.9375258,-0.9385195,-0.9372031,-0.9131585,-0.86765236,-0.8198109,-0.76940763,-0.71024686,-0.6556282,-0.59680086,-0.5389613,-0.4870082,-0.43392685,-0.38476464,-0.3344158,-0.28732294,-0.24292788,-0.19691911,-0.16077845,-0.13292748,-0.10814852,-0.09297591,-0.095423065,-0.110105224,-0.13888663,-0.18716095,-0.23079093,-0.27318183,-0.31340218,-0.3296103,-0.33202952,-0.3533991,-0.38027582,-0.3871542,-0.39375234,-0.3832276,-0.5631047,-0.65623975,0.011811141,0.07763735,-1.7524561,-0.54226834,-1.7524561,0.70638454,2.1907496,-1.7524561,-1.7524561,3.5903933,-1.1620969,-1.2987416,-1.3271465,-1.3153156,-1.265243,-1.2455602,-1.2227534,-1.2012966,-1.1953048,-1.1691452,-1.1470134,-1.1370595,-1.1334177,-1.136532,-1.1227499,-1.1113155,-1.1050935,-1.0905141,-1.0691277,-1.0580962,-1.0532284,-1.0343629,-1.0253303,-1.0185553,-1.0032835,-0.9964192,-0.9828346,-0.9665486,-0.9528994,-0.949086,-0.9592704,-0.98148626,-1.0231062,-1.0634123,-1.1061695,-1.1497178,-1.1637286,-1.1973377,-1.2202963,-1.2208006,-1.2019607,-1.2205043,-1.2438799,-1.2471724,-1.2908586,-1.310273,-1.3046836,-1.3207525,-1.3288857,-1.3988856,-1.4065157,-1.4421573,-1.4191555,-1.4348886,-1.3791088,-1.2124208,-0.026065236,-1.7524561
1590,SSI_BAPI08_20110927,0.83135,0.16865,0.0,-1.653559,-1.6334887,-1.613594,-1.5995209,-1.5771136,-1.5518272,-1.5315084,-1.5177002,-1.5032516,-1.4928963,-1.473051,-1.4288511,-1.3500146,-1.2505605,-1.1813228,-1.1381519,-1.1237,-1.1446565,-1.1840888,-1.2018126,-1.2034893,-1.2186705,-1.2448512,-1.2468122,-1.2613225,-1.3014542,-1.3332093,-1.3730248,-1.3715484,-1.2462914,-0.90722,-0.50464004,-0.121669084,0.17382444,0.35932577,0.46658814,0.5152037,0.5763221,0.61436605,0.65274024,0.6891365,0.7223473,0.7549021,0.78225785,0.8092046,0.83927214,0.86867315,0.8963942,0.9233149,0.9467535,0.96749985,0.9940867,1.0103842,1.0173635,1.012986,0.97708356,0.9232102,0.91720927,0.9219951,0.9539091,1.0002959,1.0413265,1.1158116,1.1556295,1.2149646,1.2591096,1.2925451,1.3254168,1.3497407,1.3652068,1.3701738,1.3683873,1.3681068,1.2890612,1.1318586,0.92272645,0.8229368,0.79046005,0.76705045,0.7576668,0.76634014,0.7972433,0.85940593,0.9274062,0.9854598,1.0357372,1.0717887,1.0962182,1.1037745,1.0856812,1.0486898,0.97761995,0.86755925,0.7345258,0.59329015,0.50868106,0.5704333,1.3657168,0.94551665,0.5089536,-0.41034198,-0.83528996,-0.8861506,-0.95199156,-0.96051073,-0.9639329,-0.9545747,-0.9269617,-0.8801421,-0.8344842,-0.78720427,-0.7287973,-0.6684722,-0.61230665,-0.5539735,-0.4977613,-0.44617248,-0.39596155,-0.34297788,-0.29413235,-0.24727623,-0.20554207,-0.16654654,-0.1389786,-0.11364666,-0.10218131,-0.10751222,-0.12438853,-0.16170911,-0.21115778,-0.26258603,-0.3077242,-0.34605446,-0.36493796,-0.36105332,-0.38541052,-0.40840012,-0.42092738,-0.4236322,-0.4248361,-0.6340063,-0.86010504,-0.83589894,-1.7524561,-1.7524561,1.6365236,2.0634708,0.7598072,-0.47677165,-0.08231338,0.6735357,0.2910441,-0.041930944,-1.4682049,-1.4345347,-1.4353887,-1.3707535,-1.3290126,-1.2913407,-1.2661862,-1.2574425,-1.2422942,-1.2266759,-1.2147131,-1.2044916,-1.2097162,-1.1956079,-1.1888292,-1.172924,-1.1649746,-1.1489264,-1.1355859,-1.1201568,-1.1105001,-1.0994383,-1.089793,-1.0765806,-1.0661856,-1.050001,-1.0402279,-1.0232879,-1.0295172,-1.0429255,-1.0653975,-1.1021917,-1.1352519,-1.1736093,-1.2203484,-1.2383229,-1.2660793,-1.2799901,-1.28907,-1.2788186,-1.3032298,-1.3098618,-1.3362647,-1.349804,-1.3363724,-1.361692,-1.3945993,-1.4382024,-1.4626116,-1.4771533,-1.4687489,-1.4908452,-1.5197101,-1.4889095,-1.1900408,0.17419676,1.2395192
1597,SSC_BAPI01_20110930,0.411616,0.588384,0.0,-1.609788,-1.6062276,-1.5824506,-1.5506365,-1.517615,-1.4858501,-1.4634829,-1.4480116,-1.4336476,-1.4190158,-1.3958821,-1.347132,-1.2659467,-1.1729374,-1.1093765,-1.070987,-1.0553889,-1.0649465,-1.0886445,-1.0987222,-1.0948834,-1.1004043,-1.1168863,-1.1162422,-1.1234031,-1.1537857,-1.1843494,-1.2264562,-1.225657,-1.0960121,-0.8096081,-0.50861466,-0.22705294,0.011626385,0.17262149,0.26316297,0.2988966,0.35643324,0.39345607,0.42538616,0.45901212,0.49098518,0.51369035,0.5399186,0.57604045,0.6046253,0.63089633,0.6588551,0.6811617,0.7051921,0.7061667,0.7272865,0.74920547,0.7527033,0.6958344,0.68550915,0.64314675,0.6438549,0.6602464,0.6902301,0.7257466,0.84756124,0.9006446,0.9581172,1.0046808,1.0522237,1.0803493,1.1097028,1.1312537,1.1341915,1.1261797,1.1024891,1.0592675,0.96779156,0.85238266,0.68831915,0.6265038,0.60004723,0.58548224,0.5684191,0.5775734,0.6033478,0.65148777,0.7118279,0.7626025,0.8040429,0.83622235,0.8586115,0.8737257,0.86334413,0.8264449,0.7637807,0.66727084,0.5468386,0.42343086,0.326379,-0.010168675,0.335793,-0.20329638,0.33463702,-0.5833733,-0.84728366,-0.9034656,-0.93099475,-0.9472245,-0.9417382,-0.94295686,-0.9274054,-0.89009154,-0.8456997,-0.8049163,-0.7532634,-0.70373136,-0.6544154,-0.6077743,-0.56220365,-0.5181295,-0.4779093,-0.434991,-0.39270714,-0.35419142,-0.3155973,-0.28540024,-0.25797042,-0.23406126,-0.2192932,-0.22214961,-0.23338334,-0.25497672,-0.29407275,-0.32712772,-0.36298966,-0.3959077,-0.41106042,-0.4126434,-0.43087614,-0.46207887,-0.47335923,-0.48406675,-0.48789823,-0.5086397,-0.5736798,-0.35197294,-1.7524561,-1.7524561,-1.7524561,1.6615916,1.6722972,-1.7524561,0.97216606,2.445752,4.400933,-0.23590565,-1.0987704,-1.3413149,-1.3590646,-1.2770647,-1.2625958,-1.2376742,-1.2229242,-1.2072096,-1.1685649,-1.1460111,-1.1429312,-1.1431253,-1.1370317,-1.1283827,-1.1102123,-1.1044297,-1.0936038,-1.078025,-1.0667956,-1.051032,-1.037562,-1.0300926,-1.0173701,-1.0002712,-0.9857958,-0.97504675,-0.97197324,-0.9535496,-0.9503257,-0.9543657,-0.98630464,-1.0275683,-1.0630819,-1.0996665,-1.125528,-1.1393054,-1.1755989,-1.204243,-1.2035714,-1.2086636,-1.202954,-1.2349609,-1.2419565,-1.236139,-1.294939,-1.2726151,-1.2973047,-1.3087775,-1.3763216,-1.3779756,-1.3827329,-1.3439071,-1.3664814,-1.3448961,-1.0902648,2.218452,-1.7524561
1619,CHC_ARCA01_20111006,0.195767,0.804233,0.0,-1.4924111,-1.4675242,-1.4319627,-1.3836869,-1.3456914,-1.3090593,-1.2836435,-1.2601442,-1.2411407,-1.2246296,-1.2061999,-1.1775876,-1.1352955,-1.0841131,-1.0404698,-1.0048648,-0.9764208,-0.96426433,-0.9640982,-0.943971,-0.93113905,-0.9177549,-0.90922165,-0.88907117,-0.8750124,-0.87672794,-0.8707251,-0.8713812,-0.8527204,-0.7591416,-0.55740505,-0.34833112,-0.1546612,0.00043869182,0.10493511,0.17758207,0.22374733,0.27888623,0.32716104,0.37104353,0.41305184,0.45197108,0.49387607,0.52959967,0.56210023,0.59299564,0.6245436,0.6575303,0.68582046,0.716179,0.7451607,0.77431655,0.80232483,0.82891065,0.85315114,0.8556793,0.8462127,0.8350619,0.84095705,0.8563047,0.8812573,0.86998105,0.90332395,0.9456705,0.97732216,1.0090903,1.0315961,1.0655581,1.0790007,1.0954621,1.1125066,1.1267868,1.1395423,1.1200812,1.0513884,0.9489951,0.87257,0.8310791,0.813821,0.8019611,0.8036374,0.82268506,0.86375076,0.9103206,0.9508214,0.99263245,1.02171,1.0431988,1.0591133,1.064376,1.0590495,1.0336342,0.98655224,0.92127174,0.84110636,0.7961023,0.91912645,1.048739,0.45654777,0.35428676,0.079147294,-0.12826209,-0.26308832,-0.33020127,-0.36555907,-0.38403565,-0.3894485,-0.37653035,-0.3463827,-0.3173489,-0.28348234,-0.24105941,-0.20245358,-0.16483033,-0.12826173,-0.094108045,-0.06380617,-0.030481486,0.0027609305,0.03566679,0.071564265,0.10875408,0.13638185,0.16320854,0.18126445,0.19345059,0.18498772,0.17173629,0.15773916,0.13563618,0.10742644,0.069975905,0.04438103,0.03203876,0.04300442,0.03355642,0.025493674,0.024135413,0.029949073,0.043663744,-0.018601282,0.106829405,0.07198344,0.82856005,0.50949347,-1.7524561,0.32976303,4.3310266,-0.38932636,-0.121578634,-0.36743537,-0.22939807,-0.68933654,-0.7871352,-0.8628766,-0.81833243,-0.80285037,-0.7887569,-0.7503477,-0.70763046,-0.6695182,-0.6608274,-0.63769305,-0.63557017,-0.6285776,-0.63872325,-0.6423487,-0.64335686,-0.6494524,-0.6479588,-0.64340687,-0.64074063,-0.6295104,-0.6253929,-0.618297,-0.60238206,-0.5823812,-0.57436657,-0.55909705,-0.52679056,-0.53550714,-0.51828223,-0.52396536,-0.5420726,-0.58724916,-0.62989694,-0.6705109,-0.70882034,-0.75522584,-0.7757515,-0.775984,-0.7889345,-0.777632,-0.79343283,-0.8211076,-0.8246857,-0.81092304,-0.83817637,-0.83449835,-0.865307,-0.8428666,-0.8652534,-0.892138,-0.9767712,-1.0399393,-1.0971978,-1.1223813,-0.7305661,-1.0070115,-0.14143756
1621,CHC_ARGL01_20111006,0.627039,0.372961,0.0,-1.5748038,-1.5742052,-1.5719916,-1.5645175,-1.5466468,-1.5186459,-1.4967511,-1.4862415,-1.479267,-1.4793289,-1.4728065,-1.4484547,-1.4045311,-1.3482645,-1.2951874,-1.2487261,-1.2243216,-1.2268323,-1.2416763,-1.2417741,-1.2338991,-1.2339144,-1.244521,-1.2397336,-1.2463555,-1.2770691,-1.3008358,-1.3413522,-1.3436391,-1.2205639,-0.87072486,-0.4574414,-0.12845035,0.10120541,0.23833564,0.31574523,0.3467416,0.40307084,0.43640628,0.46586034,0.49518,0.5202506,0.5379474,0.5589158,0.58409,0.60160494,0.61767083,0.63267076,0.64412814,0.64932257,0.6333948,0.636694,0.63923734,0.61522615,0.5675539,0.5342453,0.4725849,0.44636017,0.4334635,0.44466338,0.46725962,0.5236669,0.5685876,0.60822695,0.6535573,0.6877685,0.7132542,0.736324,0.749776,0.75071275,0.74072075,0.7061034,0.6425297,0.5456387,0.43388864,0.2705831,0.18051338,0.13622935,0.103819564,0.07573499,0.06285376,0.07048214,0.11344367,0.16655484,0.20854713,0.24026944,0.2612703,0.27637514,0.27961263,0.2649589,0.22787014,0.16755165,0.07763431,-0.039004423,-0.16045661,-0.2687886,-0.26133528,-0.36236095,-0.7633599,-1.0108312,-1.1286246,-1.2446889,-1.2821923,-1.3147101,-1.3319105,-1.3321182,-1.3289226,-1.323917,-1.302917,-1.2740853,-1.2465352,-1.2143602,-1.1850042,-1.1560357,-1.1277577,-1.1010103,-1.0762826,-1.0534871,-1.029133,-1.0066307,-0.9845868,-0.962282,-0.94378215,-0.9268577,-0.91576916,-0.91647273,-0.92501485,-0.9214167,-0.9231573,-0.9383738,-0.9631933,-0.98959875,-1.013946,-1.028845,-1.0247738,-1.0375861,-1.0503168,-1.058292,-1.0628477,-1.0660423,-1.0990697,-1.1266247,-1.1089451,-0.40803248,3.7122386,0.22410023,0.35234222,-0.061721507,-0.98496133,-0.89940155,0.2634432,-1.3170896,-1.5076083,-1.561027,-1.5681896,-1.5747633,-1.5487725,-1.534296,-1.523982,-1.5123184,-1.4969445,-1.4826773,-1.4763502,-1.4684536,-1.4683938,-1.4627649,-1.4642423,-1.4591135,-1.4547504,-1.4564385,-1.4476309,-1.4432052,-1.4441127,-1.4391619,-1.433051,-1.4257869,-1.4149328,-1.4099936,-1.4009479,-1.3924713,-1.3867944,-1.3860283,-1.3819797,-1.3871641,-1.4030428,-1.4249356,-1.4280127,-1.4615139,-1.467711,-1.4838076,-1.5009067,-1.5111918,-1.5001724,-1.4966983,-1.5263447,-1.5314091,-1.5367815,-1.5490756,-1.5528241,-1.5647743,-1.5654789,-1.5444845,-1.6213127,-1.5699569,-1.543281,-1.589742,-1.5357851,-1.3843524,-0.91272026,-0.5250406
1633,CHC_CEME04_20111006,0.566474,0.433526,0.0,-1.5869187,-1.5846748,-1.5784487,-1.5690639,-1.5554609,-1.5434335,-1.536084,-1.5313616,-1.526338,-1.5242885,-1.5179834,-1.4996384,-1.4617416,-1.4043727,-1.3553742,-1.31907,-1.3081954,-1.3301502,-1.3605795,-1.3743087,-1.3762494,-1.3849396,-1.3971206,-1.3949401,-1.4012119,-1.4191828,-1.4261056,-1.4354731,-1.4269669,-1.3567159,-1.0941458,-0.722736,-0.35218084,-0.045096796,0.1491641,0.25272855,0.30219838,0.34239417,0.36854553,0.3926813,0.4145474,0.43419996,0.45130894,0.47086614,0.49123457,0.50707257,0.5221391,0.5366122,0.5505026,0.55966675,0.55969995,0.5666891,0.570692,0.57835263,0.54322106,0.5390564,0.50565296,0.4843506,0.47779804,0.48672262,0.5061919,0.61674744,0.6548372,0.68070763,0.71629375,0.7469844,0.77020025,0.7944281,0.8070109,0.81456167,0.81592894,0.80152315,0.7747571,0.72846097,0.6591072,0.5472478,0.4703924,0.43010682,0.40641326,0.391056,0.386735,0.40189782,0.44216046,0.48457778,0.52207434,0.55296975,0.57482135,0.596124,0.6043507,0.6008082,0.5796963,0.53854316,0.46927497,0.37042955,0.25857505,0.16005696,0.17140591,-0.103037186,-0.37337512,-0.50541085,-0.766445,-0.9552259,-1.0396689,-1.0845871,-1.1091765,-1.1151431,-1.1165512,-1.1065675,-1.0831143,-1.0516299,-1.0175872,-0.9795423,-0.9421905,-0.907306,-0.8748744,-0.8422711,-0.81299746,-0.78567046,-0.7561618,-0.7284659,-0.70135874,-0.67141396,-0.6466313,-0.6246453,-0.6101518,-0.6103871,-0.6217852,-0.62200063,-0.6170745,-0.6264368,-0.64595044,-0.67269605,-0.6977272,-0.71574676,-0.7180587,-0.73152447,-0.74298036,-0.7511874,-0.75506634,-0.75826645,-0.72135156,-0.7431148,-0.7077196,-0.46726757,4.5150247,0.32807276,0.7801156,0.33317745,-0.71599543,-0.80744404,0.85337037,-1.1660535,-1.3879459,-1.441428,-1.4298168,-1.4003204,-1.3780537,-1.3584969,-1.339824,-1.3282979,-1.314059,-1.2949804,-1.2782834,-1.2719159,-1.2755564,-1.2712722,-1.2707975,-1.2714881,-1.2665583,-1.2636853,-1.2584257,-1.2533294,-1.2541958,-1.2489699,-1.2413102,-1.2346233,-1.2211455,-1.2150109,-1.2079401,-1.1906148,-1.1781701,-1.1663437,-1.1617898,-1.1722332,-1.188456,-1.2214664,-1.2352068,-1.2609842,-1.2664789,-1.2933328,-1.3117683,-1.3216957,-1.3081493,-1.3107009,-1.336382,-1.3242433,-1.3597786,-1.3615202,-1.3836292,-1.3864542,-1.3879547,-1.3548554,-1.409785,-1.4527465,-1.4429822,-1.4158851,-1.4462647,-1.3716716,-0.5285246,-0.4641163
1634,CHC_CEME06_20111006,0.591671,0.408329,0.0,-1.6113565,-1.6071093,-1.6016622,-1.5938478,-1.5828878,-1.572901,-1.566533,-1.5618918,-1.5571392,-1.5553639,-1.5507655,-1.5369647,-1.5108149,-1.4736695,-1.4406422,-1.4147984,-1.4033036,-1.4120927,-1.4258341,-1.4299804,-1.427232,-1.4264458,-1.4279886,-1.4202144,-1.4188247,-1.4267597,-1.425854,-1.4300027,-1.4196651,-1.3562117,-1.1583215,-0.89648914,-0.6497747,-0.43973935,-0.29855362,-0.22022505,-0.18651204,-0.14706098,-0.12330828,-0.10261065,-0.081464626,-0.06265055,-0.048767246,-0.029914364,-0.007073409,0.008882049,0.023708874,0.038198326,0.051779542,0.06197124,0.0560094,0.06481467,0.07551751,0.0697444,0.046058435,0.042404696,0.024918724,0.022210965,0.01953838,0.033662178,0.05256507,0.08672262,0.11821634,0.1448009,0.17266333,0.19768582,0.21588756,0.23519094,0.2508649,0.25690186,0.25939003,0.24846014,0.20962785,0.16488713,0.12255009,0.037002265,-0.009579235,-0.032572575,-0.046862897,-0.057658292,-0.057583153,-0.04359573,-0.009148372,0.031058423,0.0647712,0.09203296,0.11225871,0.13007435,0.14072636,0.13992983,0.12379114,0.08987842,0.034482766,-0.047719948,-0.13611238,-0.2254079,-0.2265204,-0.3982907,-0.68047166,-0.80079806,-0.9690899,-1.0814604,-1.1226131,-1.1498423,-1.1666894,-1.1665155,-1.1603193,-1.155887,-1.1340927,-1.1072764,-1.0757998,-1.0457537,-1.0169922,-0.9887844,-0.9633049,-0.9385133,-0.9162938,-0.8956474,-0.8728054,-0.8502289,-0.8285603,-0.8043135,-0.7847754,-0.7660249,-0.7552006,-0.75489783,-0.76246333,-0.76643765,-0.7632676,-0.77081347,-0.7868551,-0.8066365,-0.82782143,-0.8411477,-0.8415006,-0.84787047,-0.8580439,-0.8626422,-0.8694282,-0.8697815,-0.9005311,-0.89800197,-0.8521682,-0.43624735,4.738325,0.47947684,1.4895841,0.21734153,-0.74420923,-0.36632964,0.3480231,-0.9983864,-1.410158,-1.4109234,-1.4164729,-1.3938488,-1.3460829,-1.33584,-1.3141305,-1.3030722,-1.2972256,-1.2834426,-1.2706826,-1.2662382,-1.267425,-1.2707345,-1.2799289,-1.2759475,-1.2757427,-1.278772,-1.2733928,-1.2730833,-1.2730705,-1.2667271,-1.2671849,-1.2616922,-1.2466621,-1.2441009,-1.2402873,-1.2281059,-1.2235595,-1.209808,-1.2071043,-1.217888,-1.2312927,-1.2559841,-1.2779717,-1.2942395,-1.2975416,-1.3089154,-1.3361162,-1.3323073,-1.3306172,-1.3562849,-1.3539542,-1.3511276,-1.3543948,-1.3648001,-1.3847097,-1.3850338,-1.3987994,-1.4082819,-1.4080776,-1.4338139,-1.4571868,-1.4559575,-1.3594078,-1.2491837,-0.4605223,-0.37039718
1639,CHI_ADFA02_20111007,0.343868,0.656132,0.0,-1.5479659,-1.5406661,-1.5310241,-1.5215839,-1.5118524,-1.5039889,-1.4946073,-1.4866582,-1.4799984,-1.4725523,-1.4657873,-1.4509696,-1.4240655,-1.3897523,-1.3622162,-1.3406256,-1.3282,-1.330457,-1.3394177,-1.3397193,-1.3371286,-1.3344384,-1.336476,-1.3312743,-1.3273712,-1.3326125,-1.3334023,-1.336317,-1.3285576,-1.2864391,-1.1645604,-1.0133119,-0.86981034,-0.7528371,-0.6752362,-0.63097805,-0.6166213,-0.58314097,-0.56631446,-0.55123395,-0.534736,-0.5183332,-0.5050169,-0.49053657,-0.47415295,-0.45885518,-0.44346836,-0.43061563,-0.41911933,-0.40773448,-0.40314773,-0.39062643,-0.37846833,-0.37710002,-0.3766271,-0.37043214,-0.36751506,-0.3573139,-0.35057518,-0.3356357,-0.31742275,-0.2790024,-0.26441208,-0.23926818,-0.22090061,-0.20140606,-0.1852468,-0.17185138,-0.15621729,-0.13837257,-0.12583946,-0.12072521,-0.12849627,-0.12834518,-0.14438781,-0.16810451,-0.17736694,-0.18799663,-0.18863666,-0.18420804,-0.1764836,-0.15636139,-0.12173254,-0.08672683,-0.051936015,-0.024048,-0.0014476597,0.022912007,0.042840347,0.05683712,0.0638112,0.059728466,0.04447171,0.013408614,-0.027805746,-0.06083945,-0.13765505,-0.12418274,0.0046285843,-0.292194,-0.5482393,-0.6238385,-0.6905369,-0.72452676,-0.74045783,-0.7404944,-0.7356239,-0.719881,-0.6897576,-0.654686,-0.61989516,-0.58219665,-0.54626864,-0.51100516,-0.48178154,-0.4539092,-0.4251958,-0.4041954,-0.37413284,-0.34438184,-0.31643352,-0.28575057,-0.25517222,-0.23477386,-0.21788843,-0.20919792,-0.21513861,-0.22439566,-0.23672472,-0.25971946,-0.29099056,-0.31929976,-0.3478624,-0.35215688,-0.33767292,-0.33729735,-0.34563118,-0.34195524,-0.33060312,-0.32212952,-0.33415696,-0.37453672,-0.42666754,0.48060384,1.354627,3.2577846,-1.7524561,1.8440546,-0.3507347,-0.18521021,1.8347777,-0.5993323,-0.93233424,-0.9660398,-0.9642629,-0.8937859,-0.8306312,-0.8169987,-0.7960131,-0.77293766,-0.75085855,-0.72290105,-0.71953684,-0.727983,-0.75118417,-0.76136273,-0.78627765,-0.7918074,-0.79606634,-0.7963555,-0.7933931,-0.7947996,-0.7860548,-0.775931,-0.76130676,-0.75056314,-0.73266745,-0.7169901,-0.7113174,-0.6885369,-0.6764656,-0.6734436,-0.6639611,-0.6922514,-0.74781054,-0.8023686,-0.84279764,-0.8861197,-0.9056549,-0.92094195,-0.93541133,-0.9454512,-0.9531556,-0.9351346,-0.9639577,-0.95498186,-0.9746801,-0.9655782,-0.9835527,-1.0021689,-1.0248588,-1.0602745,-1.1114337,-1.1242486,-1.0659435,-1.2501717,-1.1876801,-1.2180523,2.0307858,-0.13492414
1651,CHI_CECU04_20111007,0.451921,0.548079,0.0,-1.5087926,-1.4965273,-1.4935602,-1.4836334,-1.4655128,-1.4504514,-1.43769,-1.43198,-1.4268377,-1.4211599,-1.4138529,-1.3979858,-1.3713548,-1.3325726,-1.3023558,-1.281027,-1.2721301,-1.2821271,-1.2949439,-1.3006932,-1.2982154,-1.2976954,-1.3038236,-1.3004835,-1.3020105,-1.3146408,-1.3206326,-1.3304448,-1.3254446,-1.2755487,-1.1139189,-0.89408475,-0.6471632,-0.40908328,-0.23838483,-0.1416617,-0.10623892,-0.0658504,-0.043007106,-0.02536548,-0.0066668536,0.0098421695,0.02611946,0.043176904,0.057874016,0.07556543,0.09042065,0.10402711,0.117182955,0.12825835,0.13763273,0.14453107,0.15145409,0.16616954,0.15854222,0.14988104,0.11740031,0.099404134,0.09468498,0.10456244,0.12514485,0.1870066,0.2169781,0.24480289,0.27986598,0.30287054,0.33121115,0.351886,0.37215838,0.38789403,0.40090916,0.4022325,0.41124988,0.38220224,0.30930787,0.21418913,0.14009695,0.10676911,0.09388344,0.08553579,0.08502079,0.103822835,0.14258851,0.18805774,0.2259999,0.25983363,0.2893744,0.30948693,0.32617238,0.3314617,0.32272363,0.29302347,0.24414264,0.17632665,0.09949201,0.06789042,0.14973788,0.25201783,-0.053373978,-0.38510177,-0.68463737,-0.7830158,-0.8649114,-0.91282856,-0.93062145,-0.939594,-0.9426792,-0.92776656,-0.9080541,-0.8831019,-0.85662687,-0.8248674,-0.79054266,-0.7599795,-0.73006886,-0.6999804,-0.6715457,-0.6460817,-0.6185773,-0.5919432,-0.5647321,-0.5372609,-0.50967926,-0.48728624,-0.47347772,-0.46910343,-0.47613558,-0.4775121,-0.47834387,-0.4899387,-0.5119835,-0.53803015,-0.56494296,-0.5834065,-0.57658386,-0.58068854,-0.5939282,-0.58939564,-0.5827451,-0.5789183,-0.54874235,-0.5616873,-0.569384,1.0329764,-1.7524561,-1.7524561,1.1997305,-0.3365866,-0.19203846,-0.7289386,0.98696244,-0.6560176,-1.1199028,-1.149269,-1.1554652,-1.1359595,-1.1248343,-1.1039474,-1.0915909,-1.0847248,-1.0715599,-1.0646069,-1.0478212,-1.0406904,-1.0455893,-1.0574858,-1.061806,-1.0615847,-1.0635502,-1.0590042,-1.061142,-1.0578312,-1.0492672,-1.0497208,-1.0392656,-1.0235503,-1.0178072,-1.0111586,-0.98953617,-0.97409385,-0.9702759,-0.95947486,-0.9623436,-0.9710152,-1.0037719,-1.033056,-1.065169,-1.0973339,-1.1021128,-1.1279321,-1.1485709,-1.1586263,-1.1423475,-1.1324314,-1.1706399,-1.1748291,-1.1736416,-1.1763172,-1.2048985,-1.2064797,-1.2380631,-1.2539107,-1.2620591,-1.2748253,-1.3061764,-1.3210343,-1.36106,-1.2625756,0.039227627,-1.7524561
1663,SSC_BAPI04_20111107,0.469109,0.530891,0.0,-1.4915946,-1.4749652,-1.4455798,-1.3943655,-1.3467463,-1.307308,-1.2775732,-1.256534,-1.2363703,-1.2189358,-1.1985159,-1.1584693,-1.0815189,-0.98818046,-0.9236841,-0.8818323,-0.8644094,-0.88406384,-0.90944093,-0.9273107,-0.9230363,-0.9271731,-0.9456939,-0.9454563,-0.9493884,-0.9774412,-1.0027841,-1.0369225,-1.030125,-0.9177834,-0.6102983,-0.2434791,0.12012689,0.4339873,0.64682853,0.75947654,0.79532444,0.86246485,0.9022344,0.9320589,0.966612,0.9982501,1.0196413,1.0502205,1.0843129,1.1183043,1.1467893,1.1754309,1.2038127,1.2300496,1.2329217,1.2569107,1.282611,1.3100345,1.2448597,1.2515999,1.2255684,1.2288073,1.2468889,1.2880707,1.328292,1.4761356,1.534185,1.5840241,1.624678,1.6774968,1.71194,1.7481948,1.766962,1.7780355,1.7766273,1.7703124,1.7139454,1.6596532,1.5411837,1.3827685,1.3001659,1.2690545,1.2371418,1.214409,1.2225425,1.2584108,1.3173724,1.3946958,1.452008,1.5063703,1.5393442,1.5720953,1.5948998,1.588221,1.5609629,1.4960659,1.3911077,1.2698593,1.1364095,1.0373477,1.10009,0.9113179,0.58162147,0.2058126,-0.20778637,-0.36803955,-0.44707265,-0.5058556,-0.5391249,-0.5519677,-0.5496735,-0.5311733,-0.4874143,-0.4365749,-0.38245723,-0.3189875,-0.25794226,-0.19480827,-0.13597098,-0.080746405,-0.02467998,0.023484152,0.07468804,0.12733994,0.1704264,0.21803288,0.25363,0.28363636,0.30913565,0.32679105,0.32090646,0.29778013,0.25855777,0.20400842,0.14780374,0.102129884,0.06504162,0.047446147,0.05157118,0.033946965,0.00614227,-0.0031514762,-0.002425426,-0.0008838109,0.025595693,0.03244029,-0.11029325,2.4415672,-1.7524561,-1.7524561,3.8491366,-1.7524561,0.7995898,-0.45407653,1.9381274,2.5719357,-1.034174,-1.0874668,-1.0314654,-0.95520884,-0.9000069,-0.8443533,-0.82132906,-0.8002843,-0.8171705,-0.744503,-0.70671093,-0.70950073,-0.7089027,-0.7235057,-0.7141324,-0.699412,-0.7035252,-0.6905909,-0.67323405,-0.6623263,-0.64055645,-0.62621915,-0.60792756,-0.58899754,-0.57772046,-0.5510342,-0.53073335,-0.5227842,-0.507656,-0.5054156,-0.52218336,-0.549598,-0.6362954,-0.68035597,-0.7358367,-0.7653882,-0.7880621,-0.8150328,-0.8468168,-0.8530888,-0.86870486,-0.88190323,-0.91738284,-0.9198102,-0.9250505,-0.9177112,-0.9290677,-0.9782472,-0.9246161,-1.091827,-1.0576186,-1.079506,-1.1734592,-1.1952906,-1.2800759,-1.1994098,0.44994473,-1.7524561
1665,SSC_BAPI06_20111107,0.467403,0.532597,0.0,-1.625294,-1.6183814,-1.6047057,-1.5832747,-1.5594425,-1.5393348,-1.5241699,-1.5123982,-1.5035563,-1.4903712,-1.4767925,-1.4548262,-1.41232,-1.3518647,-1.3093715,-1.281455,-1.2716956,-1.2842476,-1.3090996,-1.310912,-1.3065091,-1.312911,-1.3230246,-1.320301,-1.3220254,-1.3355829,-1.3446869,-1.3578372,-1.3526869,-1.2905422,-1.0999565,-0.8553547,-0.5994033,-0.376711,-0.22576304,-0.14162092,-0.101528056,-0.05630786,-0.023298228,0.0050561745,0.035868958,0.06407729,0.08771055,0.11814284,0.14962453,0.1773674,0.20394553,0.23148157,0.2559602,0.28020814,0.29261234,0.31487978,0.34301168,0.3435303,0.34856695,0.3532112,0.34369132,0.35516346,0.36873627,0.40195903,0.42771238,0.5168491,0.5561497,0.60389984,0.6471497,0.685159,0.72568697,0.75402546,0.7862952,0.80869627,0.81747663,0.8221071,0.8191344,0.79277337,0.720834,0.6171543,0.5712319,0.55064005,0.5400619,0.5339959,0.54965657,0.58993137,0.64805067,0.7189374,0.77264285,0.8245071,0.8685154,0.90395033,0.9354707,0.9432718,0.9273389,0.8879483,0.819172,0.71460164,0.6099625,0.52220243,0.40435934,0.2916041,0.8816018,-0.27052328,-0.5270353,-0.671212,-0.7391097,-0.7787018,-0.8171864,-0.8156776,-0.81185675,-0.7924352,-0.75450844,-0.70403236,-0.65454876,-0.5964526,-0.5390227,-0.4807533,-0.42565075,-0.37069565,-0.3189189,-0.27047583,-0.22238882,-0.17597233,-0.12782514,-0.083122164,-0.04658185,-0.016593512,0.00876145,0.030188752,0.022807067,0.00083659956,-0.036341656,-0.091896825,-0.14197348,-0.18534052,-0.22268015,-0.23829228,-0.22472134,-0.23526141,-0.26151362,-0.26035097,-0.2561453,-0.25182196,-0.3590197,-0.35961372,-0.20131081,-1.7524561,1.2841008,-1.7524561,-1.7524561,-1.7524561,3.1260428,-0.09150242,-1.7524561,-0.41256803,-0.7830411,-1.1872127,-1.2442061,-1.2227978,-1.1575058,-1.1465685,-1.1162456,-1.0944905,-1.0891849,-1.0490003,-1.0298306,-1.0242372,-1.0205973,-1.0269442,-1.0297215,-1.0186453,-1.0037547,-1.0025514,-0.98300636,-0.9691896,-0.9589266,-0.9504111,-0.9390974,-0.9328047,-0.91804874,-0.8964374,-0.88284993,-0.86533964,-0.8574871,-0.85615706,-0.8651385,-0.90347,-0.94497836,-0.9989466,-1.0488476,-1.0977149,-1.1172342,-1.1279845,-1.163759,-1.1720593,-1.1578369,-1.1523025,-1.182973,-1.1914132,-1.2060454,-1.1908803,-1.2290361,-1.2455454,-1.2446787,-1.3144776,-1.3006148,-1.3537116,-1.350132,-1.3019263,-1.3218788,-0.90908086,2.305219,0.9752923
1667,SSC_BAPI08_20111107,0.465265,0.534735,0.0,-1.601236,-1.5919766,-1.5750605,-1.554601,-1.5316141,-1.5135285,-1.4977524,-1.4864312,-1.4781864,-1.4655613,-1.4506621,-1.4249818,-1.3729357,-1.2984899,-1.2471277,-1.2136301,-1.204289,-1.2236625,-1.2561393,-1.2638278,-1.2601914,-1.2711384,-1.2866172,-1.2852582,-1.2897233,-1.3091878,-1.3239082,-1.3424925,-1.3378869,-1.2617465,-1.020557,-0.6984237,-0.34556785,-0.020651821,0.20716,0.33121607,0.37614143,0.44470334,0.4864826,0.5211161,0.55843437,0.5939275,0.6208532,0.6555715,0.69455296,0.7287926,0.76030993,0.7922008,0.8222775,0.8522857,0.86317605,0.89260954,0.9226935,0.9479838,0.91290975,0.9216256,0.8943253,0.9019817,0.9205143,0.96855676,1.0051327,1.1127926,1.1650451,1.2220825,1.274864,1.3204708,1.3627338,1.3930608,1.4282252,1.4448895,1.4423449,1.4413279,1.4314502,1.3814507,1.2622133,1.0974426,1.0232853,0.989043,0.96979547,0.95585644,0.96820945,1.0059205,1.0646142,1.1388148,1.1930774,1.2458025,1.2863344,1.3138864,1.3411101,1.3417208,1.3083321,1.2469089,1.1546378,1.0237203,0.89399177,0.8125045,0.95403624,0.67891777,1.153379,0.17185898,-0.359249,-0.5478768,-0.6749687,-0.7277813,-0.76775813,-0.7690451,-0.7752162,-0.75576776,-0.717389,-0.66761804,-0.62243664,-0.5618135,-0.50197154,-0.44284853,-0.37956846,-0.32006893,-0.26227483,-0.209387,-0.15234537,-0.09873815,-0.046467796,0.0051413653,0.04685425,0.08320899,0.11528655,0.14430436,0.14425436,0.12519966,0.09236578,0.03849036,-0.008738428,-0.050674047,-0.09059477,-0.113198385,-0.105161,-0.12161627,-0.1551859,-0.16315655,-0.1607511,-0.16610633,-0.28945923,-0.32163042,-0.12112148,-1.7524561,0.92523235,-1.7524561,-1.7524561,-1.7524561,2.4539905,0.06256746,-1.7524561,-0.3674883,-0.9648699,-1.328234,-1.2869432,-1.2754266,-1.2447914,-1.2187871,-1.19623,-1.1721008,-1.1693968,-1.1441396,-1.1134188,-1.1041456,-1.1015081,-1.0988843,-1.0925646,-1.0825695,-1.0651371,-1.0492439,-1.0370504,-1.016553,-1.000964,-0.98384905,-0.977965,-0.9557549,-0.94859684,-0.93128455,-0.915632,-0.8986663,-0.89035404,-0.885329,-0.902411,-0.93443507,-0.9793783,-1.0164697,-1.063346,-1.1041396,-1.119315,-1.1462137,-1.1743438,-1.1765908,-1.1884711,-1.1789262,-1.211639,-1.2347349,-1.2176948,-1.2105217,-1.2350557,-1.269221,-1.2907007,-1.3301173,-1.3200796,-1.3811879,-1.3270551,-1.4103968,-1.2996541,-0.80534244,3.4951673,0.97235847
1670,SSC_BAPI11_20111107,0.582163,0.417837,0.0,-1.6571871,-1.6489016,-1.6267221,-1.6053071,-1.5797839,-1.5639977,-1.5504872,-1.5395383,-1.5339217,-1.5223906,-1.5129527,-1.4884818,-1.4417282,-1.3824166,-1.3381519,-1.3111279,-1.2990068,-1.3126397,-1.3320103,-1.3431509,-1.3404267,-1.3441366,-1.3572733,-1.3565934,-1.356836,-1.3752961,-1.389879,-1.4095248,-1.4057039,-1.3291428,-1.1209911,-0.859419,-0.59936464,-0.38017228,-0.23886724,-0.15994057,-0.12201289,-0.07498755,-0.041488163,-0.010395735,0.018341502,0.047394376,0.07431234,0.10017435,0.13001709,0.155538,0.18049492,0.20470676,0.22994113,0.25580105,0.27260244,0.29548547,0.31613156,0.34468627,0.33727407,0.33581778,0.32983547,0.34033582,0.34949178,0.38793212,0.4131278,0.5002765,0.5341002,0.56846327,0.6105186,0.6314542,0.66817623,0.69747627,0.7191204,0.7325352,0.74261993,0.75267226,0.751893,0.70124245,0.6374578,0.5470522,0.49757844,0.46850136,0.45317614,0.44708985,0.45016724,0.48410425,0.5380346,0.59542143,0.649603,0.68978155,0.7193908,0.75023407,0.7675429,0.773872,0.7579386,0.72311676,0.6581467,0.56865984,0.47788286,0.432157,0.7808806,1.0358554,0.6497288,0.056586456,-0.51450664,-0.73513556,-0.8264618,-0.8634765,-0.8840217,-0.8881282,-0.88040197,-0.85820603,-0.8209737,-0.7749451,-0.72412235,-0.66824126,-0.6104951,-0.553449,-0.49696106,-0.4449589,-0.3943212,-0.34519812,-0.2989,-0.2533519,-0.21195301,-0.17302033,-0.13886933,-0.116993174,-0.08899999,-0.073141634,-0.07864679,-0.10853989,-0.14579831,-0.20530918,-0.26117975,-0.30856383,-0.33991197,-0.35381266,-0.3435485,-0.3594549,-0.37955174,-0.38003203,-0.36733535,-0.3622655,-0.42279375,-0.50740016,-0.5083134,4.022988,0.69061124,-1.7524561,1.2437366,5.7599697,2.848398,3.1447723,0.4544581,-0.30295667,-0.9101312,-1.2751582,-1.300255,-1.3125924,-1.2733868,-1.2177424,-1.1964657,-1.1703975,-1.1871579,-1.1353968,-1.1105915,-1.1051537,-1.0933132,-1.1044887,-1.093938,-1.076126,-1.0609022,-1.0539465,-1.0519075,-1.0331007,-1.0186383,-1.0157026,-1.0085409,-0.9954299,-0.98324114,-0.9715665,-0.957598,-0.9440686,-0.93330824,-0.9298698,-0.95109445,-0.9803324,-1.0235925,-1.0677924,-1.1264119,-1.1519942,-1.1791902,-1.2179857,-1.2370828,-1.2576624,-1.2565069,-1.2529155,-1.2683729,-1.250124,-1.2755401,-1.3003472,-1.3045967,-1.3170784,-1.339595,-1.383586,-1.4136747,-1.3430231,-1.40426,-1.3864416,-1.2380813,-0.9003194,1.3216594,-1.7524561
1671,SSC_BAPI12_20111107,0.486231,0.513769,0.0,-1.6230255,-1.6114001,-1.5902658,-1.5733407,-1.5487525,-1.5326947,-1.516139,-1.5027494,-1.4938762,-1.4799906,-1.4712219,-1.452483,-1.4239395,-1.3891379,-1.3605381,-1.3419602,-1.3303639,-1.3309969,-1.3317226,-1.3329237,-1.3253798,-1.3188752,-1.3202412,-1.313476,-1.3056341,-1.3102748,-1.3120912,-1.3190836,-1.3118889,-1.2597814,-1.1421759,-1.0078927,-0.88569427,-0.78191984,-0.7119605,-0.6691144,-0.65270096,-0.6130695,-0.5876353,-0.56318235,-0.5408114,-0.51742417,-0.49709475,-0.4739101,-0.44854522,-0.4265758,-0.4058838,-0.3836027,-0.36107737,-0.33824962,-0.32605425,-0.3035335,-0.28339294,-0.25432897,-0.2586501,-0.25234666,-0.23882493,-0.21658194,-0.20503631,-0.16929263,-0.14924578,-0.086673774,-0.06419204,-0.033128712,-0.0023056446,0.017776133,0.04784043,0.072540045,0.096040435,0.11068987,0.12900648,0.14145252,0.13883825,0.12762088,0.11290214,0.07709734,0.06972945,0.05976142,0.060975242,0.06894964,0.07788135,0.10730433,0.15123159,0.196971,0.23999669,0.27560598,0.30139485,0.331755,0.35868,0.37940416,0.38317475,0.37706837,0.355098,0.31146488,0.26660568,0.2317826,0.5081629,0.4527496,0.56188476,-0.1199641,-0.29522943,-0.500496,-0.5617006,-0.60072243,-0.6141043,-0.615196,-0.6106495,-0.5929709,-0.5546196,-0.51283926,-0.4716234,-0.42251432,-0.37669966,-0.3324771,-0.28892392,-0.2502426,-0.21248227,-0.1759631,-0.14251466,-0.1062513,-0.0710426,-0.03620224,-0.0066518956,0.011616218,0.03245443,0.04551153,0.037181526,0.008520601,-0.028303334,-0.079417124,-0.12706287,-0.16641542,-0.19212843,-0.20369908,-0.18215282,-0.18541636,-0.19747734,-0.18527228,-0.16984443,-0.16203411,-0.16368254,-0.24877846,-0.3098784,-1.7524561,1.5661104,-1.7524561,1.0657554,-1.7524561,2.7004166,4.3718033,0.9565826,0.29027912,-0.8487896,-1.0170465,-0.98291874,-0.97421813,-0.89243186,-0.8648178,-0.83853257,-0.812275,-0.8372869,-0.7811146,-0.73504966,-0.7446637,-0.75837135,-0.76672804,-0.7754148,-0.75763047,-0.7467623,-0.7539169,-0.7443419,-0.72771716,-0.73188114,-0.72051674,-0.71893156,-0.7058514,-0.69682014,-0.68646026,-0.66918486,-0.65550107,-0.6387403,-0.6345922,-0.65726846,-0.6810928,-0.72993845,-0.80777854,-0.87434053,-0.91220975,-0.9536169,-0.98341197,-1.0032268,-1.0168308,-0.99808675,-0.9946567,-1.0285491,-1.0452765,-1.014609,-1.0351431,-1.038402,-1.0784768,-1.0429127,-1.1149863,-1.1961265,-1.0983249,-1.1738409,-1.2036704,-0.94999695,-0.89551723,1.3346546,-1.7524561
1673,SSI_BAPI02_20111108,0.522034,0.477966,0.0,-1.6260425,-1.6159352,-1.5973397,-1.5635841,-1.5257863,-1.5012028,-1.4777209,-1.4535854,-1.4330839,-1.417301,-1.3974463,-1.3560263,-1.2921727,-1.2163894,-1.1585867,-1.1153523,-1.0948521,-1.1028808,-1.1173619,-1.1233598,-1.1166986,-1.1156238,-1.1198004,-1.1098919,-1.1093628,-1.1265632,-1.1345828,-1.1487156,-1.1393093,-1.043579,-0.78951967,-0.47200215,-0.14189343,0.15277132,0.3550917,0.4771123,0.53019613,0.6139299,0.6699598,0.7218231,0.7743191,0.8270063,0.87681335,0.9212884,0.9649841,1.007619,1.0551256,1.0984238,1.1449431,1.1941239,1.2391071,1.2863438,1.3354721,1.3761655,1.3784375,1.3883951,1.3599014,1.36954,1.3914676,1.43658,1.4898345,1.586099,1.6359891,1.7128894,1.7824385,1.8417447,1.9048961,1.9453937,1.9793469,2.001587,2.0229137,2.0190992,1.9945523,1.9373695,1.7871898,1.5972283,1.4647042,1.4132713,1.382976,1.3531927,1.3515024,1.3861116,1.4505063,1.533719,1.6082383,1.6689534,1.7205316,1.7571428,1.771191,1.7679143,1.7296845,1.661752,1.5380722,1.387083,1.2254997,1.1301167,1.0361634,0.6086771,0.7212837,0.13319217,-0.18088768,-0.40574306,-0.50155866,-0.5635673,-0.6075911,-0.62107277,-0.620997,-0.60292065,-0.56882703,-0.5226867,-0.47365546,-0.417972,-0.36024615,-0.3043779,-0.2516462,-0.19631413,-0.15034403,-0.09924894,-0.050794646,-0.0052086767,0.044810604,0.08874231,0.12874402,0.15573736,0.18561128,0.20290957,0.1959182,0.17313007,0.13945632,0.08656602,0.033314284,-0.018304458,-0.055950154,-0.07869458,-0.06869944,-0.090466104,-0.118314154,-0.12701987,-0.12633857,-0.11659199,-0.026806828,-0.045596372,-0.100904144,0.12172296,-1.7524561,-1.7524561,2.259553,0.7316821,-0.37639442,-0.6207667,-0.111779355,-1.0217487,-1.0882851,-1.067468,-1.0259008,-0.99987775,-0.9493991,-0.93088907,-0.89656186,-0.8773898,-0.87312263,-0.8272894,-0.80989933,-0.8076453,-0.8228261,-0.8312137,-0.837485,-0.8442226,-0.83560276,-0.83304703,-0.8142058,-0.800588,-0.79299134,-0.7818186,-0.76982665,-0.74143416,-0.7331499,-0.71037924,-0.6922088,-0.67200553,-0.6545884,-0.6589039,-0.6775031,-0.70627385,-0.752164,-0.8096176,-0.8674761,-0.90762424,-0.93009907,-0.9683647,-1.0006324,-0.999862,-1.0204853,-1.0248711,-1.0136013,-1.032541,-1.0449933,-1.0611266,-1.0620317,-1.0608386,-1.1130953,-1.0815747,-1.1231469,-1.1359159,-1.1593931,-1.1592675,-1.3082572,-1.1713675,-0.68043286,-0.33841056
1681,SSI_BAPI10_20111108,0.617182,0.382818,0.0,-1.5954893,-1.5775794,-1.5407923,-1.4867607,-1.4286327,-1.3767407,-1.3342239,-1.3047198,-1.2764376,-1.2538078,-1.2253834,-1.1801953,-1.1051121,-1.0145456,-0.94480497,-0.8915528,-0.86585814,-0.8719023,-0.8862862,-0.89866996,-0.8891239,-0.8870933,-0.8980274,-0.8902143,-0.8940817,-0.919248,-0.9382107,-0.96941257,-0.9635274,-0.8415606,-0.52671987,-0.14660148,0.23910597,0.5752748,0.80011475,0.923816,0.9747959,1.0482856,1.0936054,1.1361032,1.1785831,1.2174133,1.2507962,1.2864149,1.3240556,1.3567724,1.3906692,1.4229256,1.4525005,1.4822277,1.4957283,1.5192709,1.5451839,1.571518,1.5292238,1.5193473,1.4820821,1.4792445,1.4883152,1.5176643,1.5558711,1.6362715,1.6966894,1.7541537,1.7911196,1.8534087,1.8903925,1.9163234,1.952733,1.9563094,1.9545377,1.9531997,1.9123869,1.8449132,1.7141758,1.5282702,1.4240427,1.3705869,1.3362261,1.3067199,1.3136207,1.3475459,1.4034168,1.4798313,1.5421791,1.592692,1.6341387,1.6638184,1.678969,1.6726836,1.6391708,1.5721072,1.4690574,1.328744,1.1847671,1.0762386,0.96746016,0.5782846,0.53867286,0.1312385,-0.16935468,-0.37224263,-0.47529373,-0.5308997,-0.5654625,-0.5702282,-0.56489694,-0.54848737,-0.5056864,-0.4535169,-0.3973905,-0.33438122,-0.2722161,-0.20801973,-0.14945053,-0.09536546,-0.039214537,0.013779294,0.06676424,0.12233846,0.17225374,0.21951279,0.26277757,0.29937783,0.32453308,0.34605166,0.34189168,0.32829645,0.28854796,0.23820873,0.18476464,0.13257211,0.09775477,0.08415451,0.09335827,0.074566625,0.048986826,0.03941776,0.042416964,0.04261072,-0.002884685,0.09922557,0.011214805,-0.08399885,0.19239874,-1.7524561,1.7467949,0.58963853,-0.75839907,-0.81271493,-0.45969224,-0.83612096,-1.170304,-1.1054648,-1.0477202,-1.0219927,-0.9852516,-0.9447458,-0.9132754,-0.88299924,-0.86132026,-0.82818913,-0.80888957,-0.8070255,-0.8027154,-0.81330335,-0.8067122,-0.79990625,-0.7905406,-0.7807259,-0.7668591,-0.7567543,-0.7386526,-0.7241528,-0.70741,-0.6904398,-0.65851957,-0.64292544,-0.63376725,-0.61204547,-0.6074152,-0.5871024,-0.61053383,-0.63486546,-0.69646174,-0.7622872,-0.7996965,-0.8550158,-0.8654485,-0.9080269,-0.9290208,-0.9264508,-0.93973434,-0.9422744,-0.97775143,-0.9860172,-0.99676347,-1.0050489,-1.0106293,-1.0240465,-1.0311238,-1.052282,-1.0835792,-1.2067688,-1.2492676,-1.1972805,-1.2083305,-0.96802163,-0.4978346,-1.7524561
1688,CHI_ADFA04_20111117,0.184584,0.815417,0.0,-1.5669537,-1.56558,-1.5699941,-1.5522205,-1.5454922,-1.5340315,-1.5314732,-1.5190876,-1.5144807,-1.507305,-1.4964017,-1.4786829,-1.439727,-1.3990762,-1.3596219,-1.3322117,-1.3150699,-1.3199552,-1.3313853,-1.3429328,-1.3413379,-1.3401415,-1.3499053,-1.3434584,-1.3441007,-1.3541573,-1.3653389,-1.3787028,-1.3733517,-1.3119,-1.1290542,-0.90803355,-0.6981861,-0.5301515,-0.42281547,-0.36257938,-0.36562788,-0.3007861,-0.27800605,-0.25595132,-0.23885624,-0.21721275,-0.20075363,-0.18038402,-0.16323508,-0.14365393,-0.12619413,-0.11079516,-0.09616828,-0.08336851,-0.074549444,-0.06488163,-0.05031365,-0.035121758,-0.038725715,-0.03532299,-0.046348363,-0.04667814,-0.044295605,-0.010397254,0.0068138633,0.08357161,0.11578064,0.1323779,0.1627819,0.18808228,0.20561302,0.22904691,0.24502352,0.254312,0.27082384,0.25407922,0.25662678,0.26625112,0.22576852,0.17679502,0.13517773,0.120789245,0.10816745,0.103573225,0.1057772,0.1271705,0.16790223,0.21438147,0.24967664,0.28555775,0.3073694,0.33661196,0.3608225,0.374723,0.37771624,0.36048993,0.33418128,0.28328672,0.2111351,0.12215137,-0.13690959,0.13733274,-0.15979192,-0.21297647,-0.4557238,-0.6169934,-0.7114308,-0.77009195,-0.79753995,-0.7988383,-0.79724735,-0.78903466,-0.7514219,-0.70960355,-0.6753181,-0.63101053,-0.59161824,-0.5525144,-0.51531017,-0.4823954,-0.4491372,-0.4223331,-0.38668498,-0.3520705,-0.3210253,-0.28358328,-0.24993595,-0.22468103,-0.20700014,-0.19522382,-0.20242824,-0.21339996,-0.22187664,-0.24975213,-0.28050873,-0.31395364,-0.34495702,-0.35470793,-0.33877632,-0.3463902,-0.35699475,-0.35211295,-0.3473065,-0.34336284,-0.34190908,-0.37068418,-0.619122,0.87695736,1.0651765,2.1861322,4.3343997,4.8273516,-0.50542134,-0.05665143,1.2539403,-0.94182616,-1.0540037,-1.2236439,-1.119015,-1.1189297,-1.0481876,-0.99077976,-0.9627868,-0.94018406,-0.93138987,-0.8980162,-0.88139784,-0.88425565,-0.8916561,-0.9191249,-0.9216231,-0.91695946,-0.92068756,-0.9153607,-0.9089751,-0.9067599,-0.90289074,-0.89140487,-0.88356787,-0.8660975,-0.8555142,-0.837334,-0.81651294,-0.7994297,-0.77590495,-0.76395714,-0.76118714,-0.7877364,-0.83109593,-0.88512295,-0.9445052,-0.97912663,-1.0095444,-1.0262647,-1.0585217,-1.061975,-1.0636915,-1.0583297,-1.0890808,-1.085589,-1.0888875,-1.1148665,-1.0915346,-1.1610979,-1.161484,-1.1661409,-1.1999949,-1.3248626,-1.2250266,-1.3442398,-1.2396222,-0.8673603,0.021287538,-0.4158919
1689,CHI_ADFA05_20111117,0.247561,0.752439,0.0,-1.5015086,-1.4972242,-1.4976691,-1.4749804,-1.4682164,-1.4558536,-1.4515445,-1.4383787,-1.4322536,-1.4238014,-1.4115404,-1.392447,-1.3494964,-1.3047284,-1.2628509,-1.2339137,-1.2172605,-1.2219075,-1.2379297,-1.2443542,-1.2434977,-1.2416694,-1.2512133,-1.2451671,-1.2447673,-1.2555839,-1.2654637,-1.278503,-1.2722206,-1.211113,-1.025975,-0.80499744,-0.5988863,-0.43250257,-0.32509202,-0.2662081,-0.26354337,-0.20972052,-0.18727209,-0.16808523,-0.15221916,-0.13311924,-0.11856727,-0.09742558,-0.08016935,-0.05975721,-0.043994106,-0.027561743,-0.014367215,-0.002055214,0.0051647373,0.0128722275,0.029549645,0.03616461,0.043295283,0.040755685,0.037573826,0.042598564,0.04252401,0.07932352,0.09370908,0.12385775,0.15433526,0.17246911,0.20303473,0.21660438,0.2409374,0.2623211,0.2804905,0.2954927,0.30874625,0.30721027,0.3123687,0.3121387,0.28484678,0.24359807,0.21569522,0.2081006,0.20353454,0.20197003,0.21089414,0.23312299,0.27660373,0.32638368,0.36555392,0.40497518,0.43229678,0.4613631,0.48906496,0.5090564,0.518085,0.5083578,0.48781666,0.44930807,0.3884769,0.33182326,0.09813608,0.23381129,0.2962911,0.0789969,-0.18188345,-0.39421135,-0.49029619,-0.5471187,-0.58059555,-0.58008695,-0.57110804,-0.55966246,-0.5216484,-0.47760263,-0.43777016,-0.38839933,-0.3430112,-0.301267,-0.25837463,-0.22054303,-0.18267436,-0.14994414,-0.1114061,-0.07116647,-0.03217233,0.012611864,0.04955453,0.078908436,0.10130918,0.11716659,0.10990457,0.09951492,0.087193914,0.055312097,0.018387662,-0.017295724,-0.051780242,-0.053177886,-0.035156462,-0.035979155,-0.043156806,-0.02813973,-0.017799856,-0.010818416,-0.017136443,0.010482678,-0.29624963,1.0481907,1.8335003,2.4203436,5.9431024,3.5046818,-0.16256197,0.47599956,2.4962525,-0.9070908,-0.8194473,-0.8940448,-0.8909385,-0.83330846,-0.77468735,-0.7032791,-0.67191786,-0.61895967,-0.61208004,-0.5961998,-0.591523,-0.5920319,-0.60634935,-0.6383501,-0.6474149,-0.65871596,-0.65688396,-0.6552761,-0.6549092,-0.64635,-0.6341342,-0.62916833,-0.60870105,-0.60030895,-0.58412963,-0.5637593,-0.546594,-0.51571834,-0.49503696,-0.48236772,-0.48737714,-0.5064482,-0.562475,-0.6489782,-0.69835943,-0.7552899,-0.78467536,-0.8039953,-0.83407104,-0.8342357,-0.8401887,-0.845454,-0.8544189,-0.8788755,-0.8640215,-0.8985836,-0.9141271,-0.92939806,-0.92888796,-0.9069454,-0.9611162,-0.991349,-1.0607338,-1.2075493,-1.1097264,-0.75746644,-0.09916375,-0.35306057
1695,CHI_CECU04_20111117,0.338026,0.661974,0.0,-1.6059878,-1.6090499,-1.6019437,-1.5926602,-1.5879637,-1.5852224,-1.5789132,-1.5708266,-1.5621375,-1.5591264,-1.5464149,-1.5323828,-1.4901546,-1.4349773,-1.390536,-1.363265,-1.3540323,-1.3692027,-1.4004927,-1.4050987,-1.4034935,-1.4129895,-1.4268198,-1.4279062,-1.4303523,-1.4466974,-1.4599786,-1.4736786,-1.4692029,-1.4075361,-1.2121078,-0.9610951,-0.71572244,-0.5098796,-0.37407452,-0.30583972,-0.30583796,-0.24755459,-0.22492538,-0.20795453,-0.18944511,-0.17413716,-0.16432327,-0.14688814,-0.12669031,-0.10902567,-0.09279349,-0.07945476,-0.06846362,-0.05857716,-0.0651864,-0.055879336,-0.046398614,-0.057841063,-0.06665486,-0.06699575,-0.08009293,-0.06701047,-0.05795278,-0.048999097,-0.021537736,-0.005655315,0.017362801,0.045546822,0.06762597,0.09094862,0.10875642,0.12419092,0.15001087,0.1571641,0.16950811,0.17045888,0.16288532,0.12507169,0.09253278,0.02767124,0.00576119,-0.0079811765,-0.011148429,-0.015297654,-0.01129462,0.0114887245,0.056220565,0.102771565,0.14718415,0.17987241,0.20643091,0.23449562,0.2584285,0.27161732,0.27171245,0.2513884,0.2109021,0.14374484,0.07391069,0.0009952952,-0.26850465,-0.15678091,-0.37675062,-0.6246767,-0.73095316,-0.8629716,-0.9264142,-0.9572145,-0.98571974,-0.9809645,-0.97236735,-0.96430683,-0.9284195,-0.88939583,-0.84849405,-0.80439353,-0.76160187,-0.72073704,-0.6826948,-0.6469127,-0.61489755,-0.5831716,-0.54834306,-0.51179326,-0.47705013,-0.4405465,-0.40571773,-0.3792387,-0.35547045,-0.34619445,-0.3533727,-0.36327797,-0.3755042,-0.40042105,-0.43717545,-0.46974486,-0.4987045,-0.5044466,-0.4986449,-0.505502,-0.51677334,-0.51230735,-0.5110872,-0.51297194,-0.54284745,-0.57731295,-0.6635188,-0.4392004,1.1894232,0.68306255,1.7557578,1.180616,-0.46264726,-0.90967077,-0.39046845,-0.9955327,-1.2378105,-1.3448131,-1.261671,-1.2544522,-1.2111661,-1.1642851,-1.1271206,-1.1095402,-1.1211596,-1.0553852,-1.0594038,-1.0646251,-1.0716542,-1.0781515,-1.0781627,-1.0718118,-1.0675218,-1.0630815,-1.0575495,-1.0511433,-1.053609,-1.0396724,-1.0321168,-1.0174038,-1.0127761,-0.9966446,-0.97402674,-0.9569606,-0.9481914,-0.9316605,-0.93303037,-0.9547753,-0.99035203,-1.0348341,-1.0940217,-1.1171099,-1.1460202,-1.1784602,-1.1889981,-1.2025886,-1.198086,-1.202261,-1.2186462,-1.2311956,-1.2671477,-1.2588189,-1.2724445,-1.2626783,-1.2865926,-1.3372105,-1.3380764,-1.3434983,-1.4039553,-1.4365066,-1.385187,-1.1671535,-0.9124065,0.74646115
1698,CHI_CECU07_20111117,0.404502,0.595498,0.0,-1.5295907,-1.5436196,-1.5170964,-1.5135193,-1.4883912,-1.4721794,-1.4623078,-1.4558545,-1.4501489,-1.4415503,-1.4356972,-1.4149593,-1.3797115,-1.3287512,-1.2905436,-1.2642815,-1.2575214,-1.273059,-1.2973948,-1.3056911,-1.3089876,-1.3112727,-1.3238167,-1.3207849,-1.3234652,-1.3399006,-1.3503978,-1.3643816,-1.3606552,-1.2983626,-1.0888981,-0.7688508,-0.37484744,0.049881853,0.38460442,0.5777756,0.62236977,0.73059416,0.7720135,0.8036334,0.8363366,0.8635229,0.88776946,0.91413,0.9421453,0.9661997,0.9886113,1.0106392,1.0310158,1.0466,1.0459448,1.0582227,1.0613657,1.0568609,1.0319018,1.0017679,0.9212542,0.8921433,0.8737715,0.9049282,0.93739676,0.9990422,1.0695807,1.1246681,1.1896499,1.2384105,1.285075,1.3229718,1.3401654,1.3680835,1.3555844,1.3492017,1.3226207,1.2377981,1.0796332,0.8789412,0.7314206,0.6714397,0.64651793,0.62738657,0.6203224,0.64919937,0.7087065,0.7830072,0.8399373,0.89081484,0.9281382,0.95665413,0.9765392,0.9705266,0.9353908,0.8621893,0.74350506,0.5919956,0.43819353,0.33044758,0.3983081,0.72669315,-0.1055367,-0.4614498,-0.71174324,-0.90632695,-1.0023516,-1.0477257,-1.06282,-1.0742397,-1.0738224,-1.0593361,-1.0320159,-1.003331,-0.9718015,-0.9318853,-0.89346296,-0.8564231,-0.81988966,-0.7841839,-0.7537864,-0.720364,-0.68666023,-0.6568237,-0.62284017,-0.58952457,-0.56112355,-0.53486526,-0.5193551,-0.5133045,-0.52696586,-0.5280444,-0.5303577,-0.5419265,-0.56318635,-0.59331816,-0.6217913,-0.64404446,-0.6468865,-0.6626179,-0.67373514,-0.6830174,-0.68321633,-0.6810017,-0.66933376,-0.60234535,-0.56147796,0.8776795,-1.7524561,-1.7524561,2.0781767,4.8133297,-0.38398132,-0.6152148,0.9641266,-0.88602257,-1.1539478,-1.2127442,-1.2983843,-1.3002219,-1.2616614,-1.2437581,-1.2260069,-1.2187469,-1.2023386,-1.1597505,-1.1851616,-1.1821892,-1.1722969,-1.1758118,-1.1674247,-1.1708543,-1.1749445,-1.1690288,-1.1666622,-1.1653744,-1.1627307,-1.1510074,-1.1442006,-1.1378137,-1.1308049,-1.1179554,-1.1046172,-1.0941528,-1.0857433,-1.0684215,-1.0694495,-1.07394,-1.1020168,-1.1207488,-1.1808107,-1.1908536,-1.2021525,-1.2263534,-1.2391722,-1.243136,-1.2368546,-1.2147422,-1.2369521,-1.2733104,-1.2743988,-1.2774591,-1.2936279,-1.3261496,-1.229782,-1.3359712,-1.3080447,-1.3166218,-1.368559,-1.3172891,-1.268169,-1.0420659,0.7486894,-1.7524561
1701,SSI_BAPI03_20111210,0.609537,0.390463,0.0,-1.5514758,-1.5172278,-1.4719788,-1.4206814,-1.3761075,-1.341568,-1.314512,-1.2937725,-1.2772623,-1.2598026,-1.2349995,-1.1907382,-1.1211541,-1.0488212,-0.9961266,-0.9579638,-0.9423148,-0.9522188,-0.9670727,-0.9714019,-0.9654498,-0.9695591,-0.9814623,-0.9763891,-0.98511297,-1.0090034,-1.0298142,-1.0570139,-1.0476559,-0.9136481,-0.6254767,-0.31316835,-0.019181957,0.22175182,0.3764831,0.4655738,0.50096595,0.56866705,0.6087133,0.64746124,0.6859504,0.7218755,0.75496036,0.7868451,0.8209408,0.85229594,0.88401055,0.9148356,0.9501137,0.98276365,1.0011421,1.0311177,1.0703795,1.0920346,1.0774099,1.0771542,1.047633,1.0530118,1.0671077,1.0982711,1.1208001,1.1681547,1.2233785,1.2639616,1.3173413,1.3558136,1.3910245,1.4222808,1.4484464,1.4581827,1.455576,1.450243,1.4170704,1.3648226,1.246739,1.0895214,1.0019985,0.96069884,0.93029684,0.9078247,0.90623283,0.9321432,0.9842174,1.0498683,1.1063125,1.1564078,1.1930178,1.2218832,1.2348689,1.2340586,1.2026461,1.146702,1.0613189,0.9381442,0.8052947,0.7109594,0.58352464,0.37073433,0.352241,-0.073859625,-0.3340125,-0.52969104,-0.646113,-0.7022354,-0.73118603,-0.74271154,-0.74106896,-0.7268713,-0.6934576,-0.6500396,-0.60637456,-0.54887825,-0.49627838,-0.44620883,-0.3952896,-0.34628338,-0.30119607,-0.25663075,-0.21171415,-0.17034775,-0.13009433,-0.08479198,-0.052316863,-0.023616672,0.0016647852,0.0118476,0.0043675196,-0.007432169,-0.04074914,-0.08299234,-0.13214663,-0.17687835,-0.20597622,-0.22429481,-0.21001676,-0.22749455,-0.2550897,-0.25901106,-0.27752155,-0.27098054,-0.285802,-0.26911792,-0.29287377,-0.055006627,4.045779,-0.06664692,1.2192837,-0.06769165,-0.6657865,-0.79224193,-0.96294576,-0.87960243,-1.1751316,-1.1564964,-1.130032,-1.1187571,-1.0774449,-1.0642536,-1.0401937,-1.0231946,-1.0068269,-0.95456165,-0.93489057,-0.94041765,-0.94467235,-0.93716276,-0.93142635,-0.93009734,-0.9215543,-0.91380656,-0.90840733,-0.8949929,-0.87722296,-0.8705374,-0.8522341,-0.8392527,-0.8223271,-0.80820954,-0.7934276,-0.78174424,-0.76332563,-0.76125675,-0.76361454,-0.7972431,-0.8362438,-0.8830584,-0.9381974,-0.97294503,-0.983198,-1.0154016,-1.041561,-1.0617259,-1.0440825,-1.0525295,-1.0625658,-1.0692167,-1.0858399,-1.0876017,-1.0825775,-1.091761,-1.1217995,-1.1278135,-1.1598138,-1.1565893,-1.1474429,-1.1064391,-1.0236471,-0.76916677,-0.93075037,1.6361494
1705,CHI_ADFA03_20111216,0.557453,0.442547,0.0,-1.4800767,-1.4700824,-1.4611466,-1.4495367,-1.4389268,-1.4268305,-1.4161673,-1.4070656,-1.3985159,-1.3903677,-1.3793464,-1.3611957,-1.3305293,-1.291867,-1.2594148,-1.2327145,-1.2197126,-1.22077,-1.2267461,-1.2195196,-1.2056044,-1.2003802,-1.200596,-1.1955711,-1.1923158,-1.1989896,-1.2064043,-1.212505,-1.2043676,-1.1546738,-1.0189303,-0.85687983,-0.7065332,-0.5769861,-0.48781678,-0.43640125,-0.39765954,-0.38809794,-0.37109926,-0.3577726,-0.3417519,-0.32788837,-0.31619197,-0.30427077,-0.28808975,-0.27559897,-0.26352945,-0.25360245,-0.24338935,-0.23138528,-0.22937576,-0.22281922,-0.21137805,-0.2193472,-0.21533446,-0.22065206,-0.22754444,-0.21053118,-0.20511366,-0.19109084,-0.18285304,-0.15930088,-0.13520741,-0.11219082,-0.089041,-0.068371065,-0.0492542,-0.028342249,-0.007443387,0.00979005,0.026210727,0.04460084,0.03991932,0.029968238,0.0157194,-0.011769305,-0.023462066,-0.017511446,-0.014090375,-0.00905208,0.0066486234,0.02826594,0.06552226,0.11005217,0.1511818,0.1869055,0.22191823,0.2455293,0.2662378,0.28359544,0.29478455,0.29618594,0.28730738,0.26444447,0.23340812,0.21612315,0.12793149,0.19163834,-0.055004757,-0.16273491,-0.3007485,-0.38300437,-0.45302245,-0.48132813,-0.5066885,-0.49845594,-0.48811594,-0.47178817,-0.4445506,-0.407632,-0.360227,-0.31579304,-0.27373037,-0.23106064,-0.1946824,-0.1561189,-0.12373587,-0.08789554,-0.055910535,-0.021258675,0.016436687,0.0571475,0.086426616,0.119377464,0.14055294,0.14623104,0.13785768,0.13375555,0.12244632,0.09998936,0.072799824,0.04434819,0.019725941,0.008009573,0.028537756,0.03597542,0.029742114,0.03802315,0.040984847,0.06016178,0.05437383,0.07551097,0.050825965,-0.18204087,0.58759815,0.5514814,-0.12560375,0.006338244,-0.28194165,-0.41069302,-0.4313301,-0.7036949,-0.799462,-0.7310335,-0.70486486,-0.64406097,-0.6100232,-0.56238186,-0.5234125,-0.4860251,-0.44664788,-0.42955863,-0.43114257,-0.4467193,-0.46827126,-0.49630746,-0.51076305,-0.5356463,-0.5380803,-0.5481,-0.54627544,-0.5389391,-0.5268205,-0.5224488,-0.5060982,-0.48668113,-0.47738564,-0.44858867,-0.43013558,-0.4133802,-0.39275223,-0.38244262,-0.37712014,-0.40219286,-0.4534461,-0.52765334,-0.58643645,-0.6184814,-0.65739256,-0.67550814,-0.7123862,-0.72861,-0.7224907,-0.71510834,-0.7233617,-0.7434878,-0.72383195,-0.7360656,-0.7610486,-0.759293,-0.7614851,-0.78509134,-0.8148823,-0.82603115,-0.8923261,-0.9240706,-0.90284055,-0.9077134,-0.13594808,2.441042
1706,CHI_ADFA04_20111216,0.572955,0.427045,0.0,-1.5603356,-1.5559988,-1.5507202,-1.541947,-1.5351871,-1.5280632,-1.5216614,-1.5164514,-1.5106899,-1.505746,-1.4979428,-1.4798484,-1.4461519,-1.4053047,-1.3716618,-1.3447477,-1.3348247,-1.3450499,-1.3631241,-1.3690048,-1.3669033,-1.3726531,-1.3816407,-1.3806473,-1.3778964,-1.3879557,-1.4003968,-1.4120562,-1.4051101,-1.3451723,-1.1750561,-0.956152,-0.73164225,-0.53584665,-0.40764976,-0.33772877,-0.30460194,-0.2730741,-0.25072676,-0.23125534,-0.2127577,-0.19496065,-0.1781665,-0.16411854,-0.14542797,-0.13028294,-0.11564204,-0.10190412,-0.09094488,-0.08039501,-0.07643919,-0.066416934,-0.058092777,-0.057706203,-0.06154248,-0.06993395,-0.0773466,-0.074825704,-0.079420045,-0.06370813,-0.05753559,-0.034130786,-0.010013719,0.015427018,0.03924691,0.060854524,0.08097989,0.0993783,0.119647525,0.13327654,0.1471284,0.14752759,0.15160765,0.1394423,0.09918315,0.043826763,0.002148468,-0.017199313,-0.027070582,-0.033314053,-0.029768525,-0.009441807,0.027909517,0.074652165,0.11241297,0.14566182,0.17214131,0.20008601,0.2188551,0.22946434,0.2309363,0.21694608,0.18371056,0.13357115,0.07562257,0.010422963,0.01630522,-0.09326455,-0.18050614,-0.42870474,-0.54447126,-0.72538453,-0.81763816,-0.85924715,-0.8846519,-0.8935987,-0.8900366,-0.87417954,-0.84853286,-0.8159096,-0.7828052,-0.74271154,-0.704659,-0.66881,-0.6330758,-0.60077083,-0.570401,-0.5399269,-0.5095493,-0.47699007,-0.44659775,-0.4127632,-0.38441217,-0.35987395,-0.34043747,-0.33604437,-0.34332392,-0.35566244,-0.36197835,-0.38811582,-0.4163419,-0.44818762,-0.47787982,-0.4850619,-0.47263598,-0.47228926,-0.48554632,-0.48095477,-0.49291524,-0.48441276,-0.4839666,-0.47604173,-0.47344255,-0.78855115,-0.16691522,0.3340179,-0.85007596,-0.17463674,-0.9084608,-1.0650442,-1.070505,-1.0648166,-1.1720489,-1.1731951,-1.157607,-1.1411101,-1.1140585,-1.0840241,-1.0610244,-1.039737,-1.0236953,-1.0037954,-0.9809939,-0.98950994,-0.99778295,-1.0056443,-1.0078562,-1.0126207,-1.0106871,-1.0109347,-1.0114509,-1.0050527,-0.9971157,-0.9955012,-0.9893805,-0.9789099,-0.96295214,-0.9479339,-0.9355115,-0.9162399,-0.9053014,-0.89548564,-0.8910856,-0.90389764,-0.9391073,-0.98551244,-1.0294309,-1.0616457,-1.0860196,-1.105958,-1.1317027,-1.1452546,-1.1372757,-1.1353325,-1.1583487,-1.1557162,-1.1567345,-1.164297,-1.1744505,-1.1776956,-1.1929765,-1.1910855,-1.2051145,-1.2150502,-1.2708516,-1.31187,-1.2912836,-0.96382916,-0.61120886,0.4267789
1716,CHI_CECU02_20111216,0.55043,0.44957,0.0,-1.4800582,-1.476956,-1.473837,-1.4631754,-1.4502549,-1.4381069,-1.430215,-1.4260242,-1.4217682,-1.4177758,-1.4111829,-1.3969918,-1.3695647,-1.3349483,-1.3081694,-1.2887182,-1.2837198,-1.2967895,-1.3141745,-1.3205845,-1.320227,-1.323394,-1.3294431,-1.329253,-1.329669,-1.3390675,-1.3458371,-1.3541136,-1.349053,-1.3019542,-1.1532332,-0.9307929,-0.6589108,-0.37669358,-0.16611451,-0.047584973,0.01346015,0.040089116,0.062211618,0.08015346,0.09641766,0.11264341,0.1297469,0.14104106,0.15599538,0.17054817,0.18466717,0.19774741,0.20845504,0.21854192,0.22838806,0.23759942,0.24209128,0.23908494,0.24646066,0.22345236,0.1970757,0.17990327,0.17072205,0.1816945,0.19600911,0.23064743,0.26833427,0.3049995,0.33731124,0.36879024,0.39821485,0.4226451,0.44693068,0.46846515,0.48570642,0.49629766,0.5218848,0.5003646,0.43090287,0.3406845,0.27131394,0.2435733,0.23687722,0.23324779,0.24122581,0.26781073,0.30875373,0.3606271,0.40699428,0.4473259,0.48176798,0.51623136,0.53482425,0.5434429,0.54224414,0.5204519,0.4756927,0.4133828,0.34212843,0.30093417,0.28391775,0.30409852,0.2367232,-0.13941391,-0.29922897,-0.51609373,-0.6128103,-0.6566886,-0.6827175,-0.6969647,-0.6938754,-0.67720497,-0.655176,-0.62691927,-0.599133,-0.55975497,-0.5219158,-0.48414913,-0.44534266,-0.41128153,-0.377407,-0.3411357,-0.30963486,-0.27349082,-0.23895021,-0.20272401,-0.17197981,-0.14122453,-0.120358266,-0.11123373,-0.11163796,-0.11597416,-0.11118314,-0.12731598,-0.14810371,-0.17233483,-0.20257092,-0.22174014,-0.20948306,-0.20711629,-0.22481787,-0.21758635,-0.21555662,-0.19821976,-0.17841354,-0.15196839,-0.06038837,-0.43868646,-0.15863991,1.0241276,-0.52948725,0.61053234,-0.6101225,-0.5411068,-0.75956273,-0.7305911,-0.8413112,-0.86416805,-0.853911,-0.8374475,-0.81577927,-0.7899513,-0.77256733,-0.75336605,-0.74034256,-0.70451653,-0.6998608,-0.7098628,-0.72503626,-0.7388474,-0.73701066,-0.74767417,-0.7552004,-0.7526616,-0.7548908,-0.74758476,-0.74357224,-0.73180586,-0.72379607,-0.7143886,-0.6986747,-0.6891082,-0.67535985,-0.65549594,-0.6418027,-0.63321227,-0.62752247,-0.6434042,-0.6816607,-0.7236113,-0.7708186,-0.80313253,-0.83242947,-0.8392549,-0.8772925,-0.90121585,-0.8895418,-0.87122995,-0.91657263,-0.9097403,-0.90581346,-0.90772086,-0.9221755,-0.91146034,-0.94462544,-0.9353009,-0.9502394,-0.9806128,-1.0419505,-1.0185335,-1.0282388,-0.80645007,-0.38531598,0.48638606
